,customer_id,anomaly_score,avg_path_length,risk_score,is_anomaly
61404,SYNID0200999280,-0.2700394929019565,3.8622341325181706,100.0,1
60854,SYNID0200931678,-0.2648470964020423,3.962234132518141,99.16338743384692,1
53928,SYNID0200100125,-0.25349391470098737,4.183270200519177,97.31417191321906,1
58748,SYNID0200684443,-0.2508964733471376,4.234308056093956,96.88718279998527,1
54408,SYNID0200159270,-0.25049440949887414,4.242224097323998,96.82095620431286,1
58713,SYNID0200681268,-0.23790630988490802,4.492234132517981,94.72934083323565,1
54426,SYNID0200161910,-0.224263168377977,4.768060677883735,92.42174129391917,1
57459,SYNID0200528685,-0.22362145362940067,4.781161992625684,92.31213404845673,1
60176,SYNID0200850567,-0.21487942999837473,4.960806513575524,90.80920541178442,1
54498,SYNID0200170423,-0.21376809149930032,4.983801234405316,90.61682868777051,1
57761,SYNID0200567030,-0.21083748490135656,5.044610573318475,90.10809011702825,1
58362,SYNID0200639063,-0.2106412670577379,5.048690993768055,90.07395280679519,1
56878,SYNID0200460216,-0.20682005110323043,5.128379962162665,89.40726488336793,1
53126,SYNID0200005059,-0.20625460172851273,5.140208618967936,89.30830485412788,1
58037,SYNID0200600012,-0.20288235660131537,5.210950001903471,88.71647355501857,1
60179,SYNID0200850670,-0.19969888885308995,5.278043426385555,88.15516153473885,1
60223,SYNID0200855360,-0.1984238420025296,5.30500143160288,87.92962747550644,1
53952,SYNID0200103927,-0.19369345495957524,5.405446658626717,87.08929008412379,1
53277,SYNID0200021203,-0.18866745811693808,5.512922156597781,86.19013656256202,1
54334,SYNID0200151421,-0.18678203403462756,5.553442345471814,85.85113957061279,1
59381,SYNID0200757363,-0.1859499117055884,5.571361118769454,85.70122886150419,1
60258,SYNID0200859953,-0.18090868779531966,5.680384878186149,84.78912239013137,1
53576,SYNID0200057370,-0.18044286553090294,5.6904996654791224,84.70450080859867,1
54720,SYNID0200196852,-0.18032467279116127,5.693067184365064,84.68302062296053,1
56241,SYNID0200384611,-0.17992504673971088,5.701751626899652,84.61036548541581,1
59125,SYNID0200729226,-0.17953281607128235,5.710280322133697,84.53901334935885,1
54231,SYNID0200136950,-0.17688179381303193,5.7680537657359165,84.05567346028319,1
57629,SYNID0200550469,-0.17588279245750604,5.789883614018609,83.87304220637797,1
59448,SYNID0200763817,-0.17443602484587672,5.821555170751986,83.60807398285017,1
59647,SYNID0200786655,-0.1743697610532149,5.823007394906159,83.59592449308764,1
59412,SYNID0200760091,-0.17414318601131484,5.827974046994657,83.55437285759815,1
56145,SYNID0200372400,-0.1718901108935036,5.877453747264521,83.14041946744547,1
60543,SYNID0200895231,-0.1712009467814095,5.892621597105359,83.01352332966175,1
59941,SYNID0200821735,-0.16899132783946846,5.941358446865014,82.60578472022522,1
53659,SYNID0200066012,-0.16881021185763334,5.945360398835044,82.57230388715251,1
61016,SYNID0200952615,-0.16717699697184507,5.981497060718615,82.26998003284622,1
57086,SYNID0200485667,-0.16693888091290432,5.986773025938907,82.22584064482739,1
54531,SYNID0200173916,-0.1666836834591161,5.992429557225961,82.1785173932715,1
59731,SYNID0200795158,-0.16622234494788235,6.002660766813186,82.0929218081953,1
59442,SYNID0200763026,-0.16559165769692974,6.0166591311935465,81.97580973273327,1
55846,SYNID0200336596,-0.1629003478054588,6.076543316110988,81.47481111657547,1
53270,SYNID0200020394,-0.1625245494288038,6.084924523234801,81.4046928845823,1
54076,SYNID0200117193,-0.16207771278540273,6.09489624359999,81.32126821894545,1
60743,SYNID0200917657,-0.16072407138076583,6.125145576111701,81.06819850197498,1
60331,SYNID0200868532,-0.1596698148312956,6.1487476236947005,80.87074080602612,1
54449,SYNID0200164810,-0.15781296177224557,6.190409580563297,80.52219163955807,1
57097,SYNID0200486637,-0.15703640287064946,6.207868012669577,80.37613220270359,1
58970,SYNID0200712083,-0.15575974538754844,6.236614449750904,80.13563589775984,1
53468,SYNID0200045450,-0.15498642593629253,6.254054477556674,79.98973043359614,1
55995,SYNID0200354860,-0.1546623119346744,6.261370074323379,79.92852723175679,1
54625,SYNID0200185524,-0.15309620750666209,6.296769820944984,79.632368503134,1
55092,SYNID0200242911,-0.15174728950426797,6.327328464044394,79.37671105491839,1
57065,SYNID0200483554,-0.1511565330241964,6.340731492882575,79.26457963141301,1
58032,SYNID0200599266,-0.14740158635286582,6.426208710745623,78.5494664855725,1
54989,SYNID0200230347,-0.14551720894805242,6.469291492115533,78.18903052278347,1
54913,SYNID0200221187,-0.14508469420368952,6.479197882046803,78.10615241976632,1
60236,SYNID0200856938,-0.14498739015661744,6.481427465400816,78.08749944525378,1
54478,SYNID0200168986,-0.14419348900985862,6.499631154726452,77.935205092852,1
54915,SYNID0200221305,-0.14401634637643912,6.503695993037149,77.9011981447509,1
57062,SYNID0200483286,-0.14379805391058242,6.50870662218204,77.85927859168139,1
58109,SYNID0200608038,-0.14312621332429776,6.524138546037715,77.7301731775056,1
60178,SYNID0200850667,-0.14281783078546606,6.531227375081133,77.67086714293525,1
56267,SYNID0200388599,-0.1421658673311642,6.546225344291178,77.5453922478562,1
55577,SYNID0200300572,-0.14212528447686024,6.547159428187611,77.53757758460023,1
53622,SYNID0200061901,-0.1413510119756749,6.5649919523802165,77.38838844634256,1
56159,SYNID0200374359,-0.1404153205630998,6.586570919196933,77.20785609830786,1
54454,SYNID0200165094,-0.14023894177473895,6.590642108011844,77.17379602109048,1
55835,SYNID0200334412,-0.13993065326204512,6.597760741431296,77.11424063936497,1
55233,SYNID0200259434,-0.1387760319368141,6.624452398908066,76.89093487879968,1
61003,SYNID0200950196,-0.13734142793895732,6.657683777280126,76.61291699143308,1
55893,SYNID0200341758,-0.1367248973663635,6.6719881691942575,76.49324465116763,1
58256,SYNID0200625391,-0.13611117098059833,6.6862412629459635,76.37400147777525,1
58981,SYNID0200713077,-0.13530843295424866,6.704904706470098,76.21786076397541,1
59240,SYNID0200742144,-0.1342502975332448,6.729542133053512,76.01174095720178,1
57953,SYNID0200589412,-0.1336931864306825,6.74253032599908,75.90308010290292,1
57063,SYNID0200483480,-0.13320712090674713,6.753871530571904,75.80819816029351,1
53739,SYNID0200076471,-0.1299684966992054,6.829660248699994,75.17414022070739,1
55263,SYNID0200263267,-0.12907941627466657,6.850534247265204,74.99950572565217,1
57162,SYNID0200494373,-0.1284529478033195,6.8652603175925995,74.87630557079261,1
58200,SYNID0200619086,-0.1277451278256907,6.881916348751523,74.73695912109464,1
58576,SYNID0200663490,-0.12745846758606694,6.888667223942394,74.68048045092249,1
56131,SYNID0200369865,-0.12729271555586152,6.892572106993571,74.64781170862275,1
56814,SYNID0200452952,-0.12674763946742418,6.9054206070886375,74.54031954226521,1
54671,SYNID0200192127,-0.124109995152906,6.967753283828528,74.01883653583955,1
60069,SYNID0200837172,-0.12293191183503271,6.995678842712386,73.78520780104864,1
60665,SYNID0200908516,-0.12203781628275212,7.016907963298942,73.60760231053769,1
59508,SYNID0200772161,-0.12187938868548742,7.020672800053368,73.576105213155,1
59894,SYNID0200815875,-0.12147864260136021,7.0302003203973,73.49639678071485,1
54113,SYNID0200122511,-0.12023704482708453,7.059757683622066,73.24911616575287,1
53934,SYNID0200101124,-0.11702861758586969,7.136412067042265,72.60781596155215,1
59515,SYNID0200772597,-0.11473929425042617,7.19135167236884,72.14818431959498,1
57898,SYNID0200581632,-0.11283736722069171,7.2371502891262205,71.76502733667833,1
56628,SYNID0200433479,-0.1123803087396481,7.2481774909900265,71.67277238019064,1
60688,SYNID0200911238,-0.11205559680526789,7.256016641284942,71.60718906374373,1
61380,SYNID0200996134,-0.1115475966518592,7.268289056854446,71.5045164929187,1
59280,SYNID0200746606,-0.11108132603938059,7.279562334059386,71.41020283920487,1
55583,SYNID0200301183,-0.1109040611213169,7.283850420892173,71.3743281659142,1
60518,SYNID0200892021,-0.11052680456737274,7.2929805034171435,71.29794474821014,1
58002,SYNID0200595959,-0.1102675011179598,7.29925924475569,71.2454160091756,1
56858,SYNID0200458134,-0.10944366527178206,7.319225220417101,71.07837814783711,1
53242,SYNID0200017800,-0.10909051042917728,7.327792328582754,71.00670464436732,1
56889,SYNID0200461935,-0.10889732224034598,7.332480941838595,70.96747911669063,1
56311,SYNID0200393622,-0.10828229338398032,7.347417400649213,70.84251882534268,1
56909,SYNID0200464614,-0.10792315231095917,7.356146409446176,70.76949084084664,1
53222,SYNID0200015370,-0.10680061105268635,7.383463327168616,70.54095407449496,1
57856,SYNID0200577263,-0.10625374535763854,7.396789555028246,70.42946517762707,1
54232,SYNID0200136965,-0.10580554188949276,7.407720511256927,70.3380154242172,1
57419,SYNID0200524333,-0.1057700875357176,7.408585530624619,70.33077856348743,1
54845,SYNID0200212894,-0.10419232690124369,7.447131260070638,70.00830014722659,1
53762,SYNID0200078974,-0.10401809100357695,7.45139412773207,69.97263646069256,1
60922,SYNID0200938648,-0.10391980704609094,7.453799292401073,69.95251455083499,1
59367,SYNID0200756068,-0.10305096348080556,7.475078316067894,69.77449156488362,1
60505,SYNID0200890307,-0.10146625733974701,7.5139687478019495,69.44912932596525,1
55467,SYNID0200287638,-0.10038113126764558,7.540658084375842,69.2258429823651,1
53977,SYNID0200106531,-0.09926169560376108,7.568241884027405,68.99507344825757,1
57575,SYNID0200543533,-0.09821160641612048,7.594163808740413,68.77820736871973,1
55625,SYNID0200308227,-0.09702997487983644,7.623387381343494,68.53371928804343,1
54719,SYNID0200196792,-0.0968950470510791,7.626728033565879,68.50577097175947,1
60047,SYNID0200834607,-0.09683667496644222,7.628173490827735,68.49367809466841,1
55689,SYNID0200315339,-0.09658089894355737,7.634508893074838,68.44067532335278,1
59702,SYNID0200791566,-0.09500601478742265,7.67357768012004,68.11382094148894,1
61383,SYNID0200996396,-0.09474547293859903,7.680051014295695,68.05966421432632,1
61030,SYNID0200954372,-0.09444626839260573,7.687488447850016,67.99744171061157,1
57214,SYNID0200499729,-0.09355518810756214,7.709660542802786,67.81194717805724,1
56660,SYNID0200437097,-0.0924103173371672,7.738196426832147,67.57321238640468,1
57325,SYNID0200514054,-0.09156447560226,7.759314462251667,67.39653624836026,1
59397,SYNID0200758680,-0.09063431076697315,7.78257267205806,67.20195514245766,1
58373,SYNID0200639789,-0.09033891219395085,7.789966598705753,67.14009662299091,1
56186,SYNID0200377956,-0.0901740534978378,7.794094676646645,67.10556060419681,1
55508,SYNID0200291936,-0.08998477324757259,7.798835694957176,67.06589664924726,1
56584,SYNID0200427464,-0.08982741885240386,7.802778204807496,67.03291311641766,1
58233,SYNID0200622869,-0.0898158028066719,7.803069286185996,67.03047789302741,1
60583,SYNID0200899840,-0.08971596467948673,7.805571322283985,67.00954554462193,1
61276,SYNID0200983954,-0.08869208648457616,7.831255134662049,66.7946715427998,1
58520,SYNID0200657278,-0.08807086532003872,7.846860145804838,66.66411805862961,1
56331,SYNID0200395764,-0.08786357388515187,7.8520709534184245,66.62052378733627,1
59457,SYNID0200765156,-0.08784149020738907,7.852626192208297,66.61587858984804,1
53224,SYNID0200015561,-0.08767411178612727,7.856835181868276,66.58066565344456,1
55324,SYNID0200272812,-0.086988612154688,7.8740856495547265,66.4363460730595,1
54919,SYNID0200221854,-0.08519701882398312,7.91926605961289,66.0583610850733,1
58758,SYNID0200685212,-0.08460105668458806,7.9343256996717875,65.93237024392312,1
58290,SYNID0200629332,-0.08416170220112018,7.94543778338433,65.8394051552225,1
56441,SYNID0200408886,-0.08325088549390136,7.9685006608193385,65.64645822448468,1
56487,SYNID0200414521,-0.08257578078395511,7.985618304739074,65.5032498644228,1
55341,SYNID0200274762,-0.08154584903143014,8.011771032231255,65.28445285983136,1
56935,SYNID0200467375,-0.08139695526323976,8.015555675533152,65.25279005838362,1
58384,SYNID0200640961,-0.08067788357883876,8.033846990631433,65.0997626177567,1
56125,SYNID0200369317,-0.08067720885106267,8.033864164587461,65.09961893828246,1
58596,SYNID0200665919,-0.07790893590564196,8.104493999408792,64.50872086471388,1
60620,SYNID0200903985,-0.07770933203626529,8.109599770594823,64.4660053413725,1
53624,SYNID0200062147,-0.07750429102837675,8.1148464583286,64.42211089248491,1
58273,SYNID0200627784,-0.07672871822861926,8.134709050744114,64.2559379483729,1
60924,SYNID0200938791,-0.07619589684510808,8.148370209919769,64.14164697402715,1
54689,SYNID0200194018,-0.07592381787549574,8.155350993280015,64.08324486321939,1
54833,SYNID0200211336,-0.07570236779917949,8.161035216111413,64.03568994072376,1
55022,SYNID0200234697,-0.0749301688263454,8.180873286216602,63.86972215334145,1
58389,SYNID0200641645,-0.0746480875693083,8.18812670052368,63.80903917777327,1
56033,SYNID0200358668,-0.07342384100371258,8.219648191179454,63.54532642590822,1
57775,SYNID0200568454,-0.07327938346236562,8.22337207371952,63.51417195662923,1
53699,SYNID0200071595,-0.07236004883069347,8.247093049310514,63.31571929402082,1
57661,SYNID0200554508,-0.07167615072477074,8.264763941303588,63.16788239105537,1
56947,SYNID0200468718,-0.0706579692725654,8.291111412231725,62.947456138407,1
60035,SYNID0200833181,-0.07049151984746238,8.295423092503972,62.91138407943701,1
60151,SYNID0200847447,-0.06792928626445649,8.361953994949872,62.35477818919941,1
56408,SYNID0200404293,-0.06516982757800982,8.433942580642794,61.75251263509638,1
55281,SYNID0200265491,-0.06405794533094433,8.463048691015596,61.50900725819907,1
57290,SYNID0200509059,-0.06353056806642399,8.476874086967749,61.3933422583429,1
56021,SYNID0200357091,-0.06261964397452013,8.500784812070355,61.193302127476116,1
60222,SYNID0200855353,-0.0621685037199452,8.512641070541726,61.094111179229,1
60377,SYNID0200874238,-0.06180943441316078,8.522084446879743,61.01510670611601,1
56591,SYNID0200428569,-0.061717090226275806,8.524514037034393,60.99478044957618,1
58081,SYNID0200605005,-0.06159431584889674,8.527744868915496,60.967750904067586,1
54527,SYNID0200173671,-0.06134719623617935,8.53425001226442,60.913328057364204,1
55103,SYNID0200243992,-0.06114645962534315,8.539536283992854,60.869102443803115,1
58123,SYNID0200609331,-0.06078903974156691,8.548953393496058,60.7903177223309,1
58289,SYNID0200629168,-0.06009589110409819,8.567233224863806,60.637386356036686,1
61075,SYNID0200959165,-0.05954126016426997,8.581876344617609,60.51488017609948,1
56138,SYNID0200371176,-0.05869315680419551,8.604295683343558,60.327317171069716,1
59669,SYNID0200788604,-0.05858747271216269,8.6070917926104,60.303924569579934,1
54496,SYNID0200170062,-0.058480720827019606,8.609916689851238,60.28029112428217,1
54576,SYNID0200179433,-0.058081047042532696,8.620497762948013,60.19176853712068,1
56685,SYNID0200440039,-0.0565925316705671,8.659971901523335,59.861522933418755,1
60194,SYNID0200852115,-0.055198268789444005,8.69704241514771,59.55138635809967,1
53448,SYNID0200042170,-0.05480030333531072,8.707640557756637,59.462720965254526,1
56665,SYNID0200437472,-0.05474064691874325,8.70922991166385,59.44942423074613,1
54257,SYNID0200140376,-0.05390846466677124,8.731418578227387,59.263791058013716,1
59467,SYNID0200765906,-0.0532960685801237,8.747768338234565,59.127006911257766,1
57957,SYNID0200590207,-0.0521211821745301,8.779186197561728,58.86416115211034,1
53890,SYNID0200096821,-0.0520739985506401,8.780449339726971,58.85359354602754,1
55262,SYNID0200263232,-0.05203804703349535,8.781411862161317,58.845540962389755,1
59775,SYNID0200801153,-0.05124478261057808,8.802665730157951,58.667728431936276,1
54964,SYNID0200226775,-0.05089147523879234,8.812141711793533,58.58845117880661,1
57150,SYNID0200493155,-0.05022922369930116,8.829920202483756,58.43971409161981,1
55183,SYNID0200253495,-0.0500688506973872,8.834228718334842,58.40366850659492,1
59431,SYNID0200761591,-0.04981717226623006,8.840992741851366,58.347079835878105,1
58604,SYNID0200666780,-0.04977948206911009,8.842005957259518,58.338603148451305,1
53894,SYNID0200097286,-0.04974715088994852,8.842875162982835,58.33133126414432,1
57660,SYNID0200554364,-0.0491472535044325,8.859012350170127,58.196325528311746,1
59582,SYNID0200780279,-0.049131748862430435,8.85942965734218,58.19283428407089,1
55191,SYNID0200254629,-0.048915508763015536,8.865250984304662,58.144132331185894,1
56153,SYNID0200373751,-0.04869649033960133,8.871149443704299,58.09478507863908,1
55987,SYNID0200353800,-0.0484951070298032,8.876575043956105,58.04939382514323,1
53099,SYNID0200000024,-0.047961577472603656,8.890958850227898,57.92905709438225,1
53458,SYNID0200044425,-0.047703035894107515,8.897934096648928,57.870701306303765,1
53623,SYNID0200061993,-0.04749189333170556,8.90363299820816,57.82302357972652,1
59971,SYNID0200824891,-0.047356799960638685,8.907280426170443,57.792508739052664,1
54727,SYNID0200197523,-0.04725017846267021,8.910159768851836,57.76841979635752,1
56209,SYNID0200381116,-0.04715151387186778,8.912824732876055,57.74612437244744,1
55193,SYNID0200254778,-0.046634348621807376,8.926801407296594,57.62919375791486,1
57713,SYNID0200559935,-0.04534376999857814,8.961737756503233,57.33691187029692,1
58448,SYNID0200648249,-0.04506005364269561,8.969429128265022,57.27256488762823,1
60165,SYNID0200848881,-0.044945979824356,8.972522726168775,57.24668345881918,1
56302,SYNID0200392173,-0.04473914894495923,8.978133479113149,57.19974319463073,1
59931,SYNID0200820259,-0.0441519296012447,8.994074742676313,57.06637658045768,1
60891,SYNID0200935858,-0.043694313095341664,9.006509604869644,56.96234496076442,1
60592,SYNID0200900513,-0.04321988965137291,9.01941221848702,56.85440007387924,1
61407,SYNID0200999482,-0.04299870849711018,9.02543140329902,56.80404281736205,1
56078,SYNID0200363213,-0.042941828693144446,9.026979716556397,56.79108943408742,1
59146,SYNID0200731403,-0.04285155178905753,9.02943745835112,56.77052765738917,1
60406,SYNID0200878684,-0.04177786122744498,9.058699504180536,56.52571770486672,1
55427,SYNID0200284137,-0.04151716178849896,9.065813279483896,56.46620296675091,1
54595,SYNID0200182606,-0.04134665386371417,9.070467827521629,56.427262432969584,1
57768,SYNID0200567830,-0.04117139730521158,9.075253532499648,56.38722462374446,1
56608,SYNID0200430821,-0.040370260216221476,9.097149818252449,56.20403754561569,1
55478,SYNID0200288623,-0.0401384465601905,9.103491691222134,56.150980639421824,1
54563,SYNID0200177964,-0.038793168492975205,9.140349130105763,55.84262667415909,1
55421,SYNID0200283209,-0.038164591863457664,9.157602200549182,55.69828531878218,1
58358,SYNID0200637929,-0.03779424245394736,9.167776928460187,55.61316226650679,1
57456,SYNID0200528587,-0.03774021241721537,9.169261898603624,55.60073881968317,1
56684,SYNID0200439905,-0.03748452390061574,9.176291306922707,55.5419299063595,1
60135,SYNID0200846104,-0.03724866938087845,9.182778403060343,55.487658044893585,1
57398,SYNID0200522789,-0.03685945727211937,9.193489776137014,55.3980453517266,1
58380,SYNID0200640438,-0.03580089921677121,9.222661317604555,55.153992570068525,1
54413,SYNID0200160041,-0.03481065460610233,9.250002511310539,54.92525270778794,1
55834,SYNID0200333819,-0.03441083855802429,9.261055999422481,54.83277783724516,1
56579,SYNID0200426958,-0.03352256487670624,9.28564322412432,54.62707802572123,1
53728,SYNID0200075093,-0.03352213514274205,9.285655128972271,54.62697842826729,1
53119,SYNID0200002728,-0.03264164198656894,9.310067442920404,54.42274194208841,1
53510,SYNID0200049489,-0.032576950839616425,9.311862643169254,54.4077230712189,1
60700,SYNID0200912455,-0.03180723436623867,9.333239272679895,54.22888350251285,1
53558,SYNID0200055964,-0.0316955661251217,9.33634310195984,54.20291647672488,1
57001,SYNID0200474662,-0.031552936438622226,9.340308455709483,54.16974182896295,1
60342,SYNID0200870113,-0.03154888116307919,9.340421214989494,54.16879847065687,1
59696,SYNID0200790891,-0.031161802092547486,9.351188134057729,54.07872107274445,1
54718,SYNID0200196679,-0.030782470957397834,9.361747152984005,53.99038299354471,1
58475,SYNID0200653126,-0.03078027049841292,9.36180842672508,53.989870369727136,1
56250,SYNID0200385704,-0.030623093371840215,9.366185821093033,53.95324853837475,1
59236,SYNID0200741532,-0.0301390861632006,9.379673605624305,53.840408038090445,1
54749,SYNID0200201022,-0.029918933040432805,9.385812667447247,53.78904787543579,1
53419,SYNID0200040092,-0.029777737039004548,9.389751319509697,53.75609661734428,1
56317,SYNID0200394255,-0.029759580687289677,9.390257865772957,53.75185878765246,1
56150,SYNID0200373202,-0.029700929787104924,9.391894292994047,53.73816823188486,1
56980,SYNID0200472087,-0.029278122046864752,9.403696476676144,53.639429680119946,1
54142,SYNID0200126633,-0.0291176875097523,9.408177286827437,53.60194265932876,1
56456,SYNID0200411562,-0.028795678222073517,9.417174853922559,53.52666788236289,1
61063,SYNID0200957885,-0.028733304947224925,9.418918318206627,53.51208184107599,1
53366,SYNID0200033166,-0.028471816891637913,9.4262296988125,53.450913912167955,1
60785,SYNID0200922167,-0.028433856620171505,9.427291394044245,53.44203163644493,1
59950,SYNID0200822535,-0.02841990043192988,9.427681748111974,53.438765885261816,1
58353,SYNID0200637071,-0.027904200789465206,9.44211308158671,53.318031535948684,1
57996,SYNID0200595145,-0.02738317426379533,9.456707806482113,53.19593023347824,1
54268,SYNID0200141933,-0.027160183765647994,9.462958507263295,53.14363608527022,1
58616,SYNID0200668364,-0.02663047860838219,9.47781740789029,53.01932465543254,1
60915,SYNID0200938306,-0.02611823977586869,9.492200577382,52.898993252053764,1
59840,SYNID0200809536,-0.02604492001304126,9.494260470786584,52.88175992498165,1
53417,SYNID0200039903,-0.02603263637797637,9.49460560334897,52.878872502594845,1
54962,SYNID0200225852,-0.025918933936545763,9.497800676691543,52.852142117513054,1
54062,SYNID0200115228,-0.02562516566367634,9.506058853877404,52.78305316944094,1
56771,SYNID0200448346,-0.024007020655333666,9.551629735295503,52.401801448990305,1
54473,SYNID0200168049,-0.023256062989962523,9.572826350735875,52.22446790061696,1
56082,SYNID0200364216,-0.022958604164693752,9.58123086952271,52.15415464032158,1
59071,SYNID0200721166,-0.02292746043750582,9.58211109309835,52.146790579277535,1
60587,SYNID0200900408,-0.02268225593070672,9.589043206076951,52.0887956509986,1
60897,SYNID0200936127,-0.022579944519362627,9.591936587028394,52.06458926237214,1
53192,SYNID0200011910,-0.022525320782789016,9.593481585862488,52.051663607979194,1
54656,SYNID0200190245,-0.022340290172317645,9.59871626343712,52.00786963759221,1
59787,SYNID0200802524,-0.022262214044415307,9.60092566161434,51.98938553480523,1
54360,SYNID0200153572,-0.021447523548619563,9.623999496952052,51.7963469288764,1
53818,SYNID0200087369,-0.0212645296930698,9.629187245344843,51.75294557392189,1
53374,SYNID0200034603,-0.021249195894941675,9.629622030538709,51.74930810635424,1
53208,SYNID0200013887,-0.021102130678419595,9.63379266985015,51.714416013785794,1
61329,SYNID0200990058,-0.021005180971024773,9.636542721479042,51.691408736282774,1
56793,SYNID0200450170,-0.0208685909199553,9.640418069866852,51.65898708468815,1
60800,SYNID0200924135,-0.020756654689173093,9.64359469501444,51.63241103952383,1
59104,SYNID0200724989,-0.019995759242855904,9.665206170663575,51.45160671851201,1
58292,SYNID0200629884,-0.019465981877103244,9.680271953891552,51.325564482837336,1
56475,SYNID0200413382,-0.019390727365758642,9.682413284269934,51.30764984380893,1
55005,SYNID0200231662,-0.019369318196049368,9.683022528429348,51.30255283061271,1
55161,SYNID0200251167,-0.019313524349461764,9.684610380840747,51.289268657806986,1
55930,SYNID0200348232,-0.018921231134074068,9.695779580159568,51.19582573276702,1
53414,SYNID0200039736,-0.018409515766888096,9.71036161159637,51.0738306253663,1
59896,SYNID0200816343,-0.018130036938462935,9.718331822840238,51.00715083655114,1
58849,SYNID0200699141,-0.01812194253222632,9.718562724157163,51.00521908711833,1
61338,SYNID0200991497,-0.017804672437284008,9.727616024898044,50.92947803546847,1
60000,SYNID0200828664,-0.017724137387587713,9.729914974931397,50.91024473059985,1
59764,SYNID0200799592,-0.017529869909796103,9.73546199801127,50.8638376384662,1
57385,SYNID0200521745,-0.017252771299045677,9.743377746933625,50.79761348827664,1
58119,SYNID0200608788,-0.017218510112960494,9.74435676508023,50.78942289943722,1
60512,SYNID0200890882,-0.01714203775390233,9.74654220729275,50.771139215261265,1
61325,SYNID0200989443,-0.017066152982229466,9.748711176797064,50.75299334383213,1
56690,SYNID0200440438,-0.016366045677295493,9.768736958291035,50.58545513938317,1
57272,SYNID0200506992,-0.016038681520897824,9.778110159558613,50.50703775972776,1
58408,SYNID0200643591,-0.015853665944529194,9.783410218413152,50.462696801337174,1
56205,SYNID0200380426,-0.015845649952843432,9.783639891920126,50.46077532391671,1
54959,SYNID0200225588,-0.01570974889773258,9.787534260575198,50.428194546376034,1
55652,SYNID0200311661,-0.01546217850747722,9.794631254192943,50.36882020595088,1
61322,SYNID0200989128,-0.0154510846485022,9.794949356852518,50.366158919127614,1
55791,SYNID0200328575,-0.014780593351447768,9.814187585991933,50.20520947664189,1
55944,SYNID0200349306,-0.014631143626954612,9.818479122313644,50.16930594449342,1
53352,SYNID0200031915,-0.013534968502281863,9.849994579213098,49.90564367179196,1
59023,SYNID0200717612,-0.013380866311308748,9.854430469052735,49.86853245997283,1
53215,SYNID0200015031,-0.013209706339509353,9.859358934599403,49.82730029789087,1
60722,SYNID0200914846,-0.013050527422547531,9.863943887032617,49.78894200968246,1
60441,SYNID0200882624,-0.013023054619164198,9.864735351201599,49.782320520988144,1
55344,SYNID0200274956,-0.012892328566343703,9.868502019656399,49.75080809936996,1
61285,SYNID0200984804,-0.01198049511424526,9.89480181958675,49.53078066827946,1
58670,SYNID0200674656,-0.011760088775831234,9.901165977578087,49.477537322794085,1
53216,SYNID0200015063,-0.01168563416286128,9.903316448537796,49.459546212513686,1
60391,SYNID0200876317,-0.011608066192518751,9.905557175368278,49.440800010276696,1
53226,SYNID0200015834,-0.011525548663633312,9.907941254397434,49.42085450553175,1
58024,SYNID0200598140,-0.011439688076130716,9.910422328683905,49.40009752627553,1
57008,SYNID0200475481,-0.011387358290559035,9.911934682959439,49.387444980361664,1
58392,SYNID0200642224,-0.011196540268886834,9.917450720716174,49.34129711533506,1
55180,SYNID0200253309,-0.011132574092850955,9.91930027229393,49.32582353441807,1
57245,SYNID0200503926,-0.010782243288564919,9.92943402806139,49.2410432602442,1
54250,SYNID0200139315,-0.01057267730405298,9.935499308679535,49.19030036042034,1
55405,SYNID0200281474,-0.010557516706760972,9.935938184829139,49.18662866740291,1
55483,SYNID0200289290,-0.010555109677970687,9.936007865837185,49.18604570733337,1
59120,SYNID0200728288,-0.010508411980575838,9.937359781165785,49.174735413810545,1
56304,SYNID0200392454,-0.010349376391402987,9.941964847236019,49.136208852387306,1
57845,SYNID0200576338,-0.010344788757858603,9.942097708957064,49.13509731453344,1
53302,SYNID0200025037,-0.010202638084533922,9.946215103819394,49.10065067171703,1
57220,SYNID0200500709,-0.010181320439755615,9.946832668407595,49.095484048768036,1
56740,SYNID0200445689,-0.009955522722380872,9.953375532630142,49.040745624495855,1
55833,SYNID0200333781,-0.009532702331772724,9.965635251749495,48.93817927376824,1
56673,SYNID0200438486,-0.009411137076262621,9.969161931366544,48.90867462892404,1
60244,SYNID0200858585,-0.00931951434926781,9.971820516842538,48.88643256874996,1
60212,SYNID0200854171,-0.009249273079318221,9.973859007748148,48.86937829767373,1
60857,SYNID0200931816,-0.008885238483042679,9.98442826101921,48.780954596659456,1
55821,SYNID0200332292,-0.008880239463805673,9.984573453417367,48.77973989881137,1
59344,SYNID0200752981,-0.008565913968909933,9.99370564415996,48.703338843493746,1
53759,SYNID0200078719,-0.00843426397169822,9.997532187302017,48.67132550271802,1
59251,SYNID0200743328,-0.008351885747186594,9.999927099483186,48.651289366462024,1
59733,SYNID0200795823,-0.008315531412799726,10.000984121610717,48.642446186516075,1
60341,SYNID0200869917,-0.008305731443854603,10.001269073996188,48.64006223905167,1
53957,SYNID0200104376,-0.008262801731893088,10.002517400233895,48.62961858488043,1
60503,SYNID0200890020,-0.00813304869618725,10.006291048628325,48.598047768210186,1
55048,SYNID0200238787,-0.007899871877224185,10.013075025950567,48.541292161447316,1
53255,SYNID0200018964,-0.007795207351796618,10.016121117473862,48.515808176986894,1
61295,SYNID0200985788,-0.007690363957867485,10.0191730441977,48.49027537450547,1
54605,SYNID0200183857,-0.00767259775415019,10.019690269910566,48.48594819919627,1
60902,SYNID0200936901,-0.007301982694398079,10.030484078260033,48.395645842178126,1
60640,SYNID0200905796,-0.007292479542527652,10.030760952128448,48.39332948060257,1
53258,SYNID0200019013,-0.0071536167384195215,10.034807304915581,48.35947718471451,1
61145,SYNID0200966505,-0.0070030323934778815,10.039196466518158,48.32275690719858,1
54155,SYNID0200127846,-0.006899723048171658,10.042208432717636,48.297558419485455,1
55668,SYNID0200313480,-0.006728602445852827,10.047198775206724,48.25580858712766,1
57466,SYNID0200529149,-0.006577787529061019,10.051598345966916,48.21900122529108,1
56594,SYNID0200428877,-0.0063628042169662224,10.057872101147318,48.166514201082144,1
56638,SYNID0200434548,-0.006320184035031762,10.059116181900867,48.15610606516486,1
54189,SYNID0200131696,-0.006247742257515898,10.061230993669339,48.138413284159334,1
56507,SYNID0200417241,-0.006147661216974076,10.06415318356787,48.11396587626137,1
60315,SYNID0200866292,-0.006078558039705029,10.066171211720809,48.09708279914536,1
57319,SYNID0200513227,-0.005956847913226482,10.069726196909624,48.06734134633085,1
57499,SYNID0200533515,-0.005493133422099006,10.083278499002917,47.9539610840153,1
58772,SYNID0200688182,-0.005248161263924467,10.090442959849398,47.894022304276504,1
55985,SYNID0200353709,-0.00522445487507428,10.091136461727553,47.888220380417344,1
54577,SYNID0200179532,-0.004583429016913776,10.109901248611502,47.73123181533434,1
60317,SYNID0200866690,-0.004310826407246338,10.117888386035293,47.66441041997097,1
53531,SYNID0200052917,-0.004274254294075797,10.118960261430594,47.655442975720376,1
53453,SYNID0200043167,-0.004166395531518874,10.122121897501849,47.628992331052224,1
61132,SYNID0200965343,-0.004122512487087393,10.123408423439871,47.618229093387896,1
60304,SYNID0200865084,-0.004049332109009818,10.125554112917037,47.60027798559131,1
55506,SYNID0200291635,-0.0040148823224471775,10.126564307706673,47.59182656903859,1
55499,SYNID0200291111,-0.00396899505396231,10.127909998891074,47.580568347488274,1
56976,SYNID0200471607,-0.0034451745485933882,10.143280260719582,47.45197880558031,1
58427,SYNID0200646041,-0.0028801200000534433,10.159878377588132,47.31311687411319,1
57867,SYNID0200578310,-0.002569312097128962,10.16901611387234,47.23666942409756,1
57112,SYNID0200488817,-0.002540551039841188,10.169861973114399,47.22959285938653,1
58886,SYNID0200702256,-0.0023930504894784654,10.174200707487422,47.193294462409796,1
54766,SYNID0200202667,-0.002146670345096524,10.181450830686165,47.13263902066752,1
58983,SYNID0200713131,-0.002088154308462431,10.183173279847002,47.11822879454235,1
60991,SYNID0200948439,-0.0020070052558939233,10.185562275544124,47.09824215633538,1
53289,SYNID0200022981,-0.0017582868741563562,10.192886851784651,47.036963831089636,1
54046,SYNID0200113383,-0.001529120192244826,10.19963885918196,46.980475688736156,1
54748,SYNID0200200283,-0.0013465899622961963,10.205019010361834,46.93546466788728,1
56014,SYNID0200356191,-0.0008583645243694926,10.219419281818265,46.81499018732259,1
55275,SYNID0200264757,-0.0008095556539661208,10.220859677392776,46.80293965694392,1
61080,SYNID0200959519,-0.0007550107781555404,10.222469513976213,46.789471561792354,1
56293,SYNID0200390742,-0.0007194488988451209,10.223519181141393,46.78068991438566,1
54975,SYNID0200227795,-0.0006506742805332255,10.225549388259711,46.76370494651487,1
59999,SYNID0200828615,-0.00047659027338986526,10.230689545169644,46.72070174788637,1
59185,SYNID0200736233,-0.0004114604438912872,10.232613085178276,46.70460917045918,1
59963,SYNID0200823881,-0.00034687222705320764,10.234520876490322,46.68864834860662,1
54008,SYNID0200108889,0.0001727367231857957,10.249877927580247,46.56016932939772,0
56617,SYNID0200431387,0.00028770725776749995,10.253278040600664,46.5317235566055,0
60467,SYNID0200885757,0.00038160852239987886,10.256055636141935,46.50848584327031,0
60319,SYNID0200866904,0.00048384533316392364,10.25908039046305,46.4831803685246,0
54582,SYNID0200180264,0.000544721491061384,10.260881752278445,46.468109949215105,0
60657,SYNID0200907840,0.0006393091277412943,10.26368109250374,46.444690317120916,0
54882,SYNID0200217537,0.0015908837211467963,10.291872671305788,46.20883602626596,0
55057,SYNID0200239996,0.0015956887756270466,10.292015163548834,46.207643918254846,0
56418,SYNID0200405588,0.0017502723152811317,10.296600018559788,46.16928644509329,0
56281,SYNID0200389404,0.001896505198546783,10.300938507580554,46.13299010076438,0
55769,SYNID0200325171,0.0019011261976819016,10.301075625780593,46.13184295267237,0
58673,SYNID0200674922,0.0020772710760610935,10.306303294436658,46.088107619778874,0
55527,SYNID0200293954,0.0024681164579970494,10.317909501923971,45.99100862948619,0
53209,SYNID0200013894,0.002557724776622916,10.320571718078883,45.96873619459604,0
53491,SYNID0200047635,0.0027647909309962415,10.326725379866133,45.91725388680532,0
56706,SYNID0200442219,0.002784735970290997,10.327318248567815,45.912293872746254,0
60288,SYNID0200863032,0.0029198135000051972,10.331334070492405,45.8786970018908,0
54999,SYNID0200231048,0.002926373418563444,10.331529123050936,45.877065167675525,0
57894,SYNID0200581060,0.0030161666147721644,10.334199291926621,45.85472619932403,0
60018,SYNID0200830799,0.0030257888712962866,10.334485456365725,45.85233211166663,0
60283,SYNID0200862270,0.0031074287249434063,10.33691363609488,45.83201765492372,0
53382,SYNID0200035208,0.0031236220368604517,10.337395314354332,45.827987874076726,0
56693,SYNID0200440779,0.0032711632626742926,10.341784726032774,45.79126550439467,0
60939,SYNID0200940519,0.00380762430576026,10.357755656886148,45.65765068994369,0
58877,SYNID0200701511,0.0038505114993653833,10.359033192752298,45.64696266435037,0
53996,SYNID0200107681,0.004089744805137463,10.36616156891551,45.58732577360626,0
60556,SYNID0200896931,0.004323867468190523,10.373140994700384,45.52893502044466,0
55808,SYNID0200330879,0.004327775459432415,10.373257523715779,45.527960124058644,0
54308,SYNID0200147402,0.004568968121281158,10.380451218082984,45.46777677301195,0
56148,SYNID0200372731,0.004675013650159432,10.383615188624628,45.44130659787117,0
55209,SYNID0200256082,0.005163940702911873,10.398211564984724,45.31919147903957,0
53601,SYNID0200059410,0.005210972084427057,10.39961639515786,45.307438493278,0
57966,SYNID0200591017,0.005242850503269003,10.400568681363596,45.29947154721506,0
57154,SYNID0200493584,0.005497061971420303,10.408164794898346,45.23592150684408,0
60428,SYNID0200881262,0.005532677256270047,10.409229329976064,45.22701547261278,0
57591,SYNID0200545803,0.005566724193849237,10.410247059096609,45.218501022900895,0
53822,SYNID0200087737,0.00569364232582642,10.414041506323018,45.1867562005887,0
60941,SYNID0200940630,0.005806908909555708,10.417428638609408,45.15841902624852,0
55707,SYNID0200317409,0.0061464169194409,10.427585964055305,45.07344156518306,0
57321,SYNID0200513492,0.0065096813847725365,10.43846176561745,44.98245324264425,0
55304,SYNID0200268901,0.006717514017621884,10.44468768309939,44.930366434632006,0
60540,SYNID0200894351,0.006989935969465788,10.452852437865593,44.86205907026235,0
59084,SYNID0200722488,0.006996810333713521,10.453058527701678,44.8603348967961,0
54296,SYNID0200146338,0.007190512014602857,10.458866784139145,44.811742293565835,0
55922,SYNID0200347081,0.007357310434367215,10.46387016045979,44.76988341853539,0
59049,SYNID0200719252,0.007394321616414623,10.464980597699912,44.76059336104529,0
54690,SYNID0200194113,0.007580353530028117,10.47056333058314,44.71388751620942,0
58263,SYNID0200626470,0.007779568553463623,10.476544021659874,44.663852303118645,0
60799,SYNID0200924086,0.008598097348969158,10.501142739313952,44.458056340112066,0
53376,SYNID0200034787,0.008658807469952734,10.502968853305942,44.44277884098279,0
60639,SYNID0200905783,0.00868039604526738,10.50361827551914,44.43734569313978,0
54695,SYNID0200194769,0.00877235040943114,10.506384743750122,44.41420107228075,0
56832,SYNID0200454899,0.00878217643825796,10.506680392716087,44.411727635879785,0
60526,SYNID0200892808,0.00882078652626217,10.507842163723264,44.40200811364381,0
57818,SYNID0200572081,0.008893672835379784,10.510035549356584,44.38365797381126,0
60618,SYNID0200903625,0.0091661286792325,10.51823751386127,44.31503930809363,0
53217,SYNID0200015077,0.009198269816288018,10.519205385407268,44.30694197311558,0
60889,SYNID0200935823,0.009320190213877977,10.522877371461945,44.27622167635475,0
56595,SYNID0200429074,0.009428947717757374,10.52615368886165,44.24881159328176,0
54161,SYNID0200128512,0.009445423090918448,10.526650072463195,44.2446587856949,0
54715,SYNID0200196476,0.00953416551053704,10.529324063885953,44.22228783743425,0
54997,SYNID0200230798,0.009692084925535915,10.534083697063872,44.182468148164965,0
60753,SYNID0200918173,0.009695094029645246,10.534174405239648,44.1817092721679,0
56836,SYNID0200455348,0.00980645005473274,10.53753157725529,44.15362274921766,0
53502,SYNID0200048695,0.009993488507706705,10.543172146926784,44.106433034543315,0
55589,SYNID0200302541,0.01000148176014426,10.5434132495916,44.10441593935212,0
60664,SYNID0200908337,0.010030691973153039,10.544294358704631,44.09704446979098,0
58889,SYNID0200703039,0.01006275080311625,10.545261455158263,44.08895361933308,0
57060,SYNID0200482948,0.010141720887035244,10.547643960778354,44.06902127792609,0
54976,SYNID0200227891,0.01015218970334919,10.547959830908004,44.06637866872871,0
57404,SYNID0200523037,0.01021438068743652,10.54983642618553,44.05067883682109,0
56326,SYNID0200395109,0.01049712867731395,10.558371271888896,43.97927524516493,0
60209,SYNID0200853842,0.01050749470891027,10.558684267807019,43.97665668198238,0
54701,SYNID0200195253,0.010649073268845288,10.56295980854579,43.940886970890816,0
56368,SYNID0200399100,0.01070001389019043,10.564498470513598,43.928014331517495,0
53273,SYNID0200020659,0.010767171489113103,10.566527211266989,43.911041631439964,0
57860,SYNID0200577665,0.010966187954302986,10.572540866921914,43.86073063254566,0
61138,SYNID0200965915,0.01117842002633418,10.578956553987314,43.80705618835145,0
55237,SYNID0200260340,0.011200225537156938,10.579615883281598,43.801540156623155,0
55008,SYNID0200232228,0.011325297193165274,10.58339822064142,43.769896646976555,0
58637,SYNID0200671571,0.01145646076601009,10.587365825940632,43.736703162468,0
58338,SYNID0200635229,0.011746856046890464,10.596153869024464,43.663181289709684,0
56534,SYNID0200420845,0.011803727790814622,10.597875553575523,43.648777460405995,0
57934,SYNID0200587246,0.011978383460402586,10.603164177890752,43.60453216480815,0
58367,SYNID0200639308,0.012189478877495996,10.609558735157437,43.5510344951652,0
61112,SYNID0200962987,0.0123362462296977,10.614006280948658,43.51382576819043,0
55716,SYNID0200318757,0.01237613910185359,10.615215400887008,43.503710118846314,0
54153,SYNID0200127739,0.012439780107436904,10.617144511885616,43.48757093381692,0
59918,SYNID0200818912,0.012482628532282714,10.618443491908842,43.47670350371079,0
57390,SYNID0200522367,0.012507790666622387,10.619206352850904,43.47032131320723,0
54309,SYNID0200147464,0.012689072262774659,10.624703578822343,43.42433082994032,0
58359,SYNID0200638313,0.012732362609261416,10.626016628003477,43.41334569549119,0
55532,SYNID0200294712,0.01276686665558302,10.62706326149508,43.404589428178866,0
59592,SYNID0200781244,0.012838374977793332,10.629232605552332,43.386440423192795,0
59994,SYNID0200828245,0.012986958140925653,10.633741183242506,43.34872109568201,0
59279,SYNID0200746603,0.01300686285510333,10.634345272371132,43.34366721012116,0
54973,SYNID0200227629,0.013505444577324499,10.649484813511743,43.217007906480866,0
56606,SYNID0200430731,0.01360423821798945,10.652486545385567,43.19189504042221,0
57796,SYNID0200570129,0.013621639757895376,10.653015334442848,43.18747112472055,0
57619,SYNID0200548484,0.013816612748091484,10.658941367372385,43.13789318855766,0
54301,SYNID0200146837,0.013830688650287026,10.65936928404022,43.1343131839419,0
58220,SYNID0200621249,0.013881579073637684,10.660916489696179,43.121369066999904,0
58454,SYNID0200649112,0.014619328378163599,10.683364263593566,42.93356816975269,0
55914,SYNID0200345105,0.014806446863003975,10.689063212065179,42.88589005070057,0
60573,SYNID0200898798,0.015041039186059868,10.696211146780888,42.82608953064852,0
58293,SYNID0200629967,0.015171780735019402,10.700196290389076,42.79274931844314,0
55580,SYNID0200301113,0.01523603574800797,10.702155246459172,42.776360445795305,0
56879,SYNID0200460334,0.015354068520070374,10.705754413032134,42.74624936596913,0
59594,SYNID0200781560,0.015593134865294067,10.713046935874877,42.68523920347713,0
56952,SYNID0200469102,0.01572509898497182,10.717073934942642,42.65154882323733,0
55866,SYNID0200339091,0.01573504460023284,10.717377478447315,42.64900934013349,0
55826,SYNID0200332660,0.015767711095221015,10.71837451466781,42.640668009823735,0
54304,SYNID0200147022,0.015849340676657386,10.7208662804832,42.61982158389306,0
60536,SYNID0200893653,0.015935067842273665,10.72348357852656,42.597924939568635,0
53124,SYNID0200004631,0.01602116698927769,10.726112699950908,42.575929379353106,0
53369,SYNID0200033452,0.01608709003130626,10.72812604050657,42.55908551926497,0
57397,SYNID0200522752,0.016285678351893373,10.734192739025715,42.50833075710317,0
57318,SYNID0200513190,0.016386843140644813,10.737284191982418,42.48246727319067,0
60846,SYNID0200929998,0.016616206373100184,10.744295604030476,42.423808918931826,0
59393,SYNID0200758335,0.016642737809285102,10.745106859024588,42.417021857707546,0
56111,SYNID0200367874,0.016645146892787066,10.745180524072968,42.41640556665593,0
57559,SYNID0200541246,0.01692500300024652,10.753740474551087,42.344791945299484,0
60754,SYNID0200918325,0.017180502519424823,10.761559762257056,42.27937480176768,0
61274,SYNID0200983653,0.017192983583358135,10.761941837776504,42.276178309959775,0
60585,SYNID0200899960,0.017203966902770762,10.762278071888204,42.2733653331296,0
53774,SYNID0200080902,0.01734640385057873,10.766639209877713,42.23687950468208,0
53984,SYNID0200107067,0.01745272359263117,10.769895349331318,42.20963823284175,0
59804,SYNID0200804076,0.017456275029191726,10.770004127709981,42.208728179256596,0
54035,SYNID0200111655,0.01770181307154506,10.77752675290295,42.14579295158759,0
59262,SYNID0200744309,0.017988147629778573,10.786304112231507,42.07236046046846,0
56263,SYNID0200388147,0.018038370971923068,10.78784420651808,42.05947583813637,0
57450,SYNID0200528056,0.018079333015240506,10.78910042273518,42.048966175406065,0
55713,SYNID0200318536,0.018141895319791768,10.791019277782295,42.032912792955635,0
57974,SYNID0200591963,0.0181545211100686,10.791406554941146,42.02967278357885,0
53638,SYNID0200063734,0.018202655932188283,10.792883111430868,42.01731972643948,0
59694,SYNID0200790741,0.018231382242508143,10.793764373715685,42.00994697542393,0
60424,SYNID0200880619,0.01859297488606715,10.804861765064196,41.917104804887074,0
53556,SYNID0200055861,0.018597677627351206,10.80500614856759,41.91589687435422,0
53340,SYNID0200030338,0.01881800571866027,10.811772240349308,41.859290900270906,0
55258,SYNID0200262883,0.01888257606508581,10.813755728819059,41.842696786484765,0
61167,SYNID0200969737,0.018885901710428254,10.813857894054241,41.841842059289,0
60390,SYNID0200876167,0.01898068714808454,10.816770039831122,41.81747868177491,0
58940,SYNID0200708544,0.019123686062195167,10.821164561182478,41.78071356392717,0
59794,SYNID0200803219,0.019208543168572068,10.823772935673743,41.758891575160916,0
56272,SYNID0200388877,0.019221665165957413,10.824176326411372,41.75551675755921,0
61185,SYNID0200971814,0.01924582409675646,10.82491903855242,41.74930313445686,0
54264,SYNID0200141350,0.019374292201413068,10.828869129320179,41.71625617871933,0
53244,SYNID0200018020,0.019647752348781633,10.83728089984248,41.64588224949377,0
57623,SYNID0200549766,0.01994288394854704,10.84636466977787,41.56988628873384,0
60878,SYNID0200934424,0.0202456437653854,10.855689031180674,41.491877509524436,0
57258,SYNID0200505306,0.020361607252190328,10.859262019710318,41.46198543849822,0
61256,SYNID0200981233,0.020379511301448383,10.85981374414908,41.457369642513,0
56733,SYNID0200445263,0.020383095497957637,10.859924195873003,41.45644558951113,0
60472,SYNID0200886132,0.02038741355178164,10.86005726347035,41.455332329270234,0
60173,SYNID0200849952,0.020510605533437698,10.863854122230531,41.423567331763465,0
61255,SYNID0200981131,0.021063426453325484,10.880904449980052,41.28092214724064,0
53238,SYNID0200017376,0.021153551991168418,10.88368600415563,41.257651315473396,0
54537,SYNID0200174533,0.02117602188901757,10.884379576564955,41.25184880154161,0
59020,SYNID0200717069,0.021259513008994313,10.886956960119731,41.230286086844394,0
61059,SYNID0200957659,0.02127323494750122,10.88738060145312,41.226741850213834,0
56417,SYNID0200405354,0.021440224565567212,10.892537092991406,41.1836019940319,0
54394,SYNID0200157921,0.02148294965296793,10.893856694933081,41.172562038364646,0
54508,SYNID0200171580,0.021740681095391567,10.901819457400942,41.10594456694558,0
53722,SYNID0200074039,0.021758379886411272,10.902366429264951,41.101368531597956,0
53361,SYNID0200032718,0.02180573333884256,10.903829962440572,41.0891244291409,0
55540,SYNID0200295884,0.022501110518516776,10.925338397932814,40.90918215502981,0
57655,SYNID0200553788,0.02251188465927878,10.925671894962129,40.90639207697482,0
53372,SYNID0200033993,0.02252701176660088,10.926140144105721,40.90247464579861,0
61271,SYNID0200983500,0.022733249212082918,10.93252556184336,40.84905343860415,0
61001,SYNID0200950065,0.02298257417704852,10.940248718430453,40.784440540092824,0
53877,SYNID0200095008,0.023041424085486595,10.942072257735603,40.7691845811172,0
59232,SYNID0200740837,0.023041450445482448,10.942073074584034,40.769177747260585,0
59612,SYNID0200783337,0.023102829994380236,10.943975237852731,40.75326401032591,0
58008,SYNID0200596493,0.023128469709720878,10.944769889740662,40.746615852774305,0
53778,SYNID0200081863,0.02314463078758583,10.945270792099889,40.74242524069286,0
61226,SYNID0200977815,0.023180530682589684,10.946383547320423,40.733115790687336,0
58267,SYNID0200626627,0.02319938867532878,10.946968104317108,40.72822531339675,0
57539,SYNID0200538807,0.023215419210003085,10.94746503440818,40.724067933809835,0
58078,SYNID0200604603,0.023282940614060665,10.949558311916906,40.70655531112737,0
61081,SYNID0200959582,0.023432638939285433,10.954200270231933,40.66772010454825,0
54457,SYNID0200165507,0.023437277396197886,10.954344126283383,40.66651658674466,0
61323,SYNID0200989155,0.02344501152431444,10.954583993893703,40.66450982417459,0
60316,SYNID0200866476,0.023636127776276106,10.960512543922825,40.61491082964027,0
56151,SYNID0200373397,0.02365580888358848,10.96112319970662,40.6098020066171,0
57241,SYNID0200503663,0.024008234392447536,10.972062359331945,40.518283622560055,0
53709,SYNID0200072835,0.024299327323119346,10.981103887503261,40.44264106170653,0
58187,SYNID0200617513,0.024318527330471906,10.981700446204655,40.43765017664619,0
53113,SYNID0200001811,0.024377712104101668,10.98353951325841,40.422264310574484,0
58222,SYNID0200621546,0.024588653392093096,10.990096019973493,40.36741175149542,0
59399,SYNID0200758795,0.024602824929625566,10.990536605972773,40.36372575366073,0
56351,SYNID0200397490,0.024616006871994334,10.990946437744691,40.36029704955677,0
61347,SYNID0200992305,0.02478930850790001,10.996335510811384,40.31521138708164,0
54559,SYNID0200177172,0.024989066732635123,11.00254972978737,40.26322245024026,0
59844,SYNID0200809978,0.02499731333760985,11.002806327125265,40.26107572466701,0
56104,SYNID0200366783,0.025010376529440548,11.003212804148076,40.257675086815645,0
56692,SYNID0200440688,0.025048889208427738,11.004411237827119,40.24764884005976,0
60617,SYNID0200903624,0.02506919480183456,11.005043144370626,40.24236223051043,0
53574,SYNID0200057301,0.025185058542688432,11.008649320859002,40.21219250485102,0
59066,SYNID0200720747,0.02534119141108737,11.013510237419808,40.17152546607308,0
53693,SYNID0200070724,0.025341730323356015,11.013527018254653,40.17138507550007,0
58071,SYNID0200603975,0.02549623009266694,11.018338670862878,40.13113018514001,0
56886,SYNID0200461802,0.025512017276424714,11.01883042612096,40.127016098856174,0
55095,SYNID0200243103,0.025626887004314258,11.022408997962266,40.09707731714298,0
56087,SYNID0200364961,0.025662283964856203,11.023511904980786,40.08785025843306,0
56945,SYNID0200468541,0.02577346312927631,11.026976587461398,40.05886428942295,0
53841,SYNID0200090321,0.025825812292123662,11.028608228614972,40.04521377449761,0
61318,SYNID0200988692,0.025831703701354847,11.028791865860812,40.04367744222278,0
60439,SYNID0200882424,0.02587717673141915,11.030209352575604,40.03181857024328,0
59420,SYNID0200760931,0.02594705345833731,11.032387817081494,40.013593262437816,0
59321,SYNID0200750495,0.025966823603203903,11.033004225907012,40.008436308744656,0
59450,SYNID0200764415,0.026155378659563133,11.038884433036664,39.959241756982145,0
55731,SYNID0200320704,0.026480933373266125,11.049042569830435,39.8742575080784,0
55503,SYNID0200291547,0.026561943949477584,11.051571391437713,39.85310106873632,0
58125,SYNID0200609471,0.02673882490558699,11.057094401622635,39.806894871499345,0
54628,SYNID0200186089,0.026843301287497956,11.060357588747085,39.77959463795909,0
53332,SYNID0200029336,0.02692722938769282,11.062979498327175,39.75765941293887,0
59138,SYNID0200730323,0.026979439060472843,11.064610760542077,39.744012068262094,0
56515,SYNID0200418369,0.027038598967812633,11.066459396586918,39.72854614680852,0
56773,SYNID0200448439,0.027490293910473196,11.080581643024201,39.61039765849107,0
53550,SYNID0200055253,0.0275361664712499,11.082016604109217,39.59839259373441,0
60027,SYNID0200832058,0.027610988289693328,11.084357439479083,39.57880887087716,0
55977,SYNID0200353109,0.027818060286587176,11.09083771661653,39.52459405802371,0
57134,SYNID0200491361,0.027914292973520882,11.09385026679914,39.499390684634314,0
53662,SYNID0200066271,0.027916889042854165,11.093931544876162,39.49871070202844,0
60782,SYNID0200921750,0.02801994105926764,11.097158271904886,39.47171549823065,0
55593,SYNID0200303434,0.028205850888514905,11.102981194800254,39.42300019357059,0
60949,SYNID0200941559,0.028283657392553674,11.10541887065567,39.4026062910421,0
53398,SYNID0200037290,0.028299578826172456,11.105917738335078,39.39843270134769,0
58430,SYNID0200646558,0.028320676382989962,11.106578815878011,39.392902043551494,0
60011,SYNID0200830097,0.028481465848777532,11.111618015666995,39.35074346488329,0
61091,SYNID0200960369,0.028641283678589202,11.116628467162526,39.30882539805065,0
55561,SYNID0200298809,0.02890361026930305,11.124856356480473,39.23998984208752,0
59779,SYNID0200801863,0.028938806031900244,11.12596062227036,39.23075141572559,0
54538,SYNID0200174558,0.02894539164443083,11.126167254790778,39.22902270209402,0
53315,SYNID0200026248,0.02905859959600826,11.12971975946438,39.19930200158147,0
53775,SYNID0200080941,0.02912041830879719,11.131660012552084,39.18306960043457,0
55094,SYNID0200243065,0.029190583697419004,11.133862544545826,39.16464294100138,0
58533,SYNID0200658616,0.02921845773728654,11.134737617827179,39.15732196796653,0
59139,SYNID0200730374,0.029443028132315696,11.141789636760977,39.098323891398856,0
54886,SYNID0200218284,0.029507146116339367,11.143803704288036,39.08147394937668,0
58854,SYNID0200699762,0.02964365622667492,11.148092660261549,39.04559200474549,0
54169,SYNID0200129185,0.029741049517732765,11.151153381614598,39.01998562529093,0
57955,SYNID0200590184,0.029890988820028108,11.155866674756028,38.98055362259009,0
57328,SYNID0200514289,0.029951252385477023,11.15776146384531,38.96470157896705,0
59769,SYNID0200800503,0.03027521870154376,11.167951681331564,38.8794489389587,0
60998,SYNID0200949760,0.030374366579616563,11.171071738707818,38.85334614687777,0
60725,SYNID0200915598,0.030408969682137132,11.172160809314105,38.844234845331286,0
55130,SYNID0200247951,0.030620416739559897,11.178817470288822,38.788544383130585,0
56557,SYNID0200423503,0.030697463214368836,11.18124375082652,38.76824581526207,0
56139,SYNID0200371617,0.030836921003373374,11.185636447344578,38.73149596419901,0
55624,SYNID0200308202,0.030867026046694668,11.186584879246242,38.72356126372829,0
58116,SYNID0200608663,0.030939799559436543,11.188877793725652,38.7043784530624,0
55897,SYNID0200342736,0.031007033360463065,11.190996481680662,38.686653243393195,0
53411,SYNID0200039372,0.031126688950008474,11.19476784922357,38.6551015086134,0
55257,SYNID0200262872,0.03115336899484017,11.195608896075223,38.64806520496524,0
54224,SYNID0200136231,0.03137613186832072,11.202633017262947,38.5893005244469,0
58788,SYNID0200690099,0.03137753361863599,11.202677227587,38.58893065532034,0
55254,SYNID0200262669,0.03143032560770642,11.20434235002953,38.575000031724294,0
54597,SYNID0200183035,0.03156897020344801,11.208716259782976,38.53840735309475,0
60593,SYNID0200900898,0.03169470613525732,11.212684051189312,38.5052123115906,0
60961,SYNID0200943586,0.031784396100484114,11.215515007522562,38.481528175164314,0
54673,SYNID0200192167,0.03193568252767548,11.220291411449862,38.44156817969828,0
57773,SYNID0200568279,0.03198210432957149,11.221757346697965,38.42930398120099,0
58699,SYNID0200679826,0.031989073199450935,11.221977426364873,38.42746276705208,0
58721,SYNID0200681677,0.0320155938202743,11.222814988025828,38.420455620947244,0
56223,SYNID0200382101,0.03218405668354268,11.22813641082358,38.37593592912311,0
59438,SYNID0200762295,0.03224739829569612,11.230137748115505,38.35919248984776,0
55956,SYNID0200350538,0.032352768870748394,11.233467630166093,38.33133427817445,0
56592,SYNID0200428801,0.03251549355212585,11.238611469839482,38.2883002690841,0
57789,SYNID0200569531,0.03254555109307922,11.239561805395743,38.28034964239979,0
56375,SYNID0200400920,0.03262581290827926,11.24209975946135,38.259116799763724,0
60791,SYNID0200923233,0.032675565493799796,11.243673201826468,38.245953183215974,0
56072,SYNID0200362761,0.03282863799297436,11.248515222182512,38.2054442324616,0
56559,SYNID0200423958,0.032908941467190145,11.251056032486336,38.1841874941777,0
58134,SYNID0200611043,0.032979577508809366,11.25329132534687,38.165486753216136,0
55350,SYNID0200276387,0.0330547405651066,11.255670247879378,38.145584388370125,0
56180,SYNID0200377301,0.033133787015628136,11.258172493601664,38.12465028622144,0
53919,SYNID0200099603,0.03341951677543914,11.267220913645385,38.048950067097344,0
59212,SYNID0200739309,0.03344975692386837,11.268178875497135,38.040935637866646,0
59411,SYNID0200760044,0.033575057191765345,11.272148858939223,38.00772225751593,0
61261,SYNID0200981723,0.03382650209850746,11.280118797158572,37.9410447528582,0
56110,SYNID0200367844,0.033890383587174666,11.282144305317784,37.92409909706977,0
55645,SYNID0200310854,0.03403939045624671,11.286869986780166,37.8845634521191,0
60057,SYNID0200835140,0.03438786123332643,11.297927472698865,37.79205513542264,0
56917,SYNID0200465200,0.03447817504347639,11.300794611936633,37.768068288270364,0
59720,SYNID0200794031,0.03449683390081304,11.301387033000708,37.763112019203774,0
58161,SYNID0200613948,0.034512413880660786,11.301881717510001,37.75897342643621,0
61163,SYNID0200969050,0.03451900545818054,11.302091013605319,37.75722242900231,0
54682,SYNID0200192866,0.03474751747648408,11.309348571453231,37.696504788050824,0
56850,SYNID0200457250,0.03474777567153986,11.309356773762374,37.696436166501826,0
55378,SYNID0200279520,0.034748959957589365,11.30939439607594,37.696121413498865,0
55410,SYNID0200282105,0.034773904852383075,11.31018686594288,37.68949151100905,0
55959,SYNID0200350827,0.034797108538035915,11.310924057797232,37.68332407131889,0
56918,SYNID0200465661,0.03496518587210046,11.316265050727603,37.63864065330604,0
60134,SYNID0200846076,0.03539754770218173,11.33001308604463,37.5236228622446,0
59679,SYNID0200789296,0.03548459611527044,11.332782557155463,37.50045311891538,0
59154,SYNID0200732266,0.0355339542064817,11.334353130061164,37.4873135086257,0
53740,SYNID0200076556,0.03563804745809995,11.337665921270194,37.45959828108052,0
59095,SYNID0200723677,0.03564427075818649,11.33786400272423,37.45794110674484,0
60763,SYNID0200918959,0.03566624916375516,11.33856357476426,37.45208839914865,0
55068,SYNID0200241143,0.03568746186110899,11.33923880573639,37.44643933198526,0
53909,SYNID0200098894,0.035936909414374385,11.347181398837675,37.37999060002147,0
55445,SYNID0200285433,0.0360166860294206,11.349722445849338,37.358731881410044,0
53982,SYNID0200106854,0.03608468663316494,11.351888747963127,37.34060832570524,0
59498,SYNID0200771278,0.03622485390590502,11.356355072969189,37.30324248945928,0
59337,SYNID0200752451,0.03624735723293643,11.357072250357046,37.297242493310854,0
61013,SYNID0200951869,0.03635408151447228,11.360474009888309,37.268782945601984,0
56564,SYNID0200424433,0.036447596375304425,11.3634553723754,37.2438404923924,0
53599,SYNID0200059337,0.036455870200053586,11.363719180488063,37.241633440571334,0
56593,SYNID0200428876,0.03657985028245775,11.36767280764013,37.20855689899829,0
54835,SYNID0200211632,0.03658051683558805,11.3676940663528,37.20837904593668,0
54389,SYNID0200157454,0.03667915452512799,11.370840304673813,37.182057220781964,0
57594,SYNID0200545974,0.03674913480946823,11.373072866288059,37.163379329770066,0
54638,SYNID0200187435,0.0368461201046531,11.37616751893106,37.137489076879916,0
59511,SYNID0200772368,0.036960635800097674,11.37982237429179,37.10691209765733,0
60524,SYNID0200892597,0.03698268981269287,11.380526348646704,37.10102255974162,0
59680,SYNID0200789397,0.0370418955635336,11.38241638964172,37.08521023927186,0
58203,SYNID0200619184,0.037069048070755395,11.383283267226602,37.07795783246358,0
53681,SYNID0200069185,0.03716778176288438,11.386435891873631,37.05158257850288,0
59676,SYNID0200789134,0.037193082975734815,11.387243882679059,37.04482282589132,0
57022,SYNID0200478813,0.03723412960912126,11.388554795320612,37.03385556600078,0
55794,SYNID0200328843,0.0372983024857827,11.390604527365754,37.01670725013866,0
53917,SYNID0200099510,0.03732226116180415,11.391369859162177,37.01030438815701,0
57682,SYNID0200556982,0.03734267086984222,11.392021854600765,37.00484971238704,0
61124,SYNID0200964318,0.03741357610275925,11.394287171232934,36.985897788779155,0
59539,SYNID0200774893,0.03758175587424151,11.39966165338226,36.94093419575223,0
58631,SYNID0200670714,0.0375846055741908,11.399752737426017,36.940172175196395,0
56123,SYNID0200369278,0.03759854986492056,11.400198442403314,36.93644335134836,0
56583,SYNID0200427450,0.03783751276445013,11.40783856496513,36.87252512592668,0
54000,SYNID0200107936,0.03789945912085363,11.409819758823058,36.8559502091514,0
59178,SYNID0200735522,0.038021807057301626,11.413733521271148,36.8232071807013,0
57555,SYNID0200541104,0.03806358387454517,11.415070148495749,36.81202478937766,0
58535,SYNID0200658963,0.038103053195153,11.416333059639351,36.80145911605093,0
60370,SYNID0200873390,0.03811031135669629,11.41656531285803,36.79951605643817,0
61392,SYNID0200997746,0.03825321299135731,11.421138752070846,36.761254089278374,0
57468,SYNID0200529855,0.03833809280441214,11.423855924772047,36.73852188101603,0
59980,SYNID0200825850,0.03835486702768681,11.424392960350808,36.734028973879404,0
55113,SYNID0200245621,0.03836571685014467,11.424740333515,36.73112280633632,0
59665,SYNID0200788530,0.038407736197163866,11.426085722296197,36.71986711472922,0
60612,SYNID0200903301,0.03843591511907141,11.426988032563594,36.71231827364648,0
58657,SYNID0200673243,0.03843842000980252,11.427068243714277,36.71164721708041,0
56096,SYNID0200366068,0.03846309147168192,11.427858291991654,36.70503757391319,0
53364,SYNID0200032918,0.03852828039346068,11.429946024358118,36.68757134258771,0
57620,SYNID0200548892,0.03855555583988152,11.430819631954508,36.68026263165744,0
56010,SYNID0200355837,0.03861681999648853,11.432782055110794,36.66384475293085,0
53185,SYNID0200011095,0.038676147671070416,11.434682696937442,36.647943744571556,0
59836,SYNID0200808796,0.03873299857036283,11.436504221286418,36.63270464297247,0
59037,SYNID0200718495,0.038745704343497056,11.436911349764754,36.62929855496232,0
60535,SYNID0200893568,0.0387862103076122,11.438209348921918,36.61843933090493,0
56128,SYNID0200369598,0.03887978548807969,11.441208368085517,36.59334915972091,0
57221,SYNID0200500737,0.038909396479656744,11.442157506442923,36.58540854895267,0
55942,SYNID0200349129,0.03893568816228876,11.443000300146167,36.578357630924586,0
55377,SYNID0200279396,0.03898226567144086,11.444493484671995,36.565865461545656,0
59932,SYNID0200820582,0.039060063181367455,11.44698785827483,36.54499721853751,0
55380,SYNID0200280020,0.03908329865547916,11.447732924604551,36.538763899996894,0
59554,SYNID0200776169,0.03911673666245924,11.44880521022854,36.529793023721545,0
56550,SYNID0200422416,0.03913692174335548,11.449452540412791,36.524377378055604,0
56766,SYNID0200448127,0.03914532531442649,11.44972204906447,36.52212263480878,0
58736,SYNID0200683183,0.03917963723982659,11.450822508529924,36.51291605263537,0
59281,SYNID0200746714,0.039225589143911166,11.452296416255507,36.50058515538964,0
53363,SYNID0200032850,0.03933184572445697,11.455705159998834,36.472067176885005,0
55554,SYNID0200297642,0.03945175289035163,11.45955276309405,36.43987764589471,0
53427,SYNID0200040565,0.03950037918006477,11.461113377884123,36.42682134645172,0
58152,SYNID0200612839,0.03950506851344582,11.46126388631719,36.42556217398757,0
55414,SYNID0200282414,0.03956954577877575,11.463333498403241,36.40824753920503,0
55560,SYNID0200298640,0.03981360942620271,11.471170157895504,36.34268506112611,0
59876,SYNID0200813276,0.04015354871009319,11.482092224759993,36.25130967725413,0
53878,SYNID0200095146,0.040173628396522665,11.482737626838881,36.24591016235993,0
54598,SYNID0200183042,0.040180765890783954,11.482967047252497,36.243990802350304,0
60976,SYNID0200945506,0.040306311169705955,11.487003030340118,36.21022526067145,0
54006,SYNID0200108460,0.04032527455521456,11.487612754046953,36.20512423552125,0
60017,SYNID0200830548,0.0403582975818515,11.48867459296902,36.19624075766693,0
59477,SYNID0200767794,0.040404189055925466,11.490150337067975,36.183894497090805,0
54706,SYNID0200195434,0.04051479859651569,11.493707842591217,36.15413195884176,0
59977,SYNID0200825673,0.040602368699035274,11.496524944176633,36.130563732976874,0
58088,SYNID0200605673,0.04061211504666257,11.496838514203716,36.1279403667266,0
60701,SYNID0200912743,0.040706943836041176,11.49988979578511,36.10241296158794,0
55783,SYNID0200327400,0.040755565858199505,11.501454538422868,36.089322128052494,0
54179,SYNID0200130076,0.04088164555024598,11.505512777704954,36.05537038825399,0
53115,SYNID0200002118,0.04088736808477178,11.5056970004561,36.05382915756819,0
54207,SYNID0200134354,0.04099072267528203,11.509024639472257,36.02598971140281,0
61272,SYNID0200983508,0.04108508026077956,11.512063262248835,36.00056821141595,0
60398,SYNID0200877761,0.04113488877793481,11.51366751131541,35.98714686213259,0
53410,SYNID0200039090,0.04127452886568678,11.518166013701846,35.949511825878965,0
55599,SYNID0200304852,0.04131585273853111,11.5194975239521,35.9383722438057,0
57196,SYNID0200497846,0.041332397497402806,11.520030651758589,35.93391202958297,0
56079,SYNID0200363350,0.041418930245870844,11.522819341467043,35.91058150105102,0
58617,SYNID0200668474,0.0414197916151694,11.522847103448756,35.9103492408234,0
58090,SYNID0200605722,0.041437134286841204,11.523406069842304,35.9056728577344,0
58745,SYNID0200684386,0.04145185472753665,11.523880536491362,35.901703410126174,0
55764,SYNID0200324957,0.04154598716645347,11.526914956834524,35.87631706822537,0
53814,SYNID0200086646,0.041678059335973905,11.53117343954004,35.84069006678355,0
57012,SYNID0200475911,0.041678880477411306,11.531199919937544,35.84046852845047,0
59648,SYNID0200786667,0.041742512857593894,11.533252098937105,35.82329974106019,0
61078,SYNID0200959373,0.04184363968834803,11.536514080801059,35.79600959088071,0
58680,SYNID0200675830,0.041891549697644026,11.538059733918567,35.78307846267048,0
58325,SYNID0200633562,0.0419064026783853,11.538538947531277,35.77906930136784,0
53953,SYNID0200103945,0.04206427434853449,11.543633448134987,35.736448069134454,0
57593,SYNID0200545891,0.04207104306188536,11.543851912997953,35.734620364638246,0
58117,SYNID0200608686,0.04211898779608464,11.545399454608612,35.72167343705702,0
57382,SYNID0200521470,0.04219008516590478,11.547694606387756,35.70247190886041,0
56280,SYNID0200389360,0.04219403581450237,11.547822150927905,35.701404855210086,0
57904,SYNID0200582794,0.042226624167071125,11.548874290144576,35.69260252630998,0
56013,SYNID0200356176,0.04223455381342378,11.54913031600879,35.69046058175736,0
57130,SYNID0200490880,0.04236904267591507,11.553473256794899,35.65412699340018,0
54674,SYNID0200192214,0.0423888987023493,11.554114559629404,35.64876177329961,0
59233,SYNID0200740877,0.042403875397604096,11.554598289981996,35.64471482438353,0
58608,SYNID0200667439,0.0424105266694656,11.55481312363274,35.64291749906508,0
54415,SYNID0200160447,0.04243226138920525,11.555515168913656,35.63704410002485,0
59636,SYNID0200785577,0.04248758010814657,11.557302149203842,35.62209399836247,0
61130,SYNID0200965026,0.042499322415444296,11.557681492940233,35.61892036099491,0
58743,SYNID0200684273,0.04252174736463388,11.558405974207846,35.612859259670635,0
59303,SYNID0200748674,0.04254562865192785,11.559177544337377,35.606404207010286,0
54256,SYNID0200140222,0.04262056122371721,11.56159876972492,35.586147931163204,0
55765,SYNID0200325033,0.043020718829770876,11.574535403366133,35.47791842848361,0
59127,SYNID0200729381,0.04309106706052851,11.576810851235207,35.45888174567467,0
54938,SYNID0200223734,0.043157376780515955,11.578955992274187,35.44093522618085,0
56826,SYNID0200454122,0.043258193751715024,11.582218050772514,35.413644434868566,0
56619,SYNID0200431677,0.04326989990340052,11.582596864526,35.41047523140459,0
54955,SYNID0200225121,0.043338936375147075,11.584831098076119,35.39178335276708,0
58035,SYNID0200599866,0.04339952400665492,11.586792179355404,35.3753767003521,0
59418,SYNID0200760873,0.04346381955651635,11.588873561979623,35.35796359176815,0
58597,SYNID0200666312,0.04353040382935175,11.591029344384548,35.339928045269616,0
59699,SYNID0200791210,0.043652107426853104,11.59497052422547,35.30695563946576,0
58294,SYNID0200629970,0.043819350837760396,11.600388154340047,35.26163106513951,0
60901,SYNID0200936754,0.04385086236300878,11.601409151083475,35.25308927808398,0
57431,SYNID0200525851,0.043865931798878044,11.601897436890633,35.24900421766255,0
60647,SYNID0200906923,0.044081639218421176,11.608888642481535,35.190514913163454,0
55013,SYNID0200232944,0.044112375230992484,11.609885084133047,35.18217855709251,0
59175,SYNID0200734798,0.044185245406408,11.612247756565656,35.16241214262427,0
60579,SYNID0200899459,0.04434766044284105,11.61751510478968,35.11834484547903,0
60442,SYNID0200882642,0.04459875797918239,11.625662247602216,35.0501848249269,0
61294,SYNID0200985615,0.0446046907036578,11.625854795857773,35.048573942024994,0
53111,SYNID0200001746,0.04465243257483115,11.627404363147495,35.03561006735819,0
56282,SYNID0200389596,0.044771841883781194,11.631280766007135,35.00317959391971,0
53320,SYNID0200027423,0.044779606902455804,11.631532878218477,35.001070391478805,0
59925,SYNID0200819808,0.044840392652878924,11.633506599669428,34.984557989799306,0
56783,SYNID0200449318,0.04494284354501599,11.63683379044225,34.95672229369398,0
57414,SYNID0200523984,0.04494360739973724,11.636858600168583,34.95651473240584,0
60437,SYNID0200882034,0.044965165305434984,11.637558810357833,34.950656685973094,0
58451,SYNID0200648473,0.04496606943712833,11.637588177674788,34.9504109953091,0
53174,SYNID0200010049,0.04499627494749592,11.638569323593684,34.94220260525932,0
60260,SYNID0200860200,0.04501560922521475,11.63919738053288,34.93694820198341,0
60966,SYNID0200944404,0.04506003134907122,11.640640495110567,34.92487492408248,0
56912,SYNID0200464712,0.04516277846026151,11.643978918115002,34.89694525771604,0
59258,SYNID0200744055,0.04528670303184201,11.648006435181859,34.86325054383074,0
58647,SYNID0200672357,0.045473398255564956,11.654076055361411,34.81247133869082,0
55962,SYNID0200351192,0.045527998226517374,11.65585161793659,34.79761675906696,0
55083,SYNID0200241993,0.045596501778404186,11.65807961944592,34.77897701846583,0
58049,SYNID0200600945,0.045617645076231284,11.658767349424513,34.77322338304371,0
56295,SYNID0200391313,0.04570529726597644,11.66161876156785,34.74936811073973,0
59565,SYNID0200778272,0.04570558732054225,11.66162819824208,34.749289162337284,0
54194,SYNID0200132189,0.04572101993557631,11.662130293702425,34.74508856862196,0
60361,SYNID0200872864,0.04576524043341662,11.663569088685122,34.73305142899553,0
56314,SYNID0200394102,0.04577472105306629,11.663877576263765,34.730470583147586,0
57715,SYNID0200560050,0.04577495738800946,11.663885266391295,34.73040624657432,0
57228,SYNID0200501296,0.0458209772755338,11.665382788595368,34.71787778763411,0
61291,SYNID0200985313,0.04592361148731727,11.668723130682553,34.68993206598021,0
56045,SYNID0200359744,0.046081511299998934,11.673863626465801,34.64692603229498,0
53228,SYNID0200016250,0.04641053159893066,11.684580770224484,34.55726506087712,0
53348,SYNID0200031567,0.046462420181030084,11.686271641216178,34.543119021683154,0
53512,SYNID0200049964,0.046543221693992554,11.688905070706559,34.521087419645845,0
58517,SYNID0200657105,0.04657961784123832,11.690091423167637,34.5111622458776,0
53855,SYNID0200091660,0.046869490197533004,11.69954337309838,34.43208604501048,0
56249,SYNID0200385676,0.04689543076861352,11.700389519379888,34.42500707889135,0
59067,SYNID0200720818,0.04690990821826713,11.700861775234436,34.42105612706781,0
58091,SYNID0200605744,0.046953271691958065,11.702276386373168,34.409221312518966,0
59785,SYNID0200802480,0.047003506640474424,11.703915329308767,34.39550970996766,0
59016,SYNID0200716281,0.04704693043353486,11.705332200999736,34.38365598335474,0
58879,SYNID0200701746,0.04705295222316136,11.705528696246693,34.382012079426815,0
55784,SYNID0200327459,0.04708283715228184,11.706503901237014,34.373853391932045,0
61116,SYNID0200963333,0.047156221044590274,11.70889883739761,34.35381705506113,0
55639,SYNID0200310166,0.04726365043327824,11.712405572888473,34.32447926528282,0
56939,SYNID0200467805,0.04730727929261985,11.713829954017461,34.31256271376779,0
56312,SYNID0200393745,0.04736545614468857,11.715729506973142,34.29667081503982,0
61236,SYNID0200978930,0.04757438322708657,11.722553272338784,34.23958233650605,0
60473,SYNID0200886350,0.04776294248566998,11.728714510298891,34.188036645501185,0
53112,SYNID0200001747,0.04789296915365204,11.732964672641046,34.1524792532648,0
56361,SYNID0200398403,0.04791489250684572,11.733681398444805,34.146483035125684,0
57961,SYNID0200590688,0.047971316802961794,11.735526200795082,34.131049186842574,0
58017,SYNID0200597295,0.04804122574976627,11.737812205615436,34.111924183252626,0
55192,SYNID0200254733,0.04808114238389011,11.73911762801623,34.10100285540621,0
53572,SYNID0200057253,0.04840969278822321,11.749866830634984,34.01107367553643,0
55666,SYNID0200313389,0.04841880960970402,11.750165217714361,34.00857733173458,0
59087,SYNID0200722958,0.04845718406166971,11.751421252265782,33.99806918884216,0
53511,SYNID0200049628,0.048516732248414185,11.753370535886951,33.98176123711749,0
57463,SYNID0200528962,0.04852506189507194,11.753643223692116,33.97947989667311,0
57770,SYNID0200568088,0.04859732937389083,11.756009256750982,33.9596853667833,0
60790,SYNID0200923114,0.048621077830326376,11.756786862527752,33.95317981913971,0
59892,SYNID0200815574,0.048740538094926844,11.760699021224184,33.920450207877494,0
56652,SYNID0200435652,0.048845715409683244,11.764144290449202,33.89162665260318,0
56420,SYNID0200405989,0.04895381418783784,11.767686094451458,33.861995475251796,0
53594,SYNID0200058815,0.049052037781725066,11.77090507897423,33.83506504623174,0
56895,SYNID0200462777,0.04913519713409836,11.773630926175898,33.812260266008465,0
57784,SYNID0200569173,0.0492030327203426,11.775854854128248,33.793654605296894,0
55073,SYNID0200241595,0.04920560288528164,11.77593912122625,33.79294961616589,0
59883,SYNID0200814589,0.0492199764103633,11.776410389817338,33.78900692391251,0
60798,SYNID0200924084,0.049230925003608705,11.776769374339695,33.78600361428792,0
54019,SYNID0200109888,0.04923118118303277,11.776777774102943,33.78593334081307,0
58142,SYNID0200611939,0.049256273588828,11.777600541954952,33.779049961572895,0
59820,SYNID0200806649,0.049257364877053345,11.777636325807444,33.77875058936628,0
58441,SYNID0200647586,0.049302161173132686,11.779105292130705,33.76646103251332,0
60031,SYNID0200832632,0.04930750746707213,11.779280618291764,33.76499423181814,0
57236,SYNID0200502959,0.04940085624248963,11.782342229731974,33.73938040578256,0
60801,SYNID0200924256,0.04940951508385649,11.782626250687798,33.73700425077563,0
53685,SYNID0200069592,0.04950721738770575,11.785831388202743,33.71018966756311,0
56246,SYNID0200385302,0.0496678156055369,11.791101345523746,33.66610054238468,0
55963,SYNID0200351378,0.049695972419762036,11.792025492181558,33.658369015315735,0
55848,SYNID0200336976,0.04971343046880111,11.79259851918366,33.65357499940871,0
56566,SYNID0200424539,0.04972739900109224,11.793057025485817,33.64973907806825,0
57235,SYNID0200502869,0.04977655520949942,11.794670653234165,33.636239265554636,0
54709,SYNID0200195685,0.049778524036142247,11.794735286650408,33.63569853427242,0
54558,SYNID0200177124,0.04988338571763984,11.798178135700997,33.60689522648149,0
58592,SYNID0200665584,0.04993647796853673,11.799921581697166,33.59230933819344,0
59951,SYNID0200822674,0.05001498341324789,11.802499924358127,33.57073859949335,0
58904,SYNID0200704471,0.050094874656460064,11.805124242439094,33.548783224652155,0
56020,SYNID0200356953,0.05012267107653173,11.80603742610067,33.54114341538735,0
60845,SYNID0200929852,0.050178508266499444,11.807871991464234,33.52579521102147,0
53552,SYNID0200055445,0.05029435305541918,11.8116788700052,33.493946386769565,0
59261,SYNID0200744303,0.050333844124453686,11.81297684524996,33.48308736276634,0
56005,SYNID0200355403,0.05035823942983103,11.813778716474513,33.47637880733736,0
55818,SYNID0200331901,0.05041539986088117,11.815657744477528,33.460658622942596,0
57536,SYNID0200538437,0.050503077772095006,11.818540434270409,33.43654167789214,0
55946,SYNID0200349508,0.05053087393021294,11.819454438636171,33.42889500251298,0
59685,SYNID0200790125,0.05066843901043472,11.823978740772903,33.39104412230633,0
58586,SYNID0200664717,0.050763711711382775,11.827112924056742,33.36482315110746,0
58122,SYNID0200609213,0.05086493693060151,11.830443655524386,33.33695783310433,0
60756,SYNID0200918482,0.05087345440593799,11.830723950189942,33.33461285271003,0
54855,SYNID0200214565,0.05091758977300059,11.832176450215032,33.32246105497675,0
56757,SYNID0200447063,0.05095501717978956,11.83340830235244,33.31215522519876,0
59248,SYNID0200743038,0.05131192302866744,11.845160342207015,33.21383618299605,0
55411,SYNID0200282117,0.051392085246733665,11.847801174276315,33.19174265005327,0
58524,SYNID0200657735,0.05143273319550101,11.849140444366634,33.180538148182926,0
53351,SYNID0200031873,0.05145285473503408,11.849803454489145,33.17499132218313,0
60375,SYNID0200873981,0.0515199485128337,11.852014427405775,33.156494044928365,0
53943,SYNID0200102713,0.051574892026289954,11.853825253283818,33.1413444480815,0
58831,SYNID0200696766,0.051610863025214115,11.855010904052206,33.131425144762474,0
60413,SYNID0200879436,0.0516456864911326,11.856158821261193,33.12182152514305,0
53341,SYNID0200030634,0.051680889028480614,11.857319324765283,33.11211260699718,0
54554,SYNID0200176537,0.05168637549117888,11.857500202298514,33.11059936282482,0
53403,SYNID0200038140,0.05177464064042542,11.860410429321654,33.08625203784564,0
59548,SYNID0200775528,0.05194015715117617,11.865869288455663,33.04058253636193,0
59471,SYNID0200766607,0.05199569426390643,11.8677013960847,33.02525489371193,0
58636,SYNID0200671486,0.052007273455887904,11.868083409372685,33.02205892254027,0
58762,SYNID0200685828,0.05202873110843198,11.86879135260972,33.016136180458,0
53360,SYNID0200032709,0.05207550981944542,11.870334820349418,33.00322333539317,0
59181,SYNID0200735801,0.0520921408906474,11.870883602867542,32.9986321518857,0
54936,SYNID0200223650,0.0521278613535206,11.872062355033705,32.98877056313978,0
53853,SYNID0200091560,0.05214438496930812,11.872607655468093,32.98420851118239,0
53809,SYNID0200085976,0.052426498168826496,11.88192085686891,32.90629309795201,0
57527,SYNID0200537685,0.0524431716681249,11.882471470893693,32.90168659182965,0
59952,SYNID0200822796,0.05247262203907982,11.883444069542568,32.893549709314925,0
59343,SYNID0200752913,0.05249475903859813,11.884175186200109,32.887433095484695,0
59361,SYNID0200755512,0.052557548045531144,11.886249109776001,32.87008239023636,0
54801,SYNID0200206740,0.05260162119777767,11.887705021717151,32.85790204798458,0
53269,SYNID0200020386,0.052606733191507826,11.887873900534231,32.85648918657933,0
57501,SYNID0200533905,0.05263364291390038,11.88876291663344,32.84905156617823,0
61279,SYNID0200984196,0.05266052084501682,11.88965093582719,32.84162228601345,0
55660,SYNID0200312883,0.05269575664664844,11.890815171290415,32.831882145828494,0
54205,SYNID0200134017,0.052730684810496864,11.891969332529147,32.8222262878716,0
53597,SYNID0200058992,0.05274165119970631,11.892331722913639,32.81919448437641,0
58662,SYNID0200673766,0.05275592420323533,11.892803395501865,32.815248412232215,0
55536,SYNID0200294954,0.05288114192008725,11.89694204624355,32.780623940058064,0
57157,SYNID0200493743,0.052941994411437876,11.898953739322529,32.76379386296691,0
56142,SYNID0200372232,0.05296654562865888,11.899765443663554,32.757003042449874,0
60233,SYNID0200856709,0.0529859232265083,11.900406130965726,32.75164297197014,0
53305,SYNID0200025474,0.053007167494393326,11.901108568452424,32.74576629168705,0
53308,SYNID0200025657,0.053007167494393326,11.901108568452424,32.74576629168705,0
59362,SYNID0200755569,0.05304846795578533,11.902474255527311,32.73434078200421,0
55030,SYNID0200235805,0.053054852101400096,11.90268537206085,32.732574554555406,0
58912,SYNID0200705003,0.05312177240335719,11.904898532868675,32.714058973127976,0
55464,SYNID0200287346,0.05313010583201,11.905174155811753,32.71175307695098,0
53220,SYNID0200015258,0.0532022794992178,11.907561469785264,32.69178050825505,0
55144,SYNID0200249567,0.053286755070164726,11.910356188072312,32.668399543877015,0
57287,SYNID0200508421,0.05339238308765082,11.913851439653083,32.639157829933616,0
60063,SYNID0200835845,0.05344824416278543,11.915700227667626,32.623690637082404,0
54201,SYNID0200133385,0.05344891243628053,11.915722346365214,32.62350558927892,0
54692,SYNID0200194289,0.05351806987059382,11.918011516882926,32.60435410106706,0
59973,SYNID0200825079,0.05354684938091431,11.918964247893308,32.59638343371256,0
54924,SYNID0200222317,0.05360795751303166,11.920987405103633,32.579457446257955,0
60460,SYNID0200885292,0.05366156710750736,11.922762530135714,32.56460652717465,0
53284,SYNID0200021784,0.05369711706622238,11.923939780688494,32.55475750111495,0
53164,SYNID0200008622,0.05369711706622238,11.923939780688494,32.55475750111495,0
55203,SYNID0200255716,0.0537762274017381,11.926559886428764,32.53283736724535,0
56156,SYNID0200374190,0.05383228080296237,11.928416636015394,32.51730356688161,0
56599,SYNID0200429839,0.05388083811779265,11.930025268896784,32.50384554205263,0
55887,SYNID0200340861,0.05391813146728647,11.931260861948198,32.493508415317976,0
61307,SYNID0200987243,0.054065734876565574,11.936152231430786,32.45258660356968,0
61328,SYNID0200989702,0.054087485955926884,11.936873168490832,32.44655515353125,0
59711,SYNID0200792249,0.05410605966030513,11.937488819653794,32.441404538538265,0
53459,SYNID0200044448,0.054143333382273506,11.938724386181304,32.431067633705915,0
54438,SYNID0200162900,0.05436666149447805,11.946129533652865,32.369115239416665,0
53518,SYNID0200050469,0.05437865992967872,11.946527484628792,32.365785931544934,0
54083,SYNID0200118050,0.054382562140491975,11.946656911198218,32.36470313260117,0
54760,SYNID0200201828,0.05443741654450285,11.948476414491196,32.34948093941053,0
56339,SYNID0200396530,0.054461328705192935,11.949269643433455,32.342844686401214,0
61204,SYNID0200974255,0.054565084996515245,11.952712004324212,32.31404546261681,0
56998,SYNID0200473879,0.054572360097435435,11.952953403122455,32.31202588993616,0
60781,SYNID0200921619,0.05458235435157888,11.95328503394589,32.30925142479406,0
54829,SYNID0200210630,0.05461947591689431,11.95451687238366,32.29894570962899,0
53592,SYNID0200058790,0.0546499516923995,11.955528254321829,32.29048436124244,0
54746,SYNID0200199798,0.05469233715092281,11.95693499109394,32.278715424634264,0
54281,SYNID0200143719,0.054697833679432206,11.957117425936985,32.27718915181232,0
57075,SYNID0200484643,0.05473896925070326,11.958482824922601,32.26576605232053,0
60995,SYNID0200948908,0.05474976641345203,11.958841232362854,32.26276757063735,0
53295,SYNID0200023676,0.054785146032612364,11.960015705379869,32.25294178179091,0
58202,SYNID0200619180,0.0548448489175577,11.961997832864107,32.23635905418061,0
57358,SYNID0200518515,0.05486793661711775,11.962764412560407,32.229945752111774,0
53889,SYNID0200096768,0.054886879346734585,11.963393396727993,32.22468359152663,0
54395,SYNID0200157953,0.05490279937425663,11.96392203423755,32.22026094369227,0
56423,SYNID0200406497,0.054921893529106924,11.964556096175373,32.214956301843245,0
60890,SYNID0200935847,0.05493660882895007,11.965044767498902,32.21086801614342,0
53904,SYNID0200098289,0.055067189970762154,11.969381864129273,32.17458332072752,0
56342,SYNID0200396608,0.05510336228558105,11.970583509491197,32.16453020462906,0
55425,SYNID0200283802,0.055171389509129365,11.972843640523594,32.1456216644005,0
60705,SYNID0200913059,0.055213239962912775,11.97423424838478,32.1339876642879,0
53930,SYNID0200100376,0.05521479811994173,11.974286025389544,32.133554491359675,0
61316,SYNID0200988552,0.05521722234612014,11.974366581925228,32.132880545259304,0
58377,SYNID0200640067,0.055221459984670096,11.974507398834394,32.13170245330195,0
58419,SYNID0200644861,0.05523163404402859,11.97484548873677,32.128873950693745,0
56413,SYNID0200405038,0.055260516626156886,11.975805315860848,32.12084391636038,0
54416,SYNID0200160619,0.05536979731166858,11.979437500158959,32.09045660609654,0
59819,SYNID0200806411,0.05542414403752122,11.981244165689352,32.0753418152409,0
56378,SYNID0200401051,0.055452989467804636,11.982203173244441,32.067318637524664,0
60188,SYNID0200851486,0.055473978270190294,11.982901015089586,32.0614804049563,0
57165,SYNID0200494653,0.05548857648241423,11.983386400151016,32.05741961253816,0
53462,SYNID0200044656,0.055527023727892255,11.984664832870825,32.046724083754405,0
53153,SYNID0200007457,0.055541860860300774,11.985158220948206,32.04259633709914,0
57542,SYNID0200538935,0.0555728028670604,11.986187207079546,32.03398770982039,0
55100,SYNID0200243527,0.05567846781249086,11.98970166808249,32.00458528743718,0
59296,SYNID0200747904,0.055681342925029687,11.989797307227391,32.003785158332796,0
53428,SYNID0200040580,0.05578738752424145,11.993325258898738,31.97426987132248,0
53874,SYNID0200094546,0.05587606012454216,11.996275915707812,31.949584305673717,0
60133,SYNID0200845936,0.055987073904319895,11.999970824994877,31.91867223027015,0
58374,SYNID0200639873,0.056030839194783744,12.001427733896902,31.90648354731841,0
56390,SYNID0200402069,0.05605271210830526,12.002155918213406,31.900391465821777,0
55298,SYNID0200268286,0.056159022097032385,12.005695658999933,31.870777549592454,0
53306,SYNID0200025554,0.05616995306092032,12.006059668905474,31.867732196980647,0
56384,SYNID0200401663,0.05621431900033497,12.00753718247958,31.855371132753053,0
61357,SYNID0200993444,0.056215466846635864,12.007575411027846,31.855051307914394,0
55371,SYNID0200278695,0.05635351731197297,12.012173846127752,31.816580222022196,0
58146,SYNID0200612441,0.05639582157107664,12.01358327949375,31.80478872537068,0
53207,SYNID0200013778,0.05640424487799078,12.013863931344698,31.802440756718518,0
54132,SYNID0200125002,0.056434988150214915,12.014888295915874,31.79387079399284,0
54294,SYNID0200146237,0.05645995841707452,12.015720356437923,31.786909671107367,0
55673,SYNID0200313840,0.05657494185172263,12.019552444974387,31.754849936865202,0
54722,SYNID0200197281,0.0566245653525993,12.021206569728626,31.741011321311387,0
60552,SYNID0200896368,0.056690746758517985,12.023412915462353,31.722552755650213,0
60132,SYNID0200845885,0.05673475408207829,12.02488020732068,31.710277207581317,0
60921,SYNID0200938639,0.056815099762580756,12.02755946821329,31.687862174273718,0
60295,SYNID0200864196,0.0568298301083931,12.028050728882654,31.683752225781248,0
58543,SYNID0200660098,0.05691850508292201,12.031008406237335,31.6590079253657,0
56490,SYNID0200415057,0.056939656866658084,12.03171399319116,31.653104896244876,0
57376,SYNID0200520831,0.05695549636400532,12.032242393508621,31.648684232789403,0
54056,SYNID0200114628,0.057000521563026985,12.033744522221564,31.63611723521713,0
61076,SYNID0200959183,0.057018705350941945,12.034351212235507,31.631041590322894,0
60093,SYNID0200840331,0.057051473566053,12.035444564860278,31.62189446487169,0
54790,SYNID0200204876,0.057060155311127625,12.035734255734836,31.61947087461212,0
56167,SYNID0200376177,0.05708231728612706,12.036473778192683,31.61328393680026,0
58574,SYNID0200663246,0.05710560273158494,12.037250829576948,31.606783027274034,0
60152,SYNID0200847461,0.0571171813020952,12.037637229673237,31.603550355512844,0
59674,SYNID0200788946,0.0571456459896586,12.038587196273275,31.595602815562664,0
60344,SYNID0200870900,0.0571515811528685,12.03878528120863,31.593945612101816,0
57203,SYNID0200498543,0.05718655232837033,12.039952491401293,31.584180584956577,0
58076,SYNID0200604499,0.057360430679206376,12.045757285002704,31.535616952247924,0
55346,SYNID0200275280,0.057380824009767295,12.046438249891029,31.52991991442111,0
53955,SYNID0200104114,0.05740971489845792,12.047403015115215,31.521848567321687,0
53509,SYNID0200049394,0.05743787080583207,12.048343297404584,31.513982047531496,0
55687,SYNID0200315189,0.057443891670176606,12.048544375303836,31.512299804558598,0
58245,SYNID0200624138,0.0574598250006233,12.04907651153882,31.50784788594767,0
54846,SYNID0200212913,0.05746824838091674,12.049357840620818,31.50549425149545,0
55802,SYNID0200330237,0.05748107399618185,12.049786208457954,31.50191047234059,0
55066,SYNID0200240685,0.05751528857563637,12.050929015577074,31.492349604375136,0
60139,SYNID0200846351,0.05752259512006891,12.051173074188673,31.490307779361714,0
53121,SYNID0200003338,0.05759280356277918,12.05351843405755,31.470686203977184,0
59394,SYNID0200758351,0.057593037147484705,12.053526237731676,31.470620917458824,0
61106,SYNID0200961266,0.05761639739480068,12.054306685314227,31.46409159491097,0
54751,SYNID0200201331,0.05765896251343322,12.055728858585212,31.452193514613434,0
56030,SYNID0200357738,0.05768541036957642,12.056612595540223,31.444800060196076,0
61273,SYNID0200983610,0.05777018992889771,12.05944580253464,31.421097094455654,0
55060,SYNID0200240300,0.05781586578294373,12.060972446909782,31.40832499577273,0
61352,SYNID0200992764,0.05789194034736628,12.063515470978132,31.38704973685662,0
60379,SYNID0200874682,0.05796717947668756,12.066030998521938,31.36600451732008,0
59137,SYNID0200730099,0.05801302369904232,12.067563953521859,31.353179623157278,0
57120,SYNID0200489210,0.05809456581630029,12.07029098007395,31.33036497634012,0
56537,SYNID0200421209,0.05820026732437966,12.073826722158238,31.30078451375622,0
55379,SYNID0200279644,0.058239342935422767,12.075134025365175,31.28984745084924,0
56391,SYNID0200402144,0.058265382648778175,12.076005267267819,31.28255853161013,0
59878,SYNID0200813758,0.058287827057277475,12.076756257958849,31.276275649118347,0
59472,SYNID0200766998,0.058315428605570985,12.077679859047967,31.268548686345643,0
53656,SYNID0200065748,0.05837367424518186,12.079629060011891,31.252241426141868,0
53213,SYNID0200014821,0.058436508657800035,12.081732113379354,31.234647017396767,0
53145,SYNID0200006570,0.058476296131075634,12.08306394572754,31.22350474061175,0
61350,SYNID0200992582,0.05849932232937305,12.08383477168606,31.21705591377961,0
55588,SYNID0200302386,0.0585316382706465,12.084916649266606,31.208004789990362,0
59891,SYNID0200815567,0.05856093265787715,12.085897439276126,31.199799377523128,0
58418,SYNID0200644847,0.058568341066449814,12.08614548662805,31.19772418220692,0
55256,SYNID0200262810,0.0586217172822322,12.08793274504882,31.182771753669137,0
58365,SYNID0200639238,0.05863251841468714,12.088294438325445,31.179745782265968,0
53521,SYNID0200051017,0.058662043032790434,12.089283162773237,31.171473989291098,0
58516,SYNID0200657065,0.05871047953107622,12.090905354124319,31.15790253260089,0
53450,SYNID0200042609,0.05871873478528705,12.091181849384082,31.15558933851291,0
57449,SYNID0200527959,0.058805840731063375,12.094099625523933,31.13117885667468,0
53377,SYNID0200034847,0.05886751654140843,12.096165920206046,31.113891975710363,0
56354,SYNID0200397786,0.058915001998293415,12.097756999223616,31.100580808711953,0
53318,SYNID0200026611,0.058967692985355924,12.09952269866331,31.085808745318978,0
59713,SYNID0200792788,0.059046549715798924,12.102165618447073,31.06369774629466,0
61147,SYNID0200967033,0.05910704482649226,12.104193460447028,31.046732565301305,0
60844,SYNID0200929835,0.05911041738232725,12.104306519265023,31.045786701022816,0
59354,SYNID0200754072,0.05917594926611597,12.106503528505437,31.027406245637955,0
55602,SYNID0200305220,0.05917809813810876,12.106575576701887,31.026803481372756,0
54391,SYNID0200157766,0.05920245626542009,12.107392289802101,31.019970756946947,0
56620,SYNID0200431741,0.05933320386769658,12.111776948317644,30.983288152823018,0
54429,SYNID0200162060,0.05933669507249911,12.111894044708475,30.982308509702815,0
60431,SYNID0200881567,0.059385970830237333,12.113546872085148,30.968480748172745,0
56051,SYNID0200360379,0.059404147179370426,12.114156597199418,30.963379711247775,0
53235,SYNID0200017043,0.05946244957100644,12.116112519021014,30.947016223504153,0
57204,SYNID0200498716,0.05946293931516217,12.116128949997025,30.946878759894105,0
56049,SYNID0200360213,0.05948902304638254,12.117004088747773,30.939557239134075,0
61136,SYNID0200965745,0.05951995353711692,12.11804190893382,30.93087470504352,0
61265,SYNID0200982607,0.059624451281732604,12.121548692706302,30.901536511335127,0
58248,SYNID0200624644,0.0598093203671452,12.127754653964745,30.849616659596368,0
61353,SYNID0200992921,0.05987335871953081,12.129904996718238,30.831626621905293,0
58192,SYNID0200618065,0.059977694052100294,12.133409141318548,30.802310507842922,0
54021,SYNID0200110574,0.060023065193254566,12.134933208782773,30.789559967920567,0
59252,SYNID0200743435,0.06015127322393082,12.139240709852643,30.753522872682836,0
60143,SYNID0200846764,0.060175893201996955,12.140068029366406,30.74660141366845,0
53117,SYNID0200002418,0.06018477604389644,12.140366536063652,30.744104069128486,0
59308,SYNID0200748915,0.06020093804107801,12.140909673250967,30.73956011516796,0
56630,SYNID0200433534,0.06028024610371219,12.143575175133144,30.71726019147062,0
53559,SYNID0200055969,0.060313615562958,12.14469684864137,30.707876129949586,0
53495,SYNID0200047756,0.060406421395718946,12.147816850720623,30.681773800490298,0
56113,SYNID0200368031,0.060532531747309104,12.152057559895924,30.6462954946357,0
57093,SYNID0200486365,0.06053513625071405,12.152145154282453,30.645562668990767,0
59909,SYNID0200817510,0.06055508683384414,12.152816147429927,30.63994905600098,0
54983,SYNID0200228402,0.060581265081172786,12.153696640316417,30.632582741868507,0
57657,SYNID0200553953,0.06058872112968372,12.153947430556284,30.630484599207087,0
60351,SYNID0200871968,0.06080994304415266,12.161390345958187,30.5682162336666,0
53467,SYNID0200044972,0.06082696890808975,12.161963329130968,30.56342258444118,0
58465,SYNID0200650278,0.060919108628216756,12.1650645562895,30.537477328327945,0
60411,SYNID0200879293,0.0609222964300265,12.165171862570363,30.53657959049797,0
59345,SYNID0200753047,0.06092711767931508,12.165334154669925,30.535221834399174,0
61166,SYNID0200969646,0.06095918873550821,12.166413770638458,30.526189631540213,0
57984,SYNID0200593154,0.06097513135347454,12.166950480311963,30.52169945096791,0
59027,SYNID0200717878,0.06099202894798783,12.167519360633648,30.516940126710335,0
58269,SYNID0200627274,0.06099235399711617,12.167530304065846,30.516848572581402,0
54519,SYNID0200173025,0.06099615906273681,12.167658409850068,30.51577682349261,0
61282,SYNID0200984503,0.06101273324660256,12.168216428637942,30.511108368191763,0
58910,SYNID0200704763,0.06101926824777343,12.168436454519497,30.509267604017897,0
55882,SYNID0200340495,0.061059017661285686,12.169774841554801,30.49807048989678,0
54186,SYNID0200130933,0.061085648467563314,12.170671584873539,30.490568222606086,0
61275,SYNID0200983660,0.0611217386976578,12.171886943690161,30.480400378022367,0
60807,SYNID0200925018,0.06122749312185938,12.175448859056951,30.450600946468033,0
54306,SYNID0200147283,0.06126776978776649,12.176805643419728,30.43924991799344,0
53257,SYNID0200018998,0.06127078123299301,12.176907093807143,30.43840117130392,0
53733,SYNID0200075641,0.06128061949920055,12.177238532853758,30.43562831059079,0
59079,SYNID0200722198,0.06133229792224609,12.178979637215445,30.421062012711097,0
53918,SYNID0200099524,0.061342699948643775,12.17933011801572,30.41812984629404,0
54058,SYNID0200114697,0.06139974763300571,12.181252402637934,30.40204777158736,0
60530,SYNID0200893095,0.06140596756887162,12.181462005350905,30.40029420895165,0
55196,SYNID0200254905,0.06151344197958852,12.185084204804975,30.369990433147752,0
55528,SYNID0200293964,0.06158003352026897,12.187328978418563,30.35121037501479,0
54461,SYNID0200165806,0.061594975611227454,12.18783271703246,30.346996034470365,0
61095,SYNID0200960566,0.061659402730167845,12.19000492745081,30.328823049147147,0
60265,SYNID0200860592,0.061673271541409336,12.190472566967989,30.32491071818213,0
59993,SYNID0200828085,0.061682376268633154,12.190779575387651,30.32234224716409,0
53514,SYNID0200050035,0.06173428016027532,12.192529879423802,30.307698983651775,0
56612,SYNID0200431041,0.06176179423895112,12.19345779378392,30.29993593551188,0
55690,SYNID0200315349,0.061803492928466486,12.194864196261538,30.28816979565344,0
60529,SYNID0200893023,0.0618383041488092,12.196038402487101,30.27834623881782,0
61118,SYNID0200963474,0.061864661240965735,12.196927507255653,30.270907876597832,0
55672,SYNID0200313762,0.06191948164005867,12.198776937141556,30.255435313770185,0
54799,SYNID0200206435,0.06192337365034983,12.198908247431259,30.25433675538588,0
61231,SYNID0200978374,0.06195723949339321,12.200050876812668,30.24477737439646,0
54961,SYNID0200225729,0.062007951790078786,12.201762068663937,30.230461328337732,0
59631,SYNID0200784992,0.06203081494279106,12.202533607901039,30.224006534127344,0
60137,SYNID0200846234,0.062150968211873825,12.206588958498914,30.19007896142394,0
56813,SYNID0200452685,0.062348616466139095,12.213262301077009,30.134248938833153,0
56464,SYNID0200412598,0.06241152430154895,12.215386936614236,30.116473970943737,0
55793,SYNID0200328659,0.06245243193194733,12.216768705912594,30.104913915358424,0
61237,SYNID0200978947,0.06248040650025066,12.217713699351783,30.097007981496848,0
54241,SYNID0200138233,0.06253756851853659,12.2196448458024,30.080851767620175,0
60122,SYNID0200844025,0.06258802211409281,12.221349566346554,30.066589861329984,0
53170,SYNID0200009367,0.06265595281400965,12.223645111998499,30.047385037944007,0
58907,SYNID0200704540,0.0626945623040211,12.22494998067822,30.036468342597665,0
57511,SYNID0200534604,0.06272056658164415,12.225828901230491,30.029115182810862,0
53845,SYNID0200090712,0.06272202309403735,12.225878131549122,30.028703315778838,0
60293,SYNID0200864119,0.06275311946143802,12.226929232156358,30.0199096760158,0
57837,SYNID0200575557,0.06279217563961248,12.228249491382895,30.008864221420772,0
55714,SYNID0200318610,0.06279924117733066,12.228488348173993,30.006865915491353,0
56118,SYNID0200368940,0.06280799137202864,12.22878416164417,30.004391102827476,0
58798,SYNID0200691967,0.06284725035765132,12.23011144347673,29.99328689622801,0
54203,SYNID0200133725,0.06288907150025758,12.231525478756392,29.981456899388515,0
59267,SYNID0200745394,0.06293013760626104,12.232914116775126,29.969839379225395,0
54900,SYNID0200219599,0.06294055415464639,12.233266369969508,29.96689238473652,0
57423,SYNID0200525229,0.06298329503579964,12.23471181302672,29.954799626483297,0
54866,SYNID0200216029,0.06301308656072013,12.235719408690052,29.94636995454786,0
53887,SYNID0200096333,0.06302302379433589,12.236055516649587,29.94355803312253,0
57802,SYNID0200570603,0.06306326055459571,12.237416526400228,29.93217165452211,0
55915,SYNID0200345407,0.06311361272271526,12.239119866724353,29.91792129532611,0
58938,SYNID0200708390,0.06311522338191067,12.239174356213292,29.917465429414413,0
58063,SYNID0200602971,0.0631470810584347,12.240252160265149,29.908448385278074,0
55766,SYNID0200325139,0.06314879101405846,12.240310013445539,29.907964378301,0
54141,SYNID0200126527,0.06317147311403548,12.241077441698959,29.9015439770967,0
60023,SYNID0200831485,0.06324500881379441,12.24356572935593,29.88072664987641,0
58411,SYNID0200644002,0.06328552753586797,12.244936973543076,29.86925464869412,0
55202,SYNID0200255666,0.06331631229711476,12.245978883776349,29.860537896754526,0
56229,SYNID0200382710,0.06333007868759088,12.246444831024379,29.856639723525845,0
56712,SYNID0200442880,0.0634266429653948,12.249713628647557,29.82929255184822,0
53695,SYNID0200071381,0.06345864196844808,12.250796986477969,29.820229044102597,0
60334,SYNID0200869179,0.06347352120377303,12.251300764723334,29.816014371996314,0
59782,SYNID0200801989,0.06357724276227561,12.254813026140667,29.78663035162277,0
54452,SYNID0200164958,0.06369178295426364,12.258692602512957,29.754173328178656,0
60407,SYNID0200878716,0.06375073310692986,12.260689692679877,29.73746542088479,0
60070,SYNID0200837188,0.06375978448438274,12.260996355596484,29.734899840388728,0
53989,SYNID0200107172,0.06379623596516165,12.262231405232487,29.724567259935707,0
54371,SYNID0200155033,0.06383755469191338,12.263631491776719,29.71285395996963,0
59520,SYNID0200772910,0.06384705543105407,12.263953443419686,29.710160472067628,0
53826,SYNID0200088257,0.06394683201944795,12.267334997306795,29.681869967316832,0
54215,SYNID0200135270,0.06402087608321394,12.269844943816127,29.660871439416038,0
60792,SYNID0200923408,0.0640706389280492,12.271532044816245,29.64675694044534,0
61045,SYNID0200956022,0.0640781570197953,12.271786946107786,29.64462440420902,0
53133,SYNID0200005642,0.06412240038753475,12.273287108856664,29.632073854139172,0
55845,SYNID0200336410,0.06413592079201047,12.273745576467835,29.628238256492377,0
59060,SYNID0200720250,0.06417572395352461,12.275095356848208,29.616945824214703,0
56403,SYNID0200403918,0.06425939237119005,12.277933070827714,29.59320515247067,0
55906,SYNID0200343917,0.06426135088491797,12.277999502678503,29.59264937525903,0
59400,SYNID0200758828,0.06436766777160491,12.281606168848132,29.56247555286472,0
56499,SYNID0200416061,0.06444310609248999,12.284165852559282,29.541060917283446,0
55477,SYNID0200288491,0.06444642791333888,12.284278574838439,29.54011786853118,0
54566,SYNID0200178282,0.06445408282165865,12.284538338872968,29.537944649975945,0
53350,SYNID0200031834,0.06445883932346863,12.284699749781288,29.5365942660338,0
54803,SYNID0200207200,0.06448706795124953,12.285657718720783,29.52857977750614,0
56677,SYNID0200439048,0.06456755322799435,12.288389414364717,29.50572606847992,0
59305,SYNID0200748727,0.06459173207074531,12.289210150531728,29.498859686571745,0
54313,SYNID0200148445,0.06464949554944305,12.291171081334156,29.482454293065075,0
61161,SYNID0200968991,0.06469983250453992,12.292880111736892,29.468156329956408,0
60880,SYNID0200934689,0.06472022498504199,12.293572529475153,29.462363476147846,0
56485,SYNID0200414389,0.06472944933494756,12.293885748889112,29.459743043171017,0
59811,SYNID0200804836,0.06473792754358543,12.294173638395625,29.457334523382883,0
61376,SYNID0200995158,0.06482448589663753,12.29711317001556,29.432742032464475,0
53956,SYNID0200104356,0.06482459724177564,12.297116951685778,29.43271039453621,0
60577,SYNID0200899423,0.06482491945448554,12.297127895161507,29.43261884004308,0
58687,SYNID0200677319,0.0648267812394383,12.297191128078586,29.432089825512865,0
60409,SYNID0200878783,0.0648380494500771,12.297573842836877,29.42888798575247,0
57444,SYNID0200527355,0.06484620683950648,12.297850907501918,29.426570027948383,0
53343,SYNID0200030963,0.06487140808116115,12.298706897188307,29.41940871066707,0
58488,SYNID0200654452,0.06493771193290387,12.300959221984765,29.400565478389318,0
57941,SYNID0200588379,0.06496966323689152,12.302044722130876,29.39148404776134,0
56172,SYNID0200376647,0.06498351059801749,12.302515191309968,29.387548043489176,0
60601,SYNID0200901850,0.06501791190599965,12.303684053201078,29.37776919802718,0
55084,SYNID0200242122,0.06503099159816195,12.304128489445743,29.374050988555755,0
55712,SYNID0200318408,0.06503895135014975,12.304398961242443,29.371788187516668,0
57208,SYNID0200499095,0.0650923142177251,12.306212355453122,29.35661710367623,0
59718,SYNID0200793795,0.06513830269150478,12.307775329143977,29.343541069372858,0
56028,SYNID0200357689,0.06514638867835726,12.308050158235764,29.34124181465553,0
54741,SYNID0200198937,0.06515585087065501,12.30837176872485,29.338551180889784,0
54565,SYNID0200178272,0.06515585087065501,12.30837176872485,29.338551180889784,0
56038,SYNID0200358812,0.06525812645392154,12.311848460600952,29.309464739767876,0
59575,SYNID0200779177,0.06525984503277488,12.311906887877084,29.30897592983368,0
61123,SYNID0200963980,0.06526167362311447,12.311969055515398,29.308455827559488,0
59040,SYNID0200718517,0.06526737910550456,12.312163029765095,29.30683301461141,0
59194,SYNID0200737517,0.06529315565719196,12.313039409355858,29.299501112827876,0
56661,SYNID0200437114,0.06529726127027935,12.313179001308582,29.298333269010048,0
57724,SYNID0200561222,0.06531586152504154,12.313811431506007,29.293042278506253,0
54731,SYNID0200197715,0.0653434664154709,12.314750079628084,29.285189430365,0
56449,SYNID0200409834,0.06536414887101749,12.315453383504146,29.279305501759623,0
60038,SYNID0200833574,0.06539457464882148,12.316488068460986,29.270649197390586,0
59098,SYNID0200724267,0.06546151524963228,12.318764762663585,29.251602087598748,0
54968,SYNID0200227055,0.0654761734022758,12.319263342958388,29.247430902200065,0
53767,SYNID0200080155,0.06554168426477336,12.321491825585243,29.22878713650926,0
56728,SYNID0200444895,0.06554259872842866,12.321522935268039,29.22852686899371,0
53724,SYNID0200074201,0.06554376700316111,12.321562679596044,29.228194362951278,0
53524,SYNID0200051580,0.06555407543083591,12.321913373598735,29.225260412856013,0
60768,SYNID0200919410,0.065573149458442,12.322562296354526,29.21983144353645,0
61344,SYNID0200992205,0.06563925940681964,12.324811661679249,29.201012970571128,0
60810,SYNID0200925304,0.06566139052123099,12.325564740741624,29.194712616502205,0
53252,SYNID0200018616,0.06571446957261884,12.327371074693136,29.17960059967718,0
56364,SYNID0200398569,0.06573601577464683,12.328104376799015,29.173465702111535,0
59424,SYNID0200761129,0.0657697311836159,12.32925191795336,29.163865228612494,0
58895,SYNID0200703774,0.06577433284222234,12.329408547392914,29.16255484703888,0
57714,SYNID0200559994,0.06579396299657392,12.330076729483327,29.156964751705715,0
59328,SYNID0200751721,0.0658399329783999,12.33164159945173,29.14387285290608,0
54017,SYNID0200109567,0.06586190645134737,12.332389659754712,29.137614486408925,0
59369,SYNID0200756385,0.06586337652021823,12.332439707822191,29.13719577798728,0
56785,SYNID0200449625,0.06590324805557729,12.333797187291324,29.125838934165582,0
57985,SYNID0200593427,0.06597463241892565,12.33622787438953,29.105503500458095,0
61037,SYNID0200955235,0.06597979764237077,12.336403769341185,29.104031941189344,0
57825,SYNID0200573231,0.0659991036235465,12.337061227899758,29.098531560271056,0
54893,SYNID0200219097,0.06605746336864587,12.339048826818317,29.081903057953685,0
53819,SYNID0200087560,0.06608534056282095,12.339998354385083,29.073959191011014,0
53631,SYNID0200062874,0.06625533431403513,12.345789847050687,29.02550683560272,0
54175,SYNID0200129645,0.06625816902609499,12.345886441687616,29.024698712731944,0
53743,SYNID0200076578,0.06628207560135357,12.346701098730936,29.017883189536487,0
61264,SYNID0200982199,0.06631958416392175,12.347979357029644,29.007189119981604,0
53178,SYNID0200010424,0.06638394827530142,12.350173086084512,28.988836107041205,0
53981,SYNID0200106833,0.06638905662931138,12.350347208620809,28.987379376022037,0
53251,SYNID0200018603,0.06639474608045065,12.350541140755391,28.985756915414317,0
61036,SYNID0200955064,0.06643904496284869,12.352051211208982,28.973123476241803,0
53913,SYNID0200099339,0.06648443216440858,12.353598540567104,28.960178324391983,0
53966,SYNID0200105323,0.06652586206438704,12.355011100003072,28.948360674646302,0
55097,SYNID0200243131,0.06655737743997359,12.356085712469184,28.939370331717353,0
60714,SYNID0200914127,0.06658983114664618,12.357192401845817,28.930111629324152,0
58483,SYNID0200654174,0.06659656837150202,12.357422155332959,28.928189482779555,0
59309,SYNID0200749013,0.06660088267524611,12.357569284008177,28.92695858579425,0
55317,SYNID0200271203,0.06661142602089754,12.357928844938474,28.923950453868418,0
58528,SYNID0200657979,0.06662158781068739,12.358275401903585,28.921051114749407,0
53850,SYNID0200091130,0.06669841648758257,12.360895824700675,28.899128328342606,0
57025,SYNID0200479056,0.06670342647215782,12.36106671814934,28.897698612276347,0
60848,SYNID0200931201,0.0667182116794161,12.36157106157335,28.893479211814523,0
57584,SYNID0200544892,0.06671997305998706,12.361631145795032,28.89297653966564,0
59470,SYNID0200766348,0.06678633915772131,12.363895204409472,28.874035140792166,0
56008,SYNID0200355722,0.0668133354697188,12.364816274369653,28.86632935376222,0
60623,SYNID0200904323,0.06681474511197644,12.36486437063214,28.86592697438641,0
60355,SYNID0200872404,0.06683058561249217,12.365404851052881,28.86140524726889,0
57036,SYNID0200480063,0.06683933365961992,12.365703344297051,28.858908015279038,0
53986,SYNID0200107105,0.0668413053360552,12.365770620955422,28.858345170301025,0
53532,SYNID0200053093,0.06688231100191039,12.36716986729744,28.846638899572262,0
59776,SYNID0200801299,0.06695358930624234,12.369602429573817,28.826287777888602,0
60684,SYNID0200910549,0.06699358579022602,12.370967591662035,28.81486666031019,0
54486,SYNID0200169287,0.06700571602934258,12.371381646540732,28.811402625164252,0
53899,SYNID0200097662,0.06703142749947943,12.372259322962977,28.80405987392558,0
56636,SYNID0200434084,0.06703553046139016,12.372399384845735,28.802888098614044,0
59708,SYNID0200792003,0.06705405325364872,12.373031709737617,28.797597989109647,0
57506,SYNID0200534136,0.06718855776064186,12.377624191285237,28.759176711383972,0
54818,SYNID0200209638,0.06721697044931096,12.378594488187785,28.751059085568254,0
56725,SYNID0200444703,0.06726394041548739,12.380198658162879,28.737638397974173,0
53673,SYNID0200067686,0.06729711482546141,12.381331772042865,28.728158624865372,0
54024,SYNID0200110757,0.06731200489203998,12.381840389323848,28.723903468779056,0
60303,SYNID0200865064,0.06732149557427752,12.382164582702535,28.72119122623431,0
58138,SYNID0200611270,0.06732490811699171,12.382281153905849,28.720215976898867,0
57803,SYNID0200570616,0.06734273208857045,12.382890029158228,28.715122050025265,0
56632,SYNID0200433767,0.0673701901265149,12.383828057735217,28.707274385076065,0
59090,SYNID0200723447,0.06739788403034447,12.384774204329227,28.69935880377634,0
60077,SYNID0200838627,0.06739958235097143,12.384832228466003,28.698873366556697,0
59503,SYNID0200771556,0.06741874036601447,12.385486789250908,28.693397228777062,0
54503,SYNID0200170965,0.0674407078079492,12.386237373772698,28.687117744348168,0
57098,SYNID0200487040,0.06749247256595736,12.38800622505338,28.67231931225741,0
60672,SYNID0200909409,0.06755379884169771,12.390102076531806,28.654785155420992,0
53859,SYNID0200092485,0.06757286594063738,12.390753763293572,28.649333062080085,0
60686,SYNID0200910944,0.06761285098419173,12.39212048945104,28.637898859301814,0
53871,SYNID0200094201,0.06763095013113768,12.392739176761577,28.632722843516678,0
60484,SYNID0200888079,0.06764838452614919,12.39333516519321,28.627736729404806,0
58226,SYNID0200621894,0.06765144422669528,12.393439762418856,28.626861655871195,0
53736,SYNID0200075942,0.06768876078296138,12.394715505082027,28.61618863243932,0
59500,SYNID0200771459,0.0677101970801412,12.3954483984656,28.610057154295866,0
55980,SYNID0200353368,0.0677405840261493,12.39648737112198,28.60136497849368,0
53330,SYNID0200028784,0.06774318806294788,12.396576410220353,28.600620066207895,0
58027,SYNID0200598771,0.06774633210201236,12.396683914179215,28.599720674578943,0
55069,SYNID0200241153,0.06778760103270653,12.398095093008164,28.587914575165062,0
60815,SYNID0200925837,0.067792172662063,12.398251426806207,28.586606666965498,0
59691,SYNID0200790569,0.06785573444533693,12.400425189706667,28.56842069338188,0
54884,SYNID0200217757,0.0678642503249196,12.400716450365259,28.56598397011184,0
54330,SYNID0200150511,0.0678686913779149,12.400868345821229,28.56471319363977,0
59359,SYNID0200755030,0.06798955039610594,12.405002635077778,28.530125210198364,0
57104,SYNID0200487923,0.06799352600850711,12.405138650631491,28.528987286984066,0
54740,SYNID0200198531,0.06801927523994022,12.406019625966245,28.521616936628813,0
58928,SYNID0200706795,0.0682065665160082,12.412429125714034,28.467994256311247,0
56070,SYNID0200362585,0.06822268890278488,12.412980997511735,28.46337722750263,0
59792,SYNID0200803199,0.06823302686681842,12.41333487846569,28.460416614972605,0
58779,SYNID0200688784,0.06823379507965904,12.413361175654229,28.46019660938873,0
59346,SYNID0200753152,0.06825202246069229,12.413985142600104,28.454976423510914,0
61049,SYNID0200956482,0.06826477763907629,12.41442179859882,28.451323304554798,0
55136,SYNID0200248577,0.0682907665456412,12.415311533012906,28.44387967464115,0
60827,SYNID0200927675,0.06829962568353437,12.4156148392708,28.441342176373674,0
53232,SYNID0200016594,0.06833724243281192,12.4169027760637,28.430567135320175,0
55659,SYNID0200312847,0.06833966331263308,12.41698566692612,28.429873659948978,0
57570,SYNID0200542742,0.0683580832273949,12.417616379556453,28.424597038827304,0
55883,SYNID0200340589,0.06844709927729437,12.420664739752164,28.399094074368346,0
59571,SYNID0200779013,0.06851634368975501,12.423036453820426,28.37925201644006,0
61296,SYNID0200986036,0.06854061558883157,12.423867889032625,28.37229612497538,0
54483,SYNID0200169153,0.06854138852949787,12.423894366925294,28.37207460759804,0
56421,SYNID0200406049,0.06863838391925758,12.427217422180806,28.344273509750217,0
54287,SYNID0200144919,0.06866175903934046,12.428018363891436,28.337572730751525,0
61292,SYNID0200985420,0.06868057317026205,12.428663056158994,28.33217915422811,0
58906,SYNID0200704532,0.06872627331916509,12.430229152212249,28.31907699784856,0
60126,SYNID0200844910,0.06872974794127829,12.430348230647132,28.31808077269873,0
60415,SYNID0200879542,0.0687379156546396,12.430628149331804,28.315738937807755,0
59082,SYNID0200722317,0.06876288840377864,12.431484032414284,28.30857851238815,0
60301,SYNID0200864828,0.06877486987232762,12.431894687066812,28.305142923961625,0
54204,SYNID0200133980,0.06877580431843727,12.431926714892754,28.304874975145122,0
55099,SYNID0200243358,0.06878927925984263,12.432388571691233,28.301011023131405,0
60321,SYNID0200867001,0.06884276260142236,12.434221868189661,28.285673434250704,0
53179,SYNID0200010433,0.06885665498563293,12.43469810711847,28.281689159527378,0
60840,SYNID0200929567,0.0688812760505918,12.43554216909901,28.27462763093205,0
58309,SYNID0200631470,0.06891267884242508,12.436618792916915,28.26562046078126,0
58746,SYNID0200684409,0.06895051974639982,12.437916247323425,28.254765794176294,0
60082,SYNID0200839348,0.06898098011905485,12.438960727549594,28.24602754135317,0
57393,SYNID0200522492,0.06903197595536437,12.440709530056052,28.23139683982694,0
57105,SYNID0200487996,0.06911455143585371,12.443541733596058,28.20770226911221,0
55871,SYNID0200339597,0.06912774703457752,12.443994371285546,28.203915445322803,0
57829,SYNID0200573790,0.06924921593563482,12.448161669592002,28.1690513040219,0
60750,SYNID0200917998,0.06926562688186694,12.448724778775022,28.164340261835598,0
58398,SYNID0200642513,0.06929968187119412,12.449893376879773,28.154563623243412,0
61190,SYNID0200972616,0.06931652659104082,12.450471438163916,28.149727489900222,0
53545,SYNID0200054885,0.06935220495868699,12.451695889556513,28.1394835756833,0
55771,SYNID0200325551,0.06938936407890994,12.452971266975666,28.128813607928805,0
55475,SYNID0200288219,0.06945173290722911,12.455112140821402,28.11090278830988,0
53915,SYNID0200099434,0.06950842438735072,12.45705840296304,28.09462011466264,0
61169,SYNID0200970097,0.06953353494574177,12.457920549663573,28.08740728702732,0
54626,SYNID0200186006,0.0695676639469775,12.459092416496416,28.077603301845155,0
54869,SYNID0200216272,0.06958803959665,12.459792087128173,28.071749769418197,0
57233,SYNID0200502799,0.06963507749376746,12.461407427656946,28.05823562756832,0
57033,SYNID0200479737,0.0696516489636968,12.461976554826634,28.053474238149324,0
54364,SYNID0200153738,0.06968325513837298,12.46306209157958,28.04439250126396,0
56999,SYNID0200474394,0.06969772047384104,12.463558940504182,28.040235800725945,0
55188,SYNID0200254309,0.06970221076247618,12.463713174343022,28.038945461048936,0
58512,SYNID0200656565,0.06974261192437459,12.465100958483477,28.027335084538805,0
53435,SYNID0200041574,0.06974862131572068,12.465307392838337,28.02560802878521,0
60680,SYNID0200910352,0.06981635680207804,12.467634438803358,28.00613966982167,0
60866,SYNID0200933165,0.06982589481031343,12.467962145567089,28.003398033856165,0
55809,SYNID0200330960,0.06983051920417432,12.468121033047073,28.00206876123258,0
60438,SYNID0200882174,0.06995694196436691,12.472465397873309,27.965723259176723,0
54977,SYNID0200227955,0.06998320383725343,12.473368015489351,27.9581718467766,0
56792,SYNID0200450169,0.0699988743291155,12.473906634791726,27.95366569000921,0
60252,SYNID0200859472,0.07001278648890952,12.474384833921135,27.949665016001347,0
54620,SYNID0200185145,0.07007758143812032,12.476612218083565,27.931030440201944,0
59880,SYNID0200814187,0.07008735208316724,12.476948121847089,27.928220227106117,0
60841,SYNID0200929636,0.07008869629673375,12.47699433499173,27.927833602130846,0
57618,SYNID0200548441,0.07010494173079557,12.477552853348861,27.92316096737082,0
57893,SYNID0200581005,0.0701847465671438,12.480296851807475,27.900204331450983,0
60713,SYNID0200913994,0.07019856965519039,12.480772194722135,27.896227552894636,0
54226,SYNID0200136406,0.07020782280211052,12.481090396840905,27.893565433983238,0
55236,SYNID0200260194,0.07029458599868599,12.484074388934449,27.868600981155634,0
61157,SYNID0200968630,0.07030457977230614,12.484418137205909,27.86572513992065,0
53182,SYNID0200010662,0.07032613579532693,12.48515961064442,27.85952187995939,0
58783,SYNID0200689144,0.07035141566777725,12.486029222611483,27.852246596966147,0
55654,SYNID0200311808,0.07036085890649812,12.486354077305743,27.84952882177224,0
60721,SYNID0200914758,0.07036341979914895,12.486442175218505,27.848791783563552,0
56624,SYNID0200432760,0.0703721544323711,12.486742661484868,27.8462778776996,0
53202,SYNID0200013401,0.07039919382340842,12.487672901340002,27.838495374176187,0
61378,SYNID0200996053,0.07046576634555629,12.489963454449615,27.819332319026746,0
61361,SYNID0200994230,0.07047861752086026,12.490405664239349,27.815632736357067,0
53682,SYNID0200069339,0.07052951245069738,12.492157092097909,27.80098007080526,0
54342,SYNID0200151899,0.0705786759856476,12.49384913521804,27.78682422543749,0
59054,SYNID0200719580,0.07059330829220384,12.494352767285221,27.782610776276286,0
53674,SYNID0200067891,0.0706056043792766,12.494776001852093,27.779069942705515,0
55880,SYNID0200340208,0.07063201044299028,12.495684946506291,27.77146559750914,0
56370,SYNID0200399505,0.07063619096743745,12.495828852873135,27.77026165876062,0
56031,SYNID0200358343,0.07065912530510066,12.496618347460819,27.76365664783095,0
60493,SYNID0200888758,0.07068659756417323,12.497564111555548,27.755744266568293,0
53291,SYNID0200023383,0.07069415192465567,12.497824189707154,27.753568420070117,0
61092,SYNID0200960414,0.07071482266575974,12.498535856152204,27.747614529161734,0
59452,SYNID0200764766,0.0707445560800718,12.499559598622838,27.739049771007373,0
56061,SYNID0200361721,0.0708448040437536,12.503011729528867,27.710168810047463,0
54572,SYNID0200179316,0.07089247060677323,12.504653454386013,27.696433933590935,0
57617,SYNID0200548300,0.07089798709852702,12.50484346436967,27.6948442861907,0
59569,SYNID0200778730,0.07099145118571121,12.50806311174761,27.667908311641032,0
57205,SYNID0200498815,0.0710101916460455,12.508708766845858,27.66250667995507,0
59938,SYNID0200821111,0.0710152794407829,12.508884058796223,27.661040165470872,0
54043,SYNID0200112939,0.07108424389698303,12.511260325562857,27.641160019095878,0
61269,SYNID0200983390,0.0711190838679599,12.512460930746363,27.63111560526078,0
57711,SYNID0200559726,0.07113088022453884,12.512867461994475,27.627714513753755,0
61207,SYNID0200974543,0.07121361457283493,12.515719003900545,27.603858155838424,0
57808,SYNID0200571163,0.07123758336761316,12.516545220923755,27.596945920398554,0
54351,SYNID0200152937,0.07130094302120982,12.51872948410577,27.57867210013997,0
54764,SYNID0200202404,0.07133310864217379,12.519838486530517,27.56939404649559,0
56219,SYNID0200381579,0.07133344990606316,12.519850253032116,27.569295606464593,0
54105,SYNID0200120735,0.07134635661873118,12.520295272873797,27.56557251454722,0
61062,SYNID0200957861,0.07134665249017086,12.52030547459536,27.565487165662674,0
53729,SYNID0200075142,0.07138209822132163,12.521527703265559,27.555261847020663,0
54646,SYNID0200188620,0.07148506717030734,12.525078819895663,27.525552759054438,0
60718,SYNID0200914537,0.07149163590742469,12.525305386575397,27.523657273741076,0
60636,SYNID0200905268,0.07150680268610471,12.525828527291603,27.519280612770626,0
60702,SYNID0200912801,0.07155089717497487,12.527349563380998,27.506555433711032,0
56754,SYNID0200446900,0.07155794001825522,12.527592520230247,27.50452282617989,0
61405,SYNID0200999416,0.0715983532306137,12.52898673136956,27.492858680589684,0
54753,SYNID0200201408,0.07166298273486854,12.531216651176338,27.474202891271016,0
54191,SYNID0200131749,0.07177519031441609,12.53508896250807,27.44180664806919,0
58658,SYNID0200673486,0.07186593948205738,12.538221480959498,27.415599605067452,0
55630,SYNID0200309461,0.07191239871374067,12.5398254375088,27.402180703020374,0
55074,SYNID0200241653,0.07195039677809612,12.541137410487163,27.39120457221884,0
59072,SYNID0200721491,0.07197587050671678,12.542017016385039,27.38384567874459,0
54182,SYNID0200130488,0.07200177033061594,12.54291138899214,27.376363245125333,0
55635,SYNID0200309757,0.07200808489704641,12.543129451779082,27.374538904447675,0
58634,SYNID0200670937,0.07208895304064844,12.545922379727038,27.351172918271484,0
59371,SYNID0200756786,0.07210308815377742,12.54641061567664,27.347088274964616,0
57954,SYNID0200589621,0.07210590956020019,12.546508070810193,27.34627295307096,0
53566,SYNID0200056918,0.07213816619851632,12.547622303707827,27.336951140633126,0
57737,SYNID0200563805,0.07214109612077829,12.54772351543289,27.33610439062283,0
61064,SYNID0200957925,0.07217034892166818,12.548734067089645,27.327649988474946,0
54734,SYNID0200197982,0.0722119732097608,12.550172116659537,27.315619085065723,0
60206,SYNID0200853586,0.07223017205691645,12.550800900368523,27.31035860154242,0
59486,SYNID0200768896,0.07223660010543737,12.551023000620361,27.30850048292609,0
57369,SYNID0200520142,0.07223893443356205,12.551103656541478,27.30782570535468,0
54322,SYNID0200149656,0.07226239575530563,12.551914318741963,27.301043603516362,0
60596,SYNID0200901285,0.0723019808145664,12.55328220741774,27.289599674963828,0
57388,SYNID0200522327,0.07230631275038818,12.553431908094968,27.28834726028653,0
53132,SYNID0200005624,0.07239016144576416,12.55632980435993,27.264103095979774,0
56519,SYNID0200419090,0.07240822198304042,12.556954069291828,27.258880417113406,0
53356,SYNID0200032135,0.07243216866211716,12.557781830176545,27.25195526553418,0
53642,SYNID0200064299,0.07244480443232026,12.558218627435293,27.24830096477886,0
60888,SYNID0200935711,0.07246055762085807,12.55876320666597,27.243744946502357,0
58120,SYNID0200608818,0.0724835267611012,12.559557273413732,27.23710168430693,0
55106,SYNID0200244453,0.07248386238636428,12.559568876639721,27.23700461026023,0
54841,SYNID0200212259,0.07251566778841512,12.560668493329908,27.227805078850608,0
55935,SYNID0200348665,0.07252130246870359,12.560863311172735,27.22617520829642,0
56424,SYNID0200406613,0.07254272361343306,12.561603966021364,27.21997879676096,0
60584,SYNID0200899924,0.07255839327690511,12.56214578187222,27.215445897267287,0
57458,SYNID0200528660,0.07255978279441239,12.562193828700739,27.21504393146227,0
53582,SYNID0200057730,0.07258606436806281,12.563102624113869,27.207440834835385,0
56185,SYNID0200377946,0.07260188427789,12.563649690654827,27.20286400740852,0
53371,SYNID0200033829,0.07265589608648787,12.565517619594404,27.1872366791732,0
60470,SYNID0200886017,0.07267609790829038,12.566216334286928,27.181391144253997,0
60980,SYNID0200946180,0.07267944820231664,12.566332213151366,27.180421687112588,0
56232,SYNID0200383100,0.07272480976569573,12.567901253371115,27.167294899466164,0
56451,SYNID0200410355,0.07274419657390735,12.568571886928922,27.16168429484872,0
56887,SYNID0200461841,0.07283702179469481,12.571783343050566,27.134816849378552,0
59073,SYNID0200721615,0.07285272415763183,12.572326663659181,27.130271360892355,0
53618,SYNID0200061178,0.07288435489225936,12.573421185693034,27.121114452017824,0
59142,SYNID0200730548,0.07294238815935855,12.575429528465236,27.104312404014163,0
58059,SYNID0200602279,0.07295307764285608,12.575799486513903,27.101217288489508,0
59615,SYNID0200783636,0.07297175404272765,12.57644589024571,27.095809393641122,0
53563,SYNID0200056733,0.07302891459540017,12.578424434076126,27.079256647329032,0
58218,SYNID0200620993,0.07303158642298735,12.57851692265657,27.07848287624276,0
54736,SYNID0200198082,0.07303693412675011,12.578702041702794,27.076934147039722,0
55774,SYNID0200326333,0.07304810351887892,12.579088694985037,27.073699357093016,0
61409,SYNID0200999998,0.07309446345720483,12.580693655206183,27.060272058201164,0
60767,SYNID0200919243,0.0730945263899011,12.58069583402629,27.060253829918356,0
53676,SYNID0200068446,0.07313251071933519,12.582010964535707,27.049251282815245,0
59654,SYNID0200787203,0.07315701369554534,12.582859392577808,27.04215322720026,0
61351,SYNID0200992585,0.07321050756459246,12.584711814306202,27.02665563424236,0
60631,SYNID0200904692,0.07328258841558988,12.587208245808393,27.005770174589617,0
60486,SYNID0200888192,0.07328834353593933,12.58740758549231,27.00410247374464,0
55047,SYNID0200238705,0.07331448757207926,12.588313168414647,26.996526253219443,0
60214,SYNID0200854405,0.07335615502168552,12.589756569469861,26.98445057861152,0
56231,SYNID0200383011,0.07335988979389979,12.58988595250238,26.983368143902997,0
59780,SYNID0200801887,0.07336302349452517,12.589994513595354,26.982459908157242,0
60156,SYNID0200847741,0.07336721750896719,12.590139808489882,26.98124435281162,0
60073,SYNID0200838164,0.07337052605344535,12.590254428707452,26.980285425668082,0
59481,SYNID0200768361,0.07339722388244724,12.59117937277503,26.972547227368835,0
54495,SYNID0200170006,0.07341025252188849,12.591630769922913,26.968770782106375,0
55702,SYNID0200316957,0.07343029504933979,12.592325200869865,26.962961085540936,0
54448,SYNID0200164703,0.07343338162007684,12.592432146880236,26.962066361779158,0
59475,SYNID0200767492,0.07343533598896612,12.592499863841327,26.961499833173253,0
58927,SYNID0200706718,0.07343829735446528,12.592602472836417,26.960641393426332,0
53619,SYNID0200061424,0.07345336225639604,12.593124470918596,26.956274291875758,0
54409,SYNID0200159474,0.07348008992624538,12.594050628684629,26.9485259396227,0
56012,SYNID0200356062,0.07350600262735629,12.594948601853487,26.941013383251356,0
57392,SYNID0200522476,0.07351864036019629,12.595386566921102,26.937349312460324,0
56650,SYNID0200435543,0.07352054605069813,12.595452610420422,26.936796784245885,0
61021,SYNID0200953165,0.07353317922480934,12.595890432431279,26.93313391028569,0
53339,SYNID0200030315,0.07355063332387585,12.596495352323478,26.928073074452374,0
58409,SYNID0200643664,0.07355760848181037,12.596737102563651,26.926050561564395,0
57807,SYNID0200570879,0.07357086226996812,12.59719647316108,26.922207409421084,0
54920,SYNID0200221860,0.07358829161542824,12.59780058851266,26.917153304475693,0
55857,SYNID0200337864,0.07360620963853154,12.598421667572184,26.911957279017972,0
58820,SYNID0200694901,0.07361039685407395,12.59856680966104,26.910743002063832,0
56222,SYNID0200381775,0.07362631646781531,12.599118646663353,26.90612626435781,0
59177,SYNID0200735415,0.07363767254884335,12.599512306098905,26.90283286005213,0
57209,SYNID0200499286,0.07366661755693832,12.6005157344879,26.894438052057446,0
55329,SYNID0200273118,0.07370469726807422,12.601835936809962,26.883393073532424,0
53924,SYNID0200099923,0.07371825770164692,12.602306097945442,26.879459646391812,0
55781,SYNID0200327176,0.073724606803094,12.602526236220498,26.877617941919794,0
58056,SYNID0200601997,0.07372537632576692,12.602552917603639,26.87739472211562,0
58915,SYNID0200705654,0.0737289284496146,12.602676079741805,26.87636433219098,0
57604,SYNID0200547138,0.07373472050040969,12.602876908657027,26.874684172249765,0
57504,SYNID0200534082,0.07374112161487179,12.603098858930823,26.872827308368564,0
54593,SYNID0200182066,0.07374659238871994,12.603288553501962,26.87124029974912,0
60541,SYNID0200894425,0.07375498429101213,12.603579540524418,26.868805865753377,0
59703,SYNID0200791764,0.0737729910166357,12.604203938372592,26.863582074892754,0
55206,SYNID0200255943,0.07380509028127746,12.605317071893982,26.854269459974745,0
55520,SYNID0200293641,0.0738263883793025,12.606055690435458,26.848090084440823,0
54131,SYNID0200124734,0.07382824527264137,12.606120089289625,26.847551315534403,0
54759,SYNID0200201806,0.0739670694207003,12.610935439629143,26.807265489489662,0
56372,SYNID0200399813,0.07399207400825869,12.611802932793992,26.80000793266203,0
56656,SYNID0200436868,0.07402450082668605,12.612928003923573,26.790595446213782,0
61178,SYNID0200971232,0.07407797797430593,12.614783618037098,26.77507114536073,0
56815,SYNID0200453059,0.07413837044912325,12.616879468600116,26.75753699618272,0
55598,SYNID0200304685,0.07415750115455827,12.617543439458682,26.75198213254437,0
60948,SYNID0200941492,0.0741599391761294,12.617628058202945,26.751274201496532,0
58022,SYNID0200598051,0.07418370201248303,12.618452843043869,26.744373947873644,0
53761,SYNID0200078837,0.07419130727275453,12.618716823922766,26.742165450668544,0
53337,SYNID0200030174,0.07422006237896062,12.619714964952234,26.733814877388095,0
54926,SYNID0200222449,0.07423711923781184,12.62030707080152,26.728861245448044,0
61011,SYNID0200951400,0.07426998120154177,12.621447896426721,26.71931695490969,0
53233,SYNID0200016597,0.07427111323480967,12.621487197307554,26.718988158802038,0
59755,SYNID0200798533,0.0742894195092127,12.622122752069375,26.713671027799858,0
58074,SYNID0200604221,0.07436450868036881,12.624729973765879,26.691858683459422,0
59026,SYNID0200717801,0.07440090875586919,12.625994010839992,26.681283590456573,0
54137,SYNID0200125935,0.0744102940506734,12.626319944194343,26.678556791056796,0
61262,SYNID0200981777,0.07445451460530822,12.627855736278354,26.665708161491953,0
61144,SYNID0200966478,0.07446170309572403,12.62810540961742,26.663619362962987,0
53253,SYNID0200018663,0.07451243457715895,12.629867554338116,26.64887703879586,0
59598,SYNID0200781856,0.07453430360802976,12.63062723420486,26.642521461568116,0
60594,SYNID0200901050,0.07456116550816233,12.631560408313225,26.634714409713446,0
54242,SYNID0200138522,0.07456897894392334,12.631831855718366,26.632443446611553,0
55119,SYNID0200247014,0.07460613136485367,12.63312264015129,26.62164458184375,0
59540,SYNID0200774935,0.07465336821349255,12.634763950072987,26.60791317678933,0
60974,SYNID0200945316,0.07473712510622982,12.637674647840562,26.58356191350305,0
54666,SYNID0200191578,0.07477725779338606,12.639069531712517,26.57189213974702,0
59821,SYNID0200806779,0.07484321468842531,12.64136226847047,26.552710815921177,0
54121,SYNID0200123380,0.07485040327663434,12.64161217347533,26.550620079247068,0
55706,SYNID0200317311,0.07491948304847718,12.644013886973742,26.530527042316365,0
55945,SYNID0200349437,0.07492227555920061,12.644110983091728,26.529714723992036,0
57763,SYNID0200567148,0.07492778910716785,12.6443026920545,26.528110862719025,0
53142,SYNID0200006305,0.07499413623066226,12.646609811453542,26.50880921191049,0
57828,SYNID0200573765,0.07502791069807074,12.64778440506628,26.49898241414508,0
56169,SYNID0200376279,0.07502887915151363,12.647818086892046,26.49870062775821,0
58199,SYNID0200618521,0.07504607994249557,12.648416325696743,26.493695686742523,0
61309,SYNID0200987566,0.07505428044631096,12.648701545500211,26.49130950202554,0
57742,SYNID0200564250,0.0750636995702767,12.649029156637694,26.488568666081246,0
60088,SYNID0200839941,0.07515538305765707,12.65221842406931,26.461886853980122,0
56256,SYNID0200387029,0.0751777543107145,12.652996726552356,26.45537547760428,0
60997,SYNID0200949313,0.07519133801755823,12.653469327713138,26.45142163690538,0
55133,SYNID0200248346,0.0752459157826324,12.655368336938137,26.43553428709662,0
56721,SYNID0200444432,0.07527025884529215,12.65621542173908,26.428447469205974,0
54487,SYNID0200169308,0.07527120977111218,12.656248512842097,26.428170624879854,0
60839,SYNID0200929467,0.07527868125144288,12.656508514170833,26.425995421091475,0
59688,SYNID0200790286,0.07530960713797419,12.657584758063376,26.416991429444014,0
53883,SYNID0200096084,0.07531378217246898,12.657730058378691,26.415775828747414,0
59304,SYNID0200748686,0.07532097822036088,12.657980499908481,26.413680603438316,0
54996,SYNID0200230750,0.07532656747953254,12.658175023862363,26.412053191595987,0
53211,SYNID0200014318,0.07534382300459952,12.65877558703969,26.407028804586762,0
61341,SYNID0200991900,0.07537727773025221,12.65994001848606,26.39728702478219,0
54052,SYNID0200113837,0.0753782045849471,12.659972280070185,26.39701712031537,0
58503,SYNID0200655682,0.07542198050982607,12.661496095007077,26.384268693068414,0
57167,SYNID0200494696,0.07545763648338544,12.662737375182953,26.37388398713586,0
55949,SYNID0200349831,0.07548047942627045,12.663532654147389,26.367230583383417,0
53694,SYNID0200071039,0.07549394932820358,12.664001629965403,26.36330707275768,0
60834,SYNID0200928884,0.07551380699808224,12.664693033109923,26.357522707167856,0
56921,SYNID0200465887,0.07553162090968218,12.66531330432547,26.352333440234343,0
60497,SYNID0200889345,0.07555069538726628,12.665977496658732,26.346776723710853,0
54428,SYNID0200162036,0.07555348310112481,12.666074570135509,26.345964594805736,0
53665,SYNID0200066555,0.07563654730850838,12.668967315732063,26.321763521638108,0
54839,SYNID0200212034,0.07564547344860922,12.669278205968423,26.319162574853785,0
61304,SYNID0200986958,0.07564745792463334,12.669347324550978,26.318584320106574,0
58911,SYNID0200704943,0.07565779344469464,12.669707312204219,26.315572618162964,0
56663,SYNID0200437253,0.07566122832173977,12.669826951407904,26.314571701550893,0
55683,SYNID0200315027,0.0756808001949974,12.670508672115686,26.308868340443524,0
56226,SYNID0200382514,0.07571538233203895,12.671713302000143,26.29879025545453,0
57443,SYNID0200527251,0.07573715480488541,12.672471771995069,26.292444800166457,0
61110,SYNID0200961902,0.07574747244808266,12.672831212964205,26.28943767185078,0
54609,SYNID0200184021,0.07577922450066665,12.673937430171712,26.280182919683824,0
58347,SYNID0200636244,0.07580694090111467,12.674903116031508,26.272103870431195,0
57665,SYNID0200555428,0.07580709515247097,12.67490849058393,26.272058906250262,0
58334,SYNID0200634975,0.07588747475496627,12.677709408585528,26.248626074281244,0
56176,SYNID0200376859,0.07589626929948073,12.67801589663584,26.246061956738565,0
55321,SYNID0200271809,0.07591667717010281,12.678727131176236,26.240111679198787,0
53985,SYNID0200107103,0.07594148624210073,12.679591798047133,26.232877767501506,0
54475,SYNID0200168518,0.07597779688993211,12.680857418823008,26.222289425050683,0
57772,SYNID0200568130,0.07597997515169208,12.680933346371074,26.22165420564241,0
59288,SYNID0200746939,0.07602721707382526,12.682580151373008,26.207876828056165,0
55173,SYNID0200252865,0.07603848600334773,12.682973001816116,26.20459019188296,0
60469,SYNID0200885888,0.07604379979898618,12.683158251692127,26.203040368141462,0
53505,SYNID0200049207,0.07604946178945687,12.683355642913277,26.201388968380833,0
60357,SYNID0200872519,0.07609522123857815,12.684951029095583,26.188041767101,0
56393,SYNID0200402255,0.07614550071237475,12.686704202845055,26.173374495206392,0
54146,SYNID0200126945,0.07615533081341813,12.687046988793703,26.17050670488501,0
58406,SYNID0200643253,0.07616856805420225,12.687508597845062,26.16664482555483,0
53246,SYNID0200018215,0.07617650869195108,12.687785510677308,26.16432813800298,0
56288,SYNID0200390307,0.07617697782865279,12.687801870983087,26.16419126562898,0
60251,SYNID0200859452,0.07618207079212042,12.687979480166298,26.162705364883585,0
53886,SYNID0200096265,0.07620810676754469,12.688887477678428,26.15510894359675,0
54660,SYNID0200191061,0.0762162487126315,12.689171437233332,26.15273330227761,0
57307,SYNID0200512009,0.07623672957483901,12.689885754618272,26.14675723327299,0
59332,SYNID0200752122,0.07628469873318872,12.691558924966282,26.132759279888383,0
58686,SYNID0200677245,0.07630299192967904,12.692197043880373,26.12742069686611,0
56761,SYNID0200447731,0.07633808855960761,12.693421391659099,26.117177649495858,0
59907,SYNID0200817410,0.0763699481107557,12.694532901603141,26.107878617629954,0
60286,SYNID0200862788,0.07644158437222498,12.69703243915109,26.086967172408105,0
55515,SYNID0200292761,0.07644213070623346,12.697051503500594,26.086807677664492,0
59036,SYNID0200718474,0.07644493358656429,12.697149310520977,26.085989411841393,0
57175,SYNID0200495642,0.07644761451209725,12.697242862512056,26.085206744128154,0
60668,SYNID0200908796,0.07648133545553992,12.69841961916971,26.075361850057142,0
55292,SYNID0200267468,0.07651162741297968,12.699476794708952,26.066517386649558,0
59609,SYNID0200783137,0.07651182794582162,12.699483793465898,26.06645883416948,0
57851,SYNID0200576777,0.07661575045984359,12.70311121847238,26.036111340737467,0
60726,SYNID0200915723,0.07661857486633344,12.703209817071002,26.03528645247134,0
60144,SYNID0200846772,0.07662236223326335,12.703342033162755,26.03418031603326,0
60778,SYNID0200920944,0.076638872845328,12.70391842857686,26.029358119568137,0
56074,SYNID0200363017,0.0766828931214869,12.705455312806437,26.016500352976244,0
55255,SYNID0200262722,0.0767390802376709,12.707417211316857,26.00008686350289,0
60580,SYNID0200899591,0.07674293284143452,12.707551743112969,25.998961353591167,0
56057,SYNID0200361177,0.07674700434156889,12.707693920037192,25.997771883576924,0
58737,SYNID0200683608,0.07676399185150262,12.708287139224087,25.99280893731455,0
54850,SYNID0200213705,0.07680847706917682,12.709840716019428,25.979811518619876,0
60085,SYNID0200839682,0.07681695057607663,12.710136658538644,25.977335626315533,0
58169,SYNID0200615712,0.0768484053808835,12.711235289065597,25.968144345271437,0
53901,SYNID0200097837,0.07687593064545056,12.71219673847347,25.96010073870798,0
53606,SYNID0200059924,0.0769422412580808,12.714513205555011,25.94072088401299,0
58861,SYNID0200700163,0.07695448287530432,12.714940888769418,25.937142832497926,0
53651,SYNID0200065261,0.07702322653788302,12.717342803848487,25.917048109118102,0
55974,SYNID0200352591,0.07705476041330828,12.718444733342874,25.907829228497924,0
53507,SYNID0200049338,0.07708876948398685,12.719633248913174,25.89788595788609,0
61133,SYNID0200965369,0.07709980213498091,12.720018827686564,25.894660157415494,0
53931,SYNID0200100511,0.07710289668565934,12.72012698056705,25.893755336826686,0
55932,SYNID0200348600,0.07711249181564128,12.72046233022642,25.890949759435845,0
56880,SYNID0200460399,0.07712644074969205,12.720949858848751,25.886871033717853,0
56861,SYNID0200458500,0.07712644074969205,12.720949858848751,25.886871033717853,0
58182,SYNID0200617281,0.07713080808047157,12.721102504553604,25.885593980569332,0
57352,SYNID0200517646,0.07719208533581973,12.723244416030473,25.86767447999797,0
55332,SYNID0200273234,0.07726542173184159,12.725808255995158,25.846225072677377,0
55622,SYNID0200308172,0.0772990148674742,12.726982820351392,25.836398519675562,0
60059,SYNID0200835320,0.07729942147556579,12.726997037737455,25.836279575237175,0
57607,SYNID0200547447,0.07730065742864889,12.727040253936647,25.835918023084126,0
54180,SYNID0200130105,0.07732189821522589,12.727782976684486,25.82970431124402,0
53415,SYNID0200039773,0.07733131967477136,12.728112427108028,25.82694808760141,0
59570,SYNID0200778980,0.07734096959220382,12.728449873879937,25.824124965503547,0
58372,SYNID0200639724,0.07735627626379776,12.728985146792965,25.819646805049945,0
55566,SYNID0200299504,0.07738429268295283,12.729964928637472,25.811449827017917,0
55780,SYNID0200326842,0.07742604304044376,12.731425130196344,25.79923359728521,0
57178,SYNID0200496043,0.07742682974096837,12.731452646108009,25.79900339571053,0
56843,SYNID0200456582,0.07747174727583755,12.733023782424645,25.785859071854166,0
59292,SYNID0200747322,0.07747966643763377,12.733300798085944,25.783541524021516,0
55692,SYNID0200315544,0.0774914788741442,12.733714011807683,25.780084526100378,0
55369,SYNID0200278570,0.07756147520907847,12.736162807744671,25.75959759157208,0
54072,SYNID0200116701,0.07756339658599237,12.736230032128338,25.759035183930802,0
57264,SYNID0200505869,0.07756481010346183,12.736279487919692,25.758621430565665,0
60609,SYNID0200903144,0.07761093208650971,12.737893282985056,25.74512021825687,0
53840,SYNID0200090248,0.07762924034233637,12.738533932506206,25.73976046385791,0
61121,SYNID0200963918,0.07763037649778265,12.738573690209169,25.73942784591893,0
60727,SYNID0200915843,0.07769831364792396,12.740951222198714,25.719537114530077,0
59285,SYNID0200746837,0.07770464052985115,12.741172657551285,25.71768455854455,0
58727,SYNID0200682158,0.07772345360742722,12.741831118467465,25.71217579177657,0
53123,SYNID0200003663,0.07772985987349729,12.742055345565436,25.71029987969824,0
57875,SYNID0200578810,0.07775669319791095,12.742994581497044,25.702442113868585,0
57758,SYNID0200566608,0.07776130366628237,12.743155965853472,25.701091952062903,0
55132,SYNID0200248306,0.07779546238595209,12.744351709027857,25.691088214407078,0
55934,SYNID0200348656,0.07780563236718907,12.744707733028847,25.68810967287627,0
59865,SYNID0200812065,0.07781419789725835,12.745007596114064,25.68560098062409,0
58344,SYNID0200635831,0.07782382581190117,12.745344658546044,25.682781073962346,0
60210,SYNID0200854154,0.07782480293052318,12.745378866796521,25.68249488344021,0
59871,SYNID0200812876,0.07783385097217577,12.74569563626876,25.67984475022972,0
56955,SYNID0200469521,0.07783426644423674,12.74571018199541,25.679723058852733,0
59658,SYNID0200787910,0.07790938567475819,12.748340350563282,25.657718738102897,0
58615,SYNID0200668244,0.07794499879333405,12.74958744523369,25.64728538737844,0
58190,SYNID0200617860,0.07795028016946909,12.74977239660502,25.645738060964607,0
57569,SYNID0200542726,0.07796515064017406,12.750293166105374,25.64138123788394,0
55398,SYNID0200281200,0.07797714972050018,12.750713391807126,25.63786557685688,0
57814,SYNID0200571528,0.07799453825363906,12.751322385393607,25.632770659985326,0
53408,SYNID0200038909,0.07802408313363801,12.752357184755708,25.624113398487502,0
53935,SYNID0200101131,0.07802557545609012,12.752409454763662,25.623676101032643,0
53442,SYNID0200042002,0.0780272879381273,12.752469436297467,25.623174287983463,0
61165,SYNID0200969429,0.07802879102413296,12.7525220837096,25.622733833117806,0
55950,SYNID0200350108,0.0780292050662319,12.752536586069716,25.62261250455068,0
53271,SYNID0200020404,0.07803827058776874,12.752854121255345,25.619955965285747,0
55604,SYNID0200305302,0.07804056222022615,12.752934390628432,25.619284421623732,0
55420,SYNID0200283190,0.07804477646423763,12.753082004758946,25.61804946325842,0
53241,SYNID0200017743,0.07804681861411206,12.753153536547826,25.617451019323855,0
58497,SYNID0200655292,0.07804895270052203,12.753228289030927,25.616825630656727,0
59488,SYNID0200769071,0.07808014238329675,12.754320840060695,25.607685211450047,0
61289,SYNID0200985239,0.07813983428572518,12.75641202753219,25.590190074281683,0
55640,SYNID0200310260,0.0781440339969719,12.756559167231709,25.58895908506572,0
55134,SYNID0200248404,0.07815528789608023,12.756953462354915,25.58566036251727,0
58510,SYNID0200656245,0.07816441743917957,12.757273335605646,25.58298426270589,0
59536,SYNID0200774478,0.07817686538913982,12.757709487559096,25.579335360655787,0
60141,SYNID0200846448,0.07818499053786987,12.757994183908417,25.576953555221984,0
53891,SYNID0200097002,0.07819450574242237,12.758327593269158,25.574164210613304,0
60720,SYNID0200914684,0.07822745003557546,12.759482007608332,25.56450623518629,0
54219,SYNID0200135607,0.07823322301997865,12.75968431038132,25.5628137447658,0
55941,SYNID0200349113,0.07824786351504304,12.76019736987011,25.55852142461076,0
58277,SYNID0200628475,0.07825400569111035,12.760412620743997,25.55672060875104,0
57631,SYNID0200550943,0.0782748332262399,12.761142539332516,25.550614018116804,0
54456,SYNID0200165394,0.07828156741565678,12.761378552409742,25.548639503054982,0
55700,SYNID0200316523,0.07828607248124025,12.761536443507563,25.54731856628978,0
54510,SYNID0200171993,0.07830677382782492,12.762261994770729,25.541248513248238,0
59059,SYNID0200720104,0.07834420718600149,12.763574068476794,25.530271539746085,0
54557,SYNID0200177011,0.07841532729868167,12.766067214891923,25.509413563544538,0
54375,SYNID0200155221,0.0784471818410824,12.76718402608059,25.500070180799927,0
56316,SYNID0200394222,0.07846111217906188,12.767672446287145,25.495983995976257,0
55286,SYNID0200266338,0.07848681609139241,12.768573709444178,25.488443915150405,0
59812,SYNID0200804903,0.07849875664562211,12.768992402988367,25.484941072346068,0
56767,SYNID0200448137,0.07852561395381052,12.769934193368329,25.477061935680478,0
53249,SYNID0200018412,0.07854397041482908,12.770577923766664,25.471676406275844,0
53158,SYNID0200007833,0.07860411759881802,12.772687381411876,25.45402841853832,0
56491,SYNID0200415156,0.07860860976683753,12.772844940990106,25.452710255307665,0
54183,SYNID0200130774,0.07861276602768896,12.77299072036077,25.451490646773845,0
53663,SYNID0200066377,0.0786303381021865,12.773607070512734,25.446334183951002,0
53155,SYNID0200007602,0.07864172189638424,12.774006377058212,25.442993535214054,0
57588,SYNID0200545062,0.07867628268081034,12.775218723278268,25.4328508943918,0
56894,SYNID0200462744,0.07868057818137036,12.775369410656673,25.431590224848456,0
59886,SYNID0200814956,0.07868135405109594,12.77539662855059,25.431362516527688,0
53274,SYNID0200020757,0.07868494867150777,12.775522730267513,25.430307533717777,0
60869,SYNID0200933720,0.07872243583716715,12.776837869529716,25.419304913387762,0
58013,SYNID0200597133,0.07876476946154898,12.778323174840317,25.406878662513556,0
60157,SYNID0200847807,0.07876949513453596,12.778488987698502,25.405491451305686,0
53744,SYNID0200076771,0.07877889543679012,12.77881882794021,25.40273196639532,0
59748,SYNID0200797854,0.07887784251652014,12.782291155307766,25.37368203930035,0
59372,SYNID0200756791,0.0788871185448245,12.782616718686054,25.370958335166815,0
56517,SYNID0200418714,0.07891050716777254,12.783437627611551,25.36409050793943,0
54345,SYNID0200152023,0.0789153588575578,12.783607921049086,25.362665811641683,0
55218,SYNID0200257325,0.07895516201829805,12.785005078904348,25.350977013455566,0
58040,SYNID0200600447,0.07895667441216159,12.785058169076057,25.350532854407636,0
59766,SYNID0200800139,0.07897347807335303,12.785648047601821,25.345597856536063,0
61368,SYNID0200994455,0.07900475889053982,12.786746197334518,25.336410597877133,0
54152,SYNID0200127585,0.07900571578061116,12.786779791367636,25.336129545974607,0
60273,SYNID0200861567,0.07902667556709625,12.78751565655327,25.329973205361632,0
61217,SYNID0200975629,0.07903323543436275,12.787745970718325,25.328046368115153,0
53493,SYNID0200047728,0.07903395825807219,12.787771348972544,25.327834050451294,0
54678,SYNID0200192465,0.07903789272315709,12.787909488336508,25.32667835917355,0
59113,SYNID0200726985,0.07904066064355375,12.788006671002702,25.325865316776063,0
60730,SYNID0200915940,0.07904534010227732,12.788170969910418,25.324490771468067,0
53657,SYNID0200065920,0.07904694856090044,12.78822744438412,25.3240182989244,0
54912,SYNID0200220989,0.07906796723971793,12.788965449521747,25.31784405520415,0
53780,SYNID0200082057,0.0790711084868459,12.789075747750697,25.316921286360518,0
55480,SYNID0200289147,0.07908692077482349,12.789630975198671,25.31227618376002,0
60678,SYNID0200910249,0.07912605260504724,12.791005127023931,25.30077985691187,0
55265,SYNID0200263624,0.07914830658401562,12.79178665387326,25.29424150508254,0
59754,SYNID0200798374,0.07917618293144058,12.792765688300863,25.28605078003423,0
56891,SYNID0200462257,0.07921086228844637,12.793983739128764,25.275860413745864,0
59391,SYNID0200757882,0.07923098735153872,12.794690642261948,25.269946373303142,0
59115,SYNID0200727385,0.07923098735153872,12.794690642261948,25.269946373303142,0
59153,SYNID0200732047,0.07923098735153872,12.794690642261948,25.269946373303142,0
59083,SYNID0200722458,0.0792328372015535,12.794755620886459,25.269402753965164,0
55737,SYNID0200321080,0.07924046616775365,12.795023602241649,25.2671607882727,0
58012,SYNID0200596890,0.0792486973396882,12.795312742621245,25.264741803523172,0
53677,SYNID0200068503,0.07926423084186612,12.795858410916612,25.260176673994618,0
56954,SYNID0200469484,0.07926516944519146,12.795891383268659,25.259900823154023,0
55415,SYNID0200282522,0.07929433722030976,12.796916059544962,25.251328252664095,0
53160,SYNID0200008035,0.07931544233712351,12.797657535525206,25.245124971438347,0
58204,SYNID0200619599,0.07939440634192418,12.800432070150578,25.22191286611023,0
61176,SYNID0200971164,0.07942171863259145,12.801391855183734,25.21388318391479,0
55831,SYNID0200333546,0.07943111173581163,12.80172195394398,25.211121536205837,0
57485,SYNID0200532326,0.07944141464362131,12.802084034148276,25.208092327717157,0
59330,SYNID0200751878,0.07945657159917441,12.802616718686052,25.203635821936153,0
54943,SYNID0200224000,0.07947127997378312,12.803133656398895,25.199311056071338,0
55167,SYNID0200252020,0.07947737752329948,12.803347965006068,25.197518123333374,0
55562,SYNID0200298855,0.07948496364600921,12.803614596353414,25.195287451976167,0
58840,SYNID0200698025,0.07948715789866484,12.803691719195744,25.194642232585874,0
58821,SYNID0200694970,0.07950546256896102,12.804335101172327,25.189259618121408,0
59051,SYNID0200719314,0.07956193026386643,12.80632003326709,25.172653426787008,0
58023,SYNID0200598099,0.07958502968528292,12.807132092651948,25.165859635928665,0
58755,SYNID0200685120,0.07960249826949167,12.807746229773443,25.160721687596833,0
60195,SYNID0200852146,0.07961454139149132,12.808169640611768,25.15717937931693,0
59900,SYNID0200816683,0.07962164286612244,12.808419319207907,25.155090536806647,0
58752,SYNID0200684846,0.07965872312090716,12.80972308117038,25.144183100395857,0
53229,SYNID0200016252,0.07967079725229881,12.810147639031443,25.140631195979612,0
60894,SYNID0200936042,0.07969205166531451,12.810895029100202,25.134378436746207,0
55264,SYNID0200263556,0.07970040398821021,12.81118874048336,25.131921210406492,0
59121,SYNID0200728375,0.07970494246138954,12.811348339398961,25.130585985823128,0
54199,SYNID0200132992,0.07970600440093961,12.811385683572457,25.130273559774928,0
56309,SYNID0200393550,0.07972966442290785,12.812217736538258,25.12331250010599,0
58630,SYNID0200670628,0.07977130954576123,12.813682386079103,25.111059057997153,0
60418,SYNID0200879756,0.07977392932854704,12.813774528099056,25.11028818627954,0
53614,SYNID0200060860,0.07982598018340326,12.815605360387206,25.094971213291682,0
55736,SYNID0200321035,0.07983897450314276,12.81606245684891,25.091147086853617,0
56900,SYNID0200463604,0.07985030671082116,12.816461097338939,25.08781201042025,0
58995,SYNID0200714233,0.07987588066133705,12.817360768455973,25.080285248801104,0
61389,SYNID0200997164,0.07990565498585067,12.818408274368094,25.071521682709086,0
59578,SYNID0200779733,0.07994254004701967,12.819706049744978,25.06066433082563,0
57059,SYNID0200482923,0.07995539056334589,12.820158213044811,25.0568814758397,0
59781,SYNID0200801987,0.07996049657881282,12.820337879144807,25.055378366670013,0
60478,SYNID0200886796,0.07997601957046935,12.820884102296002,25.05080859514789,0
59663,SYNID0200788386,0.08001004137573464,12.822081332454498,25.040792417196133,0
56915,SYNID0200464868,0.08002785004333085,12.822708059619222,25.03554913898055,0
60174,SYNID0200850128,0.08003183680060061,12.82284836623689,25.034375316186008,0
59908,SYNID0200817493,0.08004626603775844,12.82335618793598,25.030126816037747,0
59430,SYNID0200761410,0.08007746903666291,12.824454404056159,25.02093900197283,0
57883,SYNID0200579684,0.08008254676275389,12.824633126670653,25.0194437861214,0
60433,SYNID0200881665,0.08012515801879316,12.826133016073957,25.00689552289497,0
53440,SYNID0200041892,0.0801391035388756,12.826623922667194,25.002788536647856,0
59410,SYNID0200760037,0.08015586367887068,12.827213930357221,24.99785245817183,0
58521,SYNID0200657348,0.08017431568914363,12.827863524245334,24.992417874074924,0
59045,SYNID0200718947,0.08017702573576901,12.827958932499879,24.99161967662825,0
57981,SYNID0200592689,0.08020143273230329,12.828818218138734,24.984430784994426,0
53322,SYNID0200027513,0.08024510419892283,12.830355863585105,24.971566649967215,0
61086,SYNID0200959844,0.08024887262975178,12.830488555211723,24.97045653514469,0
59890,SYNID0200815562,0.08027612114835314,12.831448048436553,24.962429294254374,0
60432,SYNID0200881635,0.08038681853904156,12.835346640311784,24.92981318472316,0
61152,SYNID0200967950,0.08044191746745272,12.83728752322102,24.91357551441016,0
58914,SYNID0200705454,0.08048185253125695,12.83869441195227,24.90180530649272,0
59068,SYNID0200720953,0.08048238283761161,12.838713095233206,24.90164899981665,0
57176,SYNID0200495714,0.08053232866919574,12.840472848133622,24.88692668591853,0
53131,SYNID0200005543,0.08057083513115776,12.841829698158358,24.875575108107718,0
59097,SYNID0200723991,0.08058626202757091,12.842373329785925,24.871027017597925,0
53180,SYNID0200010618,0.0806119322633213,12.843277972910721,24.86345865953702,0
53287,SYNID0200022272,0.08066486066315726,12.845143394038818,24.8478523119677,0
53387,SYNID0200035891,0.0806731111755788,12.845434198275097,24.84541940718409,0
58509,SYNID0200655937,0.0806797872799101,12.845669513838153,24.843450727613437,0
59667,SYNID0200788551,0.08070427215417203,12.846532574955672,24.836230249850676,0
61047,SYNID0200956145,0.08071598362587196,12.846945407467327,24.832776441181025,0
60150,SYNID0200847444,0.08075453087740603,12.848304289842904,24.821407860467705,0
61390,SYNID0200997183,0.08081868715958218,12.850566228555367,24.80248419696054,0
54088,SYNID0200118413,0.08083891379312935,12.851279424658609,24.796517508739502,0
56629,SYNID0200433501,0.08083921352688728,12.851289993603846,24.796429087615547,0
56995,SYNID0200473765,0.08084572078630359,12.851519448661982,24.794509437765512,0
60610,SYNID0200903250,0.08086029105531745,12.85203322962104,24.790211081699532,0
59660,SYNID0200788282,0.08089237819379691,12.853164758378714,24.780744569923186,0
57448,SYNID0200527593,0.0809010068099475,12.853469054805052,24.77819878778208,0
55243,SYNID0200261506,0.08090472437518342,12.853600160240596,24.777101943233415,0
56276,SYNID0200389022,0.08094025841341684,12.85485337933373,24.76661735481883,0
59989,SYNID0200827236,0.08095133313184227,12.855243985667935,24.763349493142663,0
57956,SYNID0200590188,0.08100885974113597,12.857273120544788,24.746373495778716,0
57579,SYNID0200544138,0.08101107343269043,12.857351209606835,24.745720192872835,0
54348,SYNID0200152600,0.08101474410109838,12.85748069515567,24.744636900499916,0
58663,SYNID0200673913,0.08102903154941465,12.85798470628626,24.740420280046614,0
55658,SYNID0200312502,0.08103376588562683,12.858151720875668,24.739023015004314,0
59493,SYNID0200770157,0.0810421040923926,12.858445874869622,24.736562085727044,0
61227,SYNID0200977956,0.08105892605724763,12.859039335414828,24.73159712023071,0
60159,SYNID0200847930,0.08107797898157776,12.859711530553662,24.725973451230132,0
54922,SYNID0200222279,0.08109691358993204,12.860379581743885,24.7203844510244,0
56439,SYNID0200408644,0.08116097877333056,12.862640154638497,24.70147221412101,0
60312,SYNID0200865864,0.08121479079627364,12.864539206712456,24.68558450583247,0
53741,SYNID0200076557,0.08122200924778061,12.864793967886804,24.68345314183421,0
60979,SYNID0200945958,0.0812498896995712,12.865777995319801,24.675220644675345,0
56037,SYNID0200358793,0.08126995163139678,12.866486112302315,24.669296449016585,0
55021,SYNID0200234613,0.08128102147869337,12.86687685424748,24.66602745280211,0
60774,SYNID0200920003,0.08130468983284067,12.86771233120877,24.659037747556624,0
60113,SYNID0200842687,0.08132676626623386,12.86849165701117,24.652517809962482,0
53922,SYNID0200099738,0.08135117293203697,12.869353290771967,24.64530927364542,0
58214,SYNID0200620515,0.081352562202965,12.86940233801271,24.644898938266014,0
60211,SYNID0200854170,0.08136819346234192,12.86995419993651,24.640281992063684,0
53409,SYNID0200038936,0.08137299162198486,12.870123603191702,24.638864743143273,0
59870,SYNID0200812851,0.08138543227028083,12.870562840288457,24.635190030396625,0
57248,SYNID0200504028,0.08139169888171727,12.870784098027753,24.633338960346073,0
57613,SYNID0200547864,0.0814205265877681,12.871801971963775,24.624823299089716,0
55838,SYNID0200334610,0.0814283958096283,12.872079837532683,24.62249864082322,0
59191,SYNID0200737306,0.08143571812144729,12.872338396167544,24.6203355067931,0
60253,SYNID0200859512,0.08148459358708177,12.874064356820726,24.60589590308171,0
58638,SYNID0200671599,0.08153861783854527,12.875972373342726,24.589933197094393,0
58126,SYNID0200609684,0.08155488802236927,12.876547048347701,24.58512539378822,0
60263,SYNID0200860506,0.08156683824576422,12.876969153367654,24.581594010148944,0
53603,SYNID0200059640,0.08158132865288453,12.87748099876475,24.57731184723757,0
54401,SYNID0200158261,0.08167069580380332,12.880638111065197,24.55089904900444,0
53396,SYNID0200037052,0.08167897336682178,12.880930570270152,24.54845229854492,0
61066,SYNID0200958128,0.08167996155742907,12.880965484971425,24.548160197766634,0
54111,SYNID0200121960,0.08168040752266736,12.880981241820004,24.548028373991382,0
53802,SYNID0200084556,0.08170182149874228,12.881737860421396,24.5416984076943,0
58648,SYNID0200672414,0.08171984289033035,12.882374639074913,24.53637103746038,0
60255,SYNID0200859616,0.08172120308157488,12.882422702001229,24.53596893697918,0
59157,SYNID0200732443,0.08173134686473549,12.882781141749405,24.532970185003844,0
60677,SYNID0200909878,0.08177166867060065,12.884206035170628,24.5210493475876,0
58227,SYNID0200621945,0.08183122224779099,12.88631079292048,24.503440679765255,0
55574,SYNID0200300318,0.08184419923679032,12.886769468757892,24.49960334007154,0
58324,SYNID0200633550,0.08185285675979193,12.88707547960057,24.497043214907897,0
56982,SYNID0200472572,0.08186297436663126,12.887433106938515,24.494051259658654,0
58434,SYNID0200647033,0.08186609312372045,12.887543347479268,24.493128973441724,0
60864,SYNID0200932936,0.08187333862878193,12.887799461781384,24.49098628900652,0
57702,SYNID0200559193,0.08192202958923661,12.889520706256883,24.476586141430257,0
53134,SYNID0200005684,0.08192290302092903,12.889551584238655,24.476327812354583,0
54234,SYNID0200137613,0.08193640144179465,12.890028795177123,24.472335405676315,0
55223,SYNID0200257758,0.08194305652785366,12.890264078729572,24.47036699391043,0
59210,SYNID0200739113,0.0819557481341684,12.890712787475064,24.466613040160222,0
57238,SYNID0200503295,0.08198696545755246,12.891816526539378,24.45737902045061,0
55772,SYNID0200325758,0.08200336552898485,12.892396410672534,24.45252763692349,0
54356,SYNID0200153344,0.08200410779576844,12.892422656750679,24.452308058935635,0
57745,SYNID0200564730,0.08201159092359456,12.892687257962116,24.45009437195055,0
60967,SYNID0200944517,0.08201294686481325,12.892735204154,24.44969324808426,0
55089,SYNID0200242699,0.0820189513721159,12.892947525890483,24.447916937756155,0
54177,SYNID0200129759,0.082069232924465,12.894725621051505,24.433041170200887,0
54859,SYNID0200214960,0.08212846020699183,12.89682033646479,24.415516517828184,0
61128,SYNID0200964816,0.08217638894106427,12.898515668868244,24.401333153902815,0
54880,SYNID0200217374,0.08218955351810286,12.898981359567921,24.397437126989917,0
55201,SYNID0200255641,0.08219493213700141,12.899171629895195,24.39584530152228,0
60558,SYNID0200897134,0.08226976041962836,12.9018189579295,24.373697422520003,0
56908,SYNID0200464325,0.08228142606873617,12.90223171626164,24.370244234445448,0
55012,SYNID0200232846,0.08228423875327501,12.902331237435993,24.369411627794836,0
54239,SYNID0200137857,0.08236225317682738,12.905091887697687,24.346315680797982,0
55234,SYNID0200259916,0.08238548235541787,12.905913984535436,24.339437915347396,0
54993,SYNID0200230685,0.0824019562558797,12.906497035081715,24.334560041210207,0
54388,SYNID0200157386,0.08242896685035822,12.907453054081621,24.326561866122187,0
54858,SYNID0200214741,0.08244320908793312,12.907957171912594,24.322344353000037,0
60008,SYNID0200829825,0.08245163610596318,12.908255462497037,24.319848816486946,0
54811,SYNID0200208672,0.08245858757976143,12.908501527873891,24.317790202623236,0
58875,SYNID0200701426,0.08246912773292303,12.908874631644498,24.31466876959355,0
58767,SYNID0200686501,0.08249412316370824,12.90975946568847,24.307266136792073,0
57862,SYNID0200577864,0.08250759871825691,12.910236520030319,24.303275040220772,0
54668,SYNID0200191619,0.082510827058764,12.910350810292728,24.302318873523564,0
61324,SYNID0200989358,0.08251232791713159,12.910403944238121,24.301874348259524,0
60131,SYNID0200845808,0.08253436163433658,12.911184012065693,24.295348202789548,0
54407,SYNID0200159230,0.0825384067271498,12.911327226453574,24.294150053223984,0
55745,SYNID0200322194,0.0825387891406012,12.911340765672898,24.29403678241375,0
55803,SYNID0200330255,0.0825543017201329,12.911889993777558,24.289441871073326,0
54549,SYNID0200175965,0.0826186220086298,12.91416749303811,24.270388026065504,0
55505,SYNID0200291604,0.08262920850963024,12.914542381153574,24.267251664982524,0
56133,SYNID0200370512,0.08263023163608507,12.914578612509246,24.266948548908086,0
59063,SYNID0200720474,0.0826660712538283,12.915847835173038,24.25633007261032,0
56178,SYNID0200376981,0.08267087159861886,12.916017842651845,24.254907768679224,0
60482,SYNID0200887602,0.0826808220575016,12.916370251155445,24.251959474853923,0
56405,SYNID0200404187,0.08270208605013063,12.917123371405635,24.24565877620257,0
58523,SYNID0200657520,0.0827190065208725,12.917722681818157,24.240644869981153,0
58774,SYNID0200688406,0.08273000216937043,12.9181121524877,24.23738650941828,0
54253,SYNID0200139851,0.08273372176008337,12.918243904337512,24.23628425688662,0
58342,SYNID0200635564,0.0827363231309336,12.918336048351193,24.235513368489205,0
53118,SYNID0200002455,0.08275486315991493,12.91899277746136,24.230019090227948,0
55239,SYNID0200260689,0.08276873228062948,12.919484071679827,24.225908861059466,0
56212,SYNID0200381222,0.08280572990416468,12.920794740681895,24.214943639487508,0
58926,SYNID0200706712,0.08282004963524786,12.92130205926558,24.21069934846596,0
53647,SYNID0200064955,0.08283578473670761,12.921859541588013,24.206035381302403,0
57928,SYNID0200586680,0.08285307900168976,12.922472288109999,24.20090906690079,0
59509,SYNID0200772176,0.08286600787546106,12.922930382711623,24.197076589898746,0
54018,SYNID0200109884,0.08286771471555177,12.922990860365138,24.196570626249713,0
55854,SYNID0200337682,0.08295020689753574,12.925914061669227,24.17211475680575,0
53974,SYNID0200106499,0.08297580285694689,12.926821200214425,24.164525521744206,0
57132,SYNID0200491109,0.08300939693443737,12.928011882105798,24.154564127418066,0
57401,SYNID0200522911,0.08301997454596277,12.928386806452886,24.151427463216756,0
56294,SYNID0200390751,0.08305734377075896,12.929711437985418,24.140345429360377,0
53262,SYNID0200019234,0.08305929399305739,12.929780571015975,24.13976705373938,0
56025,SYNID0200357549,0.08308678693755711,12.930755197183785,24.13161320874646,0
59879,SYNID0200814003,0.08313390332056791,12.932425624627378,24.117638202844894,0
58077,SYNID0200604591,0.083157184660756,12.933251092774128,24.110732232599585,0
61277,SYNID0200984035,0.08316878182758042,12.933662301589317,24.107292007978565,0
60900,SYNID0200936418,0.08317223755530345,12.933784835944703,24.106266870163573,0
59492,SYNID0200770028,0.0831996235806936,12.934755934766688,24.098142535389076,0
60856,SYNID0200931773,0.0831997195248938,12.93475933702642,24.098114071656617,0
58216,SYNID0200620797,0.08322291929959857,12.935582042984745,24.09123121022678,0
54289,SYNID0200145132,0.08323457730270045,12.93599547414187,24.087772393213857,0
56794,SYNID0200450407,0.08323604871599277,12.936047656121652,24.087335832213764,0
60380,SYNID0200874695,0.08324010004243704,12.936191332705542,24.0861338158583,0
61148,SYNID0200967145,0.0832483509732087,12.936483948731547,24.083685753414162,0
55900,SYNID0200342917,0.08325336845877401,12.936661894723265,24.082197034886498,0
57069,SYNID0200483795,0.08325899677098364,12.936861506336895,24.080527059043355,0
59468,SYNID0200766106,0.08326956678082598,12.937236385634199,24.07739077173421,0
58155,SYNID0200613264,0.08327279458984244,12.93735086602031,24.076433014438237,0
60989,SYNID0200948246,0.08327465541976364,12.937416864295741,24.07588086457253,0
58490,SYNID0200654822,0.08327539135888345,12.93744296601708,24.075662494291826,0
53600,SYNID0200059389,0.08327906787949096,12.937573362705967,24.07457157920674,0
53487,SYNID0200047088,0.08328473989930901,12.937774536853667,24.07288853100724,0
59661,SYNID0200788315,0.08334028426327433,12.939744718774572,24.05640574148086,0
55443,SYNID0200285283,0.08336676834006002,12.940684212575185,24.048545818286716,0
58316,SYNID0200632479,0.08337167929192185,12.940858429811485,24.047088294995422,0
60021,SYNID0200831088,0.08337487987633385,12.940971972443252,24.046138383070105,0
61333,SYNID0200990800,0.0833861592416345,12.941372121575979,24.042790685142357,0
56346,SYNID0200397010,0.08339785058296667,12.941786897491474,24.039320617711944,0
57024,SYNID0200479033,0.08340895857296199,12.942180988525394,24.03602360260011,0
58057,SYNID0200602022,0.08344688169804909,12.94352651036365,24.024766797820906,0
53312,SYNID0200026083,0.08346013296889171,12.943996697603948,24.020833152284116,0
56064,SYNID0200361927,0.08348768140187535,12.94497423071915,24.012654987404037,0
57603,SYNID0200547094,0.08352018130829142,12.946127545863703,24.00300620797736,0
53745,SYNID0200076909,0.08361862275478321,12.949621459346943,23.97377568872605,0
61172,SYNID0200970415,0.08367009125053104,12.951448523561794,23.958490239912923,0
54355,SYNID0200153335,0.08367265389351342,12.951539499935533,23.957729120137973,0
60305,SYNID0200865150,0.08367442198579733,12.951602269295979,23.957203983780808,0
56192,SYNID0200378580,0.08372160702801529,12.953277492411267,23.943188856687193,0
55677,SYNID0200314325,0.08373342212610296,12.953696996710617,23.939679231003264,0
58799,SYNID0200692045,0.08376168754128077,12.954700630703087,23.931282702904088,0
55352,SYNID0200276499,0.083801818734206,12.956125705780758,23.91936034572716,0
54507,SYNID0200171505,0.08382464473449375,12.956936327695585,23.91257858092373,0
57107,SYNID0200488215,0.08382651563152838,12.957002771010945,23.912022707798076,0
53256,SYNID0200018995,0.08385641202875105,12.95806455662982,23.903139675884944,0
56447,SYNID0200409620,0.08386913400469775,12.958516407155646,23.89935943760566,0
54522,SYNID0200173256,0.08390790811134363,12.959893644832048,23.887837294139068,0
57117,SYNID0200488997,0.08394491038087909,12.961208067385858,23.87684066988156,0
56760,SYNID0200447540,0.083947425420621,12.961297412769142,23.876093195177727,0
59297,SYNID0200747934,0.0839999441988864,12.963163236462346,23.860483479698114,0
57246,SYNID0200503990,0.08400226671243438,12.963245753355919,23.859793132997275,0
56436,SYNID0200408455,0.08409496538169814,12.966539632940936,23.83223612247507,0
53637,SYNID0200063732,0.08410098080175149,12.966753405380315,23.830447675384235,0
56865,SYNID0200459166,0.0841287400962683,12.967739938825321,23.822194212614022,0
60630,SYNID0200904690,0.08413800240200059,12.968069125184877,23.8194401981639,0
56722,SYNID0200444465,0.08416790130692564,12.969131795257661,23.81054976679824,0
61360,SYNID0200994027,0.08419707566917345,12.970168787212277,23.801874161795944,0
59458,SYNID0200765161,0.08419783909154444,12.970195923755984,23.801647134061266,0
59543,SYNID0200775040,0.08425927572327174,12.972379908159121,23.783375646101778,0
61097,SYNID0200960830,0.08426325744081986,12.972521463660136,23.782191374992223,0
57989,SYNID0200593995,0.08429452639930574,12.973633165003836,23.772890741852738,0
55211,SYNID0200256401,0.08429954433894093,12.973811574966154,23.771398141688692,0
57302,SYNID0200510325,0.08431677850047392,12.974424342083667,23.76627165498233,0
58272,SYNID0200627772,0.08432417803485348,12.974687443116718,23.76407051867816,0
55750,SYNID0200323285,0.08435122033618214,12.975649010672468,23.756025923674684,0
59619,SYNID0200784289,0.08435307847612444,12.975715084531226,23.755473141469373,0
59182,SYNID0200735864,0.08435311155560321,12.975716260811726,23.755463300558908,0
54713,SYNID0200196260,0.08435706590225539,12.975856874973188,23.754286904814325,0
58492,SYNID0200654888,0.08438132184470737,12.976719430803074,23.747070654351397,0
60606,SYNID0200902596,0.08439234805932533,12.977111546236575,23.743790167360924,0
58061,SYNID0200602456,0.08439386651188013,12.97716554642506,23.743338394998315,0
57744,SYNID0200564695,0.08439987466184479,12.97737921406146,23.741550824702372,0
53463,SYNID0200044707,0.08441862967177904,12.978046217724318,23.735970588242207,0
59690,SYNID0200790379,0.08442276712853286,12.978193366397068,23.73473952395505,0
60764,SYNID0200919022,0.08444031694505733,12.978817542007176,23.72951759236601,0
61306,SYNID0200987151,0.08445853090655275,12.97946536642912,23.724097811845425,0
58933,SYNID0200707863,0.0844804560831755,12.9802452270264,23.71757340009011,0
58918,SYNID0200705826,0.08448086398466725,12.98025973613869,23.717452015033448,0
55121,SYNID0200247232,0.0845106133952726,12.981317965177052,23.70859873791984,0
55637,SYNID0200309929,0.08454162717765729,12.982421250398078,23.699368515120213,0
60943,SYNID0200941047,0.08456174071424982,12.983136813977335,23.69338202029734,0
60072,SYNID0200838085,0.08464951269545018,12.986259814696197,23.66725460384228,0
60723,SYNID0200914922,0.08467672777842078,12.987228284217537,23.659152266127393,0
53108,SYNID0200000984,0.08472097877439438,12.988803125210069,23.645976948486936,0
58039,SYNID0200600262,0.08472506695420651,12.988948627197486,23.644759660576188,0
54910,SYNID0200220850,0.08476997256073632,12.990546952308671,23.63138787184802,0
56144,SYNID0200372302,0.0847852589204724,12.991091079098263,23.6268356387505,0
54284,SYNID0200144327,0.0848281395594469,12.992617547089287,23.614065015719277,0
55790,SYNID0200328377,0.0848286982348393,12.992637435895464,23.613898623467556,0
55185,SYNID0200253943,0.0848401818321487,12.993046257111894,23.610478373797793,0
55542,SYNID0200296196,0.08484635071796426,12.993265876883664,23.608641007189412,0
59437,SYNID0200762214,0.08488494444750616,12.994639934258085,23.597145470528858,0
53621,SYNID0200061628,0.08491295287560757,12.995637201820957,23.58880220477969,0
54494,SYNID0200169950,0.08491546994610533,12.995726827881047,23.58805238189844,0
61054,SYNID0200956668,0.08494123743755233,12.996644369692653,23.580376111802824,0
56239,SYNID0200384485,0.08494955945456134,12.996940716434443,23.577896837721614,0
54539,SYNID0200174819,0.08496114949795236,12.997353447384514,23.574443878728925,0
59597,SYNID0200781844,0.08496533961474428,12.997502663716386,23.573195516145738,0
53464,SYNID0200044864,0.0849741818541942,12.99781755404454,23.570561104090793,0
54386,SYNID0200157089,0.08497743411919978,12.997933375576256,23.569592126602156,0
57143,SYNID0200492222,0.08499071565030258,12.998406374521684,23.565634957986916,0
61074,SYNID0200959016,0.08504554876881676,13.0003593222368,23.549296351991867,0
53293,SYNID0200023453,0.08504699059413556,13.000410678068286,23.548866702652184,0
57859,SYNID0200577547,0.08508250796303424,13.001675814159464,23.538282415134447,0
61061,SYNID0200957785,0.08512487991781847,13.003185253702316,23.52565425424048,0
60343,SYNID0200870329,0.08514515756277735,13.003907669988065,23.51961042881395,0
57597,SYNID0200546320,0.08516431562867288,13.004590232320266,23.513900026570923,0
59447,SYNID0200763435,0.08518656792988155,13.005383075439347,23.507267001406827,0
58838,SYNID0200697484,0.08521616311762303,13.006437609404088,23.498444637743443,0
61201,SYNID0200973766,0.08521799622104426,13.0065029289104,23.497898166545493,0
58846,SYNID0200698839,0.0852266056586487,13.006809715361497,23.49533155254435,0
57652,SYNID0200553272,0.08528840897175693,13.009012185429695,23.47690541118803,0
55715,SYNID0200318616,0.08529793294822935,13.00935161831637,23.474065673004475,0
59596,SYNID0200781620,0.08530187222948982,13.009492015903277,23.472891089149826,0
58242,SYNID0200623647,0.08530454325981546,13.009587213269572,23.472094656020758,0
57636,SYNID0200551119,0.08530550231113704,13.009621394670912,23.471808690121865,0
53480,SYNID0200046094,0.08532434234000053,13.010292885285454,23.466190915260054,0
53444,SYNID0200042017,0.08533228421993821,13.010575956510698,23.463822705818494,0
54015,SYNID0200109352,0.08533271996614783,13.010591487903822,23.463692768231915,0
53679,SYNID0200068793,0.08536074592711657,13.011590457365568,23.45533526418293,0
59062,SYNID0200720337,0.08536107749310107,13.01160227625091,23.455236385902968,0
59877,SYNID0200813400,0.08536955226694637,13.011904368289088,23.452709045950236,0
60333,SYNID0200869126,0.08539489035101294,13.012807607209414,23.445152435640402,0
59893,SYNID0200815708,0.0854090842784,13.0133136091167,23.44091916009907,0
53171,SYNID0200009382,0.08541738265509402,13.013609447486335,23.438444139123206,0
53390,SYNID0200036127,0.08546688260309926,13.015374251051629,23.42367957072803,0
56054,SYNID0200360817,0.08548369134448625,13.015973574898949,23.418665552109385,0
55568,SYNID0200299598,0.085515999068566,13.017125590761298,23.40902764264089,0
53787,SYNID0200082908,0.08551891060163552,13.017229413450044,23.408159048980316,0
57217,SYNID0200500365,0.08552497890649208,13.01744580616694,23.406348680318544,0
59220,SYNID0200739532,0.08555849571973428,13.018641056045364,23.39634906963871,0
60787,SYNID0200922299,0.08558484213178719,13.019580668649274,23.388488152521226,0
56934,SYNID0200467364,0.08558702646692967,13.019658572975562,23.38783639513794,0
54095,SYNID0200119433,0.08559647010981447,13.019995385282416,23.38501858105444,0
60119,SYNID0200843854,0.08560889061312404,13.020438380510358,23.381312427310018,0
54442,SYNID0200163954,0.08560940580216447,13.020456755759964,23.38115869766275,0
60935,SYNID0200940176,0.08561005825886392,13.02048002696851,23.38096400780777,0
60775,SYNID0200920235,0.08561228038113222,13.02055928379908,23.380300935203678,0
57978,SYNID0200592271,0.08562059089832275,13.020855700262377,23.3778210778236,0
54277,SYNID0200143362,0.08563006934649703,13.021193781314121,23.37499264926093,0
54514,SYNID0200172520,0.0856364739317163,13.021422226980052,23.3730814441129,0
59265,SYNID0200744900,0.0856426765168552,13.021643470854537,23.371230490057116,0
58028,SYNID0200598779,0.08565917266473377,13.022231898350007,23.36630763168732,0
56359,SYNID0200398341,0.08567226678776635,13.022698990255794,23.362399882108033,0
54402,SYNID0200158410,0.08571395192564152,13.024186075543149,23.349958739724595,0
58447,SYNID0200648197,0.08573212996449436,13.024834609974818,23.34453301917343,0
58733,SYNID0200682866,0.08577582626668528,13.026393671057773,23.331489718239396,0
59940,SYNID0200821502,0.08579222502287476,13.026978812497802,23.326594351422358,0
54320,SYNID0200149086,0.08580552168459654,13.027453281817255,23.322624881473274,0
55143,SYNID0200249449,0.08580649377084121,13.027487969700053,23.32233467828685,0
53500,SYNID0200048283,0.0858198198423783,13.027963504858503,23.31835629139477,0
60693,SYNID0200911805,0.08584680571106051,13.028926530895786,23.310299494551533,0
60271,SYNID0200861373,0.08584680571106051,13.028926530895786,23.310299494551533,0
54951,SYNID0200224495,0.08584871690870233,13.028994736863998,23.3097288748506,0
54677,SYNID0200192433,0.08588437771197965,13.030267441421891,23.299081268589283,0
60091,SYNID0200840178,0.0858862315944306,13.030333607949224,23.29852771110703,0
60654,SYNID0200907445,0.08590834958423077,13.03112303930476,23.291923229185464,0
54211,SYNID0200134717,0.08591684858926313,13.03142639549415,23.28938531318481,0
59034,SYNID0200718311,0.085954700536862,13.032777526036986,23.278081585278297,0
60542,SYNID0200895143,0.08597092038731874,13.033356533664067,23.273237534711157,0
57372,SYNID0200520619,0.08598373440992807,13.033813977892168,23.269410498815724,0
56825,SYNID0200454116,0.08601969201919962,13.0350976941929,23.258670766930024,0
58898,SYNID0200704263,0.08602968293982982,13.035454398092245,23.25568653728417,0
60951,SYNID0200941751,0.08604300940823528,13.035930203806181,23.251705886890907,0
53125,SYNID0200004651,0.08604843904689075,13.036124066992265,23.250084003114978,0
60863,SYNID0200932761,0.08605779666171753,13.036458183043395,23.247288746245676,0
54288,SYNID0200145023,0.08606607448805426,13.03675375126403,23.244815985370305,0
57674,SYNID0200556057,0.08607210793737802,13.036969185441583,23.24301363596909,0
53849,SYNID0200091003,0.08609533330027425,13.037798514326445,23.2360753663036,0
58282,SYNID0200628727,0.08609914690058784,13.037934694424653,23.23493606648941,0
55969,SYNID0200351857,0.08614950482727463,13.039733046544969,23.219890826667143,0
60642,SYNID0200905966,0.08615882679520159,13.04006597108406,23.217105538137307,0
61359,SYNID0200993985,0.08617380205949327,13.04060081301455,23.212630983337778,0
53355,SYNID0200032033,0.08618287883438075,13.040924999672537,23.20991879701927,0
57347,SYNID0200516794,0.08618391500320588,13.040962007995123,23.209609180741985,0
59010,SYNID0200715626,0.0861857103873871,13.041026133051439,23.209072702462798,0
58565,SYNID0200661883,0.08620804611465088,13.041823913017435,23.20239837501702,0
54773,SYNID0200203575,0.08626067450417996,13.043703846352996,23.186670616496396,0
59715,SYNID0200793182,0.08626613406401334,13.043898880423077,23.185038936957813,0
58967,SYNID0200711842,0.08627690263759752,13.044283578089052,23.181820507942575,0
57741,SYNID0200564218,0.08628576780240826,13.044600285692702,23.17917089233249,0
56193,SYNID0200378703,0.08629136519625852,13.04480025582485,23.177497917078394,0
53938,SYNID0200101579,0.08630126638998303,13.045153988322122,23.174538546555624,0
54712,SYNID0200196128,0.08631140304277807,13.045516141658915,23.17150872623128,0
59257,SYNID0200743959,0.08634509900961845,13.046720065044736,23.16143655189863,0
58335,SYNID0200635071,0.08635811580405539,13.047185168425301,23.157545438571237,0
57965,SYNID0200590998,0.08635995644923344,13.047250937741522,23.156995204207043,0
53389,SYNID0200036053,0.08636408504134274,13.047398460274643,23.15576101215706,0
59093,SYNID0200723583,0.08643589184760003,13.04996449104957,23.134293276242644,0
60112,SYNID0200842537,0.08643697898596936,13.050003343583171,23.133968231064284,0
57188,SYNID0200496934,0.08644749350977665,13.05037912060583,23.13082443327199,0
55938,SYNID0200348958,0.08644821333369174,13.050404846636475,23.130609206066854,0
61343,SYNID0200992128,0.08647284568544239,13.051285217581725,23.123243912110137,0
56838,SYNID0200455688,0.08647442376025793,13.051341620448135,23.122772038642083,0
55485,SYNID0200289575,0.08649642329553758,13.052127940724144,23.116193584402765,0
59564,SYNID0200778085,0.08656451038394941,13.054561814441504,23.09583149103902,0
60068,SYNID0200836953,0.08659211623489244,13.055548740633949,23.08757474249439,0
56081,SYNID0200363599,0.08661751649879473,13.05645687394705,23.079977185079535,0
54493,SYNID0200169944,0.08662206138163187,13.05661937261303,23.078617700820125,0
58486,SYNID0200654362,0.08664680848940831,13.057504217091413,23.071214980723063,0
58791,SYNID0200690642,0.0866501031009898,13.05762202147388,23.070229414455845,0
55416,SYNID0200282526,0.08669589592703786,13.059259518277962,23.05652991042256,0
58285,SYNID0200628903,0.0867011933399,13.059448959147204,23.054945024305052,0
58705,SYNID0200680495,0.08674594582991552,13.061049450594606,23.041555111735878,0
56589,SYNID0200428410,0.08675386677829972,13.0613327469669,23.039185018685803,0
60670,SYNID0200909211,0.08676148994570565,13.061605398192954,23.036903984266853,0
54010,SYNID0200108968,0.08676556137763836,13.061751019633068,23.035685696999863,0
54940,SYNID0200223857,0.08681986234340922,13.063693319910202,23.019436168808916,0
53136,SYNID0200005819,0.08682370981138571,13.06383095031604,23.01828473553883,0
54319,SYNID0200149032,0.08685152251421913,13.0648258956323,23.009960897996663,0
55587,SYNID0200302254,0.08686887853375075,13.065446807393934,23.00476627217408,0
54469,SYNID0200167323,0.08687306353703272,13.065596529828852,23.00351367546922,0
55705,SYNID0200317173,0.08689053856776979,13.066221731905435,22.998283156332676,0
59091,SYNID0200723531,0.08689321723585203,13.066317568629456,22.997481374256523,0
59135,SYNID0200729877,0.08689321723585203,13.066317568629456,22.997481374256523,0
58985,SYNID0200713276,0.08689321723585203,13.066317568629456,22.997481374256523,0
59017,SYNID0200716776,0.08689321723585203,13.066317568629456,22.997481374256523,0
54435,SYNID0200162571,0.08690054221752108,13.066579643184774,22.995288825594052,0
58291,SYNID0200629499,0.08690489080234642,13.06673522985903,22.993987167925955,0
60936,SYNID0200940288,0.08691549026492867,13.067114471620693,22.99081438369178,0
53987,SYNID0200107147,0.08692595459589164,13.067488888008281,22.98768196914349,0
53478,SYNID0200046033,0.08695304915931862,13.068458382361868,22.979571057553237,0
57273,SYNID0200507172,0.08696111460346972,13.068746991380904,22.97715651823292,0
57524,SYNID0200537367,0.08696877112756851,13.069020973064282,22.974864353040825,0
59100,SYNID0200724638,0.0869774278639075,13.069330752541653,22.97227269900578,0
60537,SYNID0200893694,0.08698834793308186,13.069721534166634,22.969003370824957,0
59287,SYNID0200746934,0.08700747493808714,13.070406031111977,22.963276783365284,0
59760,SYNID0200799019,0.08701273653517083,13.070594333121218,22.961701425093672,0
53776,SYNID0200081318,0.08705261241807061,13.072021489003527,22.949761659643663,0
55782,SYNID0200327232,0.08711771326252093,13.07435174119493,22.930266476987327,0
56588,SYNID0200428241,0.08711965764309193,13.074421344976379,22.929684163005216,0
57348,SYNID0200516821,0.08712778864162735,13.074712417186655,22.927249016317454,0
61238,SYNID0200979012,0.08713870759635917,13.075103301233206,22.923978831264936,0
58729,SYNID0200682387,0.08715740962317997,13.075772832919212,22.91837744504541,0
57335,SYNID0200515081,0.08719667714228968,13.077178706969793,22.906615726073976,0
57081,SYNID0200485273,0.0872263532000212,13.078241271769068,22.897726175439704,0
53616,SYNID0200060979,0.08722923418741946,13.078344430906615,22.896863133131873,0
54604,SYNID0200183824,0.08725039329850764,13.079102094483087,22.89052442444194,0
55531,SYNID0200294168,0.08731447575945755,13.081396990541533,22.8713250356368,0
53116,SYNID0200002297,0.0873152962964085,13.081426377600899,22.871079179805342,0
57970,SYNID0200591513,0.08733559603930074,13.082153419831371,22.864996653143965,0
57451,SYNID0200528115,0.08737644336103711,13.083616489015938,22.85275643249437,0
57173,SYNID0200495542,0.0874195796277088,13.085161700864989,22.839828995991507,0
53735,SYNID0200075759,0.08742802018366952,13.085464074327202,22.837299301609924,0
57326,SYNID0200514060,0.0874341983366404,13.085685403657788,22.835447632617665,0
53639,SYNID0200063843,0.08744609352009425,13.086111552163844,22.831882420665504,0
60182,SYNID0200850942,0.08747365755609199,13.087099089226832,22.823620561501144,0
61382,SYNID0200996295,0.08747849141400038,13.087272278715126,22.822171636478817,0
55028,SYNID0200235709,0.08748011903970071,13.087330594427996,22.821683759896906,0
55674,SYNID0200313921,0.08752129562519889,13.08880597450115,22.809340544806357,0
58007,SYNID0200596480,0.08756058546982715,13.09021388891554,22.79756175589489,0
59535,SYNID0200774321,0.08758062389483917,13.090931998565848,22.791553960321654,0
57454,SYNID0200528474,0.08758066789287428,13.0909335753456,22.791540768784113,0
56513,SYNID0200418020,0.08762066647437183,13.092367094257733,22.779547769427023,0
58978,SYNID0200712816,0.08764083887453017,13.093090110569426,22.77349892410806,0
54862,SYNID0200215613,0.08764157208044793,13.093116390698315,22.773279061247376,0
61401,SYNID0200999145,0.08764177962913522,13.093123829826045,22.773216824569996,0
53489,SYNID0200047218,0.08765017849936108,13.093424872059762,22.77069826741327,0
61177,SYNID0200971228,0.08767849397767447,13.09443983408551,22.76220696756419,0
59117,SYNID0200727890,0.08769153957139175,13.094907473946487,22.758294633722908,0
54263,SYNID0200141271,0.08770429933742246,13.095364882177488,22.754467898983744,0
60920,SYNID0200938585,0.08774911197485563,13.096971424209297,22.741027366465094,0
59692,SYNID0200790604,0.08775497533099991,13.097181639621475,22.739268677910818,0
59967,SYNID0200824364,0.08777012205073942,13.097724699772497,22.734725368445584,0
56268,SYNID0200388608,0.08784309482009911,13.100341295303991,22.712834601423715,0
57522,SYNID0200536655,0.08787703085577614,13.101558302645634,22.702652965072513,0
59199,SYNID0200737943,0.08801731114521205,13.106590069940161,22.66055656758692,0
58429,SYNID0200646418,0.08802480778257182,13.106859017914244,22.658306515039307,0
55268,SYNID0200264063,0.08803112050682232,13.107085495836515,22.65641177228205,0
61212,SYNID0200975130,0.08805409060035557,13.107909609760242,22.64951713163672,0
54659,SYNID0200190885,0.08805601226442139,13.107978556713254,22.64894031276382,0
59810,SYNID0200804701,0.0880750755767794,13.108662542433434,22.64321800227811,0
57180,SYNID0200496136,0.08814961897783019,13.111337440410459,22.62083946967055,0
61370,SYNID0200994641,0.08815297752637957,13.111457969179181,22.61983111084559,0
58087,SYNID0200605636,0.08816159615906122,13.111767271925585,22.61724344520171,0
59791,SYNID0200803054,0.08818800011802208,13.11271488909289,22.609315560901,0
59205,SYNID0200738871,0.0882222280126897,13.113943391548569,22.5990377549813,0
60356,SYNID0200872457,0.08824052349633954,13.11460009218041,22.59354371497332,0
55500,SYNID0200291257,0.08824413313952084,13.114729660660581,22.59245972878642,0
53143,SYNID0200006425,0.08824841858391269,13.114883488563276,22.591172785222234,0
56944,SYNID0200468472,0.08826547432623733,13.115495727767605,22.5860507151039,0
53237,SYNID0200017287,0.08834417607339395,13.118321163210418,22.56241276714078,0
59119,SYNID0200728205,0.08835087484242082,13.118561677599601,22.560400593537466,0
56411,SYNID0200404786,0.08837354862342522,13.119375792122982,22.55358960913196,0
59422,SYNID0200761097,0.08837480674028819,13.119420966811083,22.553211672014594,0
54346,SYNID0200152434,0.08841071647195498,13.120710421089044,22.542423935490387,0
58366,SYNID0200639290,0.08843010494005032,13.121406673092157,22.536599003740253,0
60875,SYNID0200934060,0.08843224195195559,13.121483416531682,22.535956958481485,0
59978,SYNID0200825706,0.08843821032111371,13.121697752112452,22.53416380007901,0
54282,SYNID0200144067,0.0884396325575888,13.121748827809991,22.533736494375155,0
54767,SYNID0200202999,0.08846364025580955,13.122611024666172,22.526523247131358,0
59889,SYNID0200815501,0.08846772934171959,13.122757882450491,22.525294616453372,0
57249,SYNID0200504088,0.0884840327841766,13.123343428171916,22.52039586736736,0
61315,SYNID0200988332,0.08848498134821953,13.123377497004977,22.520110843228835,0
56386,SYNID0200401854,0.08851250856116505,13.124366204597534,22.51183919126698,0
58987,SYNID0200713505,0.08851930666899671,13.124610385553328,22.509796342706668,0
54440,SYNID0200163281,0.08852388821574703,13.124774952218303,22.50841955730779,0
56164,SYNID0200374998,0.08852428713211763,13.124789281163872,22.50829967954855,0
60016,SYNID0200830497,0.08852451829907526,13.124797584611747,22.5082302118602,0
54065,SYNID0200115417,0.08852568595510191,13.124839526537755,22.507879320436743,0
59033,SYNID0200718302,0.08853685891734253,13.125240862695167,22.50452169171131,0
59796,SYNID0200803429,0.0885666136161824,13.126309713567025,22.49557955100392,0
54049,SYNID0200113655,0.08861836154443781,13.128168791264432,22.480026273372854,0
57363,SYNID0200519269,0.08865077551276213,13.129333403103633,22.470282984379196,0
55555,SYNID0200298070,0.08865468086248651,13.129473725857903,22.4691090265838,0
60200,SYNID0200852544,0.0886673647056867,13.129929477027037,22.465296155032433,0
58467,SYNID0200650931,0.08867918272500647,13.130354130379759,22.46174345172095,0
59364,SYNID0200755587,0.08867948029799766,13.130364823138507,22.46165399475761,0
56985,SYNID0200472959,0.08868125605216176,13.1304286318822,22.461120162789573,0
60386,SYNID0200875219,0.08871329792832655,13.131580050225107,22.45148725224382,0
53610,SYNID0200060241,0.08874022407850202,13.132547705354396,22.44339172783515,0
60898,SYNID0200936230,0.088747679125188,13.132815631354163,22.441150225253125,0
61311,SYNID0200987805,0.08878781987835782,13.134258328396895,22.42908044050209,0
55158,SYNID0200250992,0.08880710038885498,13.134951338444006,22.42328263136325,0
58909,SYNID0200704714,0.08883792211981689,13.136059248454279,22.41401371699564,0
59156,SYNID0200732287,0.08884835708944366,13.136434360006215,22.410875486615044,0
55502,SYNID0200291416,0.08886101871363022,13.136889527110073,22.407067501427168,0
57014,SYNID0200477170,0.08889741970134568,13.138198168130755,22.396119246202318,0
58489,SYNID0200654731,0.08899197323573366,13.141597975445597,22.367676030981343,0
59960,SYNID0200823557,0.08902716296120522,13.142863471974676,22.357088727994835,0
55876,SYNID0200339918,0.08903569957552976,13.14317048290926,22.354520235936636,0
59487,SYNID0200768934,0.08905225770420566,13.143765997896582,22.349538082719377,0
56627,SYNID0200433456,0.08905629218324423,13.143911102031083,22.34832412329615,0
61363,SYNID0200994271,0.08910758055004192,13.145755864388219,22.332890609600664,0
57871,SYNID0200578589,0.08912041160971146,13.14621741355074,22.329029231308052,0
56059,SYNID0200361447,0.08914516991922988,13.14710804145246,22.32157812636458,0
60369,SYNID0200873356,0.08915773667983112,13.147560124661869,22.31779594142521,0
58863,SYNID0200700460,0.08916223053701805,13.147721792384067,22.316443408945887,0
57207,SYNID0200498963,0.08917618960180967,13.148223984776251,22.31224200428661,0
57152,SYNID0200493472,0.08919017170699972,13.148727023177754,22.308033521807047,0
59466,SYNID0200765902,0.08920308957249135,13.14919178832394,22.304145238190976,0
60490,SYNID0200888467,0.08920628431759853,13.149306732646348,22.30318359954563,0
58058,SYNID0200602216,0.08923046725784928,13.150176844100828,22.29590413777789,0
57659,SYNID0200554257,0.08929883698845159,13.152637090362111,22.275321408397673,0
60168,SYNID0200849524,0.08929926160922913,13.152652371381393,22.27519356547014,0
55632,SYNID0200309539,0.08933625775022769,13.15398382883874,22.26405442506899,0
59061,SYNID0200720265,0.08934226324208705,13.154199972343083,22.26224614135074,0
55194,SYNID0200254787,0.08934882032703045,13.154435971829793,22.260271739988845,0
53906,SYNID0200098526,0.08935876441577878,13.154793881939534,22.257277419035216,0
53771,SYNID0200080373,0.0893624331477963,13.15492593004134,22.256172688022158,0
58399,SYNID0200642555,0.08936276523829828,13.154937882981438,22.25607268822326,0
54551,SYNID0200176257,0.08938767525056124,13.155834497110275,22.248571501751503,0
55825,SYNID0200332515,0.08939574109397125,13.156124831754921,22.246142525630496,0
54159,SYNID0200128370,0.08940289284054681,13.156382267731866,22.243988783897585,0
60450,SYNID0200883538,0.08940681893736563,13.156523594356628,22.242806427595518,0
56063,SYNID0200361884,0.08942276876802985,13.1570977499105,22.238002970082537,0
59494,SYNID0200770329,0.08943093365786742,13.157391674944312,22.235543956314597,0
59572,SYNID0200779102,0.0894494819162851,13.158059408980273,22.22995760946126,0
60932,SYNID0200939887,0.08945897623708882,13.158401214530063,22.227098021279936,0
61250,SYNID0200980982,0.0894741941862014,13.158949093217425,22.22251439933417,0
54332,SYNID0200151000,0.08947760769290736,13.159071989541898,22.221486233240284,0
58883,SYNID0200701990,0.08949284810426006,13.159620701835415,22.216895637240707,0
57948,SYNID0200589004,0.08950198623167466,13.159949718659506,22.214143041145583,0
58403,SYNID0200643031,0.08952895393384147,13.160920729189671,22.206019445031554,0
58476,SYNID0200653246,0.08953483125134026,13.16113235884478,22.204248924743208,0
58064,SYNID0200603116,0.08956341022593917,13.162161469898406,22.195639252348897,0
59521,SYNID0200773047,0.08958045405231962,13.162775241569024,22.190504361425024,0
57486,SYNID0200532394,0.0895838177657532,13.162896376535782,22.18949093107112,0
55861,SYNID0200338522,0.08958497460714404,13.162938037253303,22.189142392273187,0
56800,SYNID0200451039,0.08958765503325111,13.163034566473133,22.18833481669009,0
57293,SYNID0200509401,0.08959037541680276,13.163132535310625,22.187515197084707,0
53869,SYNID0200093832,0.08959095219752211,13.163153306927006,22.18734141913187,0
54363,SYNID0200153723,0.08960884884428688,13.163797833755579,22.1819492266918,0
60804,SYNID0200924860,0.08961430298274514,13.163994263769467,22.18030586851193,0
61187,SYNID0200972287,0.08961531481639512,13.16403070510025,22.180000995759308,0
60770,SYNID0200919427,0.08961752161204917,13.16411018346684,22.17933606975704,0
53194,SYNID0200011991,0.08962214530403978,13.164276708421067,22.177942901064217,0
55678,SYNID0200314338,0.0896375851458251,13.164832796889927,22.173290595054794,0
57004,SYNID0200474972,0.0896425949139309,13.165013235506361,22.171781022915525,0
54630,SYNID0200186247,0.08965656676703776,13.165516476394785,22.16757084640495,0
55547,SYNID0200296691,0.08969011230927026,13.166724796137688,22.157461891596498,0
57402,SYNID0200522994,0.08969980746066791,13.167074036583745,22.15454010213871,0
58704,SYNID0200680278,0.0897055370823619,13.16728043390208,22.1528133562373,0
53892,SYNID0200097212,0.0897115763879372,13.167497990037434,22.15099325427049,0
53980,SYNID0200106681,0.08972483567169354,13.167975645347102,22.146997129926927,0
59970,SYNID0200824796,0.08972571242937882,13.168007230399962,22.146732885405672,0
53272,SYNID0200020495,0.08973003589571987,13.168162983558037,22.14542983491303,0
60270,SYNID0200861363,0.08973301657833299,13.168270363800232,22.14453147831327,0
55168,SYNID0200252205,0.0897533418112586,13.169002608963703,22.1384054232606,0
59011,SYNID0200715742,0.08976870868495462,13.169556246330405,22.13377362347987,0
53309,SYNID0200025988,0.08977288645324716,13.169706766454429,22.1325143532077,0
57327,SYNID0200514179,0.08978273924728952,13.170061757214858,22.129544455897243,0
53666,SYNID0200066598,0.08981287184141867,13.17114747095342,22.120461238327984,0
59706,SYNID0200791913,0.08981437568815792,13.171201658456233,22.120007898870174,0
57651,SYNID0200553030,0.0898354886370884,13.171962433800763,22.113643156737627,0
54874,SYNID0200216459,0.08988704146100918,13.17382023168288,22.098100586202108,0
55412,SYNID0200282118,0.0898965781704052,13.174163929597508,22.095225166258736,0
55363,SYNID0200277742,0.08998832896198544,13.177470987535004,22.06755790398366,0
56453,SYNID0200410821,0.08999077585782123,13.177559193376858,22.066819962826646,0
56910,SYNID0200464625,0.09004048510175311,13.179351229043556,22.051827567249084,0
55091,SYNID0200242868,0.09004857649058934,13.179642947010331,22.049387018081323,0
56394,SYNID0200402340,0.09004901455299008,13.179658740590995,22.049254887000856,0
59000,SYNID0200714648,0.09005567524563263,13.179898882399911,22.04724583045088,0
55065,SYNID0200240528,0.09005618810933241,13.17991737313365,22.047091134648824,0
55153,SYNID0200250544,0.09007213373525791,13.180492286589866,22.042281336429614,0
55841,SYNID0200335870,0.09007775302902349,13.180694893410777,22.040586302305996,0
59322,SYNID0200750831,0.09014366203643526,13.183071487372972,22.02070341857183,0
53513,SYNID0200049992,0.09014827513359785,13.183237844028792,22.01931165788462,0
55681,SYNID0200314775,0.09015908731903982,13.183627758395899,22.01604958529215,0
60937,SYNID0200940463,0.09016303739005577,13.183770210371673,22.014857814162102,0
55600,SYNID0200304932,0.09016888839123854,13.183981218386899,22.013092494591124,0
53349,SYNID0200031604,0.09018510654020545,13.184566118553555,22.008199146297436,0
57492,SYNID0200533022,0.09020712819959287,13.185360356738673,22.00155444983555,0
54851,SYNID0200213891,0.09024068851954714,13.18657083297413,21.991427453539416,0
60929,SYNID0200939367,0.09026454479425816,13.187431357453287,21.984228197611955,0
57601,SYNID0200546997,0.09027635137333745,13.18785725347395,21.980665097984353,0
53331,SYNID0200029047,0.0902831957431825,13.188104154477886,21.978599493159457,0
59053,SYNID0200719499,0.0902847711751169,13.188160986550352,21.978124028899593,0
58679,SYNID0200675535,0.09030083092319646,13.188740337768172,21.973277103809153,0
59203,SYNID0200738550,0.09032244763380554,13.189520190815514,21.966752755217566,0
57687,SYNID0200557302,0.09032300361028833,13.189540248986956,21.96658494603473,0
57988,SYNID0200593915,0.09034568946362026,13.190358718216526,21.959737529610067,0
57331,SYNID0200514747,0.09035724408568219,13.19077560788397,21.956249778265224,0
61202,SYNID0200974199,0.09038587642869711,13.1918087107773,21.947606709638322,0
60692,SYNID0200911780,0.09038799865492497,13.191885287128809,21.946966062258923,0
57437,SYNID0200526730,0.09039634082054715,13.192186301581769,21.9444477375195,0
60138,SYNID0200846293,0.09040812853514912,13.19261165392002,21.940889186407265,0
56892,SYNID0200462264,0.09041652141859513,13.192914513351644,21.938355426344526,0
56244,SYNID0200385191,0.09042386757281529,13.193179606374029,21.93613762480725,0
58507,SYNID0200655906,0.09043704903699984,13.19365528407465,21.93215804538947,0
57181,SYNID0200496198,0.09044081010615079,13.193791012071543,21.931022527911693,0
57253,SYNID0200504666,0.09044956783906477,13.194107062552142,21.928378409875606,0
59207,SYNID0200739065,0.09046900023752119,13.194808366223677,21.922511215232632,0
56254,SYNID0200386655,0.09052306081620687,13.196759555343778,21.90618732186447,0
58494,SYNID0200655075,0.09054060269195291,13.197392743343622,21.90088999149038,0
60821,SYNID0200927001,0.0905514403416377,13.197783950512104,21.897617103159185,0
55340,SYNID0200274635,0.09055465569272714,13.197900017188745,21.896646074757275,0
60731,SYNID0200916267,0.0905608503652181,13.198123632990285,21.8947752768617,0
60348,SYNID0200871570,0.09058767719826633,13.199092069287936,21.886673217100373,0
54373,SYNID0200155115,0.09061207144165406,13.199972745309308,21.879305370838452,0
54136,SYNID0200125719,0.0906384862037865,13.200926424866836,21.871326767819355,0
53152,SYNID0200007051,0.09064262877146734,13.201075993867097,21.870075454768102,0
53384,SYNID0200035629,0.09068828693711567,13.2027245997905,21.856283010446564,0
57141,SYNID0200492177,0.09069561416093364,13.202989185243515,21.854069455298408,0
60228,SYNID0200855846,0.0906963337906308,13.203015171268483,21.8538520529481,0
57707,SYNID0200559465,0.09069926220096575,13.203120917436966,21.852967367214347,0
58299,SYNID0200630344,0.09071664829179943,13.203748752305113,21.847714821812737,0
55296,SYNID0200267659,0.09071993145252322,13.203867314600009,21.846722914754903,0
54822,SYNID0200210275,0.09072453143198078,13.204033431771602,21.845333157622825,0
58401,SYNID0200642881,0.09073544312196885,13.204427488624422,21.842036428474355,0
54358,SYNID0200153534,0.09074253805603055,13.204683715560405,21.83989280173003,0
60109,SYNID0200842320,0.0907797648050303,13.206028197733003,21.82864469492438,0
56242,SYNID0200384637,0.09079265617664944,13.206493811334841,21.82474931302171,0
59557,SYNID0200776972,0.09081737896364445,13.207386795829743,21.81727849252354,0
54589,SYNID0200181035,0.09082047741645066,13.207498715427523,21.81634215910454,0
60904,SYNID0200937170,0.09083214535385797,13.207920182045433,21.812816116416943,0
54127,SYNID0200124097,0.09084093054005288,13.208237526502092,21.810161172814556,0
59225,SYNID0200739994,0.0909009234573876,13.210404813526731,21.792029377221812,0
56750,SYNID0200446725,0.09090362221595077,13.210502315579076,21.791213662799635,0
55847,SYNID0200336904,0.09090428671816714,13.21052632313466,21.791012812572784,0
60830,SYNID0200928230,0.09090749681797405,13.210642300196284,21.7900425339014,0
57197,SYNID0200497928,0.09090861011098206,13.210682522351929,21.789706030292876,0
58556,SYNID0200661043,0.09091269118229056,13.210829968286035,21.78847247907989,0
55517,SYNID0200293434,0.0909269830117615,13.211346332571042,21.784152510584377,0
58009,SYNID0200596504,0.09094607893683326,13.212036297149902,21.778380180215617,0
56056,SYNID0200361107,0.09095352841664389,13.212305466826518,21.776128272876793,0
57416,SYNID0200524111,0.0909611738399842,13.21258172156538,21.773817091016866,0
58295,SYNID0200629974,0.09096696772646706,13.212791077518682,21.772065592803546,0
58369,SYNID0200639563,0.09097209044990828,13.212976184176247,21.77051696724558,0
54143,SYNID0200126658,0.09098752240472863,13.213533822976292,21.76585169097067,0
57886,SYNID0200580207,0.09100404751443064,13.214130986618587,21.76085574489872,0
54816,SYNID0200209584,0.09101263563699574,13.214441342924594,21.758259265042824,0
54233,SYNID0200137496,0.0910186155011598,13.214657446222095,21.756451317700066,0
58814,SYNID0200693809,0.09103227499425648,13.215151091611895,21.75232141833674,0
57195,SYNID0200497836,0.09103483491092357,13.215243607206041,21.751547421250482,0
54768,SYNID0200203094,0.09104012746319146,13.215434882306797,21.74994718972162,0
54581,SYNID0200180098,0.0910793531362804,13.216852592060006,21.738086451774695,0
61386,SYNID0200996515,0.09109194597236303,13.217307756147735,21.734278491820135,0
60531,SYNID0200893325,0.09109402404465888,13.217382868762757,21.733650090244094,0
53218,SYNID0200015187,0.09110665213206792,13.217839323394779,21.7298313334338,0
55446,SYNID0200285633,0.0911468158758671,13.21929117511606,21.717684959491656,0
57980,SYNID0200592615,0.09114726229084674,13.219307313067434,21.717549947362546,0
59983,SYNID0200826459,0.09119685410179756,13.221100172285556,21.702550661850307,0
60227,SYNID0200855517,0.09121090007374749,13.221608006338554,21.698302058347707,0
56977,SYNID0200471688,0.09123137496227746,13.222348310014768,21.692108584764814,0
60502,SYNID0200889928,0.09123576553843515,13.222507063432413,21.6907804337236,0
54303,SYNID0200147002,0.09123715924223696,13.222557457002466,21.690358834784007,0
54758,SYNID0200201770,0.09124004373377259,13.22266175505114,21.68948626420253,0
59357,SYNID0200754481,0.09124024121440416,13.222668895624068,21.689426525272136,0
53299,SYNID0200024145,0.09125079935660652,13.223050665601603,21.686232589666265,0
56305,SYNID0200392546,0.09126735637302824,13.22364936765807,21.68122377302807,0
55912,SYNID0200344841,0.0912853396485685,13.224299670750439,21.675783255639203,0
56344,SYNID0200396918,0.09128781701226457,13.224389258300482,21.675033754937832,0
59170,SYNID0200734270,0.09129759336525362,13.224742800512958,21.672075976361604,0
60825,SYNID0200927327,0.0913170229887943,13.225445459014114,21.6661974470438,0
54810,SYNID0200208180,0.09133630635190021,13.22614286114113,21.660362893212557,0
59771,SYNID0200800956,0.09134955065225414,13.2266218735824,21.656355414935447,0
57873,SYNID0200578714,0.09135398164030595,13.22678213454367,21.65501465159482,0
59150,SYNID0200731686,0.091415937605904,13.229023153722526,21.636266003534622,0
59168,SYNID0200734190,0.091415937605904,13.229023153722526,21.636266003534622,0
56177,SYNID0200376876,0.0914456017203758,13.230096259474594,21.627288265964694,0
60758,SYNID0200918586,0.09145916562473871,13.230586962605237,21.62318298191124,0
56666,SYNID0200437479,0.09146878362220362,13.23093492402133,21.62027189297884,0
53803,SYNID0200084675,0.09148148489636704,13.231394445256278,21.616427480583123,0
55375,SYNID0200279355,0.09148507860885285,13.23152446529313,21.6153397166163,0
54125,SYNID0200123878,0.09151641584589576,13.232658290811466,21.60585398985163,0
58231,SYNID0200622457,0.09152138748083377,13.23283817958335,21.604349017780965,0
59370,SYNID0200756716,0.09152565752936936,13.232992684587428,21.60305640950151,0
54497,SYNID0200170133,0.09153088922883362,13.2331819876227,21.601472676520327,0
60706,SYNID0200913097,0.0915327606014239,13.23324970167892,21.600906172216916,0
54963,SYNID0200226728,0.09153687796128496,13.233398686003259,21.599659750637922,0
57489,SYNID0200532795,0.0915501535547888,13.233879066029765,21.595640830970876,0
59577,SYNID0200779363,0.09155573582269677,13.234081066182084,21.593950872312917,0
53488,SYNID0200047195,0.09155961423360115,13.23422141212744,21.592776720497998,0
60327,SYNID0200868271,0.09157070218608848,13.23462265318299,21.58941988740668,0
58872,SYNID0200701251,0.09157862063274275,13.23490920562126,21.58702255369951,0
53280,SYNID0200021454,0.0915955551517329,13.235522049979174,21.581895420790243,0
57583,SYNID0200544540,0.0916202023493623,13.236414054351592,21.574432800119958,0
54236,SYNID0200137692,0.09162445680981118,13.236568032571272,21.57314459898496,0
53424,SYNID0200040299,0.0916816195427988,13.238637032364243,21.555835086723274,0
61228,SYNID0200978013,0.09171127896071207,13.239710666367369,21.546852929738648,0
56330,SYNID0200395523,0.09175863427940079,13.241425031631604,21.53251033450829,0
53541,SYNID0200054481,0.09177274968183702,13.241936078292813,21.528234853921703,0
55309,SYNID0200270012,0.09178543245062887,13.242395271675203,21.524393184381687,0
61043,SYNID0200955771,0.0917902377272995,13.24256925564895,21.522937612594205,0
59716,SYNID0200793183,0.0918099709747271,13.243283756026782,21.516960012648045,0
53672,SYNID0200067478,0.09181000914873666,13.243285138262774,21.516948448688066,0
60745,SYNID0200917732,0.0918175273963599,13.243557367687023,21.51467094311602,0
60118,SYNID0200843827,0.09183184356547763,13.244075757996857,21.51033402464224,0
60838,SYNID0200929444,0.09184982233923639,13.244726797443167,21.504887346823786,0
53723,SYNID0200074174,0.0919119630543242,13.246977230559665,21.486059940578293,0
61151,SYNID0200967258,0.09194004878096479,13.247994470811308,21.477549580805068,0
54513,SYNID0200172422,0.09194345086655298,13.248117696105306,21.476518662510802,0
61149,SYNID0200967153,0.09194548825358956,13.248191491806027,21.475901278405285,0
55575,SYNID0200300480,0.09194787500451507,13.248277942199914,21.475178023546537,0
56919,SYNID0200465785,0.09194931433693915,13.248330076436893,21.474741861968717,0
54393,SYNID0200157876,0.091959866451431,13.248712291491449,21.471544202792558,0
60952,SYNID0200941848,0.09198910092624002,13.24977126419104,21.462684704115663,0
53801,SYNID0200084357,0.09200018812017374,13.250172900133709,21.459324567349103,0
58693,SYNID0200677902,0.0920023986709993,13.250252979109359,21.458654616575977,0
54060,SYNID0200114943,0.09203381006958222,13.251390929090716,21.449134384035386,0
57832,SYNID0200574555,0.0920622239193632,13.252420361465752,21.44052202342579,0
59774,SYNID0200801021,0.0920720560771151,13.252776596754405,21.437541714235852,0
57283,SYNID0200507823,0.09210775597044868,13.25407013495016,21.42671981114216,0
58950,SYNID0200709633,0.09215032952801105,13.255612879253523,21.413813018436635,0
57329,SYNID0200514506,0.09215133280710858,13.255649237168798,21.413508843548623,0
57764,SYNID0200567304,0.09216993074018559,13.256323225419868,21.40787017314578,0
60266,SYNID0200860831,0.09221381201079071,13.257913602496705,21.39456487867174,0
59214,SYNID0200739402,0.09222445370579552,13.258299312367702,21.391337981422076,0
55320,SYNID0200271625,0.09222566994013337,13.258343395609154,21.390969175484532,0
53471,SYNID0200045677,0.09222594265821793,13.25835328047981,21.390886477414494,0
61408,SYNID0200999834,0.09225201128711336,13.259298187923608,21.382981263001156,0
53303,SYNID0200025229,0.09229268473322799,13.260772595639665,21.37064618277229,0
56217,SYNID0200381526,0.09229968898558832,13.261026513823168,21.36852187134135,0
56198,SYNID0200379390,0.09230767355802161,13.26131597589462,21.366100195277326,0
56136,SYNID0200370967,0.09233127702973998,13.262171697922009,21.358941117264852,0
60264,SYNID0200860529,0.0923346650474764,13.262294531436401,21.357913476647994,0
57680,SYNID0200556947,0.09235051992892662,13.262869368088774,21.353104320979387,0
53167,SYNID0200008951,0.09236659061657787,13.263452051855309,21.348229515367624,0
60022,SYNID0200831466,0.09237035421103634,13.263588513890696,21.34708785683156,0
57047,SYNID0200481673,0.09237432347316643,13.26373243447856,21.34588379910819,0
59482,SYNID0200768403,0.09238227158762224,13.264020627595855,21.343472739274127,0
60865,SYNID0200933094,0.09239140190144196,13.264351693377558,21.340703001342153,0
53950,SYNID0200103630,0.09245639998827171,13.266708742626891,21.320983631131806,0
58442,SYNID0200647675,0.09246334012845725,13.266960437665043,21.31887791881425,0
55325,SYNID0200272842,0.09246990255970111,13.267198438440397,21.316886774420084,0
61387,SYNID0200996700,0.0924745498970807,13.267366986509058,21.315476680097667,0
58302,SYNID0200630960,0.09248575322219532,13.267773312837361,21.312077302975485,0
53604,SYNID0200059735,0.09249453101694893,13.268091676940578,21.309413828881873,0
58070,SYNID0200603733,0.0925008619648191,13.268321299979439,21.30749277368397,0
60086,SYNID0200839864,0.09251454841060414,13.268817718608627,21.303339673051468,0
55647,SYNID0200311107,0.09252926313945681,13.269351452509152,21.298874388169853,0
57018,SYNID0200477649,0.09254979650267159,13.27009627262643,21.292643129473454,0
60694,SYNID0200911814,0.09255260690442102,13.270198219087996,21.291790232565244,0
60786,SYNID0200922266,0.09255541191919059,13.270299970839684,21.290938964624363,0
53187,SYNID0200011226,0.09256290481808027,13.270571778756857,21.288664985433492,0
61052,SYNID0200956622,0.09256339471571279,13.270589550164363,21.28851630760511,0
54458,SYNID0200165611,0.09257625743159104,13.27105616256686,21.284612569610584,0
57554,SYNID0200541017,0.09257831262071636,13.271130718694893,21.283988823674616,0
59377,SYNID0200757155,0.09258628864941054,13.27142006877462,21.28156808454745,0
58151,SYNID0200612819,0.09264043004369288,13.273384330905571,21.265134820727727,0
53404,SYNID0200038160,0.09264409056128953,13.27351714474065,21.26402368349386,0
53979,SYNID0200106632,0.09265540161980956,13.273927549178836,21.260590188391948,0
58496,SYNID0200655277,0.09267092953681405,13.274490974431163,21.255876501930103,0
55665,SYNID0200313167,0.09271088503625391,13.275940845050922,21.24374670213224,0
54382,SYNID0200156698,0.09271705141360004,13.276164617890203,21.24187459043918,0
59327,SYNID0200751686,0.09271763161501656,13.276185673104049,21.241698439874312,0
61342,SYNID0200992052,0.09271856140428902,13.276219414745645,21.241416153060676,0
59846,SYNID0200810061,0.0927661952595149,13.277948129357455,21.22695350938536,0
56362,SYNID0200398439,0.09277674323849022,13.278330961019421,21.223750691594134,0
58812,SYNID0200693241,0.09279411078751082,13.27896132590441,21.218476979753685,0
59562,SYNID0200777887,0.09283200849894302,13.28033693783915,21.20696843744614,0
55040,SYNID0200237656,0.0928327933356709,13.280365427212592,21.206730091767913,0
57099,SYNID0200487337,0.09283916713934315,13.280596796697354,21.20479442558415,0
56149,SYNID0200372844,0.09285264025128359,13.281085883450672,21.200702664346515,0
60788,SYNID0200922449,0.09288265324590117,13.282175441831853,21.19158728201397,0
58355,SYNID0200637295,0.09299623156934628,13.286299390245059,21.157085811367416,0
53608,SYNID0200060132,0.09302096700196022,13.28719766887533,21.149570699467503,0
61213,SYNID0200975213,0.09302404629307554,13.287309498572036,21.148635118172166,0
58571,SYNID0200662873,0.09302422725267123,13.287316070454006,21.148580136981753,0
58606,SYNID0200667290,0.0930314040548379,13.287576711637104,21.1463995800914,0
55461,SYNID0200286865,0.09304995885008588,13.288250590694386,21.140761823217513,0
60169,SYNID0200849547,0.09306146523534481,13.288668498752074,21.137265551891925,0
60075,SYNID0200838226,0.09306162512364846,13.288674305924937,21.13721696835399,0
56257,SYNID0200387119,0.09306708396622071,13.288872573469025,21.135558237165565,0
55120,SYNID0200247065,0.09307158600690157,13.289036091552214,21.13419022433366,0
53127,SYNID0200005125,0.09312075985499785,13.290822246833178,21.1192470248021,0
54314,SYNID0200148662,0.0931349855208764,13.291339009886022,21.11492372016478,0
56428,SYNID0200407590,0.09318118427259775,13.293017355285144,21.10088247165227,0
58137,SYNID0200611182,0.09318783825889643,13.293259102352009,21.09885998531257,0
60396,SYNID0200877242,0.0932023013069288,13.293784575358899,21.09446381210519,0
53447,SYNID0200042133,0.09325724345199321,13.295780909546085,21.07776222943277,0
55455,SYNID0200286501,0.09326222964733738,13.295962097330307,21.076246389661645,0
55895,SYNID0200342086,0.09326714719325307,13.296140792715144,21.074751401616943,0
53470,SYNID0200045625,0.09327127160248966,13.29629066850697,21.073497521908923,0
60506,SYNID0200890431,0.0932770896926598,13.29650209309632,21.071728717226467,0
60737,SYNID0200917079,0.09331948138388163,13.298042663431838,21.058840112209097,0
60336,SYNID0200869271,0.09334244533150726,13.298877270832838,21.05185768181428,0
53575,SYNID0200057310,0.0933553142030723,13.29934500089526,21.04794459333639,0
59469,SYNID0200766329,0.09339990446524077,13.30096578633857,21.03438489864726,0
58262,SYNID0200626345,0.093414811755123,13.301507682372517,21.029851328331794,0
54724,SYNID0200197490,0.09345753955750286,13.303060994076056,21.01685612742846,0
56265,SYNID0200388303,0.0934669574231573,13.303403389854035,21.013991601323887,0
57997,SYNID0200595180,0.09348563137967153,13.304082323385357,21.008311558085026,0
60504,SYNID0200890192,0.09350753652639598,13.304878773827618,21.001648353601897,0
53999,SYNID0200107882,0.09352894039614851,13.305657039771065,20.99513728292092,0
60462,SYNID0200885464,0.09353863767991649,13.306009656121377,20.992187250223893,0
55812,SYNID0200331276,0.09354408855725244,13.306207866706377,20.99052899556235,0
55184,SYNID0200253864,0.09355345255795955,13.306548376640752,20.98768024666238,0
53696,SYNID0200071397,0.09357568910397207,13.307357011690662,20.9809151042205,0
56626,SYNID0200433170,0.09357897003330073,13.30747632688182,20.979916898337926,0
60332,SYNID0200868799,0.0935803732990344,13.307527358729002,20.97948995949166,0
59208,SYNID0200739094,0.09359104560862852,13.3079154789192,20.976242897208685,0
58217,SYNID0200620809,0.0935974725211981,13.308149211550559,20.97428746064355,0
58881,SYNID0200701792,0.09361148628085869,13.308658873889906,20.97002356146762,0
55617,SYNID0200307787,0.0936337908559991,13.309470098728704,20.96323675252647,0
58976,SYNID0200712654,0.09364920217644346,13.31003063960641,20.95854719710517,0
53914,SYNID0200099433,0.09367105698336498,13.310825579563524,20.951896629530587,0
58681,SYNID0200675977,0.09367473406593091,13.310959332824467,20.950777632941897,0
53465,SYNID0200044934,0.09369758530308597,13.311790569874335,20.943823399328167,0
57476,SYNID0200531195,0.09372124209602378,13.31265115909008,20.936623601806293,0
61248,SYNID0200980890,0.09373840128722888,13.313275409246216,20.93140104655582,0
56488,SYNID0200414692,0.09375801944473816,13.313989148727119,20.92542981236898,0
56336,SYNID0200396190,0.0937648456771017,13.314237505899223,20.923352025058218,0
55240,SYNID0200261061,0.0937692102616095,13.314396303716027,20.922023502568077,0
55557,SYNID0200298460,0.09378134711562225,13.314837891010706,20.918329127770242,0
61259,SYNID0200981558,0.09378422018392824,13.314942426658822,20.917454569401983,0
53951,SYNID0200103724,0.09380251328570283,13.315608032508818,20.91188602721987,0
59957,SYNID0200823139,0.0938200304129968,13.316245432142047,20.906553461791678,0
54742,SYNID0200199099,0.09382035709493858,13.316257319452115,20.90645401106186,0
59603,SYNID0200782387,0.09385618255803646,13.317560995251307,20.895547295503913,0
54536,SYNID0200174508,0.0938588547655605,13.317658240536732,20.894733729226054,0
53344,SYNID0200031130,0.09386919683518269,13.318034608620781,20.891584986539925,0
56590,SYNID0200428466,0.0938704386745644,13.318079802222394,20.891206891189718,0
59751,SYNID0200798177,0.0938707843533586,13.318092382351898,20.89110164424546,0
57609,SYNID0200547511,0.09387338869749995,13.318187161395652,20.890308710855333,0
55858,SYNID0200338074,0.09388224546628321,13.318509487430658,20.88761209074248,0
59593,SYNID0200781248,0.0938883250392622,13.31873074653051,20.885761009309356,0
60219,SYNID0200855201,0.09391773497838446,13.319801134371986,20.87680601012102,0
57697,SYNID0200558541,0.09395387169561675,13.321116452451378,20.86580189378393,0
53689,SYNID0200070290,0.09395923819192303,13.321311794222744,20.864167639977737,0
53275,SYNID0200020904,0.09397223240834729,13.321784797556747,20.86021043464713,0
57589,SYNID0200545455,0.09399526928955448,13.322623401806302,20.85319456611505,0
54840,SYNID0200212222,0.09402371344847621,13.323658911113444,20.84453136512783,0
56083,SYNID0200364285,0.09402856258235381,13.323835451019903,20.843054410086125,0
57484,SYNID0200532299,0.09404133847140522,13.32430058629469,20.839163029927644,0
57558,SYNID0200541226,0.09404494338676472,13.324431834078645,20.83806499447428,0
60507,SYNID0200890437,0.09409147243072064,13.326125968451754,20.823891653421313,0
57155,SYNID0200493625,0.09412215404791813,13.327243200220845,20.814544752048047,0
59786,SYNID0200802502,0.09413367482581092,13.327662736393219,20.81103485971042,0
56338,SYNID0200396420,0.09415202218003071,13.328330891102086,20.80544499345467,0
58842,SYNID0200698316,0.09415503655625879,13.32844066838397,20.80452658291967,0
53965,SYNID0200105263,0.09418544698410031,13.329548198212809,20.795260849197707,0
54698,SYNID0200195123,0.09419012059157367,13.32971841559545,20.793836789184738,0
57483,SYNID0200532281,0.09419735613401642,13.32998194503725,20.791632068759135,0
54331,SYNID0200150833,0.0942154867275114,13.330642309419913,20.78610737735136,0
55164,SYNID0200251517,0.09422722780986692,13.331069966572374,20.782529543873817,0
54115,SYNID0200122658,0.09423534573524744,13.331365661100527,20.780055726293877,0
60637,SYNID0200905332,0.09428190176076995,13.333061573403572,20.765867510855664,0
54988,SYNID0200229962,0.09428540889632525,13.333189336914868,20.76479862526518,0
53838,SYNID0200089594,0.09428670283827661,13.333236474968894,20.764404262381763,0
53456,SYNID0200044152,0.09428698219705195,13.333246651974566,20.764319120273466,0
57354,SYNID0200517796,0.09429018150340479,13.333363202809393,20.763344041343334,0
57646,SYNID0200552619,0.094315921885195,13.33430095920365,20.755498653509076,0
54824,SYNID0200210352,0.09434832693525108,13.335481602946565,20.745621239594357,0
54904,SYNID0200219761,0.09438454118057232,13.336801142293357,20.734581807603757,0
60395,SYNID0200876895,0.09439772263225282,13.337281464417336,20.730563372356524,0
59600,SYNID0200782112,0.09445432026202494,13.339344016634291,20.71330780132601,0
56731,SYNID0200445135,0.09446111602936591,13.339591689912337,20.711235735558866,0
54423,SYNID0200161838,0.09446145005194168,13.339603863547682,20.711133889395818,0
61082,SYNID0200959708,0.09448050706532302,13.340298423422158,20.705323114206497,0
57341,SYNID0200516011,0.0945289449819981,13.34206395890444,20.69055242250184,0
57756,SYNID0200566344,0.0945398986988667,13.342463245114054,20.68721194389729,0
58364,SYNID0200639184,0.0945623203947577,13.343280597119225,20.68037387431232,0
59758,SYNID0200798668,0.09460039764059547,13.344668754176793,20.668760377930752,0
59681,SYNID0200789955,0.09461316962675798,13.345134403260714,20.664864699180498,0
55323,SYNID0200272715,0.09461649643674935,13.345255696594794,20.663849943905678,0
59872,SYNID0200813037,0.09464414297833096,13.346263710074574,20.65541677646533,0
57942,SYNID0200588418,0.09465897946486956,13.346804687761905,20.65089088915302,0
58994,SYNID0200714161,0.09466494814356569,13.347022327218234,20.649070090112474,0
55385,SYNID0200280280,0.0946651625210998,13.34703014425249,20.64900469182159,0
54676,SYNID0200192395,0.09466947345513932,13.347187338462767,20.64768958530514,0
57257,SYNID0200505232,0.09468204029659893,13.347645586218281,20.64385582699839,0
58851,SYNID0200699471,0.09469627769380157,13.348164767674211,20.63951228969694,0
59668,SYNID0200788591,0.09470220368898963,13.34838087061047,20.637704345376385,0
59057,SYNID0200719678,0.09471900005402634,13.348993399888359,20.632579848466182,0
57732,SYNID0200562545,0.09472549455844487,13.349230248063565,20.6305983468697,0
54642,SYNID0200188047,0.09473817525641243,13.349692711560898,20.626729319137148,0
60095,SYNID0200840397,0.09474823485757994,13.350059594273079,20.623659932263994,0
56395,SYNID0200402508,0.09476121755402123,13.350533098363218,20.61969853754465,0
57621,SYNID0200549394,0.09476326820185876,13.35060789084978,20.61907281420353,0
56644,SYNID0200435107,0.09477030926596308,13.350864699742228,20.616924318738317,0
58536,SYNID0200659100,0.09479130568737337,13.351630529194987,20.61051729330122,0
53156,SYNID0200007617,0.09482622141320624,13.35290414318759,20.59986207859482,0
57918,SYNID0200585299,0.0948294689098183,13.353022607054882,20.598870994994712,0
57785,SYNID0200569174,0.09483130318745275,13.353089519206275,20.598311199527874,0
61119,SYNID0200963553,0.09485096130268661,13.353806641656128,20.592311662997698,0
58212,SYNID0200620287,0.09485988381546778,13.354132143864112,20.589588470622587,0
57706,SYNID0200559336,0.09487697372262532,13.35475562081925,20.58437238406883,0
58650,SYNID0200672528,0.09488166210501586,13.35492666779565,20.58294138357023,0
57950,SYNID0200589256,0.09489680149325253,13.355479013943743,20.57832038628664,0
54255,SYNID0200140148,0.09489862094365914,13.355545396246871,20.57776502359697,0
55043,SYNID0200238201,0.09492600398907813,13.356544497478685,20.56940641714301,0
61150,SYNID0200967257,0.09494240232522577,13.357142841563412,20.564400595341358,0
61373,SYNID0200994857,0.09494263755090349,13.357151424677054,20.56432878793405,0
61266,SYNID0200983193,0.09495719423152554,13.357682590860016,20.559884984900258,0
58106,SYNID0200607748,0.09496339757439937,13.357908953619685,20.557991205607774,0
59044,SYNID0200718828,0.09496793727309066,13.358074611454963,20.55660529134101,0
57708,SYNID0200559552,0.09499687555863717,13.359130640102185,20.547770422976164,0
53692,SYNID0200070562,0.09500379669660353,13.359383220495097,20.54565730366943,0
56604,SYNID0200430676,0.09501757070513428,13.35988590276993,20.541451800590337,0
55063,SYNID0200240410,0.09504293732483154,13.360811701986801,20.53370644800466,0
55115,SYNID0200246049,0.09504533774334573,13.36089931246845,20.53297348770591,0
54629,SYNID0200186157,0.09504935266452424,13.36104585023359,20.53174753434859,0
60198,SYNID0200852407,0.0950498770472783,13.361064989415684,20.531587413546138,0
53333,SYNID0200029730,0.09505794329298783,13.361359398379028,20.52912435116291,0
56091,SYNID0200365485,0.0950713223632928,13.361847732439664,20.525038887046843,0
59143,SYNID0200730764,0.09507737124402976,13.362068520976319,20.523191742404556,0
59275,SYNID0200746301,0.0950803377678503,13.362176802454023,20.522285845955267,0
61155,SYNID0200968088,0.09508291401969243,13.36227083920632,20.52149912266874,0
54591,SYNID0200181438,0.09509900923391157,13.362858350312534,20.5165839309266,0
57223,SYNID0200500802,0.09510272672261189,13.362994050235782,20.515448648316447,0
54733,SYNID0200197967,0.09511770211529352,13.36354071135886,20.5108752126665,0
55875,SYNID0200339848,0.09515109460587584,13.364759742284717,20.50067664675549,0
59198,SYNID0200737941,0.0951515052264098,13.36477473308109,20.500551231869267,0
58700,SYNID0200679925,0.09515203196322497,13.36479396303387,20.50039035166784,0
58986,SYNID0200713343,0.09516335324554309,13.365207283128138,20.496932463820762,0
56840,SYNID0200456199,0.09524033007565103,13.368017878242375,20.473418671911357,0
55594,SYNID0200303482,0.09525569833040098,13.368579071382273,20.468723659582587,0
56461,SYNID0200412205,0.09525807226801575,13.36866576090722,20.467998404123357,0
54028,SYNID0200111054,0.09526033816094448,13.368748505418388,20.467306153145117,0
59147,SYNID0200731446,0.0952638627586831,13.368877215473251,20.46622934865223,0
57762,SYNID0200567108,0.09528070723091964,13.36949235162878,20.46108304227611,0
56493,SYNID0200415228,0.09530347753961094,13.370323931596523,20.454125939768364,0
59541,SYNID0200774950,0.09532188668269287,13.370996274413336,20.448501035275278,0
61400,SYNID0200998897,0.09534971839462869,13.372012808461319,20.439996583690622,0
55510,SYNID0200292097,0.09537719470163414,13.373016430175445,20.43160015831359,0
55649,SYNID0200311343,0.0953871183053907,13.373378924469195,20.428567485500494,0
57792,SYNID0200569844,0.09544043486342291,13.375326650217916,20.412272567132494,0
57268,SYNID0200506763,0.09544814198380636,13.375608222951001,20.409916894264658,0
57923,SYNID0200585983,0.09544860574571384,13.37562516624759,20.409775144516264,0
55546,SYNID0200296526,0.09546121976753214,13.376086020327968,20.405919581368202,0
57277,SYNID0200507482,0.09549545442287677,13.377336858041659,20.39545491587328,0
54693,SYNID0200194378,0.09551530799695712,13.37806230012079,20.389385776279077,0
55219,SYNID0200257329,0.0955297518231834,13.37859009443778,20.384970182699725,0
58513,SYNID0200656613,0.09553020927530048,13.378606810581505,20.38483033334074,0
55150,SYNID0200250352,0.09553891697570771,13.378925009613269,20.382168240255627,0
57857,SYNID0200577347,0.09555541869447415,13.379528038464763,20.377123225106498,0
59719,SYNID0200793862,0.09556451911137714,13.37986060913373,20.374340897098552,0
57076,SYNID0200484644,0.09556567799172733,13.379902960435407,20.373986580786806,0
57374,SYNID0200520764,0.09558568006422197,13.380633955631286,20.367870983120117,0
55958,SYNID0200350765,0.09562614046810158,13.382112730989299,20.35549936264981,0
58131,SYNID0200610530,0.09562617204777935,13.382113885243408,20.355489706014872,0
59351,SYNID0200753655,0.09564011743756934,13.382623605505783,20.35122532224761,0
53412,SYNID0200039594,0.09565429167515582,13.383141708436455,20.34689080802402,0
60468,SYNID0200885870,0.0956573735636162,13.383254361374943,20.345948339384467,0
61105,SYNID0200961262,0.09566816486964924,13.383648825096099,20.342648206324377,0
55175,SYNID0200253060,0.0956801455329081,13.384086776728735,20.338984247932057,0
53313,SYNID0200026135,0.09571977494650052,13.38553551740175,20.32686390141063,0
56698,SYNID0200441293,0.09572833028415562,13.385848295289023,20.324247162301578,0
54321,SYNID0200149488,0.09573174732677253,13.385973222117078,20.323202008759555,0
56820,SYNID0200453706,0.09574801471989053,13.386567971298854,20.318226262367723,0
60886,SYNID0200935695,0.09575075764765018,13.386668257336497,20.3173872567747,0
61038,SYNID0200955272,0.09576105573819593,13.387044778865734,20.314237230346833,0
59899,SYNID0200816677,0.09577896590974816,13.387699638176265,20.308758595064326,0
59512,SYNID0200772465,0.09577947152857336,13.387718125812563,20.30860392517585,0
59945,SYNID0200822171,0.09578410592084063,13.38788758054638,20.307186245578812,0
58717,SYNID0200681312,0.09578893520668097,13.38806416355429,20.30570892994494,0
58041,SYNID0200600449,0.09579775283850928,13.388386586017374,20.303011503102674,0
59975,SYNID0200825275,0.09581376766691035,13.388972196659326,20.298112210883367,0
56158,SYNID0200374275,0.09581428288374016,13.388991036862953,20.297954591372335,0
61346,SYNID0200992297,0.09584531353751047,13.390125795312795,20.288461059585494,0
58178,SYNID0200616929,0.09585110899581284,13.39033773879765,20.28668791375804,0
56188,SYNID0200378061,0.09585830614459878,13.390600947198871,20.284485879198243,0
60116,SYNID0200843362,0.09586099433476997,13.390699258754129,20.283663392372986,0
57812,SYNID0200571314,0.09586278938815723,13.390764907185927,20.283114169343076,0
57317,SYNID0200513177,0.09586673923115785,13.390909361297266,20.28190564809528,0
55349,SYNID0200275737,0.09588540860513572,13.391592158892127,20.276193277615295,0
60121,SYNID0200843982,0.0958941575236047,13.391912145151405,20.273516232360212,0
57170,SYNID0200495063,0.09591563586453433,13.39269773151217,20.26694391814805,0
60454,SYNID0200884382,0.09591914131987739,13.392825950123045,20.26587122513732,0
60666,SYNID0200908685,0.09592920634321572,13.393194103431274,20.26279120829799,0
59934,SYNID0200820826,0.09595923984645005,13.394292708158915,20.253600143094197,0
61094,SYNID0200960552,0.0959787240539387,13.395005470636386,20.247637082640825,0
55447,SYNID0200285709,0.09599877503442367,13.395739002436338,20.241500263425692,0
54971,SYNID0200227237,0.09601315581560926,13.396265121836912,20.237098682407538,0
57824,SYNID0200573044,0.09601838880123648,13.396456574725324,20.235496963484824,0
54228,SYNID0200136882,0.09601885710926217,13.396473708263086,20.23535362215486,0
60735,SYNID0200916708,0.09604832051320294,13.397551697574537,20.226335028113475,0
53847,SYNID0200090719,0.09604887789892408,13.397572091626012,20.22616440891609,0
58118,SYNID0200608744,0.09605648489387164,13.397850424938904,20.223835837444646,0
57916,SYNID0200584932,0.09607220568952529,13.398425651755138,20.219023417616143,0
58878,SYNID0200701608,0.09607473553552953,13.398518221378868,20.21824896851159,0
58569,SYNID0200662594,0.09608843069406187,13.399019351144283,20.2140564539214,0
54526,SYNID0200173660,0.09609432329265599,13.399234976844891,20.212252502214255,0
55024,SYNID0200235196,0.09611214380858601,13.399887095595522,20.20679679480022,0
61192,SYNID0200973081,0.09612711014683806,13.400434791632488,20.202214700930654,0
55247,SYNID0200262264,0.096134770207077,13.400715120867744,20.199869431321893,0
56199,SYNID0200379480,0.09616173530519456,13.401701983783868,20.19161321215488,0
56174,SYNID0200376808,0.09616173530519456,13.401701983783868,20.19161321215488,0
58050,SYNID0200601172,0.09616221003348502,13.401719358378958,20.191467854109057,0
61065,SYNID0200958102,0.09616365220908246,13.401772140732628,20.191026270305535,0
55118,SYNID0200246571,0.09616640331282128,13.401872829223466,20.19018389773851,0
56694,SYNID0200440845,0.09616985612795187,13.401999200835782,20.189126656949842,0
55160,SYNID0200251102,0.09617000960324995,13.40200481799359,20.18907966310176,0
60311,SYNID0200865700,0.09617342653520239,13.402129877407603,20.188033400328965,0
55801,SYNID0200330138,0.09619419948253266,13.40289018825576,20.181672544231443,0
55667,SYNID0200313449,0.09619419948253266,13.40289018825576,20.181672544231443,0
56873,SYNID0200459702,0.09621154302518209,13.403525009390254,20.176361550847677,0
61287,SYNID0200985003,0.09624183046627577,13.404633678026784,20.167086289717474,0
57052,SYNID0200482025,0.09624981504750357,13.404925966645893,20.16464096640056,0
61158,SYNID0200968866,0.09625967207648028,13.405286807241563,20.161622128633418,0
60757,SYNID0200918560,0.09626519615296708,13.405489033391452,20.15993027925137,0
58478,SYNID0200653607,0.09627625887563601,13.405894027379869,20.156542048652128,0
59253,SYNID0200743500,0.0962828681263675,13.406135990003143,20.154517758940415,0
56492,SYNID0200415191,0.09628773300000715,13.406314094052032,20.15302771808659,0
61085,SYNID0200959825,0.09636459620500731,13.409128357049186,20.12948324020778,0
55356,SYNID0200277007,0.0963931175949993,13.41017277317783,20.12074552363262,0
53628,SYNID0200062699,0.09641011791733989,13.410795337932141,20.115537068665603,0
54135,SYNID0200125599,0.09642342668956644,13.411282733610184,20.111459455176206,0
58382,SYNID0200640743,0.09642438425488936,13.411317802318324,20.11116606595712,0
56848,SYNID0200457049,0.09643245409325157,13.411613345572302,20.108693513955934,0
56549,SYNID0200422315,0.09644831498780437,13.412194239409564,20.10383368311739,0
56805,SYNID0200451590,0.09645377550533935,13.412394232213805,20.1021605181857,0
60501,SYNID0200889730,0.0964729293497199,13.413095767893074,20.09629138253689,0
60963,SYNID0200943845,0.09654142675486316,13.415604851299207,20.07530007546592,0
60873,SYNID0200933970,0.09654760052733491,13.415831019625987,20.073407922823428,0
59958,SYNID0200823225,0.09656519316711476,13.416475522661631,20.068015929437976,0
58942,SYNID0200708844,0.09658024274034199,13.417026883239416,20.063403177559426,0
56931,SYNID0200466923,0.09659078798623844,13.417413234215989,20.06017091673996,0
54133,SYNID0200125123,0.09659947913738415,13.417731663470738,20.057506897580403,0
61194,SYNID0200973353,0.0966051180287642,13.41793826669766,20.0557784290219,0
58712,SYNID0200680998,0.09662466076820103,13.41865431508095,20.049787878267566,0
60412,SYNID0200879342,0.09662997762310732,13.418849131303455,20.04815802126917,0
60794,SYNID0200923626,0.09663195178004452,13.418921467539777,20.047552847226225,0
58561,SYNID0200661418,0.09663268263558894,13.418948247334052,20.047328804102115,0
54661,SYNID0200191286,0.09666533219230578,13.420144632308803,20.037319697063783,0
56224,SYNID0200382251,0.09670413909454728,13.421566768237279,20.02542192917838,0
56471,SYNID0200413125,0.09671618679177224,13.422008301633063,20.021728005305494,0
59109,SYNID0200726612,0.09672426889779606,13.422304508344833,20.019249902733037,0
61284,SYNID0200984756,0.09673130916742384,13.422562536909439,20.01709120333728,0
59605,SYNID0200782660,0.09673219107141684,13.42259485934432,20.01682078978536,0
53992,SYNID0200107359,0.09675426895263056,13.423404053087328,20.01005097324685,0
54063,SYNID0200115296,0.0967630558660823,13.423726121470299,20.007356508683305,0
60040,SYNID0200833621,0.09677413685143837,13.424132284906,20.003958494341102,0
58924,SYNID0200706646,0.09680934618259318,13.425422924985142,19.993160837255196,0
53172,SYNID0200009420,0.09681616501795431,13.425672890565455,19.99106959379925,0
54417,SYNID0200160671,0.0968401074268932,13.426550607381111,19.9837265046242,0
59750,SYNID0200798062,0.09684648413108676,13.426784382978585,19.981770708599157,0
56545,SYNID0200421889,0.09688507678909414,13.428199302757967,19.96993331192385,0
59556,SYNID0200776782,0.09688988665937859,13.428375656171323,19.968457917106885,0
59223,SYNID0200739869,0.09691247202245756,13.429203774391139,19.961529776017283,0
60911,SYNID0200937776,0.09692645343338213,13.429716442098231,19.957240733557136,0
59621,SYNID0200784354,0.09693294832056071,13.429954601430756,19.955248262653768,0
61175,SYNID0200971024,0.09696464694125895,13.431117005000537,19.94552344831958,0
54823,SYNID0200210347,0.09698691621573641,13.431933684613934,19.93869100404868,0
59525,SYNID0200773252,0.09699989024946792,13.4324095012895,19.93471026194903,0
54333,SYNID0200151389,0.09702501179979584,13.433330866055476,19.927002008536764,0
53997,SYNID0200107762,0.09703219955890607,13.433594496818401,19.924796440445913,0
53327,SYNID0200028035,0.09703277485059636,13.433615597420934,19.924619910153574,0
57103,SYNID0200487781,0.0970425966304786,13.433975846231434,19.921606023335524,0
57692,SYNID0200557969,0.09704464731179135,13.434051063391212,19.920976747124907,0
59581,SYNID0200780059,0.0970525915156717,13.434342453311062,19.918538942438925,0
60675,SYNID0200909581,0.0970716758080945,13.43504248027853,19.912682428862627,0
54479,SYNID0200169003,0.09707574539239888,13.435191760144322,19.91143353474668,0
58096,SYNID0200606441,0.09707806468330954,13.435276836691434,19.910721773662686,0
58656,SYNID0200673236,0.09711896634310169,13.436777277458962,19.89816889765388,0
53584,SYNID0200058125,0.09715609960776006,13.438139609954803,19.88677145280089,0
58015,SYNID0200597244,0.09717808971528075,13.438946434691733,19.8800214556649,0
55491,SYNID0200290455,0.09718249040786237,13.439107902930981,19.87867059208499,0
54352,SYNID0200153055,0.09719555093757498,13.439587124418356,19.874661364901915,0
56587,SYNID0200428100,0.0972413111423347,13.441266296329967,19.860613201682053,0
57032,SYNID0200479591,0.09724913402760432,13.44155337640494,19.858211453699916,0
59186,SYNID0200736409,0.09725372406135757,13.441721821613424,19.856802219918656,0
53857,SYNID0200091982,0.0972688412969564,13.442276607992266,19.852160807357954,0
59762,SYNID0200799081,0.0972908275452965,13.443083516961948,19.845410105520166,0
53810,SYNID0200086054,0.09729804972223333,13.44334858495355,19.84319251339357,0
55440,SYNID0200284985,0.09730829560626164,13.443724637053796,19.84004641426762,0
53184,SYNID0200010851,0.0973324718675122,13.44461201020588,19.832622538968636,0
60658,SYNID0200908109,0.09733939367588323,13.444866080263756,19.830496956937594,0
59173,SYNID0200734483,0.09736208029416371,13.445698839860198,19.823529985507914,0
54545,SYNID0200175304,0.09737933133873394,13.446332106803336,19.818231994684343,0
58053,SYNID0200601239,0.09738708775458943,13.44661684517278,19.815849837704913,0
57316,SYNID0200513104,0.09739122922883614,13.446768881122159,19.814577885847328,0
60318,SYNID0200866695,0.09739497583272316,13.446906422496342,19.813427197427245,0
56015,SYNID0200356197,0.09739616482364866,13.446950071745936,19.813062022320103,0
60709,SYNID0200913521,0.09740985790798307,13.44745277020221,19.80885638386507,0
54275,SYNID0200143186,0.09741905593373268,13.447790456342753,19.806031259179125,0
55999,SYNID0200355083,0.09742964319009267,13.44817915471026,19.802779359792144,0
60050,SYNID0200834673,0.09743581595684964,13.44840578512569,19.800883341257936,0
53817,SYNID0200087245,0.09744897286123888,13.448888846678603,19.796841987604008,0
58744,SYNID0200684308,0.09745771558447436,13.449209848353194,19.794156447256807,0
55792,SYNID0200328590,0.09749718912814914,13.450659263162956,19.782030460822643,0
53231,SYNID0200016399,0.09750920773752769,13.45110059837319,19.778338194994973,0
54684,SYNID0200192968,0.09752544285362574,13.451696788801062,19.7733503909572,0
60056,SYNID0200835106,0.0975303540566112,13.45187714409459,19.771841515907806,0
57306,SYNID0200511598,0.09756669525946815,13.45321177926459,19.76067579036328,0
54974,SYNID0200227680,0.09756886696761086,13.453291539331047,19.760008507624548,0
53813,SYNID0200086374,0.09758194465106124,13.453771850954777,19.755990160223735,0
57729,SYNID0200562185,0.09758947361798942,13.454048378746066,19.7536766939729,0
60347,SYNID0200871361,0.09760102323483771,13.454472589103071,19.750127696819252,0
59924,SYNID0200819773,0.0976013498442942,13.454484585445504,19.750027333910978,0
57747,SYNID0200565211,0.09760754994292503,13.454712316480302,19.748122107456833,0
54213,SYNID0200134822,0.097638899473246,13.455863845597063,19.73848827016309,0
56554,SYNID0200423077,0.09764381999184374,13.456044593945004,19.73697610677111,0
54305,SYNID0200147159,0.0976614728426679,13.456693064846291,19.731550917723105,0
57800,SYNID0200570580,0.0976962062919492,13.457969068240741,19.72087571298058,0
59988,SYNID0200827020,0.09771284028007055,13.4585801903954,19.715762988240147,0
61211,SYNID0200974843,0.09772010350470961,13.45884704457955,19.713530452602267,0
56066,SYNID0200362235,0.09772279316688748,13.458945865216492,19.712703706735656,0
53301,SYNID0200024351,0.09774034382646318,13.459590708649,19.70730886554729,0
58237,SYNID0200623085,0.09774528446515279,13.459772241853743,19.705790135944646,0
60539,SYNID0200894002,0.09775268389788339,13.460044122358468,19.703515549477213,0
53595,SYNID0200058828,0.0977790181284009,13.461011772768591,19.695420064549662,0
53137,SYNID0200005824,0.09778638136050899,13.461282345817125,19.69315641642503,0
53923,SYNID0200099912,0.09778710229492871,13.461308837903914,19.69293478029791,0
54025,SYNID0200110796,0.09779082390652416,13.461445596254165,19.691790642754448,0
56085,SYNID0200364461,0.09779884381306952,13.46174030868437,19.689325041529347,0
56301,SYNID0200392171,0.09780179221384344,13.46184865685533,19.688418587115887,0
55142,SYNID0200249271,0.09785265593597992,13.463717927821762,19.672780031315273,0
57066,SYNID0200483555,0.09785872502547249,13.463940986130257,19.670913897476538,0
54506,SYNID0200171426,0.0978976394526479,13.465371294881717,19.65894775472704,0
53193,SYNID0200011958,0.09790174879215624,13.465522342684022,19.657684069832058,0
55718,SYNID0200318979,0.09791775098993427,13.46611055333207,19.65276302563502,0
54109,SYNID0200121569,0.0979511186719707,13.46733716177518,19.642501065262476,0
54237,SYNID0200137799,0.09795578089407408,13.467508554905075,19.64106716880024,0
60751,SYNID0200918135,0.09795889683644804,13.46762310463485,19.640108831366465,0
59012,SYNID0200715762,0.0979953083318289,13.468961746851033,19.628909582370046,0
54583,SYNID0200180277,0.09805631023070227,13.471204709161402,19.610144677827414,0
55785,SYNID0200327997,0.0980793516715236,13.47205200223624,19.603056117491178,0
59416,SYNID0200760642,0.0980863724705992,13.472310184741106,19.600896130211844,0
55238,SYNID0200260513,0.09810207060293091,13.472887483370135,19.596066377337152,0
56039,SYNID0200358869,0.09810937598627373,13.47315614644391,19.593818708301335,0
55438,SYNID0200284936,0.0981164464077543,13.473416173201313,19.591643291773543,0
54214,SYNID0200134879,0.09812342133809121,13.473672692592226,19.589497218314545,0
56121,SYNID0200369164,0.09813985888802507,13.474277239579804,19.584439502248163,0
61071,SYNID0200958684,0.09816202172523952,13.475092392691908,19.577619828878913,0
55195,SYNID0200254813,0.09821725938653647,13.477124239423105,19.56062114380076,0
55537,SYNID0200295139,0.09825165538779307,13.478389593475589,19.550035032791335,0
54112,SYNID0200122459,0.09826232374229732,13.478782081038792,19.546751432516984,0
61365,SYNID0200994287,0.09829561296747169,13.480006854897882,19.536504820504884,0
58652,SYNID0200672889,0.09830435662535242,13.480328567518857,19.53381333229092,0
54662,SYNID0200191293,0.09831380686061236,13.480676285698987,19.530904278301154,0
54528,SYNID0200173673,0.09831947189207807,13.480884732519582,19.529160386006282,0
61203,SYNID0200974240,0.098328386082148,13.481212739223686,19.52641624070195,0
59602,SYNID0200782247,0.0983305401720897,13.481292002249418,19.52575311626835,0
54891,SYNID0200218882,0.09833518099856448,13.481462769984114,19.524324451940934,0
58996,SYNID0200714307,0.0983455317939006,13.481843653619455,19.52113793158525,0
57164,SYNID0200494607,0.0983502002203947,13.482015443365254,19.519700716984534,0
58349,SYNID0200636404,0.09837072906186073,13.482770891713002,19.513380541176495,0
57055,SYNID0200482658,0.09837894847938317,13.483073371890846,19.510849953998534,0
53338,SYNID0200030198,0.09838719232378279,13.483376757212579,19.508311794273048,0
57239,SYNID0200503309,0.09841479478744353,13.484392612880244,19.499813018103364,0
58555,SYNID0200660991,0.09841876890007356,13.48453887821392,19.49858934394191,0
54544,SYNID0200174978,0.09844063294701211,13.485343599997638,19.491856940376763,0
53239,SYNID0200017467,0.09844081198482302,13.485350189792353,19.49180180932609,0
54578,SYNID0200179602,0.09846232424557189,13.486142006953154,19.48517736745786,0
54173,SYNID0200129257,0.09846996490835674,13.486423252500028,19.48282443187098,0
53586,SYNID0200058501,0.09847971588465598,13.486782184458102,19.47982156200578,0
55966,SYNID0200351757,0.09848498088751656,13.486975992038488,19.478200143434123,0
53449,SYNID0200042354,0.09849160697108567,13.487219905341874,19.47615953408748,0
53671,SYNID0200067334,0.09853984392679827,13.488995681182068,19.4613031702617,0
58992,SYNID0200713832,0.09857089652354112,13.490138951851325,19.451738424177556,0
57242,SYNID0200503732,0.09860516463265528,13.491400711439855,19.441182384905265,0
56683,SYNID0200439838,0.09860809303374024,13.49150854083119,19.440280270667344,0
59895,SYNID0200816255,0.09862881295157422,13.492271510752714,19.433897168427894,0
54737,SYNID0200198381,0.09864090868414221,13.492716930347024,19.430170732129792,0
53613,SYNID0200060612,0.09864414769770885,13.492836207758439,19.42917284231731,0
57200,SYNID0200498006,0.09864548204835433,13.492885345804456,19.428761747249577,0
60495,SYNID0200889207,0.0986650034918124,13.493604250174874,19.42274730294803,0
57406,SYNID0200523115,0.09866547357448596,13.493621562055836,19.42260246957648,0
54670,SYNID0200191653,0.09868380877597677,13.494296814049344,19.416953226545573,0
58230,SYNID0200622331,0.09870102055032687,13.494930720346257,19.411649886807968,0
59767,SYNID0200800375,0.09875461156117143,13.496904640969793,19.39513581882556,0
57432,SYNID0200525900,0.09877944317114395,13.497819354395846,19.387483211358912,0
54779,SYNID0200204089,0.098792683447957,13.498307105032872,19.383402628238077,0
56888,SYNID0200461875,0.09879568060744787,13.498417517832657,19.38247890088044,0
61281,SYNID0200984334,0.09879777348055097,13.498494617982134,19.38183387134137,0
58468,SYNID0200651030,0.09880134674678609,13.498626255827675,19.38073257258376,0
60160,SYNID0200848245,0.09882627357014434,13.49954458367108,19.373049726447356,0
60279,SYNID0200861950,0.09884136875882638,13.500100732497115,19.368396915482222,0
54229,SYNID0200136887,0.09886781320160437,13.501075069923134,19.360245486139416,0
56518,SYNID0200419011,0.09888147075033565,13.501578303292916,19.356035372530755,0
55497,SYNID0200291058,0.09888525567285233,13.50171776761133,19.354868596517594,0
59923,SYNID0200819657,0.09889786316708382,13.502182329702388,19.350982011686224,0
56332,SYNID0200396041,0.09893568974288697,13.503576254433497,19.339320262223058,0
59314,SYNID0200749405,0.09894079167727354,13.503764272856271,19.33774727647143,0
60374,SYNID0200873966,0.09894839054490828,13.504044313645142,19.335404420041392,0
54547,SYNID0200175487,0.09895493272267547,13.504285416531859,19.333387322993744,0
58177,SYNID0200616826,0.09898131358704232,13.505257686602596,19.32525318940502,0
59671,SYNID0200788836,0.0989908439222903,13.505608944032467,19.322314525607187,0
57516,SYNID0200535427,0.09900217416904888,13.506026551259293,19.31882077107039,0
61317,SYNID0200988614,0.09901437487858933,13.506476254966577,19.315058493344782,0
53790,SYNID0200083102,0.09901876880640209,13.50663821329431,19.313703529623027,0
57185,SYNID0200496670,0.09902672411624075,13.5069314471783,19.311250298101367,0
55449,SYNID0200285816,0.0990644068245432,13.508320516367629,19.299629170710876,0
55029,SYNID0200235804,0.09906550718584484,13.508361080116229,19.299289809292773,0
55297,SYNID0200267966,0.09907838464619773,13.508835803435998,19.295318214345127,0
54614,SYNID0200184742,0.09908645153796886,13.50913319450274,19.292830203310153,0
58819,SYNID0200694679,0.09908648284334848,13.509134348607011,19.29282054792879,0
58387,SYNID0200641553,0.0991154777286068,13.510203312881465,19.283877458481026,0
56723,SYNID0200444584,0.09912552313248918,13.510573678228672,19.280778935445596,0
60663,SYNID0200908292,0.09912873034875136,13.510691927471115,19.27978964742396,0
60084,SYNID0200839631,0.09912987822983371,13.510734249782624,19.279435573647575,0
53968,SYNID0200105480,0.09916230526604558,13.511929882870648,19.26943275698808,0
58477,SYNID0200653489,0.09916425224360437,13.512001673909102,19.26883214413899,0
58472,SYNID0200652719,0.09917692962115515,13.51246913625773,19.264921295388348,0
60097,SYNID0200840520,0.09918246789603069,13.512673357816832,19.263212752162108,0
55844,SYNID0200336358,0.09918412148167288,13.512734333639665,19.26270262076596,0
59936,SYNID0200820993,0.09920395020859268,13.513465535768471,19.25658529187241,0
60381,SYNID0200874949,0.09920845009296031,13.513631478085633,19.25519699759445,0
57471,SYNID0200530200,0.09922204311087085,13.514132759367454,19.251003215398953,0
53227,SYNID0200015836,0.09923827949022501,13.514731544420362,19.245993704402085,0
56734,SYNID0200445323,0.09926181015348434,13.515599380051468,19.238733282458696,0
59419,SYNID0200760921,0.0993001136888052,13.517012163749461,19.226913756508722,0
60884,SYNID0200935258,0.09931080595820091,13.517406560436635,19.223614184263326,0
55795,SYNID0200328983,0.09932829842873714,13.518051813078495,19.218215919578096,0
57254,SYNID0200504749,0.09934561704775846,13.518690680533574,19.212871074167857,0
55197,SYNID0200255281,0.0993507091993473,13.518878530437043,19.21129949826993,0
61018,SYNID0200952905,0.09935825218045391,13.519156796036793,19.208971493295135,0
54672,SYNID0200192155,0.09939210768145462,13.52040581256119,19.1985220640987,0
56218,SYNID0200381536,0.0994024689650177,13.520788088061574,19.195323899225148,0
57247,SYNID0200504000,0.09940990325835525,13.521062379495849,19.193029142618133,0
57858,SYNID0200577441,0.09944036790602379,13.52218643888166,19.1836251205454,0
57983,SYNID0200592858,0.09947576982553574,13.523492777043392,19.172696131327893,0
55226,SYNID0200258337,0.09952161899596779,13.525184792543566,19.158540517032186,0
55524,SYNID0200293748,0.09952161899596779,13.525184792543566,19.158540517032186,0
57078,SYNID0200484957,0.09953713338267334,13.525757378561567,19.153750190453543,0
56691,SYNID0200440458,0.09955240238221874,13.526320929789781,19.14903545006159,0
58575,SYNID0200663309,0.09958873922534373,13.527662143538988,19.13781468729675,0
55973,SYNID0200352243,0.09961644675514914,13.528684926168705,19.129257959292122,0
55695,SYNID0200315921,0.09961705739041954,13.528707467666925,19.1290693742854,0
56732,SYNID0200445203,0.0996256856270174,13.529025981243434,19.12640464967942,0
58153,SYNID0200613155,0.09964216640083862,13.52963439233199,19.121314606058682,0
56103,SYNID0200366685,0.09965564524838028,13.5301320016819,19.11715154370701,0
58469,SYNID0200652131,0.0996571000031205,13.530185709022954,19.116702221342784,0
59860,SYNID0200811757,0.09969350183240139,13.531529672954873,19.105458450203784,0
57754,SYNID0200565987,0.09971219285535726,13.532219797320117,19.099684783042083,0
53486,SYNID0200047011,0.09971433601147345,13.532298930642478,19.099022743723182,0
59174,SYNID0200734657,0.09972096062506075,13.532543538778997,19.09697632131523,0
58582,SYNID0200664346,0.0997233198579926,13.532630652395442,19.096247517853215,0
55046,SYNID0200238632,0.09972874951105781,13.532831141846982,19.094570197907824,0
54906,SYNID0200220273,0.09972874951105781,13.532831141846982,19.094570197907824,0
58894,SYNID0200703759,0.09974370662651227,13.533383446056177,19.089949551490314,0
56035,SYNID0200358747,0.09978662883739486,13.534968499801458,19.07668879267701,0
53820,SYNID0200087608,0.09980903353911019,13.535795939815868,19.06976632553906,0
58287,SYNID0200629028,0.09982654997965512,13.536442881111132,19.06435393336726,0
56275,SYNID0200388999,0.0998267211012433,13.536449201348864,19.06430105746417,0
56230,SYNID0200382733,0.09982852395063402,13.536515788300102,19.063743982662697,0
54055,SYNID0200114527,0.0998291419213953,13.536538612676685,19.063553031060053,0
55395,SYNID0200281115,0.09983256167847204,13.536664919974713,19.062496328332777,0
56299,SYNID0200391957,0.0998398432356205,13.536933864840067,19.060246301793203,0
56046,SYNID0200359869,0.09984457159349347,13.537108509717362,19.05878520080362,0
55016,SYNID0200233518,0.09984570040142438,13.537150203254669,19.058436387431243,0
57614,SYNID0200547885,0.09990144248524457,13.539209233631057,19.04121028056145,0
60149,SYNID0200847180,0.09990737478308587,13.539428380854288,19.039376867353532,0
58234,SYNID0200622935,0.09991087752886835,13.539557778616084,19.038294309418024,0
61068,SYNID0200958274,0.09995734356213393,13.54127442509154,19.02393262928794,0
58140,SYNID0200611648,0.09995798725798288,13.541298207265204,19.02373366463457,0
55348,SYNID0200275704,0.09996279838138467,13.541475961638675,19.02224654920922,0
55122,SYNID0200247268,0.09997673919124483,13.541991038429753,19.017937352049717,0
56347,SYNID0200397291,0.10000821359706236,13.543154002161845,19.00820785132723,0
59339,SYNID0200752565,0.10002674847476312,13.543838899541113,19.002477913787008,0
58795,SYNID0200691500,0.10002812700714775,13.54388984008336,19.00205173880932,0
59599,SYNID0200782103,0.10004121798172666,13.544373596151456,18.998004574754102,0
55289,SYNID0200266712,0.10005592142050462,13.544916957139659,18.993458748447225,0
55991,SYNID0200354615,0.10005735293060325,13.544969859215387,18.993016163033904,0
56264,SYNID0200388253,0.10006468068428553,13.545240662492075,18.990750588791585,0
60064,SYNID0200835901,0.10006693458602473,13.54532395831701,18.990053725453116,0
56780,SYNID0200448899,0.10007935698197518,13.545783052290123,18.986212887583598,0
61035,SYNID0200954831,0.10009611726441003,13.54640248395456,18.981030644440157,0
53726,SYNID0200074591,0.1000989159473199,13.546505921066318,18.98016527656513,0
61079,SYNID0200959491,0.10010100679851647,13.546583197748962,18.979518770127434,0
59686,SYNID0200790200,0.10013475017098206,13.547830389670713,18.969084605786012,0
60009,SYNID0200830072,0.10021277236932397,13.550714578453103,18.944955120000962,0
55708,SYNID0200317657,0.10022322410446005,13.551100982750654,18.94172241309149,0
55400,SYNID0200281258,0.10022449626642366,13.551148015712302,18.941328929424095,0
53583,SYNID0200057805,0.10025689405087979,13.552345841121431,18.931307771530747,0
56979,SYNID0200472050,0.10029214787642426,13.553649371660816,18.920402271234604,0
58304,SYNID0200631104,0.10031908267689799,13.554645378926816,18.912069549287448,0
58156,SYNID0200613373,0.10032842328418956,13.554990795813449,18.90917974820828,0
56201,SYNID0200379684,0.10035360760062362,13.555922155375526,18.90138787707587,0
56670,SYNID0200437920,0.10037001239629245,13.556528864648502,18.89631207105813,0
60546,SYNID0200895719,0.10039207684552676,13.557344927863166,18.889484783656496,0
57908,SYNID0200583678,0.10041907545692652,13.558343544505826,18.881130231336297,0
54484,SYNID0200169158,0.10042989956900383,13.558743922506036,18.877780618674443,0
61033,SYNID0200954599,0.10043019554348054,13.55875487059279,18.877689025604905,0
57544,SYNID0200539192,0.1004831109453228,13.56071234001536,18.861312590437073,0
53519,SYNID0200050536,0.10050478357100995,13.561514137994923,18.85460464778489,0
55315,SYNID0200270792,0.10050479995576617,13.561514744179945,18.854599576364816,0
55629,SYNID0200308604,0.10055907230851863,13.563522788877867,18.837800022088015,0
53245,SYNID0200018038,0.10056019967522983,13.56356450366663,18.83745103092329,0
56120,SYNID0200369112,0.10058681527942032,13.564549367645501,18.829211535116542,0
58004,SYNID0200596115,0.1005993102761431,13.565011745827963,18.825343221138912,0
59649,SYNID0200786688,0.10061035666392087,13.565420530187374,18.821923279819607,0
56715,SYNID0200443525,0.10061549906257539,13.565610834455702,18.82033117039683,0
59445,SYNID0200763301,0.10063160910226143,13.566207033057488,18.815343297975083,0
59160,SYNID0200732951,0.10065653568409066,13.5671295606907,18.80762531586937,0
54643,SYNID0200188183,0.10065752203536082,13.567166066531378,18.807319903418897,0
57482,SYNID0200532213,0.10065868529807154,13.567209120156146,18.806959711383897,0
56965,SYNID0200470575,0.10068458237277705,13.568167631681241,18.79894068351693,0
56906,SYNID0200463928,0.10069361239122931,13.568501868477872,18.79614441647559,0
58432,SYNID0200646634,0.10075141922230313,13.570641707649331,18.778242253071696,0
59306,SYNID0200748848,0.10076871423912548,13.571281978610372,18.772885665754213,0
55401,SYNID0200281343,0.1007707504131688,13.57135736070963,18.772255009639196,0
60982,SYNID0200946372,0.10077797836917762,13.571624953168575,18.770016297501556,0
55865,SYNID0200338882,0.10080413406271072,13.57259332638341,18.76191476549899,0
59478,SYNID0200767812,0.1008098345114235,13.572804384908595,18.760149023355353,0
61193,SYNID0200973220,0.1008229328884353,13.573289362384765,18.756091640846705,0
58181,SYNID0200617193,0.10082848631072305,13.573494986917158,18.75437136016962,0
60015,SYNID0200830377,0.100833079354747,13.573665054036876,18.75294855727516,0
53808,SYNID0200085579,0.1008365766310716,13.573794549364099,18.751865183095042,0
58481,SYNID0200654019,0.10087101778221941,13.575069878987554,18.74119561520532,0
58591,SYNID0200665466,0.10089449255793437,13.575939195140574,18.73392280702957,0
55725,SYNID0200320011,0.10089855917883184,13.576089795140097,18.73266286850892,0
54511,SYNID0200172173,0.10092486285383784,13.577063941555952,18.724513037181158,0
55260,SYNID0200262977,0.10093018674418436,13.577261117585863,18.72286343773748,0
57525,SYNID0200537412,0.10098267296515295,13.579205142285286,18.70659948281299,0
53535,SYNID0200053469,0.10098411008524483,13.579258375032408,18.706154130961238,0
59965,SYNID0200824166,0.10100473308217023,13.580022298057822,18.69976305493489,0
61101,SYNID0200961022,0.1010215141764953,13.58064393735154,18.694562342487487,0
55538,SYNID0200295536,0.10102221774283665,13.580670000852432,18.694344291963873,0
57927,SYNID0200586324,0.10103943951160199,13.58130799281238,18.689006771055894,0
58646,SYNID0200672316,0.10105885005550874,13.582027102427016,18.682990609655437,0
54914,SYNID0200221253,0.10106330909076683,13.582192302900976,18.68160852173092,0
53416,SYNID0200039887,0.10106859609276453,13.582388180675913,18.67996978365152,0
61040,SYNID0200955379,0.10108139071170164,13.582862218379558,18.676003924654495,0
54118,SYNID0200123002,0.10109686824069225,13.583435677607506,18.67120629269172,0
56643,SYNID0200435061,0.1011021733759333,13.583632243739748,18.669561795728583,0
56260,SYNID0200387536,0.1011072211773762,13.583819277554532,18.667997047331163,0
56274,SYNID0200388982,0.10112127997347325,13.584340203995682,18.66363891126407,0
55199,SYNID0200255515,0.1011231511260185,13.58440953797658,18.663058854467284,0
55465,SYNID0200287392,0.10113211519310539,13.584741698440666,18.660279958284942,0
53263,SYNID0200019334,0.101140180278398,13.585040553818974,18.65777969663539,0
54123,SYNID0200123713,0.10114095616883462,13.585069305108192,18.65753915973687,0
56726,SYNID0200444781,0.1011491481186425,13.585372868285289,18.65499951205104,0
56603,SYNID0200430531,0.10116418714260211,13.585930174782003,18.650337015867557,0
58225,SYNID0200621856,0.1011693365693146,13.586121003761447,18.648740516645656,0
54014,SYNID0200109285,0.10118036447966766,13.58652968761626,18.645321416160463,0
53554,SYNID0200055689,0.10118852607256823,13.586832155752765,18.64279092972184,0
57786,SYNID0200569369,0.10120851382803348,13.587572926897469,18.63659354523882,0
59101,SYNID0200724816,0.10122410532141396,13.588150792863873,18.63175904594835,0
59770,SYNID0200800535,0.10122706894527356,13.588260635915281,18.630840085177212,0
61340,SYNID0200991884,0.10122939286559118,13.588346769717464,18.630119478964456,0
53147,SYNID0200006796,0.10123128905967688,13.58841705064288,18.62953149991081,0
56668,SYNID0200437663,0.1012430542948633,13.588853127195923,18.625883228670006,0
58339,SYNID0200635301,0.10127536004224613,13.590050600707873,18.6158650147927,0
57765,SYNID0200567479,0.10127556030698182,13.590058024200935,18.61580290891688,0
53426,SYNID0200040476,0.10128627587844113,13.590455238713028,18.61247976239411,0
60074,SYNID0200838179,0.10129113561204711,13.590635387240273,18.610972617177456,0
60853,SYNID0200931558,0.10129653037676939,13.590835371744811,18.60929952168212,0
60459,SYNID0200885247,0.10133008587228515,13.592079338311347,18.598892341067753,0
60614,SYNID0200903418,0.10136496472172984,13.593372475128929,18.588073795954287,0
59801,SYNID0200803874,0.10139284385791597,13.59440617824545,18.579425705784768,0
59732,SYNID0200795380,0.10140209620632401,13.594749252965874,18.576555499562385,0
56041,SYNID0200359095,0.10143936736548614,13.596131338703772,18.56499279660412,0
54978,SYNID0200228129,0.10144414746756791,13.596308603365728,18.563509778166864,0
54633,SYNID0200186668,0.10146155482895536,13.596954153580262,18.558109023951232,0
58844,SYNID0200698538,0.10147199856171268,13.597341471873289,18.554868670440772,0
58235,SYNID0200622941,0.10147394506215152,13.597413661287215,18.554264724732416,0
61384,SYNID0200996422,0.101480199175974,13.597645608554036,18.55232422475136,0
54817,SYNID0200209617,0.10151423263916837,13.598907876563025,18.541763931969623,0
58734,SYNID0200683095,0.10153159132736683,13.599551734921567,18.536377332033815,0
53437,SYNID0200041616,0.10153626282123596,13.599725012042853,18.53492767386289,0
53101,SYNID0200000104,0.10154058441669844,13.599885312386277,18.53358658104621,0
53285,SYNID0200021881,0.10155592702324501,13.60045442761426,18.528825291533014,0
53668,SYNID0200066894,0.10157087229964218,13.601008825437207,18.52418712967975,0
58803,SYNID0200692318,0.1015751039941089,13.601165804712572,18.522873821335793,0
59462,SYNID0200765536,0.10159746386138435,13.601995295812854,18.515934194555705,0
60879,SYNID0200934551,0.10160585452972015,13.602306579114641,18.51332995933661,0
56163,SYNID0200374886,0.10163285180587855,13.603308188781599,18.50495036699904,0
57091,SYNID0200486216,0.10164609983708339,13.603799720828206,18.500838148130462,0
60534,SYNID0200893492,0.10165024436312425,13.60395349551428,18.499551649783218,0
54918,SYNID0200221792,0.10165343211432537,13.604071771994349,18.498562133888154,0
55269,SYNID0200264094,0.10165644698069809,13.60418363472646,18.49762627621446,0
57265,SYNID0200505910,0.1016653857353208,13.604515300675539,18.49485151720681,0
53392,SYNID0200036272,0.10171739795585838,13.606445323718871,18.478704701896632,0
53714,SYNID0200073350,0.10175053537735873,13.607675089018285,18.468416330867544,0
58240,SYNID0200623494,0.10177448768755504,13.608564048687002,18.460979182571023,0
53223,SYNID0200015409,0.10177465901939114,13.60857040764379,18.460925982739486,0
56262,SYNID0200388106,0.10177854060473851,13.608714472866264,18.459720714984794,0
53954,SYNID0200103947,0.10179253240140262,13.609233790710885,18.455376036638427,0
56358,SYNID0200398310,0.10179691060103846,13.609396295190987,18.454016503737336,0
55896,SYNID0200342378,0.10182961377144106,13.61061018665387,18.44386093521937,0
61113,SYNID0200963047,0.10184402807082438,13.611145254967946,18.439384486466302,0
57518,SYNID0200536030,0.10185005896358429,13.611369131438606,18.437511507780112,0
56452,SYNID0200410362,0.1018517348150233,13.611431342350249,18.436991043475782,0
54602,SYNID0200183293,0.10185506879128214,13.611555106905112,18.435955613657374,0
60446,SYNID0200883191,0.10187121630243995,13.612154552813049,18.430940573864273,0
60041,SYNID0200833672,0.10188203238105648,13.612556092936543,18.42758123873297,0
60322,SYNID0200867261,0.10188295113203355,13.612590201492047,18.4272958822715,0
57111,SYNID0200488815,0.10189702603005074,13.613112740779119,18.42292425293276,0
59531,SYNID0200774047,0.1018983799714232,13.613163007663346,18.422503713862714,0
58173,SYNID0200616195,0.1019038658720573,13.613366680810945,18.420799758716022,0
58726,SYNID0200682064,0.10191831487634434,13.613903137459332,18.416311694983644,0
58552,SYNID0200660690,0.10191967057382106,13.613953472233081,18.41589058794131,0
56819,SYNID0200453472,0.10192468459877557,13.614139636060322,18.414333117968983,0
56502,SYNID0200416489,0.10192471812239196,13.614140880753828,18.414322704706688,0
59574,SYNID0200779145,0.10193370262956586,13.61447446900011,18.411531863519095,0
60352,SYNID0200872077,0.10194485946704379,13.614888724777883,18.408066147626222,0
60140,SYNID0200846439,0.10195205356909642,13.615155849493412,18.405831348688817,0
54411,SYNID0200159724,0.10196370238227209,13.615588392642678,18.402212638348015,0
59662,SYNID0200788356,0.10196553412956294,13.615656410143405,18.40164359538976,0
57171,SYNID0200495154,0.10197392238590125,13.615967891732213,18.399037701276523,0
54367,SYNID0200154334,0.1019771705888129,13.616088509194586,18.39802860042934,0
53888,SYNID0200096631,0.10201585910985012,13.617525228885723,18.38600882295288,0
53643,SYNID0200064460,0.10203751797558824,13.618329603861497,18.37927932082658,0
54732,SYNID0200197913,0.10204626727103933,13.618654550849842,18.376560773488738,0
53146,SYNID0200006575,0.10205956739578653,13.619148528363521,18.37242809553533,0
53816,SYNID0200086967,0.10206627745250035,13.619397751625133,18.37034306241091,0
54708,SYNID0200195569,0.1020767663981571,13.619787337861318,18.367083735002986,0
58244,SYNID0200623947,0.10210206716631648,13.620727115284822,18.359221438984076,0
56890,SYNID0200462132,0.10213455735418286,13.621934025774776,18.349124274162886,0
54108,SYNID0200121525,0.10213909737787275,13.622102681531,18.34771327891278,0
61171,SYNID0200970290,0.10215217665279602,13.622588569711063,18.34364827734093,0
55163,SYNID0200251412,0.10217120389065237,13.623295450106204,18.337734427127494,0
59866,SYNID0200812249,0.10217692342105317,13.62350794283309,18.335956686272215,0
60954,SYNID0200942069,0.10217925261542898,13.623594478236603,18.335232720212236,0
54928,SYNID0200222788,0.10218089834813421,13.623655621633086,18.334721186873892,0
54424,SYNID0200161845,0.10219692012400833,13.624250886918343,18.3297411226955,0
55139,SYNID0200248965,0.1022068086850107,13.624618293679767,18.326667351560534,0
56432,SYNID0200408158,0.10221125884903648,13.62478364127887,18.325284032768586,0
57426,SYNID0200525477,0.10221856276553898,13.625055025185981,18.323013600899174,0
57528,SYNID0200537727,0.10222444736499614,13.62527367665417,18.321184335240236,0
55911,SYNID0200344755,0.10223649685735064,13.625721404423428,18.317438588460455,0
61388,SYNID0200996762,0.10224024505924056,13.625860680614243,18.316273386346438,0
60090,SYNID0200839991,0.1022456476598882,13.626061433486226,18.31459386259251,0
56841,SYNID0200456280,0.1022738879548245,13.627110846621896,18.30581434042865,0
57982,SYNID0200592777,0.10228576371220022,13.627552173609766,18.302122143390285,0
60248,SYNID0200859120,0.10230291717516349,13.628189653998284,18.2967889023532,0
55059,SYNID0200240280,0.10230322329746616,13.62820103078258,18.29669372274615,0
53873,SYNID0200094495,0.1023181331783578,13.628755154877295,18.29205785093767,0
58760,SYNID0200685349,0.1023285142688301,13.629140979238946,18.288829995844825,0
58089,SYNID0200605700,0.10233801284351457,13.629494012778785,18.285876472887796,0
59514,SYNID0200772511,0.10234112454687472,13.629609667296071,18.284908892662845,0
54323,SYNID0200149891,0.1023551533313295,13.630131094654262,18.280546565860867,0
59742,SYNID0200797639,0.10235705930508959,13.630201938053302,18.2799538810822,0
55138,SYNID0200248707,0.10236557121437229,13.630518322516634,18.277306968904604,0
60282,SYNID0200862207,0.10236855541149836,13.63062924560371,18.276378972419383,0
56204,SYNID0200380239,0.10240897012051364,13.632131548821384,18.2638105149186,0
53260,SYNID0200019105,0.10241181670295774,13.632237368279759,18.26292521603239,0
53925,SYNID0200099957,0.10245598920233934,13.633879543226469,18.249186574069988,0
60284,SYNID0200862294,0.10247373666627607,13.63453938160538,18.243666283275704,0
57294,SYNID0200509456,0.10248090282097833,13.634805822607362,18.241437204371756,0
58082,SYNID0200605134,0.10249754672423356,13.635424669291137,18.236259855250083,0
60402,SYNID0200878503,0.1025082558902291,13.63582286674424,18.2329284853193,0
53793,SYNID0200083260,0.10251341373799056,13.63601465411924,18.23132396803977,0
54462,SYNID0200165864,0.102514460284716,13.636053568803243,18.23099840290331,0
54196,SYNID0200132356,0.10253745269954007,13.636908542205333,18.223845587984165,0
59131,SYNID0200729716,0.10253879491792395,13.636958454150479,18.22342801837905,0
57355,SYNID0200517953,0.10254510181848481,13.63719298580918,18.221465897050738,0
57705,SYNID0200559220,0.10254658584984117,13.637248172305858,18.221004199884717,0
53881,SYNID0200095399,0.10255041367812034,13.63739051824978,18.219813315830468,0
61339,SYNID0200991837,0.10256376801046024,13.637887138263608,18.215658530388758,0
58871,SYNID0200701219,0.10256832977903957,13.63805678483073,18.214239245890163,0
55607,SYNID0200305581,0.1025817413595978,13.638555556307209,18.210066461041542,0
58426,SYNID0200645800,0.10259614377954618,13.639091195459608,18.20558523658333,0
59427,SYNID0200761325,0.10262036513146788,13.639992053436947,18.198048545541724,0
53569,SYNID0200057137,0.10262463275765887,13.640150783755614,18.19672058774946,0
58326,SYNID0200633604,0.10262781641918256,13.640269198144198,18.19572991809443,0
56442,SYNID0200408891,0.10262931647908602,13.640324992305047,18.1952631371336,0
61290,SYNID0200985272,0.10263125214083224,13.640396988822955,18.194660805217577,0
56816,SYNID0200453232,0.10263945501645616,13.640702096891074,18.192108232779347,0
58949,SYNID0200709550,0.10269229552058168,13.642667664008023,18.17566405128278,0
56210,SYNID0200381121,0.10269562698792734,13.642791597071596,18.174627211699313,0
60538,SYNID0200893974,0.102703805772135,13.643095858335753,18.172081723729427,0
58312,SYNID0200631927,0.10271107251184397,13.643366195629442,18.16982004795943,0
59179,SYNID0200735548,0.1027180491512023,13.64362574526074,18.167648623128574,0
54995,SYNID0200230745,0.10272231928796777,13.643784608010263,18.166319557403142,0
54045,SYNID0200113347,0.10272854823810318,13.644016347946314,18.16438079197734,0
53712,SYNID0200072991,0.10272877004661385,13.644024600108603,18.16431175335065,0
57730,SYNID0200562299,0.10273528498308315,13.644266983814804,18.16228394080627,0
60877,SYNID0200934288,0.1027393694284704,13.644418944808214,18.16101261603974,0
60715,SYNID0200914146,0.10276216365555191,13.645267028268451,18.15391744323993,0
53581,SYNID0200057679,0.10276774657921117,13.645474754299947,18.15217958115728,0
59035,SYNID0200718347,0.10276799651601354,13.645484053864912,18.15210177982818,0
58667,SYNID0200674481,0.10277558396870795,13.645766368052568,18.149739903858208,0
57925,SYNID0200586068,0.10278768730270715,13.646216720461409,18.145972199013872,0
60488,SYNID0200888340,0.10282000758874676,13.647419391778824,18.13591049964286,0
58653,SYNID0200672933,0.1028439760290113,13.648311345466471,18.12844830300775,0
54635,SYNID0200187014,0.10285070460856677,13.648561750299601,18.126353384707507,0
54586,SYNID0200180907,0.10291230422115966,13.65085438392521,18.10717292369982,0
55124,SYNID0200247467,0.10291358196998035,13.650901943345037,18.10677503561716,0
56307,SYNID0200393261,0.10291757973173943,13.651050746059465,18.105530133409488,0
59118,SYNID0200728135,0.10295201678337923,13.652332607031477,18.094805923436997,0
55351,SYNID0200276415,0.10296343032305943,13.65275748126245,18.09125137223033,0
56440,SYNID0200408779,0.10297358786529875,13.653135610686421,18.088087893953066,0
60313,SYNID0200865948,0.10300259990441252,13.654215679718348,18.07905190070884,0
60058,SYNID0200835170,0.10300356089330753,13.654251457056256,18.078752583004054,0
61270,SYNID0200983408,0.10300946678144007,13.65447133346054,18.07691306937581,0
60899,SYNID0200936238,0.10301475196277093,13.654668103704156,18.075266864791274,0
61399,SYNID0200998814,0.10302480680043602,13.65504245814146,18.072134968526832,0
61205,SYNID0200974352,0.103057029077822,13.656242198532405,18.062097789654963,0
61391,SYNID0200997472,0.10308014744401078,13.657103030646946,18.05489596001124,0
56117,SYNID0200368845,0.1031285726562638,13.65890634731188,18.039809186184876,0
59404,SYNID0200759426,0.10312973092395217,13.658949482980338,18.03944830776205,0
56990,SYNID0200473531,0.10315553160432667,13.659910372598029,18.031409384473584,0
53161,SYNID0200008191,0.10317298447444417,13.660560401798651,18.025971158497523,0
56325,SYNID0200394991,0.10317919398506226,13.66079168086843,18.024036248736863,0
60108,SYNID0200842234,0.10318649616911524,13.661063662219572,18.02176081857563,0
56396,SYNID0200402616,0.10318980141094775,13.661186772805157,18.020730859946344,0
58759,SYNID0200685216,0.10320773058979854,13.661854600116921,18.01514373273593,0
60562,SYNID0200897869,0.103213600489032,13.662073249092366,18.0133144879316,0
53144,SYNID0200006504,0.10321552748189428,13.662145028715475,18.012713970584727,0
58598,SYNID0200666516,0.10323939254945574,13.663034020712484,18.005276551825656,0
57269,SYNID0200506862,0.10325477571194763,13.66360708360961,18.00048223561632,0
54290,SYNID0200145248,0.10325596122913233,13.663651248136809,18.000112749632013,0
61332,SYNID0200990746,0.10325835351432672,13.663740369258198,17.999367151131352,0
60944,SYNID0200941063,0.1032866335028449,13.664793940013272,17.9905528458011,0
53326,SYNID0200027994,0.10328776910082149,13.664836248275638,17.990198889561636,0
57447,SYNID0200527585,0.10328920811634307,13.664889860949353,17.989750359196265,0
55905,SYNID0200343733,0.10328964362118537,13.664906086371404,17.989614615276473,0
53640,SYNID0200064025,0.10329567384035115,13.665130753559614,17.987735021347884,0
54441,SYNID0200163497,0.10329593827333855,13.66514060558745,17.987652598045013,0
53625,SYNID0200062233,0.10330476259228044,13.66546937860712,17.984902041648322,0
60259,SYNID0200860129,0.1033085914669869,13.665612035596704,17.983708555346954,0
57490,SYNID0200532870,0.10331386699500117,13.665808594543927,17.98206411849459,0
57113,SYNID0200488877,0.10331635804895056,13.665901408710337,17.98128762351525,0
59247,SYNID0200742946,0.10332073280511239,13.666064409138485,17.979923941450473,0
53683,SYNID0200069354,0.10333130053187878,13.666458162839833,17.97662974850529,0
55559,SYNID0200298574,0.10335110546544835,13.66719612329556,17.970455878599445,0
61019,SYNID0200952927,0.1033846048958737,13.668444444378844,17.96001226755074,0
60588,SYNID0200900422,0.10338998557191814,13.668644959446869,17.958334733294624,0
56058,SYNID0200361298,0.10341096658987786,13.669426859347206,17.951793260473647,0
58714,SYNID0200681277,0.10342522898554463,13.66995839987053,17.94734632566134,0
57457,SYNID0200528620,0.10342577736635833,13.669978837675968,17.94717534041279,0
60740,SYNID0200917541,0.10347157347625524,13.671685729409754,17.932895269677296,0
54101,SYNID0200120013,0.10351850315822425,13.673435075650463,17.918260019202016,0
55360,SYNID0200277250,0.10352179515547466,13.673557795590156,17.91723332876537,0
59116,SYNID0200727663,0.10353002542953066,13.673864610370213,17.914666477760587,0
54553,SYNID0200176533,0.10354715392290237,13.67450316055243,17.90932428669497,0
55815,SYNID0200331625,0.10354886889845516,13.674567096355359,17.908789391733382,0
60717,SYNID0200914322,0.10356111272448565,13.675023565037078,17.904970517381567,0
60909,SYNID0200937622,0.10356751905883377,13.675262408661053,17.902972321609933,0
57225,SYNID0200500850,0.10360622809094455,13.676705657033612,17.890897924364324,0
60885,SYNID0200935597,0.10361352029023402,13.676977559090018,17.888623157592786,0
56967,SYNID0200470681,0.10362992319808018,13.677589187695412,17.883506195821862,0
59315,SYNID0200749509,0.10363294499113784,13.67770186651908,17.882563510623683,0
56252,SYNID0200386004,0.1036333377294213,13.67771651129374,17.88244099059858,0
53353,SYNID0200031989,0.10363931122118702,13.677939257960082,17.88057746399727,0
53958,SYNID0200104510,0.10366880924540828,13.67903926459629,17.87137467025024,0
60874,SYNID0200934014,0.10367980676890509,13.679449392636423,17.86794348752916,0
61337,SYNID0200991388,0.10370777750166132,13.680492549835071,17.859216303320547,0
57561,SYNID0200541745,0.10373383024602517,13.681464242659397,17.851086999047826,0
61258,SYNID0200981359,0.10373465923315289,13.681495162556136,17.850828319306277,0
57029,SYNID0200479446,0.10374884183197713,13.682024160875772,17.84640265288945,0
58115,SYNID0200608640,0.10375378282490233,13.682208459963649,17.844860783560968,0
59324,SYNID0200751057,0.1037552039004499,13.682261466521991,17.844417324032978,0
60371,SYNID0200873394,0.10377217638836561,13.68289456027542,17.839120782136263,0
53362,SYNID0200032724,0.10378654844450952,13.683430676071373,17.834635570018197,0
59735,SYNID0200795927,0.1037922961022944,13.683645084388083,17.832841803097732,0
53219,SYNID0200015193,0.10380898150184431,13.684267527450162,17.82763436622321,0
60712,SYNID0200913864,0.1038478563760627,13.685717842885945,17.8155008450386,0
60829,SYNID0200928083,0.10385393978125412,13.685944811005255,17.81360200123129,0
60153,SYNID0200847649,0.10386159951403584,13.686230595898067,17.811211088905864,0
53212,SYNID0200014599,0.10387510204793765,13.686734389357651,17.80699628951551,0
59644,SYNID0200786262,0.10390380987557057,13.687805565072102,17.798034698882837,0
59300,SYNID0200748269,0.10392289730553744,13.68851781767734,17.79207590408467,0
57271,SYNID0200506958,0.10393274438255024,13.688885277437622,17.789001689554585,0
56669,SYNID0200437893,0.10397454849643473,13.690445367944665,17.775949776329302,0
58857,SYNID0200699991,0.10397915074043346,13.690617129457454,17.774512797929496,0
54933,SYNID0200222933,0.10398465166537946,13.690822433488083,17.772795198610435,0
61331,SYNID0200990651,0.10399642511258328,13.691261848478891,17.76911899757977,0
59635,SYNID0200785482,0.10405433838718953,13.693423509366957,17.75103427095258,0
58873,SYNID0200701398,0.1040818177291401,13.694449309146082,17.742452301096854,0
53783,SYNID0200082407,0.10409298106758452,13.694866055259455,17.738965750743418,0
57477,SYNID0200531510,0.10409993342054547,13.695125604172906,17.73679433191817,0
59534,SYNID0200774276,0.10410755592941534,13.695410176938932,17.734413560397766,0
58826,SYNID0200695990,0.10411931470308922,13.695849180515935,17.730740801306688,0
57122,SYNID0200489818,0.10412088320214746,13.695907740048298,17.730250884900258,0
59484,SYNID0200768708,0.10412630351495283,13.696110107900077,17.72855785002241,0
57048,SYNID0200481816,0.10416021784766089,13.697376365381444,17.71796418081345,0
59085,SYNID0200722519,0.10417718636945689,13.698009958819911,17.712663458488898,0
57219,SYNID0200500497,0.10418582665902099,13.698332591983416,17.709964268900457,0
53686,SYNID0200070113,0.10420985020679213,13.699229681482587,17.702459105420733,0
61140,SYNID0200965983,0.10421822373737205,13.699542379418103,17.699843035198104,0
53106,SYNID0200000792,0.10424644645684017,13.700596366629318,17.69102524574343,0
53678,SYNID0200068741,0.10425726133321639,13.701000271844777,17.68764612395557,0
56088,SYNID0200365076,0.10426613944451768,13.701331852581859,17.684872077842194,0
60142,SYNID0200846567,0.10426964245522413,13.701462685481197,17.683777513365673,0
54504,SYNID0200171011,0.10431464281159375,13.703143493341273,17.669715663595387,0
58530,SYNID0200658199,0.1043262438384861,13.703576834172278,17.666090279748925,0
56466,SYNID0200412882,0.10436939048750943,13.705188631001123,17.652605784937926,0
56140,SYNID0200372068,0.10439189708312713,13.706029462682274,17.645571281433238,0
57972,SYNID0200591686,0.10439919919891649,13.706302275226479,17.64328889740636,0
56400,SYNID0200403556,0.10441096913011028,13.706742019318375,17.639609943074642,0
57959,SYNID0200590620,0.10442413877680451,13.707234074606292,17.6354933467035,0
59630,SYNID0200784882,0.1044408507263716,13.707858503943092,17.63026929240509,0
55176,SYNID0200253184,0.10444319135570135,13.707945961891244,17.629537608220758,0
59499,SYNID0200771373,0.10446040266345524,13.708589080750317,17.624157195030442,0
61358,SYNID0200993733,0.10446647285531108,13.708815906614307,17.622259541349017,0
58157,SYNID0200613411,0.10448067364232827,13.709346563371644,17.617820000233987,0
59610,SYNID0200783150,0.10449226398429828,13.709779686818464,17.614196435050943,0
55685,SYNID0200315107,0.10450088806216035,13.710101971164802,17.611500163710737,0
57044,SYNID0200481354,0.10451277093382955,13.71054604911458,17.607784951779383,0
59831,SYNID0200808348,0.10453179317191569,13.711256961997458,17.601837365266803,0
61125,SYNID0200964390,0.10456870844955418,13.71263668411303,17.59029443666996,0
53748,SYNID0200077695,0.1045702851120957,13.712695615325025,17.58980141074502,0
56369,SYNID0200399150,0.10457630095379833,13.712920472729138,17.587920225446286,0
54898,SYNID0200219491,0.10457827828657196,13.712994381324199,17.587301896852516,0
60220,SYNID0200855268,0.10458100472944071,13.713096290705948,17.586449310158724,0
59689,SYNID0200790323,0.10458187963759363,13.713128993300232,17.58617571614548,0
60962,SYNID0200943653,0.10459161817792878,13.713493008433284,17.58313031979967,0
53368,SYNID0200033301,0.10461374813731839,13.714320233507372,17.57620965087948,0
58754,SYNID0200684938,0.10461982754363253,13.714547491797909,17.574308379463233,0
61233,SYNID0200978606,0.10462174208975528,13.714619061430701,17.57370961892173,0
53534,SYNID0200053431,0.10465000872739116,13.715675766238945,17.564869093708822,0
53788,SYNID0200082953,0.10465646309150156,13.71591706331753,17.562850372027626,0
57304,SYNID0200510582,0.10467257140168251,13.716519291366376,17.55781205649406,0
55597,SYNID0200303722,0.10468046024838884,13.716814234094771,17.555344528565353,0
55849,SYNID0200337032,0.10468434143236921,13.71695934326934,17.554130526976273,0
58417,SYNID0200644764,0.10471956321544795,13.718276275599637,17.543112905613278,0
59687,SYNID0200790201,0.10474511198246805,13.71923161007715,17.535120457325604,0
55746,SYNID0200322224,0.10474561915643038,13.719250575248426,17.534961792319514,0
61267,SYNID0200983347,0.10477204159881365,13.720238644932722,17.526695477178343,0
59832,SYNID0200808409,0.10477438032179381,13.720326104877682,17.525963776288478,0
61293,SYNID0200985503,0.10481607351375616,13.72188536924796,17.512918774627174,0
60736,SYNID0200916788,0.10483152460537604,13.722463259244444,17.508084074298036,0
56844,SYNID0200456652,0.10485070912779648,13.723180815630394,17.50208090740394,0
59396,SYNID0200758580,0.1048727169185365,13.724004013288024,17.495193932355946,0
60308,SYNID0200865521,0.10490807904057065,13.725326823458762,17.484127136241202,0
58766,SYNID0200686447,0.10492132868999215,13.725822490807118,17.47998032091852,0
55442,SYNID0200285137,0.10492310531051424,13.725888955171692,17.479424271692466,0
59313,SYNID0200749402,0.10492675548654112,13.726025511230473,17.478281826544873,0
54812,SYNID0200208685,0.1049279722650393,13.726071032185724,17.477900992513007,0
56863,SYNID0200458921,0.10493014058954697,13.726152151819166,17.477222335466013,0
56512,SYNID0200417461,0.10493065563342746,13.726171420296986,17.47706113295928,0
59264,SYNID0200744898,0.10494115043302404,13.726564050204225,17.473776341816837,0
58254,SYNID0200625186,0.10494849857408223,13.726838963990732,17.471476378532824,0
56533,SYNID0200420648,0.1049602233342406,13.727277629497621,17.467806447778823,0
60060,SYNID0200835463,0.10498077000006084,13.72804638566951,17.461374937041708,0
55151,SYNID0200250361,0.1049986229540828,13.72871438873163,17.455786339481715,0
55487,SYNID0200290070,0.10501052169098157,13.729159619925085,17.45206147936885,0
56809,SYNID0200452090,0.10504131029569924,13.73031174120513,17.442422687962654,0
58321,SYNID0200632846,0.10505449313909027,13.73080507567143,17.438295389824443,0
59862,SYNID0200811863,0.10505562631588466,13.730847482706428,17.437940607240698,0
53747,SYNID0200077623,0.10506561822613247,13.731221416639494,17.434812228967555,0
59385,SYNID0200757621,0.10507396830644194,13.73153391453042,17.43219783234312,0
53969,SYNID0200105651,0.1050746529814921,13.73155953847038,17.43198345924145,0
54170,SYNID0200129224,0.10507526783338522,13.731582549318976,17.431790947590542,0
53177,SYNID0200010349,0.10509638053219811,13.732372714374847,17.425180327439772,0
59355,SYNID0200754276,0.10512245613709054,13.733348679742587,17.417015278531956,0
55470,SYNID0200287808,0.10515792856290151,13.734676455547122,17.405906939300852,0
61026,SYNID0200953841,0.10518982169136892,13.73587035576594,17.395918620042906,0
54091,SYNID0200119062,0.10519521358411549,13.73607220758181,17.39422990238634,0
57500,SYNID0200533556,0.10522922844988891,13.73734565744842,17.383576060778584,0
58676,SYNID0200675156,0.10522935176628723,13.737350274372147,17.383537435014528,0
53967,SYNID0200105352,0.10524407374221434,13.737901470473666,17.378926059165078,0
53843,SYNID0200090417,0.10524701794242419,13.738011704860567,17.37800382443203,0
53422,SYNID0200040263,0.1052524229811867,13.738214078134366,17.376310744192914,0
53466,SYNID0200044952,0.10526375086801443,13.738638221277755,17.372762309356826,0
59375,SYNID0200757110,0.10526752593573568,13.738779571535334,17.371579755339628,0
59206,SYNID0200739009,0.10528387421678326,13.739391717544892,17.366458464900457,0
55229,SYNID0200258598,0.10529069511743816,13.739647127251274,17.36432167520171,0
60796,SYNID0200923821,0.10529825598137554,13.739930250158018,17.361953033386225,0
60186,SYNID0200851396,0.10530117614707357,13.74003959966947,17.361038201632372,0
55529,SYNID0200294013,0.1053059929162064,13.740219971801839,17.359529185707157,0
57502,SYNID0200534001,0.10531692121741482,13.740629208835012,17.35610545726226,0
57034,SYNID0200479894,0.10536061361759075,13.742265491109887,17.34241611413293,0
57313,SYNID0200512713,0.10536928092957143,13.742590103851017,17.33970036314929,0
54337,SYNID0200151548,0.10540776875278357,13.744031656238915,17.327640154724445,0
58104,SYNID0200607459,0.10541962650738168,13.74447581398826,17.323924275179902,0
57752,SYNID0200565832,0.1054477947079761,13.745530968154458,17.3150967228332,0
59356,SYNID0200754425,0.10546910742080529,13.74632937229175,17.308417173491918,0
54034,SYNID0200111562,0.10547410173434757,13.746516472524748,17.30685186943135,0
54985,SYNID0200229032,0.10549272400418985,13.747214133030877,17.301015153968002,0
57412,SYNID0200523906,0.10549499623915287,13.747299261781977,17.300302956138868,0
53570,SYNID0200057157,0.10549924790973814,13.747458550942483,17.29897032300558,0
56649,SYNID0200435495,0.10549987572610187,13.747482072275565,17.298773540577272,0
54588,SYNID0200180933,0.105500803555938,13.747516833774165,17.2984827215118,0
53796,SYNID0200083294,0.10551399150830815,13.748010934278263,17.294349014605103,0
56727,SYNID0200444867,0.1055430239987411,13.749098725273752,17.285248418443345,0
57146,SYNID0200492458,0.10555239713803477,13.749449935684282,17.282310148015224,0
61371,SYNID0200994653,0.10556866373170876,13.750059462817575,17.277210767423977,0
57193,SYNID0200497755,0.10558066541653832,13.75050919524705,17.27344824940491,0
53994,SYNID0200107574,0.10558768377000427,13.750772196426084,17.271247948491997,0
56941,SYNID0200468000,0.10560370208357317,13.75137247374311,17.26622595302598,0
53482,SYNID0200046331,0.1056109015213183,13.751642276576094,17.263968748621394,0
55952,SYNID0200350192,0.10561426390652129,13.751768285471893,17.262914542364683,0
56509,SYNID0200417317,0.10566135815493954,13.753533304505023,17.248148171338517,0
54827,SYNID0200210505,0.10566211866488462,13.753561808961924,17.247909699470153,0
59847,SYNID0200810254,0.10569191414204859,13.754678608034396,17.23856641809118,0
53189,SYNID0200011568,0.10571876673004299,13.755685173542453,17.23014536456422,0
53166,SYNID0200008911,0.10573599366263697,13.756330958800207,17.224742643947465,0
53336,SYNID0200030089,0.1057469398976763,13.75674131448858,17.22130955669261,0
61126,SYNID0200964483,0.10574776582580281,13.756772277588103,17.221050515511127,0
55166,SYNID0200251848,0.10575964931862325,13.757217783304572,17.21732335870424,0
57912,SYNID0200584506,0.10578103409750439,13.758019520922188,17.21061592104767,0
56541,SYNID0200421566,0.1057903168863919,13.758367555876088,17.207704216888754,0
57572,SYNID0200542961,0.10579471880823765,13.758532597791493,17.20632345548505,0
58701,SYNID0200680099,0.10579763905281536,13.758642087975911,17.205407446843502,0
61245,SYNID0200979990,0.1058106737947761,13.759130815938782,17.201318687291824,0
56568,SYNID0200425258,0.1058280239426756,13.759781371912972,17.195876054261895,0
59563,SYNID0200778012,0.1058361210025795,13.760084986657912,17.193335975153023,0
60420,SYNID0200879942,0.1058488867481675,13.76056367536863,17.189331205246404,0
55061,SYNID0200240382,0.1058534639201158,13.76073531350189,17.187895259055242,0
59884,SYNID0200814749,0.10589501426548942,13.762293489846865,17.174859359950347,0
54489,SYNID0200169552,0.10589933073660951,13.762455370921781,17.173505042535375,0
53612,SYNID0200060564,0.10590524533352785,13.762677189557515,17.17164927995476,0
60399,SYNID0200878172,0.10593281261153453,13.76371110545297,17.162999409649927,0
60061,SYNID0200835653,0.10594461912804731,13.764153933175459,17.159294657277158,0
58060,SYNID0200602416,0.10595110928584889,13.76439736556452,17.157258071320204,0
56240,SYNID0200384565,0.10595291054741635,13.764464927869367,17.15669283658785,0
58121,SYNID0200609149,0.10596568797993294,13.764944196830742,17.152683212231313,0
57292,SYNID0200509368,0.1059723505899498,13.765194110962428,17.150592399201038,0
56166,SYNID0200375953,0.10597552022501266,13.765313005280973,17.14959771439166,0
59580,SYNID0200779971,0.10600300433099974,13.766343985536153,17.140972404022257,0
53140,SYNID0200006191,0.10601527852325338,13.76680443669126,17.13712021179764,0
59333,SYNID0200752138,0.1060174472148539,13.766885793967978,17.13643956659713,0
58674,SYNID0200674969,0.10603027548925309,13.7673670488103,17.132413328111053,0
55460,SYNID0200286841,0.10603035310133102,13.767369960487969,17.132388968649792,0
57935,SYNID0200587688,0.10603175476383653,13.767422545049403,17.13194903960098,0
58961,SYNID0200711183,0.10605511691395592,13.768299023534485,17.124616310455142,0
58128,SYNID0200610128,0.10605638221653418,13.768346495412969,17.12421915475435,0
57787,SYNID0200569437,0.10606877942968096,13.768811624633196,17.12032782524907,0
60597,SYNID0200901290,0.1060755087808174,13.769064108299975,17.118215515165325,0
53367,SYNID0200033241,0.10609297953798957,13.769719627121955,17.11273136232715,0
54562,SYNID0200177927,0.10610253425743676,13.770078141251316,17.109731988069466,0
55165,SYNID0200251682,0.10610715010635047,13.770251341189903,17.10828297561867,0
58908,SYNID0200704608,0.1061252483738464,13.770930459865586,17.10260138343883,0
58862,SYNID0200700419,0.1061372418218387,13.77138051872663,17.098836134452245,0
60489,SYNID0200888381,0.1061659405836552,13.772457506704859,17.089825917690415,0
60243,SYNID0200858295,0.1061725797581689,13.772706668392514,17.08774139970145,0
60499,SYNID0200889429,0.10617678812712611,13.772864606514238,17.086420069528362,0
60457,SYNID0200884652,0.10619443276091267,13.773526819753396,17.080879910354852,0
56542,SYNID0200421728,0.10619822469846635,13.773669137220836,17.079689264538423,0
61141,SYNID0200966109,0.10620419276394205,13.773893131017504,17.07781530428808,0
53206,SYNID0200013678,0.1062237614534563,13.774627608077902,17.071670576905273,0
58560,SYNID0200661417,0.10622977585403903,13.774853355579006,17.06978194494325,0
61354,SYNID0200992999,0.10624957467555252,13.775596518745896,17.063564548502043,0
56360,SYNID0200398398,0.10627614341437647,13.776593854404572,17.05522071305482,0
54681,SYNID0200192852,0.10628111591288375,13.776780519219534,17.053659051756263,0
55747,SYNID0200322641,0.10629876959653783,13.777443247680496,17.048114582172367,0
53544,SYNID0200054843,0.106311699388358,13.77792865763981,17.044053581455398,0
59613,SYNID0200783353,0.10631802798215989,13.778166251379906,17.042065842369357,0
55358,SYNID0200277097,0.10632734335028249,13.778515984226965,17.0391399334229,0
60803,SYNID0200924502,0.10633727596678699,13.778888899942826,17.036020073682845,0
60690,SYNID0200911330,0.10633727596678699,13.778888899942826,17.036020073682845,0
53542,SYNID0200054515,0.10634538428651641,13.779193330214724,17.033473171772982,0
53159,SYNID0200007973,0.1063603243757823,13.779754278566626,17.02878020737133,0
61263,SYNID0200982193,0.10636482253171226,13.779923172835618,17.027367216693435,0
57250,SYNID0200504089,0.10638061718417224,13.780516236990268,17.02240556745028,0
55370,SYNID0200278634,0.10639832222907414,13.78118106164186,17.016843560872186,0
57514,SYNID0200534905,0.10640459649950562,13.781416667749637,17.014872450567886,0
54406,SYNID0200159057,0.10641139552958351,13.781671983428888,17.012736447511912,0
56290,SYNID0200390363,0.10641926467197627,13.781967489236358,17.010264208792925,0
59825,SYNID0200807521,0.10642893383559726,13.782330598394047,17.007226391950837,0
53868,SYNID0200093716,0.1064485784542637,13.783068346442187,17.001054299073537,0
53742,SYNID0200076577,0.10645095157780943,13.783157470912753,17.000308672553256,0
58515,SYNID0200657044,0.10647089390270265,13.783906441417642,16.99404269119259,0
60671,SYNID0200909328,0.10648037217763068,13.78426242868394,16.991064456988823,0
55738,SYNID0200321226,0.10649069216526552,13.784650038943283,16.987821660851477,0
61181,SYNID0200971403,0.10652150788839754,13.785807512692232,16.978138090017826,0
56904,SYNID0200463877,0.10653221102384491,13.7862095558917,16.974774546089712,0
59263,SYNID0200744344,0.10653542324190712,13.786330218969374,16.973765063619183,0
53282,SYNID0200021664,0.10658256879970368,13.788101298036283,16.958947993588914,0
53703,SYNID0200071936,0.10658515016122266,13.788198276086622,16.958136663033386,0
56565,SYNID0200424498,0.1066259696840195,13.789731891612929,16.94530624282381,0
55137,SYNID0200248583,0.10663091523641394,13.789917709981417,16.943751663002825,0
58692,SYNID0200677857,0.10664476796915584,13.790438208703995,16.93939710528306,0
61159,SYNID0200968921,0.1066509984106046,13.79067231555221,16.93743853797267,0
58238,SYNID0200623096,0.10665954625603946,13.790993504148869,16.93475143381198,0
53110,SYNID0200001467,0.10667340494320887,13.791514264509138,16.930394687198415,0
54896,SYNID0200219426,0.10668220246858157,13.791844853862633,16.927628935124705,0
53114,SYNID0200002106,0.10668476507239527,13.791941151598243,16.92682329616767,0
59927,SYNID0200820059,0.10668903752329478,13.792101703502468,16.925480098761746,0
55331,SYNID0200273222,0.10668956563802201,13.792121549334414,16.92531406603782,0
60354,SYNID0200872378,0.10670613540538648,13.79274423215201,16.92010462333854,0
58255,SYNID0200625188,0.10671835741898084,13.793203545566971,16.91626194959095,0
58900,SYNID0200704308,0.10672252887849615,13.79336031574513,16.914950390580497,0
57256,SYNID0200505150,0.10673321797278418,13.793762036742356,16.911589542236804,0
60565,SYNID0200898006,0.10676034967656534,13.794781758238717,16.903058424058504,0
59015,SYNID0200716189,0.1067741145802939,13.795299127079051,16.898730051326893,0
60905,SYNID0200937322,0.10677563944010615,13.795356441703687,16.898250549974936,0
56438,SYNID0200408580,0.10679095476601491,13.795932108361802,16.893434450373988,0
57422,SYNID0200524968,0.10679470885105158,13.796073218907118,16.89225390181972,0
57070,SYNID0200483946,0.10679508818795846,13.796087477699505,16.89213461097083,0
59269,SYNID0200745864,0.10679777283639635,13.796188390616638,16.891290360825217,0
57425,SYNID0200525315,0.10682122781093994,13.797070066052,16.883914153340296,0
56818,SYNID0200453303,0.10683894893954993,13.797736240381257,16.878340855189233,0
53199,SYNID0200012646,0.106850242252721,13.798160795334718,16.874788975098355,0
57226,SYNID0200501057,0.10685480573533235,13.798332355990992,16.873353677089398,0
54485,SYNID0200169273,0.10688117418790938,13.79932369689957,16.86505999447482,0
54518,SYNID0200172828,0.10688117418790938,13.79932369689957,16.86505999447482,0
57686,SYNID0200557287,0.10688576620363016,13.799496343826107,16.86361560859234,0
54879,SYNID0200217186,0.10688902049383797,13.799618697242039,16.86259198453953,0
60148,SYNID0200847126,0.10689819780152426,13.799963747200014,16.859705253231606,0
57532,SYNID0200537915,0.10693404848930849,13.801311744592677,16.84842773765316,0
53325,SYNID0200027982,0.10695285002072563,13.802018737369625,16.84251294723942,0
58422,SYNID0200645208,0.10697812622838415,13.802969250276822,16.834560836814884,0
54500,SYNID0200170670,0.10698294347868409,13.80315041012283,16.833045230778364,0
60471,SYNID0200886076,0.10698369219354203,13.803178566855486,16.832809668014757,0
59123,SYNID0200729068,0.10700702118798916,13.804055921398035,16.82546960966208,0
55273,SYNID0200264413,0.10702853646218796,13.804865111893584,16.818699820292203,0
56366,SYNID0200398646,0.10703751340958606,13.805202748415057,16.81587511072561,0
59627,SYNID0200784809,0.10707612550974405,13.806655095639298,16.80372459134344,0
59555,SYNID0200776551,0.10708514923330675,13.806994532609489,16.800884818996654,0
60046,SYNID0200834497,0.10708572812432082,13.80701630847747,16.80070263934873,0
58174,SYNID0200616355,0.1070902570913595,13.807186673584168,16.799277343457753,0
57260,SYNID0200505540,0.10710895142291077,13.807889914717764,16.793393939763735,0
60048,SYNID0200834656,0.10711723078560192,13.808201377486888,16.790788203098362,0
59700,SYNID0200791302,0.10711725090146706,13.808202134237073,16.790781872031214,0
56578,SYNID0200426884,0.10713710534759596,13.808949068842534,16.784532923260997,0
56141,SYNID0200372096,0.107152475735594,13.809527336768983,16.77969506112228,0
54967,SYNID0200227015,0.10715849578403974,13.809753830446816,16.777800186551993,0
57709,SYNID0200559593,0.10716269211334967,13.809911711969894,16.77647932989027,0
53497,SYNID0200047884,0.10716690248821648,13.81007012363408,16.77515403800145,0
57838,SYNID0200575628,0.10718953466321629,13.810921668475894,16.76802990684839,0
57147,SYNID0200492497,0.10722012990044172,13.812072904787765,16.758398519197172,0
57149,SYNID0200493143,0.10722012990044172,13.812072904787765,16.758398519197172,0
57311,SYNID0200512606,0.10724295368239806,13.812931775506277,16.75121309883908,0
57174,SYNID0200495546,0.10726109761373964,13.813614576635652,16.745500698788884,0
61330,SYNID0200990274,0.10727001566050143,13.813950196412867,16.74269286155822,0
55319,SYNID0200271543,0.10728185416344249,13.814395735758433,16.73896542340605,0
57740,SYNID0200564217,0.10730619437480132,13.815311816231745,16.731301379050258,0
58901,SYNID0200704345,0.10731051982925283,13.815474617159287,16.72993936603261,0
59103,SYNID0200724954,0.10732808551098999,13.816135770576498,16.724408073462694,0
54044,SYNID0200113339,0.1073394408389221,13.816563188678243,16.720832239913463,0
56236,SYNID0200384003,0.10734563453737017,13.81679632663841,16.718881778442242,0
55839,SYNID0200335102,0.1073565514836301,13.81720726205276,16.71544384112701,0
55463,SYNID0200287210,0.10741212061736582,13.819299171087795,16.69794266726742,0
57882,SYNID0200579641,0.1074275506800415,13.819880090819863,16.693082619789656,0
55019,SYNID0200234270,0.10743155154445178,13.820030721355165,16.69182242580286,0
53380,SYNID0200035130,0.1074540477434977,13.820877720533673,16.684736324240255,0
53300,SYNID0200024174,0.10745677617167765,13.820980451251538,16.683876866145287,0
56503,SYNID0200416565,0.10746676551356182,13.821356575825527,16.6807301606949,0
58943,SYNID0200708852,0.10746815030224383,13.821408717458608,16.680293937240354,0
53715,SYNID0200073367,0.10747558708034344,13.821688738603564,16.677951245153764,0
55512,SYNID0200292620,0.10747844034624188,13.82179617562073,16.677052413567473,0
56823,SYNID0200453886,0.10748424633420928,13.822014796994141,16.6752233996852,0
53655,SYNID0200065729,0.1074843146387845,13.822017368985653,16.675201882081005,0
58065,SYNID0200603212,0.10748583784512322,13.822074725051595,16.67472203402589,0
56969,SYNID0200470918,0.10749581384305701,13.82245037499628,16.67157929938392,0
53236,SYNID0200017227,0.10751522755433168,13.823181432946999,16.665463176702346,0
61381,SYNID0200996274,0.10752414693435924,13.823517320245996,16.66265310135081,0
55820,SYNID0200332257,0.10752859988022312,13.823685012780071,16.661250164538245,0
56960,SYNID0200470018,0.10753090900501128,13.82377197236478,16.660522649725085,0
55123,SYNID0200247421,0.10753341185531251,13.823866228057746,16.659734094753432,0
54937,SYNID0200223705,0.10757585863288988,13.825464837275335,16.646359929155373,0
60463,SYNID0200885488,0.10757995739170012,13.825619211825545,16.64506841226938,0
58757,SYNID0200685195,0.10758632208807745,13.825858933235208,16.64306287283237,0
53391,SYNID0200036170,0.10759771997438078,13.826288235600938,16.639471275293904,0
58780,SYNID0200688789,0.10761037095385217,13.82676475043008,16.63548469235372,0
59485,SYNID0200768808,0.10764920296622738,13.828227502287088,16.623247126506346,0
55481,SYNID0200289186,0.1076879604656521,13.829687591700466,16.611031834996947,0
53912,SYNID0200099101,0.10769245481611389,13.829856914163411,16.609615261994637,0
56376,SYNID0200400969,0.10770662373424916,13.830390733945434,16.6051492586176,0
53201,SYNID0200013069,0.10771199444461782,13.830593082693001,16.603456383568005,0
54613,SYNID0200184533,0.10772219657527232,13.830977469337391,16.600240556598433,0
56539,SYNID0200421298,0.10772447116903011,13.831063170785042,16.599523567518006,0
57007,SYNID0200475398,0.107743859864817,13.831793712304592,16.593411765364497,0
55558,SYNID0200298507,0.10774781404167044,13.831942705117237,16.59216527277122,0
57216,SYNID0200500273,0.10775615621650253,13.832257041986779,16.5895354910206,0
60923,SYNID0200938710,0.10776519976269683,13.832597814394243,16.586684546237763,0
57224,SYNID0200500815,0.10777052573796064,13.832798507642133,16.585005521306485,0
57605,SYNID0200547399,0.1077761169117934,13.83300919702703,16.583242867436887,0
60523,SYNID0200892556,0.10779093279239521,13.833567510910948,16.57857194332545,0
55208,SYNID0200256080,0.10781142595773846,13.834339799381734,16.572110880931913,0
60066,SYNID0200836407,0.10783105710939389,13.835079640563114,16.565921276638896,0
54723,SYNID0200197391,0.10783169979024732,13.835103861966957,16.56571863733066,0
57168,SYNID0200494812,0.10783762286878151,13.835327093260354,16.563851056278523,0
53946,SYNID0200102850,0.10785967911248462,13.836158387228322,16.55689634648081,0
60114,SYNID0200842864,0.10786584607033023,13.836390826596135,16.554951729520994,0
59533,SYNID0200774161,0.1078740172067491,13.83669881127101,16.55237509102918,0
56758,SYNID0200447391,0.10788579575237905,13.83714277691306,16.548660818678375,0
58006,SYNID0200596443,0.1079055089658646,13.83788585175566,16.542444161169257,0
57973,SYNID0200591903,0.10791154394924357,13.838113343410994,16.54054093739379,0
58787,SYNID0200689691,0.1079276255051077,13.838719562635957,16.535469231179313,0
60434,SYNID0200881848,0.1079422209716091,13.83926978293937,16.530866018979417,0
56575,SYNID0200426529,0.10794455295550776,13.839357696031268,16.530130527005326,0
56422,SYNID0200406134,0.10795057684181197,13.839584791987653,16.52823061369697,0
56483,SYNID0200414131,0.10796518925022763,13.840135683228686,16.523621788348642,0
60813,SYNID0200925637,0.10798600638125444,13.840920529438511,16.51705566633227,0
54453,SYNID0200165073,0.1080310278605967,13.842618069066956,16.502853836485265,0
57663,SYNID0200555315,0.10807343022830451,13.844217033119076,16.48947670229698,0
61374,SYNID0200994998,0.10807469593998875,13.844264764892973,16.489077372278505,0
53959,SYNID0200104646,0.10808489623597228,13.844649438077,16.485859148082294,0
59336,SYNID0200752418,0.10811062559276352,13.845619787105706,16.477741086172593,0
55748,SYNID0200322799,0.10811208470503991,13.845674817525063,16.477280694769046,0
58672,SYNID0200674884,0.10811758657028064,13.84588232221499,16.475544684457777,0
57936,SYNID0200587740,0.10813508254444937,13.846542208102367,16.47002399620171,0
54877,SYNID0200216929,0.10815492240653557,13.847290532749838,16.463763418165346,0
58694,SYNID0200678551,0.10815952291516451,13.847464061242482,16.462311656990014,0
54525,SYNID0200173469,0.10816545050705445,13.847687649542644,16.460441089174406,0
61179,SYNID0200971265,0.10816629609468054,13.847719545317105,16.46017424511721,0
60882,SYNID0200935079,0.10816949770199752,13.847840311360889,16.459163901219252,0
58719,SYNID0200681458,0.10819121289545769,13.848659444105648,16.45231093374312,0
59998,SYNID0200828561,0.10821085729903818,13.84940050236894,16.446111147189914,0
56271,SYNID0200388744,0.10823014497193362,13.850128139606669,16.440023642623046,0
59496,SYNID0200770489,0.1082305479747403,13.850143343473917,16.43989644515913,0
59434,SYNID0200761918,0.10823131155443916,13.85017215067195,16.43965544052042,0
58573,SYNID0200663008,0.10823278273519166,13.850227653347334,16.439191098163597,0
60559,SYNID0200897197,0.10823917600196575,13.850468852106525,16.437173199034806,0
54876,SYNID0200216718,0.10824156737181184,13.850559072322094,16.43641840537414,0
53102,SYNID0200000167,0.10828046024815874,13.85202647753937,16.424141908930025,0
58929,SYNID0200707473,0.10830156119465734,13.852822664734937,16.417480906801817,0
58847,SYNID0200699032,0.10832054955335013,13.853539175803938,16.411486485160676,0
53321,SYNID0200027495,0.1083285530698973,13.853841192733672,16.408959773574615,0
58649,SYNID0200672463,0.10833197445940712,13.853970302559317,16.407879624549114,0
56032,SYNID0200358631,0.10833867385134915,13.854223114610834,16.405764567157377,0
53304,SYNID0200025323,0.1083451584363519,13.854467824704578,16.403717291762476,0
58357,SYNID0200637433,0.10835400359610908,13.854801622817066,16.400924694807806,0
59869,SYNID0200812623,0.10835719897696822,13.854922211763386,16.399915832529498,0
54059,SYNID0200114729,0.10836488514801346,13.855212280517252,16.397489080884174,0
54778,SYNID0200203923,0.1083648935318775,13.855212596919383,16.397486433824206,0
59728,SYNID0200794885,0.1083927591131652,13.856264265098096,16.388688045686838,0
56872,SYNID0200459625,0.10840841341724478,13.8568551032396,16.383745019549412,0
58243,SYNID0200623866,0.1084107320011265,13.856942615224925,16.383012883283264,0
58500,SYNID0200655413,0.10841142245677005,13.85696867569087,16.382794858150373,0
61302,SYNID0200986726,0.10841575024368422,13.857132024151026,16.381428264406097,0
59211,SYNID0200739171,0.10844187776272035,13.858118222422945,16.373177605736046,0
55595,SYNID0200303635,0.10845112106578819,13.858467131985677,16.370258584489715,0
55232,SYNID0200259405,0.10845315569614417,13.858543934856513,16.36961604202114,0
60837,SYNID0200929330,0.10846274666437933,13.858905978422868,16.366587140050058,0
55313,SYNID0200270382,0.10847555131559883,13.859389347157427,16.362543216475878,0
55609,SYNID0200306001,0.10849329541717934,13.860059203633542,16.356939113021507,0
53893,SYNID0200097251,0.10850542552860315,13.860517144187428,16.35310792480218,0
59107,SYNID0200726183,0.10855419205461381,13.862358339718288,16.337704251623563,0
54433,SYNID0200162399,0.10857149706260333,13.863011750878824,16.332237731745856,0
59814,SYNID0200805414,0.10857697361752172,13.863218543400501,16.33050767952364,0
56708,SYNID0200442691,0.108593134275706,13.863828780251481,16.325402361345066,0
53173,SYNID0200009533,0.1086090244464214,13.864428827888911,16.32038228740741,0
60164,SYNID0200848790,0.10862363659675567,13.864980636180169,16.31576578990166,0
54569,SYNID0200178454,0.10863632731481443,13.865459900871105,16.311756201272164,0
60287,SYNID0200862962,0.10864012066767453,13.865603159776144,16.310557679270467,0
56639,SYNID0200434718,0.10866042039297785,13.866369818203443,16.30414371852821,0
53932,SYNID0200100811,0.10868189812042217,13.867181009460518,16.297357190535976,0
56830,SYNID0200454749,0.1086836692978495,13.867247906962948,16.296797517624217,0
60569,SYNID0200898171,0.10869167802029245,13.867550400781962,16.294266816322512,0
60942,SYNID0200941008,0.10869871752947924,13.86781629199968,16.29204233698278,0
60147,SYNID0200847068,0.1087380641214874,13.869302550930309,16.27960810800356,0
56580,SYNID0200427255,0.10875351791116766,13.869886335706745,16.274724091204618,0
58794,SYNID0200691469,0.10877163795729067,13.870570870773935,16.268997184812772,0
53636,SYNID0200063661,0.10881813962169079,13.872327745391496,16.254298950990687,0
60626,SYNID0200904528,0.10883336026325252,13.872902840257776,16.2494876350721,0
59587,SYNID0200780506,0.1088403488360064,13.873166903135377,16.24727845185554,0
59290,SYNID0200747220,0.10885504456183087,13.87372219580398,16.242632803611066,0
59701,SYNID0200791465,0.10887237634886798,13.874377121489307,16.237153613028678,0
53898,SYNID0200097538,0.10889143521592076,13.87509734279282,16.231128151099373,0
57648,SYNID0200552733,0.10889462979251163,13.875218067050241,16.230118156791395,0
56696,SYNID0200441116,0.10889700502433325,13.875307828598144,16.229367200402045,0
55001,SYNID0200231183,0.1089149651444038,13.875986570805885,16.223688757800314,0
58420,SYNID0200644918,0.10892491515083313,13.876362611182616,16.220542756754764,0
54246,SYNID0200139159,0.10892588754406501,13.876399361332087,16.22023530038622,0
59996,SYNID0200828516,0.10892788067852072,13.876474689156758,16.21960509833921,0
60234,SYNID0200856922,0.108935039584236,13.87674525349483,16.21734152308736,0
53579,SYNID0200057479,0.10894438355147934,13.877098407699815,16.21438699063057,0
59528,SYNID0200773808,0.108944625320467,13.877107545443867,16.214310543115573,0
56598,SYNID0200429474,0.10895234909381374,13.87739947115133,16.21186825596308,0
61298,SYNID0200986358,0.10900165392180272,13.879263119365817,16.19627674081181,0
61301,SYNID0200986723,0.10901173734677355,13.879644286583053,16.19308784797434,0
55501,SYNID0200291414,0.10903981056130829,13.880705544166991,16.184209233667858,0
56106,SYNID0200367556,0.1090501152422359,13.881095113289057,16.180950049438824,0
53764,SYNID0200079374,0.10905290210959023,13.881200472751805,16.180068598933815,0
53429,SYNID0200040590,0.10907299366213424,13.88196007012543,16.17371371185392,0
58626,SYNID0200669879,0.10908611949050873,13.882456336819505,16.169561882329653,0
57778,SYNID0200568529,0.10911421103650087,13.883518489488887,16.160675779625855,0
54026,SYNID0200110937,0.10911762561849364,13.883647601412534,16.15959561304824,0
60045,SYNID0200834494,0.10913979330651474,13.884485831834807,16.152582872002164,0
53316,SYNID0200026303,0.10915186928344905,13.884942482734058,16.1487624731956,0
60376,SYNID0200874179,0.10917147027229479,13.885683720644536,16.14256118369144,0
58424,SYNID0200645640,0.10917653824014861,13.885875378753658,16.14095774786646,0
61093,SYNID0200960540,0.10917797294208204,13.88592963611187,16.140503823989604,0
56324,SYNID0200394748,0.10918176846374578,13.886073175582823,16.139302954738234,0
59347,SYNID0200753204,0.10918201499070601,13.886082498815721,16.139224955400234,0
55710,SYNID0200317977,0.1091866159150437,13.886256499075696,16.137769247360147,0
61020,SYNID0200953105,0.10918785382875285,13.886303315519621,16.137377575107227,0
53611,SYNID0200060292,0.10919366240631417,13.886522991087682,16.135539741700057,0
58211,SYNID0200620239,0.10919488206060729,13.886569117812522,16.135153839723692,0
61278,SYNID0200984055,0.10919957938222608,13.886746769548171,16.13366758297927,0
55276,SYNID0200264834,0.10920007395612491,13.886765474355355,16.133511096211883,0
54606,SYNID0200183900,0.10921014227955178,13.887146263948166,16.13032536262783,0
53290,SYNID0200022992,0.1092112866584738,13.88718954561651,16.129963262751623,0
53560,SYNID0200056480,0.10922160038103362,13.887579627655764,16.12669978739293,0
59329,SYNID0200751825,0.10923551404319704,13.888105881675829,16.122297080131165,0
55205,SYNID0200255840,0.10923597929875717,13.888123479279587,16.122149856366786,0
54972,SYNID0200227342,0.10925893531505515,13.888991782681401,16.114885520994882,0
58168,SYNID0200615354,0.10926936685407129,13.889386368905626,16.111584363058707,0
53386,SYNID0200035881,0.10926984565718334,13.889404480494871,16.111432839227156,0
61336,SYNID0200991381,0.10927483775057811,13.889593316732036,16.109853011537577,0
60043,SYNID0200834130,0.1092817250542259,13.889853847169542,16.107673381158737,0
55225,SYNID0200258140,0.10928360672150284,13.889925026999146,16.1070778817597,0
60180,SYNID0200850869,0.10929178897437952,13.890234549768419,16.10448837537688,0
55126,SYNID0200247533,0.10929831550435237,13.890481443586864,16.102422830666708,0
59643,SYNID0200786175,0.10931198796517427,13.890998676072568,16.09809559869506,0
60167,SYNID0200849456,0.10933888134622372,13.892016111975023,16.08958360208257,0
53508,SYNID0200049343,0.10934906560120611,13.892401423080496,16.086360040955416,0
56497,SYNID0200415799,0.10937242395525743,13.893285200995138,16.078966243864635,0
56651,SYNID0200435544,0.10939528624994438,13.894150261371095,16.07172904005456,0
56924,SYNID0200466166,0.10941064062697803,13.894731266608686,16.066868277226853,0
59307,SYNID0200748849,0.10942482769096856,13.895268121355985,16.06237688294896,0
54875,SYNID0200216670,0.10943506345833792,13.895655466624618,16.059136303757192,0
58431,SYNID0200646579,0.10947209814093245,13.897057030055963,16.04741064796793,0
60522,SYNID0200892257,0.10947432301469806,13.897141233786884,16.046706188973868,0
54653,SYNID0200189987,0.10947684972456151,13.897236861545675,16.04590615512712,0
54280,SYNID0200143586,0.10947949875531632,13.897337119417143,16.045067385175837,0
54820,SYNID0200209968,0.10948531983296134,13.897557432141847,16.04322422123614,0
53568,SYNID0200057111,0.10949867079272202,13.898062743822225,16.038996720219856,0
55002,SYNID0200231330,0.10950778090862551,13.898407556513694,16.036111973913325,0
53852,SYNID0200091324,0.10954199864090658,13.89970275002157,16.025276222270435,0
60106,SYNID0200842045,0.1095446824935456,13.899804342749716,16.024426284740468,0
55372,SYNID0200278804,0.1095515317810779,13.900063614175732,16.022257187409995,0
55245,SYNID0200261617,0.10955466250203277,13.900182125313771,16.021265708336852,0
56827,SYNID0200454468,0.10955975259129047,13.9003748089256,16.01965369302737,0
53660,SYNID0200066074,0.10957547088124092,13.900969835345315,16.014675627228126,0
58207,SYNID0200619837,0.10957621726001104,13.900998090610559,16.014439240128475,0
57865,SYNID0200578107,0.1095783786462981,13.901079913369587,16.013754700644466,0
54685,SYNID0200193192,0.10959508856214178,13.901712509435413,16.00846232246479,0
54398,SYNID0200158077,0.10959622794418389,13.901755644606212,16.00810144820546,0
53851,SYNID0200091246,0.10961103140510925,13.90231609126093,16.003412681065488,0
61199,SYNID0200973678,0.1096390907201627,13.903378451791031,15.994524839372815,0
60687,SYNID0200911077,0.10965062310923107,13.903815104511962,15.990871747839053,0
53288,SYNID0200022658,0.1096647968030186,13.904351783053585,15.986381827719997,0
61083,SYNID0200959752,0.10970001826757064,13.905685507388066,15.975223722339871,0
56171,SYNID0200376537,0.10972076416575538,13.906471144597447,15.968650982721833,0
60309,SYNID0200865540,0.10973361949293092,13.906957990625944,15.964577967669602,0
56207,SYNID0200380699,0.10974494947827501,13.90738708350007,15.960988122764174,0
55362,SYNID0200277717,0.10974509315077507,13.907392524791508,15.960942600236262,0
54005,SYNID0200108372,0.10974748113962085,13.907482965101229,15.960185965240258,0
58132,SYNID0200610768,0.10975653004909813,13.907825679502672,15.95731877349178,0
53879,SYNID0200095189,0.10976005390806942,13.907959142731087,15.956202203351666,0
56942,SYNID0200468229,0.10976113636635715,13.908000140180622,15.95585921353705,0
53861,SYNID0200092876,0.10976314166578272,13.908076089977659,15.955223807991082,0
58145,SYNID0200612364,0.10976656913731736,13.908205904795397,15.954137760913135,0
59527,SYNID0200773570,0.1097741441216229,13.908492809897215,15.951737476778405,0
60162,SYNID0200848445,0.10978477288769611,13.908895387409954,15.948369462718304,0
55697,SYNID0200316062,0.10980695472148833,13.909735586813657,15.941340248926206,0
54897,SYNID0200219439,0.10981498860591177,13.910039904586553,15.9387942881971,0
55072,SYNID0200241190,0.10981598133679926,13.910077508954668,15.938479685328044,0
59576,SYNID0200779245,0.10981644183652878,13.910094952587995,15.938333749699618,0
59491,SYNID0200770017,0.10981971884174524,13.910219085453921,15.937295238544568,0
60616,SYNID0200903450,0.10983059750022062,13.910631176207922,15.933847635512643,0
60992,SYNID0200948823,0.10984986781486128,13.911361176632864,15.927740360224584,0
53460,SYNID0200044452,0.10986204312454534,13.911822421796403,15.923881525225648,0
59102,SYNID0200724937,0.10986208404554043,13.911823972057304,15.923868555548138,0
61356,SYNID0200993367,0.10988066013326481,13.912527729861285,15.917980829324762,0
57921,SYNID0200585529,0.10989218848335636,13.912964499944596,15.91432675592258,0
60599,SYNID0200901697,0.10989384478465758,13.913027252643507,15.913801758957879,0
55093,SYNID0200242962,0.10989711629735643,13.913151202040805,15.91276478272443,0
55434,SYNID0200284667,0.10990250709140731,13.913355447952013,15.911056035765403,0
56283,SYNID0200389666,0.10991585053577624,13.913861015289784,15.90682639588723,0
55403,SYNID0200281457,0.1099234286306165,13.914148148047243,15.904424207156808,0
60667,SYNID0200908700,0.10993036234003767,13.914410870034878,15.90222624199421,0
55181,SYNID0200253385,0.10993256978235233,13.914494512194171,15.901526481178962,0
57681,SYNID0200556963,0.1099370747898159,13.914665212824286,15.90009837825692,0
59618,SYNID0200784268,0.1099465658415727,13.915024847651791,15.897089628097728,0
56448,SYNID0200409830,0.10997836266234745,13.916229756201332,15.887009211761626,0
60621,SYNID0200904012,0.10998649941075245,13.916538105884985,15.884429519560495,0
54340,SYNID0200151866,0.10999560675015663,13.916883244651379,15.881542045270159,0
61120,SYNID0200963693,0.11000524211259416,13.917248402560581,15.878487088315484,0
56011,SYNID0200356022,0.11004622988053131,13.918801844810154,15.865490795247617,0
56797,SYNID0200450652,0.1100567459656897,13.919200432257579,15.862156162575358,0
59727,SYNID0200794833,0.11006752499179667,13.919608997018432,15.858738058445187,0
55870,SYNID0200339536,0.11008746108262751,13.92036467799654,15.852415936422293,0
54819,SYNID0200209668,0.11010830515777481,13.921154817596042,15.845805529242707,0
60337,SYNID0200869425,0.11011367318777587,13.92135831118457,15.844103076309779,0
59149,SYNID0200731682,0.11012628437577798,13.921836392542886,15.840103387589666,0
56109,SYNID0200367679,0.11012785047980528,13.921895763535824,15.839606682402085,0
55170,SYNID0200252621,0.11013380393253874,13.922121461064686,15.837718468514128,0
60079,SYNID0200839040,0.11015401290042576,13.922887615993837,15.831308720100667,0
54925,SYNID0200222345,0.1101542803882577,13.922897757160081,15.831223877829492,0
53400,SYNID0200037490,0.11015555412069689,13.92294604779767,15.830819872287172,0
60708,SYNID0200913145,0.11015797085860651,13.923037673294006,15.830053321870995,0
54491,SYNID0200169694,0.11016177604654959,13.923181940082237,15.828846367791883,0
61252,SYNID0200981093,0.11016977667547773,13.923485273986893,15.826308638228115,0
54639,SYNID0200187710,0.11018567249267602,13.924087962616836,15.82126646941524,0
61364,SYNID0200994279,0.110190884932863,13.924285597217859,15.819613033508018,0
55811,SYNID0200331262,0.1102073201751474,13.924908772281645,15.814399472615248,0
55669,SYNID0200313633,0.11025006694342782,13.92652972450089,15.8008383826577,0
54192,SYNID0200131828,0.1102581710510333,13.926837051316165,15.798267247901954,0
56911,SYNID0200464705,0.1102610548850172,13.926946414623092,15.797352300733447,0
60464,SYNID0200885549,0.11027168108631424,13.927349397826276,15.793980892616133,0
56053,SYNID0200360750,0.11027519086821069,13.927482503605324,15.792867312942327,0
56877,SYNID0200460204,0.11027874998472043,13.927617481585758,15.791738070196482,0
56837,SYNID0200455630,0.11034956440705551,13.93030334473358,15.769267801592123,0
59096,SYNID0200723881,0.11035846891341394,13.930641111126063,15.766442005508363,0
54070,SYNID0200116615,0.11036060418101296,13.930722107401671,15.765764380488523,0
57548,SYNID0200540168,0.11039522206382923,13.932035316026129,15.75477791211648,0
59746,SYNID0200797745,0.1104030814466394,13.932333473252417,15.752283491294483,0
60204,SYNID0200852747,0.11040640974509669,13.932459738954007,15.751227136568213,0
56978,SYNID0200471899,0.11040758014280855,13.932504140603484,15.750855666789121,0
60094,SYNID0200840340,0.11042569195145824,13.933191269493609,15.745107060148678,0
61253,SYNID0200981108,0.11043020169470136,13.933362365870465,15.743675646359655,0
56183,SYNID0200377522,0.11043261191514703,13.933453808692379,15.742910624220674,0
55145,SYNID0200249619,0.11044899455264012,13.934075374549648,15.737710526151838,0
59595,SYNID0200781598,0.11045785831357496,13.934411681185104,15.734896942578825,0
54384,SYNID0200156920,0.1104594766476481,13.934473084444264,15.734383235196658,0
58288,SYNID0200629137,0.11046059435615535,13.934515492984811,15.734028440017322,0
57951,SYNID0200589267,0.11050236149072645,13.936100325449381,15.72076953246625,0
53617,SYNID0200061115,0.1105035835763738,13.936146699420444,15.72038156199691,0
60917,SYNID0200938387,0.11053281737581128,13.937256065508954,15.71110046589579,0
58959,SYNID0200711069,0.11053738205056773,13.937429293594322,15.709651217965481,0
56221,SYNID0200381719,0.11054426567363629,13.937690528936217,15.707465690267952,0
59395,SYNID0200758360,0.11056202493656642,13.938364519051449,15.701827004269298,0
57480,SYNID0200531948,0.11058076539428591,13.939075780280648,15.695876503447636,0
61210,SYNID0200974778,0.11058202611643808,13.939123630009238,15.695476186605406,0
58493,SYNID0200654951,0.11058471782434864,13.9392257922076,15.69462148481604,0
58506,SYNID0200655776,0.11058516964031118,13.939242940687235,15.694478018480506,0
60591,SYNID0200900474,0.11059847644179122,13.939748003510147,15.690252599437072,0
60793,SYNID0200923616,0.1106127229729349,13.940288753127401,15.685728620187689,0
55249,SYNID0200262340,0.11061378565561863,13.940329089721981,15.685391159168683,0
53939,SYNID0200102130,0.11061464099367307,13.940361556148533,15.685119540964354,0
56160,SYNID0200374426,0.11064502229502016,13.941514798248873,15.67547137263473,0
59723,SYNID0200794312,0.1106565491140914,13.941952367670098,15.67181061187114,0
57819,SYNID0200572185,0.11067052021008389,13.94248274162085,15.667373436751541,0
59228,SYNID0200740406,0.11068405008172671,13.942996383852314,15.663076241298036,0
60128,SYNID0200845019,0.110688609609849,13.943169483839537,15.661628065052923,0
60394,SYNID0200876706,0.11070514676302301,13.943797324811154,15.656375468588923,0
57637,SYNID0200551480,0.11070548390743762,13.943810124938366,15.656268381116178,0
57847,SYNID0200576370,0.11073237308604783,13.944831043358661,15.647727249321818,0
57779,SYNID0200568540,0.11073403795918474,13.944894256966496,15.647198396335149,0
53798,SYNID0200083654,0.11074253102967019,13.945216734769826,15.64450050650944,0
59826,SYNID0200807649,0.11076302199284649,13.945994795757665,15.63799115051282,0
55148,SYNID0200250246,0.11078227676640762,13.9467259548016,15.631874182072714,0
54794,SYNID0200205766,0.11079075833021418,13.947048035610596,15.62917961355148,0
61297,SYNID0200986176,0.11081424270036078,13.947939872980603,15.621718390044336,0
60870,SYNID0200933796,0.11081843371124006,13.948099035563729,15.62038681587331,0
56645,SYNID0200435175,0.1108493115144415,13.949271738879577,15.610575832569218,0
55541,SYNID0200296073,0.1108710325856091,13.950096735836826,15.60367380435449,0
55274,SYNID0200264750,0.1108710325856091,13.950096735836826,15.60367380435449,0
55740,SYNID0200321808,0.11088541396339491,13.950642986213495,15.599103805060622,0
58587,SYNID0200664904,0.1108936934931149,13.950957478189922,15.596472725666278,0
53186,SYNID0200011153,0.11092251929886277,13.952052457879875,15.587311987983309,0
53754,SYNID0200078073,0.11092302645978591,13.95207172366722,15.587150807985417,0
58264,SYNID0200626539,0.11092734309370844,13.952235702915116,15.585778936991623,0
54903,SYNID0200219719,0.11094844752295568,13.95303743907291,15.579071511548126,0
61032,SYNID0200954554,0.11095544620617886,13.95330332165094,15.576847104489111,0
54464,SYNID0200165887,0.11095595732032765,13.953322739254913,15.57668465437423,0
61180,SYNID0200971324,0.11095721040785461,13.953370345083416,15.576286378030757,0
60964,SYNID0200944202,0.11096782730036953,13.953773695738496,15.572911895764696,0
58715,SYNID0200681303,0.11096980725638217,13.953848918265537,15.572282574650886,0
57755,SYNID0200566282,0.11099163076721236,13.954678062876607,15.565345846643119,0
53405,SYNID0200038667,0.111002561417964,13.955093370559792,15.561871330377365,0
53926,SYNID0200099974,0.11100638558307813,13.955238671632017,15.560655723348393,0
60656,SYNID0200907538,0.11102004827439521,13.955757804112203,15.556312595784172,0
58581,SYNID0200663919,0.1110240751457861,13.955910814029375,15.555032495589638,0
60397,SYNID0200877325,0.11102994134587296,13.956133716157803,15.553167668372991,0
54262,SYNID0200140990,0.11104201163610317,13.956592370035512,15.549330512396942,0
55076,SYNID0200241685,0.11105711806290491,13.957166412842867,15.544527998135516,0
61005,SYNID0200950549,0.11106415466766584,13.957433810777971,15.542290913408795,0
54750,SYNID0200201259,0.11109960272396208,13.958780945526158,15.531020614822443,0
60987,SYNID0200948138,0.1111007777205556,13.958825601099267,15.530647020686327,0
54338,SYNID0200151597,0.11111050733540068,13.95919537886792,15.527553413406924,0
56751,SYNID0200446751,0.11111722842956467,13.959450822049314,15.525416343651987,0
59589,SYNID0200780726,0.11113844640553111,13.960257265443186,15.518669536879958,0
54089,SYNID0200118542,0.11114215844970349,13.960398355689675,15.517489158148202,0
56530,SYNID0200420371,0.11114527855870965,13.96051694824827,15.516496997900497,0
56202,SYNID0200379812,0.11114753471685562,13.960602703398573,15.515779559536913,0
60716,SYNID0200914267,0.11115828438904685,13.961011298501994,15.512361201557024,0
60517,SYNID0200892000,0.11115902163192143,13.96103932152192,15.512126757450906,0
57992,SYNID0200594465,0.11115925042029534,13.961048017908615,15.512054002387,0
58188,SYNID0200617733,0.11116346789138215,13.96120832749301,15.51071283225921,0
60934,SYNID0200940024,0.11116602052359942,13.961305356011732,15.509901079478839,0
59250,SYNID0200743198,0.11118350691923407,13.961970051370583,15.504340154580031,0
60611,SYNID0200903254,0.11118914779915096,13.962184479677628,15.502546220417923,0
59108,SYNID0200726486,0.11119598862339286,13.962444525969637,15.500370640461158,0
59159,SYNID0200732919,0.11119985724409709,13.962591589289643,15.499140290245784,0
59867,SYNID0200812286,0.11122448080343683,13.96352767358296,15.491308891418122,0
54986,SYNID0200229397,0.11122953181650314,13.963719699210847,15.489702380884962,0
54798,SYNID0200206399,0.11123197102348603,13.9638124320465,15.488926566328932,0
55696,SYNID0200315991,0.11123887328803284,13.96407484284571,15.486731204607807,0
53395,SYNID0200036910,0.11124849044303703,13.964440476317499,15.483672269036763,0
59583,SYNID0200780381,0.11125706363741134,13.96476642720012,15.480945322993255,0
54370,SYNID0200155031,0.11127122834889053,13.965304982029984,15.476439705611,0
53191,SYNID0200011816,0.11127229360991014,13.965345484987386,15.476100852779695,0
59549,SYNID0200775541,0.11128259050822231,13.9657369955385,15.472825426311287,0
55786,SYNID0200328163,0.11132174120557009,13.96722568520025,15.460370861530048,0
57497,SYNID0200533345,0.11132957835399182,13.967523707658232,15.457877568196599,0
58482,SYNID0200654155,0.11132977550399037,13.967531204738966,15.457814846677087,0
54481,SYNID0200169046,0.11133004212392195,13.967541343579235,15.457730023865345,0
58154,SYNID0200613218,0.11133347186582676,13.967671768077086,15.456638876126993,0
57806,SYNID0200570814,0.11133847442261113,13.967862004850693,15.455047331373539,0
57910,SYNID0200584359,0.11137347455914803,13.969193055353143,15.443911595608185,0
59266,SYNID0200745027,0.11139939640251068,13.97017893685341,15.435663587089577,0
55828,SYNID0200332806,0.11140558852167226,13.970414450504558,15.43369325028906,0
56867,SYNID0200459316,0.11140755712294326,13.970489325895224,15.433066833361785,0
57909,SYNID0200584054,0.11141709853357007,13.970852237084658,15.430030672747009,0
56535,SYNID0200421019,0.11142893758932121,13.971302552470434,15.426263277642304,0
61174,SYNID0200970806,0.1114378124287127,13.971640128653128,15.423439072877542,0
58816,SYNID0200693913,0.11146675974339804,13.972741264028642,15.414226835955635,0
58025,SYNID0200598200,0.1114925282723111,13.973721549664324,15.406025643143305,0
53548,SYNID0200055205,0.11151108377587599,13.974427477864694,15.400119759111009,0
59473,SYNID0200767178,0.11151109025823125,13.974427724486226,15.400117695844283,0
61406,SYNID0200999425,0.1115212927358169,13.974815883358431,15.396870309942766,0
58953,SYNID0200710389,0.11152151470873628,13.974824328553565,15.396799656379034,0
60548,SYNID0200895879,0.11152776424441424,13.975062100746943,15.39481042433043,0
56349,SYNID0200397318,0.11153544362878082,13.975354278741316,15.39236602651396,0
59790,SYNID0200803033,0.11159923445378434,13.977781555349475,15.372059125394799,0
54202,SYNID0200133432,0.11159985021548291,13.97780498736947,15.371863090171022,0
58792,SYNID0200690756,0.11160676076128434,13.97806796185568,15.369663012573598,0
61160,SYNID0200968962,0.11161653720014736,13.978440003267602,15.366550467370166,0
60330,SYNID0200868524,0.1116180335355551,13.978496946989612,15.366074069036218,0
57515,SYNID0200535036,0.11162070738717461,13.97859870217094,15.365222772402499,0
55224,SYNID0200257821,0.11162925135070428,13.97892385301614,15.362502519572608,0
56511,SYNID0200417459,0.11163213933172716,13.979033760237504,15.361583021947556,0
55305,SYNID0200269269,0.11163913849271656,13.979300129068259,15.359354546837146,0
60572,SYNID0200898775,0.11164909223612801,13.979678949453772,15.35618528788879,0
54392,SYNID0200157810,0.11165424693448306,13.979875131203858,15.354544006715088,0
57119,SYNID0200489089,0.11165868409294111,13.980044006315849,15.353131176307055,0
58937,SYNID0200708188,0.1116786833555628,13.980805188052154,15.346763034249866,0
57057,SYNID0200482784,0.11170153552066603,13.981675000645938,15.339486072788288,0
60761,SYNID0200918727,0.11170891805777539,13.981956010069956,15.33713511263487,0
55918,SYNID0200345948,0.11171119200853297,13.98204256697159,15.33641096671895,0
59024,SYNID0200717636,0.11172171364832012,13.982443075005083,15.333060266182287,0
59584,SYNID0200780401,0.11176880915503845,13.984235906612993,15.318061211660527,0
55688,SYNID0200315196,0.11177055849216883,13.984302504562738,15.317504044844178,0
54414,SYNID0200160405,0.11178562915657897,13.98487626308887,15.312703908915172,0
61004,SYNID0200950382,0.11183499827751164,13.98675596158069,15.296978115126814,0
59114,SYNID0200727126,0.11184163151099807,13.987008536027599,15.294865045565087,0
60760,SYNID0200918663,0.1118419742374544,13.987021586182276,15.294755866331155,0
60749,SYNID0200917944,0.11185723577983003,13.987602718710416,15.289894038574726,0
57943,SYNID0200588681,0.11187365344012828,13.988227899675612,15.284663696058686,0
59550,SYNID0200775624,0.11187678202830037,13.988347038638684,15.283666964522435,0
58823,SYNID0200695399,0.11187729885520464,13.988366719883782,15.283502308752794,0
57585,SYNID0200544906,0.11188282200566174,13.988577048182846,15.281742675772636,0
54534,SYNID0200174387,0.11190209385227134,13.98931096702673,15.27560261849933,0
53760,SYNID0200078801,0.11190287219793077,13.989340609090302,15.275354629270632,0
59551,SYNID0200775821,0.11191265268679812,13.989713088609054,15.272238418810403,0
60549,SYNID0200896021,0.11193619760936818,13.990609810450318,15.264736331202943,0
57244,SYNID0200503812,0.11193687237121774,13.990635509943191,15.264521326016123,0
54107,SYNID0200121318,0.11194243951082605,13.990847545960694,15.262747406048938,0
60682,SYNID0200910436,0.1119496244477774,13.991121203629827,15.260457951600726,0
59335,SYNID0200752292,0.1119515529870348,13.991194658102552,15.259843422251496,0
61107,SYNID0200961362,0.11198608700103507,13.992510056254144,15.248838636020345,0
53835,SYNID0200089176,0.11199072190365245,13.992686608277841,15.247361579604279,0
55041,SYNID0200237942,0.11199154405804951,13.992717925881536,15.247099572596367,0
58158,SYNID0200613473,0.11201232598639849,13.99350957562296,15.240476531379677,0
53346,SYNID0200031404,0.11202592064307143,13.994027462271587,15.236143826598836,0
61103,SYNID0200961083,0.1120308976109729,13.994217063743642,15.23455759685801,0
60766,SYNID0200919232,0.11204733524759969,13.99484328560773,15.22931854605104,0
57840,SYNID0200575886,0.11204949024512978,13.994925386151653,15.228631682583726,0
58989,SYNID0200713667,0.11205615885301073,13.995179447955817,15.226506169604292,0
58318,SYNID0200632574,0.11208334081982158,13.996215076524338,15.217841970861357,0
53792,SYNID0200083253,0.1120872171702959,13.996362770766908,15.216606342268546,0
58393,SYNID0200642270,0.11209378431271955,13.99661299122272,15.214512966492123,0
60202,SYNID0200852716,0.11209559371924604,13.996681933752821,15.21393618462189,0
60358,SYNID0200872543,0.1121046615658024,13.99702744430571,15.211045599919027,0
53995,SYNID0200107652,0.11212541295973971,13.997818161389958,15.2044303614295,0
55741,SYNID0200321820,0.112140848264558,13.998406340121335,15.19950958425136,0
61310,SYNID0200987648,0.11214799232795508,13.99867858019084,15.197231989619764,0
59629,SYNID0200784863,0.11215628701204522,13.998994673454826,15.194587513652479,0
61017,SYNID0200952696,0.11215764156487318,13.999046293305105,15.19415565549842,0
56068,SYNID0200362436,0.11216339996125602,13.999265738629596,15.192319748337901,0
53669,SYNID0200066917,0.11216398584895332,13.999288066263695,15.192132952545311,0
53375,SYNID0200034670,0.11216979255399873,13.999509356204884,15.190281613089674,0
54774,SYNID0200203652,0.112183239313142,14.000021816607033,15.185994304968741,0
54852,SYNID0200214195,0.11218444059171417,14.000067598592082,15.185611287128797,0
59317,SYNID0200749761,0.11219730638587,14.000557936380691,15.181509059572695,0
55479,SYNID0200289076,0.11221503149784606,14.001233497866334,15.175857227291711,0
54969,SYNID0200227174,0.1122419003755224,14.002257616792697,15.167289319661403,0
57243,SYNID0200503740,0.11225206945071253,14.002645234015636,15.164046465265702,0
57303,SYNID0200510544,0.11225400341584507,14.002718952606498,15.16342972627096,0
61109,SYNID0200961883,0.11226212845064037,14.003028665473147,15.160838629509588,0
59386,SYNID0200757633,0.11227328969924621,14.003454124361703,15.15727918698413,0
54027,SYNID0200111044,0.11229402935745214,14.004244737961674,15.150664814257054,0
54037,SYNID0200112362,0.112295209231974,14.004289717064182,15.15028851343333,0
55621,SYNID0200308093,0.11230190846292704,14.004545107321391,15.14815188644878,0
58268,SYNID0200626866,0.11232377496439144,14.0053787399,15.141177611540602,0
54780,SYNID0200204107,0.11233912678491431,14.00596403664153,15.136280945451674,0
60916,SYNID0200938330,0.11235044773443525,14.006395669020998,15.132669854725433,0
53397,SYNID0200037228,0.11235583228285345,14.006600969426302,15.13095228573632,0
60938,SYNID0200940495,0.1123589227539179,14.006718803244215,15.129966473208478,0
60010,SYNID0200830083,0.1123613159278879,14.006810051087841,15.129203082282338,0
59126,SYNID0200729281,0.11237273217232274,14.007245341733446,15.12556138604192,0
53423,SYNID0200040291,0.11238036234110771,14.007536280028841,15.123127359702915,0
60445,SYNID0200882821,0.11238502589356575,14.007714104079286,15.121639661351239,0
61134,SYNID0200965510,0.11239192947991061,14.007977345892247,15.119437347264642,0
54838,SYNID0200211973,0.11239265848697161,14.008005144056888,15.1192047843261,0
59659,SYNID0200787993,0.11240682751222425,14.008545441246719,15.11468459014138,0
57727,SYNID0200561422,0.11241224550308221,14.008752046792921,15.112956102179497,0
55817,SYNID0200331793,0.11242328600519685,14.009173065849813,15.10943380384363,0
55104,SYNID0200244024,0.11242529128871914,14.00924953671839,15.108794038947682,0
58435,SYNID0200647039,0.11244161471617825,14.00987204030884,15.103586095685205,0
60652,SYNID0200907404,0.11244166815370454,14.009874078223666,15.10356904623369,0
61057,SYNID0200957425,0.11248185310691544,14.011406667195654,15.090747214306566,0
60005,SYNID0200829535,0.11248836637139137,14.011655087511233,15.088668898729551,0
59922,SYNID0200819542,0.11249495184488334,14.011906266172717,15.086567506484073,0
55050,SYNID0200238890,0.1124959835373388,14.011945616673067,15.086238295253306,0
59675,SYNID0200789087,0.11250533480159625,14.01230229453327,15.083254283454162,0
55322,SYNID0200272133,0.1125155479886869,14.012691857867221,15.079995147649205,0
58954,SYNID0200710497,0.11251760270489314,14.012770232497948,15.079339455639861,0
61396,SYNID0200998308,0.11251941211126393,14.01283925042987,15.078762042948512,0
54217,SYNID0200135373,0.11253219647308071,14.013326905853347,15.074682256396176,0
54054,SYNID0200114401,0.112548344891581,14.013942905149626,15.06952872887608,0
59851,SYNID0200810626,0.1125539650183886,14.014157297129426,15.067735098632252,0
58685,SYNID0200676840,0.11255675779675223,14.014263834900474,15.06684379025196,0
58534,SYNID0200658768,0.1125707059962886,14.014795936628701,15.062392160328898,0
58385,SYNID0200641004,0.11258278998154736,14.015256937021336,15.05853537311409,0
60110,SYNID0200842422,0.11259018298810153,14.015538985081076,15.056175723603726,0
53872,SYNID0200094380,0.11261394369724836,14.016445508202946,15.048591637251075,0
61355,SYNID0200993031,0.11262324381418404,14.016800343184656,15.04562304320498,0
54446,SYNID0200164363,0.11263117129849187,14.017102813714738,15.043092536741398,0
55910,SYNID0200344286,0.11263837029301244,14.017377494321993,15.040794524264312,0
54003,SYNID0200108270,0.11266463760160184,14.018379777619163,15.032409296251748,0
53557,SYNID0200055873,0.11266637774240035,14.018446178678385,15.031853776646232,0
54548,SYNID0200175765,0.1126670965061759,14.018473605670247,15.031624318985791,0
57138,SYNID0200491681,0.11269459076628796,14.019522785301646,15.022846750347995,0
58410,SYNID0200643675,0.11269700312066933,14.019614844181849,15.02207657418796,0
60564,SYNID0200897989,0.1127070682748254,14.019998950992077,15.018863088346123,0
53738,SYNID0200076108,0.11271187594037319,14.020182424837321,15.017328123101203,0
57230,SYNID0200502175,0.11272537549162476,14.020697617313518,15.013017958105468,0
61239,SYNID0200979414,0.11273634854528175,14.021116402590243,15.00951434785518,0
60440,SYNID0200882494,0.11273930258201975,14.021229145075278,15.008571130058002,0
58964,SYNID0200711352,0.1127437708397726,14.021399680297124,15.007144410962303,0
57310,SYNID0200512587,0.11274668553338202,14.021510923355818,15.006213737554297,0
57332,SYNID0200514751,0.11276410083375815,14.022175618310389,15.000652816037785,0
56152,SYNID0200373576,0.11276506124300711,14.022212275405867,15.000346138170627,0
57427,SYNID0200525501,0.11277071341167888,14.022428010370888,14.99854127234368,0
60475,SYNID0200886505,0.11277884493393264,14.022738384139465,14.99594464639371,0
55025,SYNID0200235329,0.11278751811707288,14.023069439858906,14.993174992643887,0
56720,SYNID0200444179,0.11278949462806243,14.023144884393549,14.99254381418661,0
57538,SYNID0200538560,0.11279867358481221,14.023495255375408,14.989612566524213,0
56122,SYNID0200369267,0.1128072861739367,14.023824015028488,14.986862121954115,0
58317,SYNID0200632572,0.1128138256255169,14.024073643783362,14.984773696422081,0
59917,SYNID0200818640,0.11282388243196378,14.024457547822625,14.981561906987661,0
53162,SYNID0200008489,0.11284139714690972,14.025126170537902,14.975968125331496,0
54592,SYNID0200181496,0.11285679224150735,14.02571390191028,14.971051090814957,0
54683,SYNID0200192894,0.11285679224150735,14.02571390191028,14.971051090814957,0
54657,SYNID0200190259,0.11286132101448654,14.025886799220663,14.969604610189736,0
61009,SYNID0200951130,0.11286740609373208,14.026119115625603,14.967661021952772,0
53328,SYNID0200028145,0.11286867255267008,14.02616746700595,14.967256508228887,0
59657,SYNID0200787729,0.11286943153957624,14.026196443990106,14.967014083138153,0
61247,SYNID0200980865,0.11288133302456704,14.02665083230499,14.963212613396692,0
55399,SYNID0200281217,0.1128881079266732,14.02690949839694,14.961048580367075,0
58189,SYNID0200617845,0.11288920770952765,14.026951488586898,14.960697285161316,0
54570,SYNID0200178689,0.11289220755949181,14.027066024775868,14.9597390610116,0
54744,SYNID0200199373,0.11291018885984905,14.027752580921808,14.953995246020968,0
56671,SYNID0200437970,0.11291528685868535,14.027947236853528,14.952366730035449,0
54647,SYNID0200188796,0.11291711093992107,14.02801688602738,14.951784036294779,0
58179,SYNID0200616972,0.11293731860716943,14.028788500447414,14.94532861309451,0
56896,SYNID0200462912,0.11294239038017412,14.028982168570172,14.94370836124288,0
61170,SYNID0200970116,0.11294819130152983,14.029203682689113,14.941855146288018,0
55675,SYNID0200313956,0.11295215581390317,14.029355073561385,14.940588591226579,0
61084,SYNID0200959789,0.11297256984424808,14.030134638587695,14.93406665225514,0
53718,SYNID0200073722,0.11298052943450021,14.03043860823654,14.931523603975617,0
57045,SYNID0200481431,0.11298408633388363,14.030574445070947,14.93038717594951,0
56876,SYNID0200460096,0.11299223068034558,14.030885479724141,14.927785020955797,0
57691,SYNID0200557849,0.11299996510721327,14.03118086550397,14.925313786403116,0
53490,SYNID0200047398,0.1130081649430491,14.031494032181822,14.922693794623198,0
53517,SYNID0200050442,0.11303820792332842,14.032641485059296,14.91309405965956,0
60906,SYNID0200937509,0.11304336331031001,14.032838397370016,14.911446666523764,0
60190,SYNID0200851528,0.11304355534959143,14.032845732446912,14.911385300348734,0
55417,SYNID0200282614,0.11304719223343707,14.032984646498539,14.91022312793665,0
55353,SYNID0200276752,0.1130516752248324,14.0331558801861,14.90879056538904,0
53234,SYNID0200016849,0.11308132975571339,14.03428862353294,14.899313892207111,0
53978,SYNID0200106542,0.11308293485169363,14.034349937442945,14.898800932331202,0
59110,SYNID0200726746,0.1130929342245543,14.034731914501934,14.895605264255874,0
58136,SYNID0200611142,0.11311552525790419,14.035594930617666,14.888385162983742,0
61029,SYNID0200954331,0.11311704215449564,14.035652880467541,14.88790034725762,0
55473,SYNID0200288153,0.11311938270580352,14.035742296762539,14.887152279297489,0
55534,SYNID0200294778,0.11312717905361586,14.03604014525084,14.884660441416253,0
58356,SYNID0200637380,0.11314849547161465,14.036854539621903,14.877847115769905,0
60704,SYNID0200912864,0.11315782670524388,14.037211053796385,14.874864473386051,0
54140,SYNID0200126313,0.11315853422346539,14.037238085972149,14.87463831880672,0
55248,SYNID0200262329,0.11316059765271458,14.037316923774785,14.873978751842987,0
54634,SYNID0200186775,0.11316515350463097,14.037490991495954,14.872522479414075,0
58690,SYNID0200677824,0.11316855364417339,14.037620903670229,14.871435617839113,0
53105,SYNID0200000596,0.11317288677187726,14.037786465013003,14.870050510840782,0
58141,SYNID0200611893,0.11317889716418744,14.038016114816477,14.868129231726757,0
53885,SYNID0200096243,0.11318165122338819,14.038121345271781,14.86724886051427,0
59092,SYNID0200723568,0.11319086368333031,14.038473351629952,14.864303931088152,0
54103,SYNID0200120412,0.11322798463717226,14.039891821235035,14.852436836124983,0
57433,SYNID0200525992,0.11324423615494017,14.0405128687074,14.847241074929373,0
56695,SYNID0200440901,0.11326532489416308,14.041318808228937,14.840498483616615,0
53702,SYNID0200071743,0.11327187589244397,14.041569173935194,14.838403892656727,0
56279,SYNID0200389271,0.11327724345965501,14.041774314496415,14.836687660943282,0
53240,SYNID0200017537,0.11330548278587277,14.042853627102131,14.827657996055766,0
57509,SYNID0200534513,0.11330828737246496,14.042960823256305,14.826761179559533,0
61244,SYNID0200979959,0.11331827890685359,14.043342723314332,14.823566155683931,0
58580,SYNID0200663820,0.11331942877583046,14.043386674657366,14.823198453225118,0
60868,SYNID0200933693,0.1133370354400196,14.044059668991192,14.817568098058832,0
58079,SYNID0200604615,0.11334369188410343,14.0443141118349,14.815439397254682,0
60855,SYNID0200931721,0.11335426651211672,14.044718336424358,14.812057603543781,0
55799,SYNID0200329927,0.1133553977642705,14.044761580201733,14.811695820668202,0
56812,SYNID0200452548,0.11337175703511698,14.045386951535242,14.806463885506938,0
55204,SYNID0200255730,0.11339885871101618,14.046423034621855,14.797795884208542,0
56468,SYNID0200412959,0.11340336170855936,14.046595188931125,14.796355619624023,0
54474,SYNID0200168245,0.11341451963025645,14.047021776596814,14.79278673360721,0
59244,SYNID0200742665,0.11341800751409581,14.047155127273582,14.7916711050883,0
58100,SYNID0200607152,0.11344538238338614,14.048201779982815,14.782914676998892,0
60274,SYNID0200861574,0.11345932538683007,14.048734906264258,14.778454475534875,0
56777,SYNID0200448709,0.11346179450424637,14.048829317725696,14.777664617384579,0
60733,SYNID0200916495,0.11347289240308334,14.049253674716269,14.774114393476111,0
53975,SYNID0200106524,0.11347398904168016,14.049295608203177,14.773763572655207,0
59172,SYNID0200734404,0.11347481508218704,14.049327194584537,14.773499317019546,0
61044,SYNID0200955823,0.11347728147699371,14.049421505720725,14.772710298202918,0
56788,SYNID0200449808,0.11347757240988599,14.04943263058582,14.772617226183582,0
55777,SYNID0200326748,0.11348119655917432,14.049571213665207,14.771457822726862,0
58276,SYNID0200628433,0.11349374667793449,14.050051125047656,14.767442823794896,0
59903,SYNID0200816895,0.11350989023238439,14.050668470848839,14.762278031245568,0
56804,SYNID0200451575,0.11351498460232523,14.050863290045088,14.76064814936846,0
57092,SYNID0200486289,0.11351726336001383,14.050950435262488,14.759919081528894,0
54739,SYNID0200198521,0.11352456417793572,14.051229639696233,14.757583222150927,0
54444,SYNID0200164277,0.11354003699396997,14.051821382453276,14.752632627886209,0
54011,SYNID0200109025,0.11354713461102739,14.052092831821167,14.750361648363697,0
53385,SYNID0200035832,0.11355338412442212,14.052331849472067,14.74836199666093,0
59454,SYNID0200764857,0.11355670706178911,14.052458939450158,14.747298745933913,0
55694,SYNID0200315841,0.11355826452702139,14.05251850707069,14.746800395735182,0
56352,SYNID0200397554,0.1135757640147893,14.05318781803091,14.74120085613534,0
53230,SYNID0200016393,0.11358254749528429,14.053447277082505,14.739030189105673,0
54552,SYNID0200176428,0.11359154399589771,14.053791388218379,14.73615131210142,0
58979,SYNID0200712821,0.11359976377548103,14.05410579721172,14.733520926953991,0
53128,SYNID0200005169,0.11360086999599917,14.054148110983427,14.73316692462271,0
56227,SYNID0200382671,0.1136342390276121,14.05542455863148,14.72248800319873,0
60466,SYNID0200885629,0.11363761621480611,14.055553750502959,14.721407167767476,0
54307,SYNID0200147395,0.1136431167178576,14.055764170715616,14.719646765826667,0
54359,SYNID0200153549,0.1136508830852549,14.056061276038939,14.717161145357027,0
58725,SYNID0200681927,0.11367223137512189,14.056877993718434,14.710328382620386,0
54546,SYNID0200175428,0.11368144056012963,14.057230321783857,14.707380761750954,0
56625,SYNID0200433029,0.11368162498491646,14.057237377654522,14.707321731450318,0
53383,SYNID0200035231,0.1136865130955711,14.057424392120458,14.705757144927778,0
57962,SYNID0200590894,0.11370354017499679,14.05807585046788,14.700306962530007,0
60646,SYNID0200906624,0.11371907924666175,14.058670402499223,14.695332865523458,0
57384,SYNID0200521651,0.11372070226239372,14.05873250329632,14.694813322451273,0
56729,SYNID0200444951,0.11372748377887093,14.058991984552108,14.692642469658534,0
55545,SYNID0200296494,0.11373830525302336,14.059406056197378,14.689178294241323,0
58651,SYNID0200672695,0.11373948928726585,14.05945136265185,14.68879925474994,0
54106,SYNID0200120926,0.11374972088609964,14.059842875245211,14.68552381119579,0
55968,SYNID0200351849,0.11375478623554675,14.060036704909638,14.683902207866273,0
56742,SYNID0200446035,0.11376287036982563,14.06034605606576,14.681314137220614,0
61367,SYNID0200994372,0.1137769552327007,14.060885049297625,14.676804852112124,0
53103,SYNID0200000345,0.11378461157515601,14.061178047032282,14.674353596245437,0
60052,SYNID0200834853,0.1137922416024012,14.061470043498444,14.671910717116788,0
59793,SYNID0200803216,0.1138026370597211,14.061867880562657,14.668582362244765,0
54854,SYNID0200214447,0.11383272434208813,14.063019389641223,14.6589486925931,0
60509,SYNID0200890556,0.11383351541718756,14.063049667104199,14.658695387533127,0
60368,SYNID0200873261,0.11387435407366409,14.06461280259338,14.645617999604632,0
57279,SYNID0200507659,0.11388223570875505,14.064914498139697,14.643093976752631,0
60847,SYNID0200930517,0.11389271025913772,14.065315455590978,14.639739516330263,0
53183,SYNID0200010703,0.11389804152298683,14.065519536304716,14.638032151434055,0
57282,SYNID0200507776,0.11390070439721839,14.065621472152403,14.637179343322881,0
54921,SYNID0200221995,0.11390965524188856,14.065964119075353,14.634312716107956,0
55052,SYNID0200239604,0.11392843403264863,14.066683015021193,14.628298342287483,0
55404,SYNID0200281461,0.11394012539906673,14.067130605481205,14.62455374425411,0
59242,SYNID0200742299,0.11396604929106824,14.068123120096661,14.616250242260309,0
57979,SYNID0200592448,0.11399004241295552,14.069041773199373,14.608564674963665,0
53163,SYNID0200008533,0.11400292369081244,14.069534997513353,14.604438298373568,0
53945,SYNID0200102769,0.11400856033036233,14.069750829699691,14.602632619180866,0
60123,SYNID0200844027,0.11401920694101048,14.07015850695178,14.599221940060547,0
58034,SYNID0200599525,0.11402141253173365,14.070242964265473,14.598515359561148,0
55155,SYNID0200250696,0.11406737009999118,14.072002898647124,14.583791527368216,0
60887,SYNID0200935707,0.1140757166807444,14.072322551502033,14.581117271415977,0
58944,SYNID0200708854,0.11408519907386261,14.072685711475808,14.578079029440127,0
59783,SYNID0200802045,0.11408827869294241,14.07280365771289,14.577092276399384,0
55336,SYNID0200274010,0.11410971469350778,14.0736246605217,14.570223663732417,0
55516,SYNID0200292813,0.11410971469350778,14.0736246605217,14.570223663732417,0
58549,SYNID0200660641,0.11411223035098839,14.073721013661272,14.569417561258868,0
55735,SYNID0200320908,0.11411627766395133,14.073876032629489,14.568120653090865,0
58666,SYNID0200674131,0.11415380021381322,14.075313287505482,14.556096398190643,0
53588,SYNID0200058595,0.11417463044343251,14.076111224028468,14.549420760969412,0
55888,SYNID0200340904,0.11418410032202203,14.076473997691926,14.546385750914236,0
54100,SYNID0200119832,0.11419284300423099,14.076808921702069,14.543583734558307,0
57695,SYNID0200558412,0.11419336191853346,14.076828801064147,14.543417421317084,0
57529,SYNID0200537760,0.11419524842442053,14.07690107243983,14.542812789906401,0
55062,SYNID0200240406,0.11420658618130153,14.077335425354427,14.539178938841435,0
55006,SYNID0200231839,0.11421137214145893,14.077518780775232,14.53764496435026,0
60430,SYNID0200881487,0.11421515578018648,14.077663737764736,14.53643223596054,0
56107,SYNID0200367566,0.1142294713947673,14.078212203731315,14.53184370076308,0
56129,SYNID0200369699,0.11423418797177592,14.078392911710429,14.530331875101755,0
53553,SYNID0200055683,0.1142413730910945,14.078668202121023,14.528028760933331,0
54439,SYNID0200162923,0.11424276148942625,14.07872139775734,14.527583719555237,0
53963,SYNID0200105196,0.11426400631650191,14.079535404245073,14.52077363898956,0
57338,SYNID0200515456,0.11427403718928525,14.07991975788167,14.517558088167315,0
57137,SYNID0200491578,0.11428020839675618,14.080156225425474,14.51557977098098,0
53334,SYNID0200029731,0.11428078485686421,14.080178314343861,14.515394972314045,0
57320,SYNID0200513254,0.1143034544955307,14.081047000452749,14.508127435166662,0
59864,SYNID0200812055,0.11430756211952325,14.08120440745066,14.50681054844214,0
61326,SYNID0200989524,0.11432122295415792,14.081727912159245,14.502430842265701,0
59778,SYNID0200801842,0.11432390352148775,14.08183063789932,14.501571425815573,0
54966,SYNID0200226993,0.11433077456562718,14.082093955976363,14.499368473694052,0
58307,SYNID0200631227,0.11433423304110052,14.082226496429927,14.498259623604303,0
60695,SYNID0200911877,0.11433837563188831,14.08238525605593,14.496931420623172,0
61154,SYNID0200968058,0.11434020744701917,14.082455458630251,14.49634409706464,0
57788,SYNID0200569530,0.11435240199665103,14.082922811656559,14.492434162918277,0
58602,SYNID0200666685,0.11436864979739153,14.083545527468099,14.487224444187497,0
58963,SYNID0200711304,0.11439380029581864,14.084509501237365,14.47915971849939,0
58777,SYNID0200688693,0.11440374287007815,14.084890599724984,14.475971400662546,0
61214,SYNID0200975381,0.11442015093681263,14.085519541779531,14.470709592400388,0
56388,SYNID0200401975,0.11442434381992894,14.085680264612511,14.46936496498299,0
59080,SYNID0200722283,0.11442647830555586,14.08576208501681,14.468680445198967,0
56972,SYNID0200471153,0.11443783576874877,14.086197453836988,14.465038094940253,0
59616,SYNID0200783806,0.11448181222784615,14.087883336745177,14.450933786679688,0
55616,SYNID0200307610,0.11448185821361145,14.087885099757564,14.450919037096533,0
53769,SYNID0200080236,0.11448477090191178,14.087996767470807,14.449984810975192,0
54540,SYNID0200174857,0.11448755739068245,14.088103597689807,14.44909105593859,0
56086,SYNID0200364475,0.11449330938629054,14.088324123881037,14.44724610611111,0
57039,SYNID0200480606,0.11449625149863835,14.088436923019042,14.446302414348045,0
59021,SYNID0200717203,0.11450442868045013,14.088750436662695,14.443679519808638,0
57809,SYNID0200571180,0.1145080961004108,14.088891047925246,14.4425031483167,0
56090,SYNID0200365311,0.11451348430250169,14.089097637518476,14.440774793819378,0
60957,SYNID0200942679,0.11451459045382872,14.089140048933974,14.440419974587847,0
53537,SYNID0200054159,0.1145227867676804,14.089454311059034,14.437790818158923,0
59161,SYNID0200733103,0.11452643311432026,14.089594121011032,14.436621150531792,0
56289,SYNID0200390355,0.11453109584488663,14.089772903564382,14.43512543322436,0
54987,SYNID0200229691,0.11453475142747005,14.089913070668343,14.433952777619009,0
60028,SYNID0200832120,0.11454851364653212,14.090440771501116,14.429537966140327,0
57123,SYNID0200490046,0.11454935592501403,14.090473068580145,14.42926776471869,0
54138,SYNID0200125944,0.11457250367226723,14.091360694115384,14.421841777950494,0
57689,SYNID0200557546,0.11459071105747709,14.092058913553931,14.416000386388284,0
60261,SYNID0200860364,0.11459455899520882,14.092206479048142,14.414765834920395,0
61299,SYNID0200986368,0.11459461485221278,14.092208621132738,14.414747913971503,0
54853,SYNID0200214322,0.11463205646688462,14.093644555791,14.402734704178721,0
58127,SYNID0200609730,0.11463790419926778,14.093868836535778,14.40085834328444,0
56080,SYNID0200363355,0.11464234188360967,14.094039039336858,14.399434405262667,0
54599,SYNID0200183152,0.11465224314570782,14.09441879908701,14.396257287471725,0
58564,SYNID0200661875,0.11465680441228893,14.09459374829506,14.394793640412773,0
55874,SYNID0200339664,0.11465758092821887,14.09462353208109,14.394544465516168,0
53264,SYNID0200019541,0.11466209774576536,14.09479677881841,14.393095061541317,0
55881,SYNID0200340490,0.11466442948659744,14.09488621570115,14.392346821341517,0
54245,SYNID0200139108,0.11467389181159732,14.095249160755413,14.389310377409315,0
58283,SYNID0200628864,0.11468084236903986,14.095515767976675,14.387079907893984,0
53195,SYNID0200012071,0.11468650748398201,14.095733072170004,14.385261913705794,0
57159,SYNID0200494172,0.11471819286162482,14.096948528384829,14.375093254276505,0
58941,SYNID0200708751,0.1147315756503941,14.097461924353754,14.370798119086336,0
58351,SYNID0200636829,0.11473310570744388,14.09752062215867,14.370307045874341,0
56730,SYNID0200445018,0.1147603800371384,14.098566990419126,14.361552997519144,0
61219,SYNID0200975820,0.11477356870999411,14.099072994914096,14.35731970032893,0
55318,SYNID0200271454,0.11477901777469779,14.099282062040372,14.355570618478797,0
56997,SYNID0200473819,0.11478542392717567,14.099527854037868,14.353514291741142,0
60691,SYNID0200911463,0.11478610570660125,14.0995540128702,14.353295443662706,0
53451,SYNID0200042812,0.11478630129150025,14.099561517171757,14.353232661732873,0
53844,SYNID0200090558,0.11479920286288359,14.10005653968449,14.349091241186063,0
53536,SYNID0200053682,0.11480163143355065,14.10014972376576,14.348311651452505,0
57234,SYNID0200502810,0.11480788698891081,14.100389751679243,14.346303547766015,0
58852,SYNID0200699566,0.11481251719852392,14.10056741700113,14.344817177357427,0
59868,SYNID0200812390,0.11481924519679543,14.100825580173485,14.342657351816335,0
60353,SYNID0200872213,0.1148256726265498,14.101072214302237,14.340593979702753,0
55586,SYNID0200302070,0.11483568857032761,14.101456555538368,14.337378532624367,0
57929,SYNID0200586682,0.11484099306067169,14.101660108490345,14.335675583049357,0
59268,SYNID0200745631,0.11484851494996179,14.101948756063324,14.333260721181917,0
53670,SYNID0200067140,0.11484943253475444,14.1019839681643,14.332966132320346,0
53634,SYNID0200063219,0.11485175470459802,14.102073081261612,14.332220600950162,0
58345,SYNID0200635857,0.11485450335214192,14.102178561103736,14.33133814333617,0
58084,SYNID0200605381,0.11486809465984216,14.102700141036768,14.32697454007389,0
58378,SYNID0200640263,0.11487775071219619,14.103070712821088,14.32387428995966,0
57843,SYNID0200576113,0.11488631374857017,14.103399345538781,14.321124907346949,0
59165,SYNID0200733676,0.11488671929188743,14.103414909685485,14.320994695739808,0
54584,SYNID0200180330,0.11489930287436101,14.103897856927555,14.316954298424756,0
56457,SYNID0200411616,0.11490302775315536,14.104040817649224,14.315758271062629,0
58341,SYNID0200635488,0.11491342354054324,14.104439814931414,14.312420209661214,0
53691,SYNID0200070554,0.11491779093881521,14.104607441815144,14.31101782208768,0
56261,SYNID0200387889,0.11493446144952008,14.105247296923519,14.305664713845834,0
54260,SYNID0200140555,0.11496872896023641,14.106562655072574,14.294660262280912,0
53225,SYNID0200015647,0.11497394186907034,14.106762762798924,14.292986135896413,0
54505,SYNID0200171285,0.11501861777194256,14.108477846040088,14.278637533980865,0
60120,SYNID0200843914,0.11504393549639635,14.109449867857368,14.270505477311756,0
59740,SYNID0200797014,0.11505012669881487,14.10968757603391,14.268516780836027,0
59759,SYNID0200798778,0.1150575889782976,14.1099740916712,14.266119755010454,0
54326,SYNID0200150010,0.11507100809546095,14.110489335196737,14.261809162929517,0
55751,SYNID0200323475,0.11507108216024226,14.11049217905505,14.26178537085352,0
61146,SYNID0200966907,0.11510215168806481,14.111685201000974,14.251804399336955,0
54730,SYNID0200197694,0.11510505250904662,14.111796592967735,14.250872480145338,0
59058,SYNID0200719853,0.11510627784780181,14.111843646414453,14.25047882509729,0
60062,SYNID0200835771,0.11511161353530769,14.11204854047054,14.248764655676771,0
58865,SYNID0200700618,0.11512922634665596,14.112724904657764,14.243106107893489,0
54347,SYNID0200152471,0.11512942349876448,14.112732475834695,14.243042766475867,0
58205,SYNID0200619627,0.11514743981541181,14.113424367743201,14.23725431182511,0
54365,SYNID0200153998,0.11515519508551364,14.11372220821737,14.23476254099112,0
61303,SYNID0200986822,0.11515714160757284,14.113796965170145,14.234137114930146,0
56285,SYNID0200389886,0.11517214772425677,14.11437329373522,14.229315477732396,0
54686,SYNID0200193307,0.1151834970694065,14.114809194370167,14.225668678244485,0
58920,SYNID0200705935,0.11518928488617663,14.115031495229728,14.223808881318723,0
58315,SYNID0200632301,0.11519519712518284,14.115258578402145,14.22190907496268,0
60973,SYNID0200945223,0.1151980818887785,14.115369380546003,14.220982090303592,0
54953,SYNID0200224523,0.11520521425783703,14.115643334387508,14.218690158040081,0
61398,SYNID0200998394,0.11520943040523557,14.11580527872873,14.217335311331237,0
60811,SYNID0200925404,0.11521224421838017,14.115913359693536,14.216431092398075,0
58691,SYNID0200677841,0.115232081551707,14.116675351028112,14.210056177139997,0
57991,SYNID0200594442,0.11523318428101581,14.116717710201524,14.209701794972329,0
54216,SYNID0200135370,0.11524612823676084,14.117214935830843,14.2055419428753,0
54297,SYNID0200146667,0.11527110375315092,14.1181743858687,14.19751506329262,0
60145,SYNID0200846950,0.1152742064158005,14.118293580938676,14.19651786235898,0
60326,SYNID0200868140,0.11528982125125703,14.118893471062641,14.19149910619878,0
53916,SYNID0200099471,0.11529350452871429,14.119034978617771,14.190315236210493,0
55925,SYNID0200347775,0.11529788915805333,14.11920343312362,14.188905924646322,0
55827,SYNID0200332751,0.11531159212074604,14.119729904096914,14.184501402326589,0
59926,SYNID0200820055,0.11531552619120178,14.1198810554521,14.183236851095193,0
58444,SYNID0200648061,0.11533345077371049,14.120569757381837,14.17747508420768,0
60492,SYNID0200888730,0.11533469178200878,14.120617440841198,14.177076158394685,0
59350,SYNID0200753642,0.11533664479856454,14.120692482218704,14.176448352800652,0
53141,SYNID0200006234,0.1153438538556873,14.120969481416743,14.174130942701712,0
61164,SYNID0200969125,0.1153439065189843,14.120971504958586,14.174114013496375,0
60349,SYNID0200871609,0.115349335230846,14.12118010002381,14.172368880968333,0
55342,SYNID0200274838,0.1153598777667752,14.121585199185802,14.168979770473733,0
53825,SYNID0200088065,0.11536710960341484,14.121863090451416,14.166654897225362,0
59363,SYNID0200755574,0.11538145117475912,14.122414196536893,14.162044274461415,0
59510,SYNID0200772329,0.11539277330318248,14.12284928847345,14.158404240645872,0
55357,SYNID0200277014,0.11539902736155033,14.1230896277843,14.156393531769895,0
60947,SYNID0200941185,0.11541215377490482,14.12359407984444,14.152173222444532,0
53937,SYNID0200101468,0.1154301619373318,14.124286167020939,14.146383134157203,0
53430,SYNID0200040642,0.11547754475717975,14.126107331748521,14.131147041195913,0
53758,SYNID0200078568,0.11548346156348266,14.126334760714839,14.129244341884617,0
54466,SYNID0200166526,0.11548978784072611,14.126577932711042,14.127209934407015,0
58797,SYNID0200691698,0.11549352254657985,14.126721490719062,14.126008910072196,0
54743,SYNID0200199197,0.11549439270923934,14.1267549390202,14.12572907738171,0
60496,SYNID0200889308,0.11550076759588901,14.12699998646619,14.12367897965552,0
55288,SYNID0200266650,0.11552595814490962,14.127968338286573,14.115577626641617,0
54944,SYNID0200224060,0.11552659549361372,14.12799283947975,14.115372646580637,0
57399,SYNID0200522835,0.11552734948524529,14.128021824755667,14.115130152120003,0
55227,SYNID0200258348,0.11552853622698239,14.128067446115471,14.11474847809101,0
54053,SYNID0200114328,0.11552895751212977,14.128083641418021,14.114612986154762,0
60006,SYNID0200829615,0.11554008684474848,14.128511488489329,14.111033563792274,0
60748,SYNID0200917922,0.11554008684474848,14.128511488489329,14.111033563792274,0
57907,SYNID0200583453,0.1155420801645829,14.128588119374337,14.110392460178744,0
58394,SYNID0200642384,0.11556113798158263,14.129320795256007,14.104262801683532,0
53492,SYNID0200047653,0.11557125258160578,14.129709664803174,14.101009470185977,0
53785,SYNID0200082683,0.11557496500601938,14.129852396573066,14.099815358263168,0
59730,SYNID0200795055,0.11558207757170935,14.130125857597385,14.097527548970202,0
60843,SYNID0200929750,0.11558471974246348,14.130227443989638,14.0966776644471,0
60514,SYNID0200891443,0.11559344741346889,14.130563011144282,14.09387026746347,0
53806,SYNID0200085503,0.115600191552866,14.130822319407672,14.091700861946865,0
53297,SYNID0200023834,0.11561417416568126,14.131359957286538,14.087202915891883,0
56009,SYNID0200355820,0.11561458855045553,14.131375890869641,14.087069613533398,0
53138,SYNID0200005828,0.11562265955864887,14.131686234075305,14.084473243276607,0
54445,SYNID0200164320,0.11563097625105756,14.132006031050075,14.081797781599514,0
54061,SYNID0200115100,0.11563371018246593,14.132111158848339,14.080918269228714,0
54102,SYNID0200120214,0.11563836949062195,14.132290324835182,14.079419344068512,0
53905,SYNID0200098437,0.11564270474195804,14.132457031703698,14.078024653457867,0
53335,SYNID0200030015,0.11564449361959345,14.132525821386569,14.07744915032676,0
57938,SYNID0200588105,0.11565645134163421,14.132985653071405,14.073602140668262,0
56402,SYNID0200403697,0.1156605351492655,14.13314269831179,14.07228828045266,0
58195,SYNID0200618304,0.1156620500933539,14.133200956807999,14.071800882552509,0
60784,SYNID0200921961,0.11566784553988962,14.13342382787874,14.069936315168373,0
55222,SYNID0200257709,0.11567206967638793,14.133586274394341,14.068577267205562,0
54651,SYNID0200189722,0.11567655149767075,14.133758632578648,14.067135296976884,0
60619,SYNID0200903956,0.11567695732823324,14.133774239774754,14.067004725213017,0
56245,SYNID0200385197,0.11567720552090371,14.133783784632469,14.066924871733955,0
57160,SYNID0200494210,0.11573685548936757,14.136077949214355,14.047731602553649,0
54050,SYNID0200113669,0.11575414282566804,14.136742894495345,14.042168586774862,0
54752,SYNID0200201402,0.11578254702464275,14.137835507073076,14.033027652650176,0
53719,SYNID0200073933,0.11578303587867156,14.137854312325915,14.032870325541824,0
60719,SYNID0200914548,0.11581134823833844,14.138943473930437,14.023758262692676,0
54949,SYNID0200224430,0.11581393994038885,14.139043179356904,14.022924114565738,0
54174,SYNID0200129566,0.1158167420610629,14.139150980559599,14.022022236157527,0
55860,SYNID0200338402,0.11582930178058681,14.139634178857467,14.017979738478125,0
53705,SYNID0200072326,0.11584919091621965,14.140399387216371,14.011577909190255,0
59002,SYNID0200714708,0.11587170800765201,14.141265750539032,14.004329804764337,0
58201,SYNID0200619175,0.11587225949340535,14.141286970037012,14.00415227977778,0
57096,SYNID0200486595,0.11589167919993759,14.14203420082857,13.997900853077416,0
60002,SYNID0200829041,0.11590621367025361,14.142593482389996,13.993221833254355,0
53773,SYNID0200080481,0.1159090168309872,14.142701349512869,13.992319403349661,0
58473,SYNID0200652792,0.11591814167974585,14.14305248402115,13.989381767929277,0
54836,SYNID0200211681,0.11592086850993943,14.143157417152334,13.988503884167736,0
53345,SYNID0200031324,0.1159218514391957,14.143195242148899,13.988187435493337,0
57071,SYNID0200483995,0.11596402840892228,14.144818383761551,13.974608028795398,0
61142,SYNID0200966165,0.11596437251206498,14.144831626985367,13.974497234320804,0
54590,SYNID0200181383,0.11596568179234529,14.144882016322061,13.974075670798026,0
53100,SYNID0200000050,0.11597045191795374,14.1450656021986,13.97253976828523,0
53247,SYNID0200018245,0.11597716635065347,14.145324021692302,13.970377798327505,0
54247,SYNID0200139183,0.11597783200186118,14.145349640967773,13.970163464249573,0
54421,SYNID0200161726,0.1160092748305353,14.146559848593087,13.960038715179635,0
59504,SYNID0200771635,0.11600937003215883,14.146563512972753,13.96000805851888,0
56957,SYNID0200469749,0.11601042433291231,14.146604093835592,13.959668553920935,0
55940,SYNID0200349111,0.11601064092085628,14.146612430489208,13.959598808429163,0
54468,SYNID0200167145,0.11601121693562005,14.146634601808778,13.959413320383574,0
53296,SYNID0200023678,0.11601646845373254,14.146836738936397,13.95772221577305,0
60831,SYNID0200928606,0.1160204891079119,14.146991500527646,13.956427460853071,0
54728,SYNID0200197552,0.11606039760369613,14.148527732036241,13.94357515500696,0
56529,SYNID0200420188,0.11606944032229372,14.148875843247534,13.940662812869098,0
56810,SYNID0200452326,0.11607056171628155,14.148919013338753,13.940301646461128,0
53279,SYNID0200021432,0.11607922374449381,14.149252478041287,13.937511838856064,0
60711,SYNID0200913792,0.11608262648605255,14.149383476463697,13.936415889592713,0
57479,SYNID0200531782,0.11608668966037211,14.149539901684983,13.935107216534792,0
59005,SYNID0200715268,0.11609652004600962,14.149918361468563,13.931940974427526,0
53720,SYNID0200073944,0.11612042788073229,14.150838829076713,13.924240226750372,0
56787,SYNID0200449723,0.11612509694573081,14.151018597889209,13.922736258275027,0
57361,SYNID0200519112,0.11613458595035903,14.15138395124195,13.919679666215124,0
56936,SYNID0200467414,0.11613531560962448,14.151412045548753,13.91944462571404,0
58655,SYNID0200673139,0.11618532275377763,14.153337614058765,13.903335077589373,0
56215,SYNID0200381477,0.11618715118116923,14.153408023997368,13.902746019195211,0
53381,SYNID0200035137,0.1161884838700391,14.153459344016063,13.90231666946985,0
58453,SYNID0200648988,0.11619037376040947,14.153532121405076,13.901707804688035,0
55189,SYNID0200254397,0.11619187827377053,14.153590058648449,13.901223094429504,0
60416,SYNID0200879644,0.1162147487477197,14.154470804760166,13.893854661782989,0
58643,SYNID0200672148,0.11621529201786501,14.154491726830452,13.893679625113853,0
53181,SYNID0200010640,0.11621697711169277,14.154556622268132,13.893136701727382,0
60532,SYNID0200893441,0.11622582279587113,14.154897287228563,13.890286655859917,0
57262,SYNID0200505771,0.11624396452096852,14.155595985853195,13.884441255366708,0
58407,SYNID0200643335,0.11624992949804402,14.155825724324044,13.882519234450296,0
55032,SYNID0200235838,0.11626301983754234,14.156329905515118,13.878301191249598,0
58185,SYNID0200617361,0.11626599619450473,14.1564445438416,13.877342112604618,0
54763,SYNID0200202347,0.11626666175551054,14.156470178926002,13.877127646267162,0
56899,SYNID0200463546,0.11627722463753382,14.15687703018617,13.873723877499067,0
56871,SYNID0200459616,0.11629582539024719,14.15759350389608,13.867729768408765,0
61385,SYNID0200996513,0.11630697653402194,14.158023046249777,13.864136163100781,0
54114,SYNID0200122581,0.11630784315802273,14.15805642915204,13.86385687754551,0
60003,SYNID0200829420,0.11630892517930613,14.158098109399115,13.863508175360861,0
56127,SYNID0200369571,0.11631238923806003,14.158231548253147,13.862391809139895,0
59910,SYNID0200817629,0.1163153953121569,14.158347346076807,13.861423029995823,0
57805,SYNID0200570663,0.11633078224267779,14.158940084551634,13.85646410543101,0
60699,SYNID0200912222,0.11633415372369865,14.159069964605921,13.855377512575906,0
59986,SYNID0200826798,0.11633580140895111,14.159133439040007,13.85484647748405,0
60728,SYNID0200915909,0.11635396217096017,14.15983307135644,13.8489932656079,0
58527,SYNID0200657769,0.11635546744587516,14.159891062643776,13.848508103210788,0
57731,SYNID0200562482,0.1163631584936064,14.160187366727644,13.846029186011123,0
58585,SYNID0200664684,0.11636541174470166,14.160274176246702,13.84530292666607,0
53564,SYNID0200056757,0.11638136117132891,14.160888663866778,13.840162046019056,0
60448,SYNID0200883292,0.11638865393552311,14.161169642561056,13.83781134295451,0
58948,SYNID0200709243,0.1164106271383572,14.16201626768079,13.830728370814594,0
57487,SYNID0200532469,0.11642192392581702,14.162451550551355,13.82708673962113,0
59380,SYNID0200757232,0.11642790263350505,14.162681924687192,13.825159400651565,0
56462,SYNID0200412530,0.116435743240076,14.162984047753914,13.822631801110107,0
54772,SYNID0200203503,0.11644350571727968,14.163283166335912,13.820129337465426,0
59579,SYNID0200779849,0.11645505909018317,14.163728374154044,13.81640467291344,0
55947,SYNID0200349589,0.11646794280099032,14.164224862197644,13.812250991551222,0
55381,SYNID0200280044,0.11647982315771288,14.164682699662691,13.808420665786091,0
55283,SYNID0200265875,0.11647983486580343,14.164683150868468,13.808416890941844,0
59625,SYNID0200784660,0.11648391433251098,14.164840365980673,13.80710160955726,0
59465,SYNID0200765873,0.11648851973539154,14.165017851711196,13.805616741632553,0
53831,SYNID0200088477,0.11649093757463458,14.165111032678167,13.804837177953623,0
54787,SYNID0200204707,0.11649596619753089,14.165304832367056,13.803215825403225,0
61280,SYNID0200984271,0.1164971860594794,14.165351845395653,13.802822508498236,0
60655,SYNID0200907530,0.11650121775227995,14.165507226409817,13.80152257140832,0
59289,SYNID0200747099,0.11651206558290006,14.165925308765363,13.79802484188497,0
55615,SYNID0200307526,0.11652695163515125,14.166499046024816,13.793224883875666,0
53988,SYNID0200107155,0.11653729615192171,14.166897756834896,13.789889219135942,0
58043,SYNID0200600534,0.1165387531028238,14.166953913253433,13.789419407481763,0
59684,SYNID0200790114,0.1165429206293005,14.167114546722367,13.78807552769521,0
60065,SYNID0200835955,0.11655279258327855,14.16749505906025,13.784892113660707,0
55075,SYNID0200241668,0.1165695226728653,14.168139939126078,13.779496965993376,0
60710,SYNID0200913640,0.11656973841947171,14.168148255504747,13.779427390124388,0
61041,SYNID0200955400,0.11660299980075411,14.169430437054043,13.76870049816208,0
53248,SYNID0200018308,0.1166058370085557,14.16953981275076,13.767785447339032,0
59623,SYNID0200784501,0.11661137728383902,14.169753395305179,13.765998588849648,0
58747,SYNID0200684415,0.11662921392411607,14.170441034663352,13.760245711569363,0
54225,SYNID0200136240,0.11662983680880007,14.170465048733801,13.760044806838323,0
57381,SYNID0200521447,0.1166366362437663,14.170727189857402,13.757851701257229,0
60136,SYNID0200846116,0.11663781732492917,14.170772724988957,13.757470748624623,0
54293,SYNID0200146088,0.11663936965180405,14.170832573255682,13.756970050504568,0
58808,SYNID0200692893,0.11665358979718926,14.171380826703684,13.752383293264215,0
60436,SYNID0200882025,0.1166556871110963,14.171461689734421,13.751706782987705,0
54184,SYNID0200130884,0.11666346037991848,14.171761396023545,13.749199402511348,0
57198,SYNID0200497954,0.11666955653698796,14.171996443814562,13.74723296315522,0
58822,SYNID0200695240,0.11667347772328357,14.172147633852676,13.74596808829759,0
60833,SYNID0200928803,0.11668417987255825,14.172560286835347,13.742515781589947,0
59914,SYNID0200818176,0.11668570984917637,14.172619280545142,13.742022232800588,0
53165,SYNID0200008724,0.11669795432868096,14.17309141864255,13.738072266148071,0
58421,SYNID0200645017,0.11669815881517526,14.17309930361897,13.738006299444482,0
60910,SYNID0200937643,0.1167019153054103,14.173244154212027,13.736794461180823,0
60820,SYNID0200926931,0.11670488722528155,14.173358752708843,13.73583571575585,0
58239,SYNID0200623313,0.1167186433044064,14.17388920455766,13.731397888931252,0
57547,SYNID0200540011,0.11672689670506864,14.174207475287517,13.728735196010888,0
56197,SYNID0200379176,0.11672734959527592,14.1742249400078,13.728589083966359,0
57531,SYNID0200537853,0.11672956871415852,14.17431051577215,13.727873146368207,0
55796,SYNID0200329063,0.11675528370707206,14.175302197825625,13.719576609692552,0
59585,SYNID0200780497,0.11675579788860141,14.17532202758196,13.719410711459235,0
57400,SYNID0200522899,0.11676473875268084,14.175666842269077,13.716525948456859,0
54917,SYNID0200221689,0.11676634160754434,14.17572865905728,13.71600878143876,0
56337,SYNID0200396416,0.1167664581127843,14.17573315228749,13.71597119051019,0
53781,SYNID0200082222,0.11677075595690745,14.175898907186491,13.714584464196122,0
53684,SYNID0200069518,0.11681070664136106,14.17743977367666,13.701693381511749,0
60290,SYNID0200863067,0.11682798653509652,14.178106295363108,13.696117177326784,0
53286,SYNID0200022260,0.11683083344312623,14.17821610945141,13.69519845886462,0
60959,SYNID0200943280,0.116836682669122,14.17844173483244,13.693310848574514,0
56161,SYNID0200374708,0.11686752974106213,14.179631672725575,13.683355678631115,0
61242,SYNID0200979824,0.11688728337964055,14.180393727398219,13.67698023347883,0
54366,SYNID0200154012,0.11689474054655208,14.180681419748106,13.674573363127795,0
54648,SYNID0200188925,0.11689571844203428,14.180719146695846,13.67425773474219,0
59273,SYNID0200746263,0.11690598152826492,14.181115099643295,13.670945142627765,0
59739,SYNID0200796729,0.11691236480722089,14.181361373812006,13.668884781985158,0
55908,SYNID0200344105,0.1169220589542061,14.181735392886676,13.665755691406655,0
54145,SYNID0200126811,0.11692667816211622,14.18191361425545,13.664264669039927,0
56678,SYNID0200439150,0.11693379733802167,14.182188295269782,13.661966653157187,0
58988,SYNID0200713597,0.11693835513055312,14.182364152443945,13.660495409939655,0
59056,SYNID0200719610,0.11695118401645327,14.182859151460944,13.656354185961096,0
57344,SYNID0200516398,0.11695650310994304,14.183064392075053,13.654637117192614,0
59806,SYNID0200804168,0.11696222009665558,14.183284988830735,13.652791577014057,0
59134,SYNID0200729849,0.11696304938108071,14.183316988033488,13.652523867662747,0
57336,SYNID0200515363,0.11697437944514072,14.183754182753106,13.648866241699874,0
57823,SYNID0200572854,0.11697604520135135,14.183818460604517,13.64832848511771,0
58642,SYNID0200672090,0.11698172228155007,14.184037528684808,13.646495734029573,0
53196,SYNID0200012310,0.11699144692477953,14.184412792320732,13.643356231295222,0
54209,SYNID0200134555,0.11700835878814353,14.185065425828611,13.637896217357381,0
55650,SYNID0200311456,0.11702577154812266,14.18573741918826,13.632274236466834,0
58815,SYNID0200693830,0.1170322233833112,14.185986416216506,13.630191096039168,0
57578,SYNID0200544100,0.11703924625175205,14.186257456019016,13.627923542992104,0
58965,SYNID0200711680,0.11704025508040194,14.186296391047863,13.62759780764813,0
58817,SYNID0200694383,0.11704344463169042,14.18641949020069,13.626567944666757,0
57960,SYNID0200590659,0.11704960137214704,14.186657109450014,13.624579992167318,0
61088,SYNID0200960181,0.11705186747757879,14.186744570696288,13.623848280390483,0
57222,SYNID0200500740,0.11705311253055734,14.18679262423469,13.623446258449711,0
58566,SYNID0200662057,0.11705440988931853,14.186842696711185,13.623027345819184,0
59725,SYNID0200794736,0.11706658775405138,14.18731271826001,13.619095086478083,0
60862,SYNID0200932659,0.11707620584934436,14.18768395252832,13.615989293939535,0
60158,SYNID0200847921,0.11710758384161785,14.188895128882072,13.60585644036576,0
60836,SYNID0200929091,0.11711047820792897,14.189006855116633,13.604921724647735,0
53755,SYNID0200078093,0.1171349566266161,14.189951787103938,13.597016304900333,0
59501,SYNID0200771463,0.11713565188648362,14.189978626864086,13.596791760094229,0
60310,SYNID0200865648,0.1171405748165969,14.190168672685934,13.595201812867186,0
57037,SYNID0200480250,0.11718714755236359,14.191966697221478,13.580159313660312,0
53644,SYNID0200064620,0.11718993126529387,14.192074174412218,13.579260145976823,0
58896,SYNID0200703865,0.11719135436233274,14.192129119485983,13.578800468585229,0
59405,SYNID0200759620,0.117191370249006,14.192129732863746,13.578795336989769,0
55131,SYNID0200248165,0.11720714199675336,14.192738685955883,13.573700758898976,0
59707,SYNID0200791967,0.11722391400540172,14.193386287024204,13.568282846982882,0
57169,SYNID0200495051,0.1172394368391067,14.193985680214322,13.563268248233683,0
53821,SYNID0200087629,0.11724378108027511,14.194153431554039,13.561864819445724,0
54265,SYNID0200141639,0.11724852506313999,14.194336620953129,13.560332233913053,0
55585,SYNID0200301402,0.11725403716488803,14.19454947419573,13.558551476937986,0
57291,SYNID0200509092,0.1172665728704157,14.19503355968654,13.554501556890974,0
57396,SYNID0200522659,0.11729130413558136,14.195988641910995,13.546511218984058,0
55773,SYNID0200325930,0.11729567865459523,14.196157585319101,13.545097817202157,0
60632,SYNID0200904758,0.11729899023385515,14.196285479403624,13.544027839219686,0
56547,SYNID0200422014,0.1173190018969184,14.197058358781677,13.537561833221678,0
56631,SYNID0200433721,0.11732520644392708,14.197297995571269,13.53555700172684,0
60429,SYNID0200881323,0.11732649394616362,14.19734772296029,13.535140976141458,0
53837,SYNID0200089472,0.11734249971855404,14.197965930239738,13.52996897635672,0
55997,SYNID0200354945,0.11736971657604767,14.199017214071318,13.521173803715792,0
53596,SYNID0200058942,0.11738520511027739,14.199615510707618,13.516168378873616,0
60240,SYNID0200857691,0.11740636698970391,14.200432998502615,13.509329173253903,0
58678,SYNID0200675442,0.11743316460571124,14.201468260856888,13.500668038305419,0
58474,SYNID0200652826,0.11743563276874419,14.201563616130475,13.499870284104098,0
59859,SYNID0200811481,0.11745843114636051,14.20244444016762,13.492501199523632,0
53483,SYNID0200046477,0.11746310028683332,14.20262484067161,13.490991946237852,0
60661,SYNID0200908183,0.11746542188470854,14.20271454053309,13.490241505924894,0
60117,SYNID0200843732,0.11749204897931759,14.203743373778368,13.481634157710133,0
54302,SYNID0200146866,0.11750247902767841,14.20414639560483,13.478262426465616,0
55027,SYNID0200235456,0.11750467235136053,14.204231148030916,13.477553377018847,0
54761,SYNID0200201998,0.11752939498304249,14.20518649117386,13.469560856235097,0
58029,SYNID0200598892,0.11753479547498547,14.205395187650216,13.467814875288775,0
58414,SYNID0200644341,0.1175466365967211,14.205852785978408,13.463986550172635,0
60231,SYNID0200856397,0.11757102124052488,14.206795171418259,13.456102435161233,0
54273,SYNID0200142944,0.11758246595703437,14.20723749239397,13.452401922295698,0
55761,SYNID0200324720,0.11758595796099364,14.207372455698824,13.451272802327608,0
54181,SYNID0200130468,0.11758920255944222,14.20749785807285,13.450223670308237,0
60125,SYNID0200844622,0.1175999760702654,14.20791425739561,13.44674002124865,0
56849,SYNID0200457219,0.11760696025453599,14.208184204414135,13.444481610569724,0
60362,SYNID0200872902,0.11762219928440049,14.208773228136545,13.439553764090405,0
54149,SYNID0200127093,0.11762820101114291,14.209005215188613,13.437612931260956,0
57990,SYNID0200594329,0.11763732684902306,14.209357966687845,13.434661767891088,0
54116,SYNID0200122683,0.1176468933088109,14.209727759090834,13.431568038178998,0
61090,SYNID0200960347,0.11764707724916568,14.20973486941321,13.43150855232852,0
53577,SYNID0200057438,0.11764716902577654,14.209738417093249,13.431478871991509,0
59966,SYNID0200824352,0.11766861111032545,14.21056729709671,13.424544357724233,0
61023,SYNID0200953607,0.11767081936179219,14.210652663428084,13.42383017226867,0
58067,SYNID0200603360,0.11767827338877801,14.210940823987714,13.421419384816103,0
56925,SYNID0200466225,0.11768327416806701,14.211134149130407,13.4198020023788,0
55015,SYNID0200233343,0.11768491107353946,14.211197430813689,13.419272579864394,0
55009,SYNID0200232538,0.11768950214803836,14.211374920163978,13.41778768165629,0
58011,SYNID0200596764,0.11770399052327984,14.211935049710435,13.413101567483887,0
55282,SYNID0200265685,0.11770650137523181,14.212032122957794,13.412289440498126,0
55086,SYNID0200242143,0.1177079830072792,14.212089405341628,13.411810208876773,0
55098,SYNID0200243311,0.11771125962525303,14.21221608568501,13.410750385205194,0
54385,SYNID0200156931,0.11773899059397863,14.21328826167389,13.401780426150944,0
61100,SYNID0200960926,0.11774936724095192,14.213689479042044,13.398423791231373,0
53420,SYNID0200040141,0.1177527212133268,14.213819164107097,13.397338829680727,0
58876,SYNID0200701492,0.1177538515406582,14.21386286972448,13.396973182993587,0
54041,SYNID0200112899,0.117756851864047,14.213978881866216,13.396002610837543,0
55458,SYNID0200286582,0.11775767603585402,14.214010749902569,13.395735998840841,0
53549,SYNID0200055241,0.11776208401371141,14.214181193199478,13.394310048800728,0
55753,SYNID0200323936,0.1177651489785263,14.214299707364361,13.393318544404654,0
55466,SYNID0200287433,0.1177661951536873,14.21434016043635,13.392980108921005,0
60458,SYNID0200885092,0.1177727681341344,14.214594324281224,13.390853742256148,0
54377,SYNID0200155382,0.11778477813578958,14.215058738016575,13.386968398587262,0
55711,SYNID0200318188,0.11779023877562034,14.215269899860933,13.385201792062439,0
55770,SYNID0200325521,0.11780285422023695,14.215757748103849,13.381120392358447,0
54860,SYNID0200215003,0.11780793137918977,14.215954090006917,13.379477771324765,0
57281,SYNID0200507764,0.1178119225151743,14.216108435486055,13.378186497651,0
53856,SYNID0200091933,0.11781760397383134,14.216328152017564,13.3763483215385,0
54166,SYNID0200129013,0.11782136818506156,14.216473725488349,13.375130435588922,0
60567,SYNID0200898077,0.11783282017478192,14.216916617498665,13.371425145376126,0
53777,SYNID0200081385,0.11785887127888339,14.217924162238926,13.362995899469487,0
59295,SYNID0200747844,0.11785961668739936,14.217952992447364,13.362754702322832,0
53648,SYNID0200064981,0.11786001792084888,14.21796851100006,13.36262487216089,0
54362,SYNID0200153709,0.11786417514948322,14.218129301573505,13.361279678018278,0
60225,SYNID0200855477,0.11786429949342903,14.218134110894356,13.361239442635675,0
54329,SYNID0200150475,0.11786459505228963,14.218145542397217,13.361143805246256,0
59773,SYNID0200801002,0.11787482229766999,14.218541112992908,13.357834411934688,0
54960,SYNID0200225715,0.1178825669955243,14.218840670368596,13.355328277286848,0
54954,SYNID0200224574,0.11789287661164949,14.219239445707368,13.351992072691953,0
53795,SYNID0200083289,0.11789294786398824,14.21924220178103,13.35196901503336,0
53717,SYNID0200073454,0.11790683331740215,14.219779307398278,13.34747552194595,0
53354,SYNID0200032031,0.11791326367778882,14.220028047889539,13.345394527738963,0
57309,SYNID0200512122,0.11791443926742273,14.220073522736348,13.345014079456108,0
57038,SYNID0200480399,0.11792064930385898,14.220313745324985,13.343004347092835,0
61117,SYNID0200963412,0.11792790304589423,14.22059434647905,13.340656802577167,0
57163,SYNID0200494499,0.11793062439882745,14.22069961969364,13.339776073635113,0
60860,SYNID0200932050,0.11793284416072863,14.220785489842699,13.339057673177502,0
57299,SYNID0200510044,0.11793951537282171,14.221043564657842,13.336898586843937,0
59721,SYNID0200794066,0.1179538717806698,14.221598955373896,13.332252118322197,0
55423,SYNID0200283702,0.11798405440423249,14.22276666572746,13.322482906767984,0
54579,SYNID0200179697,0.11800008589504513,14.223386932223207,13.31729367932094,0
61198,SYNID0200973643,0.1180090317964107,14.223733064991873,13.314397889082718,0
56469,SYNID0200413025,0.11801555671019598,14.223985530575462,13.31228573028519,0
58413,SYNID0200644108,0.1180271513698205,14.224434168217869,13.308532371392323,0
55216,SYNID0200257028,0.11803312699521273,14.22466539123207,13.30659793059965,0
54568,SYNID0200178431,0.11804802364842826,14.225241823478699,13.301775425989003,0
55961,SYNID0200351174,0.11805494896238611,14.225509809063274,13.299533424912969,0
60452,SYNID0200883818,0.11805521808080971,14.225520223109156,13.299446299696482,0
57946,SYNID0200588817,0.11808399229406458,14.226633737994641,13.290130494238516,0
60487,SYNID0200888265,0.11808492682718474,14.226669904301074,13.289827922374187,0
58368,SYNID0200639439,0.11808554798234117,14.226693942971293,13.289626811838396,0
58720,SYNID0200681629,0.11808627062945781,14.226721909423961,13.289392840981085,0
60007,SYNID0200829769,0.118093720499722,14.227010222583397,13.286980776859359,0
53469,SYNID0200045621,0.11809992801593205,14.227250460406141,13.284970917045625,0
57671,SYNID0200555820,0.11810964153167236,14.227626392169524,13.281825824673,0
56870,SYNID0200459567,0.11811317917644504,14.227763308209653,13.280680367876219,0
54890,SYNID0200218711,0.11811581476880784,14.227865313303306,13.279826980444586,0
54802,SYNID0200206892,0.11811601553314943,14.227873083496378,13.279761974032933,0
55798,SYNID0200329261,0.1181441121452308,14.228960548470226,13.270664105409214,0
54451,SYNID0200164931,0.11814528814512326,14.22900606668808,13.27028329427874,0
56802,SYNID0200451363,0.11815248228064895,14.229284525741717,13.267953670844435,0
57461,SYNID0200528865,0.1181529208764559,14.229301502374076,13.267811642204808,0
55840,SYNID0200335154,0.11816266073386139,14.229678505937708,13.264657583016614,0
58601,SYNID0200666578,0.11816277954406734,14.229683104819129,13.26461910819674,0
53323,SYNID0200027516,0.11816357078842177,14.229713732182068,13.264362875829717,0
53418,SYNID0200039978,0.11816890843960914,14.229920342809056,13.262634345361345,0
59365,SYNID0200755995,0.11818013798733473,14.230355027307901,13.258997720220878,0
54861,SYNID0200215185,0.11818189014566916,14.230422852747868,13.25843028406707,0
54934,SYNID0200223484,0.11818866232928854,14.230685004547698,13.25623708916729,0
55127,SYNID0200247634,0.1181896776654261,14.230724308696153,13.255908265722294,0
59145,SYNID0200731243,0.11818971298357345,14.230725675880445,13.255896827686698,0
58739,SYNID0200683911,0.11819682308797808,14.231000914383452,13.253594147783643,0
58716,SYNID0200681305,0.1182082344038079,14.231442667343806,13.249898387005988,0
58236,SYNID0200623060,0.11821814724096452,14.231826422163735,13.246687845959237,0
60629,SYNID0200904664,0.11822784615000642,14.232201904846752,13.243546510649374,0
58578,SYNID0200663751,0.1182392238260333,14.232642391321095,13.23986134545282,0
61014,SYNID0200952042,0.11824765614188348,14.232968856711894,13.237130094969253,0
59277,SYNID0200746447,0.11824948127872098,14.233039519626622,13.236538920145035,0
58761,SYNID0200685390,0.1182503165447703,14.233071858319299,13.236268370578374,0
57300,SYNID0200510070,0.1182533889863655,14.233190813534986,13.235273176295848,0
55474,SYNID0200288167,0.11828611093250874,14.234457763137723,13.22467371671252,0
54023,SYNID0200110725,0.11829699479592792,14.234879195713964,13.22114795882181,0
61369,SYNID0200994485,0.11830271428239036,14.235100663978077,13.219295127494213,0
59230,SYNID0200740747,0.11830324683632154,14.235121285542862,13.219122604891865,0
59426,SYNID0200761285,0.11830842228710897,14.235321690958099,13.217445988004762,0
58252,SYNID0200624843,0.11831014866561951,14.235388540928174,13.216886712754638,0
53927,SYNID0200099997,0.11831486958051018,14.235571348859734,13.215357318627262,0
56489,SYNID0200414881,0.11831641769451068,14.235631296952203,13.214855785352519,0
53543,SYNID0200054795,0.11832111956713093,14.235813370496075,13.213332535204847,0
60465,SYNID0200885600,0.11832919158649302,14.23612595356333,13.210717425984509,0
56994,SYNID0200473757,0.11833658376100314,14.236412215933333,13.208322519024895,0
60634,SYNID0200904903,0.11833658697084759,14.236412340235942,13.208321479093643,0
57760,SYNID0200566993,0.11833966105306154,14.236531385874311,13.207325528323599,0
55386,SYNID0200280361,0.1183404327308456,14.236561269700072,13.207075516482048,0
55253,SYNID0200262555,0.11834052115803623,14.236564694116051,13.207046867387639,0
56747,SYNID0200446563,0.11835217620258603,14.237016052284947,13.203270748228302,0
53266,SYNID0200019996,0.1183683956917082,14.237644197997414,13.198015602264036,0
53561,SYNID0200056521,0.1183703148807031,14.237718525800117,13.197393766526478,0
58945,SYNID0200708961,0.11837438578353854,14.237876188040925,13.196074744407815,0
53388,SYNID0200035920,0.11838481023676806,14.238279924984745,13.192697030401613,0
54791,SYNID0200205384,0.1183867968709732,14.238356868172804,13.192053314021512,0
56563,SYNID0200424413,0.11839473529530192,14.238664330723047,13.189481043689966,0
58463,SYNID0200649859,0.11839575139564812,14.238703685695299,13.189151795046694,0
55154,SYNID0200250640,0.1184093402603083,14.239230011296662,13.184748488926811,0
58588,SYNID0200665105,0.11841962576746107,14.23962840330546,13.18141549131866,0
55994,SYNID0200354813,0.11842570508065303,14.239863880437898,13.179445460038263,0
54757,SYNID0200201683,0.11842841710454471,14.23996892963437,13.178566605259912,0
58253,SYNID0200624915,0.11843091201569517,14.240065569712161,13.17775810222519,0
55287,SYNID0200266381,0.11844432835216967,14.24058526069747,13.173410302136922,0
60299,SYNID0200864530,0.11845454760280422,14.240981122633006,13.170098471439628,0
56831,SYNID0200454851,0.11846242689885017,14.241286349256068,13.167544907155836,0
59559,SYNID0200777078,0.11846517468722167,14.241392794024854,13.166654376844168,0
56055,SYNID0200360990,0.11847541640679943,14.241789548025924,13.163335083014493,0
57386,SYNID0200521850,0.11847620772668821,14.241820203412374,13.163078616199254,0
59897,SYNID0200816489,0.11848011206442766,14.241971456679835,13.161813212356954,0
55078,SYNID0200241765,0.1184876062203159,14.24226178312533,13.159384304831057,0
59933,SYNID0200820658,0.11849386755930136,14.242504354148696,13.157354925167752,0
60235,SYNID0200856923,0.11849880400737939,14.242695600276448,13.155754936030695,0
55611,SYNID0200306407,0.11850538728417948,14.242950651111554,13.153621148694105,0
58300,SYNID0200630634,0.11852218588391689,14.243601486299564,13.148176179726278,0
58925,SYNID0200706684,0.11852853543252523,14.24384749698546,13.146118023414,0
57667,SYNID0200555645,0.11855564833361565,14.244898021418834,13.137329203993875,0
56147,SYNID0200372613,0.1185658740004184,14.245294247501736,13.134014326793942,0
54916,SYNID0200221590,0.1185711351211236,14.245498110546354,13.132308782944923,0
53530,SYNID0200052726,0.11857517133785034,14.245654511721147,13.13100031106298,0
56901,SYNID0200463729,0.11857916168878291,14.245809137248614,13.129706694469734,0
54809,SYNID0200207859,0.1185900037588633,14.246229274081294,13.126191776932483,0
58957,SYNID0200711055,0.11859177901853524,14.246298067614896,13.125616241585657,0
53475,SYNID0200045773,0.11860971563657313,14.246993151968981,13.11980107853401,0
54658,SYNID0200190427,0.11861193925128743,14.24707932432567,13.119080149769413,0
58333,SYNID0200634514,0.118612103685312,14.247085696702902,13.11902683766072,0
58916,SYNID0200705705,0.11861240082196955,14.247097211765082,13.118930501203518,0
56472,SYNID0200413137,0.11861246400881414,14.247099660472667,13.118910015008167,0
61002,SYNID0200950181,0.11861634649360236,14.247250120892101,13.117651244232098,0
61260,SYNID0200981716,0.11862538071050716,14.247600235614364,13.114722140469691,0
60237,SYNID0200857492,0.11862586089782645,14.247618845168331,13.114566450602682,0
58939,SYNID0200708495,0.11863010126744777,14.247783180777601,13.113191598244867,0
55965,SYNID0200351673,0.11864210209594828,14.24824828302907,13.10930049436363,0
57853,SYNID0200576980,0.11865146369356455,14.248611109818993,13.106265039845743,0
53661,SYNID0200066155,0.11865495067548898,14.248746256812428,13.105134383115914,0
53727,SYNID0200074594,0.11865846759940618,14.248882565536888,13.103994007198317,0
60171,SYNID0200849663,0.11867611897208219,14.24956671536005,13.098270323806426,0
53281,SYNID0200021516,0.11869862810250592,14.25043919303306,13.090971065957147,0
60030,SYNID0200832583,0.1187000975596671,14.250496152535819,13.09049453559943,0
59421,SYNID0200760988,0.11870855294900579,14.250823906929176,13.087752501158489,0
58542,SYNID0200659852,0.11871455746823023,14.251056663197883,13.085805232965985,0
56702,SYNID0200441910,0.1187266871324737,14.251526862796487,13.081871484038043,0
61102,SYNID0200961058,0.11873516798927053,14.251855627316615,13.079120998749616,0
61050,SYNID0200956519,0.11873773922212899,14.251955303848042,13.078287092362196,0
57735,SYNID0200563678,0.11873987444000744,14.252038078313573,13.077594590781983,0
59937,SYNID0200821002,0.1187463056921621,14.252287396870607,13.075508760404098,0
57434,SYNID0200526061,0.1187496428995557,14.252416771115465,13.074426399214234,0
53120,SYNID0200002991,0.11875403114212968,14.252586892793381,13.073003139879047,0
55354,SYNID0200276806,0.11876547239768165,14.253030452138077,13.06929226666298,0
55760,SYNID0200324717,0.11876914197555777,14.253172718675907,13.068102046930042,0
53713,SYNID0200073252,0.11877340956393617,14.253338171314946,13.06671784936082,0
59388,SYNID0200757792,0.11878579461339478,14.253818345055167,13.062700655510751,0
58722,SYNID0200681826,0.11879898964363861,14.254329939265928,13.05842059405582,0
58884,SYNID0200702038,0.11880362067991479,14.254509496773613,13.056918393383054,0
60230,SYNID0200856288,0.11880868827593538,14.254705983355164,13.055274561950991,0
59902,SYNID0200816819,0.1188242226025592,14.255308314165829,13.05023538669916,0
56251,SYNID0200385943,0.11882451294331331,14.255319572124808,13.050141201199661,0
59076,SYNID0200722026,0.11884241829720654,14.256013868561556,13.044332629963474,0
58834,SYNID0200697243,0.11885569214889286,14.256528595325884,13.04002636117173,0
55077,SYNID0200241691,0.11886356349851385,14.256833835041196,13.037472687356566,0
61393,SYNID0200997839,0.11886383030200093,14.256844181410473,13.037386128331029,0
59148,SYNID0200731571,0.11886458477126094,14.256873439004204,13.037141355625327,0
56470,SYNID0200413038,0.11886507766576093,14.256892553011092,13.03698144544182,0
55852,SYNID0200337544,0.11886678741695283,14.256958855821306,13.036426747799856,0
53794,SYNID0200083269,0.11886790212673659,14.257002083552594,13.036065099167814,0
54013,SYNID0200109069,0.11889929915984776,14.258219692315999,13.025878431246596,0
59768,SYNID0200800421,0.11891974380288173,14.259012610220903,13.019244780414896,0
59816,SYNID0200805578,0.11891981689990416,14.259015445266645,13.019221062065967,0
59353,SYNID0200753953,0.1189315311842633,14.259469787242871,13.015419979999553,0
57493,SYNID0200533161,0.11893344152887064,14.259543881846842,13.014800095231893,0
57315,SYNID0200512897,0.11894016662464568,14.259804724289731,13.012617854576803,0
61240,SYNID0200979594,0.11894866684928501,14.26013442422702,13.009859543470837,0
60001,SYNID0200828957,0.11895590336883188,14.26041511437449,13.007511254425152,0
58327,SYNID0200633993,0.11896010560418402,14.260578113141717,13.006147586255857,0
56864,SYNID0200459014,0.11896624386459226,14.260816210813958,13.004155631210168,0
53646,SYNID0200064688,0.11896863967547394,14.260909143231974,13.003378146923039,0
54721,SYNID0200196879,0.11896885500539683,14.260917495810686,13.00330826819992,0
53378,SYNID0200034923,0.11897397931056969,14.261116267359183,13.001645320447253,0
58046,SYNID0200600644,0.11899662071599337,14.261994558375637,12.99429742743622,0
55727,SYNID0200320176,0.11901241430689591,14.262607244223558,12.989171620641448,0
54927,SYNID0200222505,0.11901777078543196,14.262815045584746,12.987433128341108,0
59340,SYNID0200752786,0.11901942653626912,14.26287928003315,12.986895734873983,0
56043,SYNID0200359504,0.11902155346013016,14.262961793933304,12.986205413216478,0
55496,SYNID0200291004,0.1190237518838188,14.263047082149686,12.985491881280764,0
60346,SYNID0200871205,0.11903985897262287,14.263671974378916,12.980263954366123,0
61153,SYNID0200967974,0.11904777359443108,14.263979040519576,12.977695000446953,0
61283,SYNID0200984598,0.11904818427585834,14.263994974033762,12.97756169866503,0
56454,SYNID0200411271,0.11906522153767746,14.264655996548305,12.972031501243265,0
53627,SYNID0200062673,0.11906626514394603,14.264696488008651,12.971692744597785,0
60051,SYNID0200834817,0.11908079285844941,14.265260168408618,12.96697692353872,0
55990,SYNID0200354514,0.11908519980451865,14.265431163706072,12.965546355392698,0
61345,SYNID0200992222,0.11908755218660999,14.265522440031685,12.9647827261827,0
59502,SYNID0200771544,0.11910890143499614,14.266350852041505,12.957852127209025,0
55757,SYNID0200324359,0.11911483132576722,14.266580957034147,12.95592703992523,0
58323,SYNID0200633380,0.11913125078832287,14.267218120736958,12.950596448320539,0
57021,SYNID0200478789,0.1191430019495558,14.267674146035095,12.9467812833715,0
55584,SYNID0200301284,0.11915443097600326,14.268117683801234,12.943070590684325,0
61230,SYNID0200978205,0.11916720998988944,14.268613627654467,12.938921462087126,0
59176,SYNID0200735129,0.1191718963739814,14.26879550684326,12.937399837938457,0
60950,SYNID0200941616,0.11917800630730713,14.26903263752807,12.935415972831144,0
57413,SYNID0200523924,0.1191787798206882,14.269062658381934,12.935164814595257,0
53863,SYNID0200092992,0.11919179357078413,14.26956774461794,12.930939199674906,0
61042,SYNID0200955446,0.11919846982745036,14.269826868429606,12.928771337304612,0
61197,SYNID0200973518,0.11919846982745036,14.269826868429606,12.928771337304612,0
55699,SYNID0200316364,0.11920586495658869,14.27011389895449,12.92637000386474,0
60971,SYNID0200944852,0.11920986542042794,14.270269173107978,12.925070960784657,0
59882,SYNID0200814581,0.11921667019505189,14.270533297632797,12.92286126181974,0
55631,SYNID0200309513,0.11923002887537099,14.271051823036817,12.918523213131017,0
56023,SYNID0200357332,0.11924470061174203,14.27162133648222,12.913758592080848,0
57595,SYNID0200546061,0.11925761878571739,14.272122799985773,12.909563285395453,0
60574,SYNID0200899257,0.1192595550303413,14.272197963469036,12.90893445824931,0
54336,SYNID0200151542,0.1192625427955652,14.272313946899434,12.907964126295946,0
55451,SYNID0200285981,0.11926297346373815,14.272330665280082,12.907824258222577,0
59415,SYNID0200760553,0.11926307167623534,14.272334477855878,12.907792361734383,0
56022,SYNID0200357327,0.11926678804233404,14.272478746648815,12.90658539088364,0
53157,SYNID0200007635,0.11927124925695015,14.272651932213039,12.905136498690561,0
56859,SYNID0200458163,0.11927450427907821,14.272778294337446,12.90407933727893,0
54298,SYNID0200146756,0.11928543815059706,14.273202762413076,12.900528184018878,0
56019,SYNID0200356664,0.11928696877197814,14.273262184233289,12.900031053603955,0
54436,SYNID0200162855,0.11929031299479553,14.273392014563457,12.898944876747077,0
61129,SYNID0200964994,0.11929060486902665,14.273403345838561,12.898850077875657,0
59234,SYNID0200741137,0.11929231023377257,14.273469552463597,12.89829618493098,0
59099,SYNID0200724296,0.11929231023377257,14.273469552463597,12.89829618493098,0
60127,SYNID0200845001,0.11929502846161905,14.273575081640136,12.89741331457911,0
54939,SYNID0200223780,0.11929758162514847,14.273674203246342,12.896584050765803,0
54612,SYNID0200184471,0.11930696867675156,14.27403864297503,12.893535102199538,0
55044,SYNID0200238233,0.11931099969996767,14.27419514482024,12.892225788096267,0
53310,SYNID0200026055,0.11931844154036586,14.274484073769933,12.889808572195882,0
53538,SYNID0200054310,0.1193196101322932,14.274529444785511,12.889428992578168,0
60988,SYNID0200948153,0.11933565122393375,14.27515226020399,12.88421844052321,0
55720,SYNID0200319100,0.11933630744599621,14.275177739403983,12.884005278334332,0
53149,SYNID0200006850,0.11933812033196489,14.275248128738037,12.88341639232039,0
53708,SYNID0200072767,0.11938303216142021,14.276992037541728,12.868826632126474,0
54258,SYNID0200140475,0.11939299268323661,14.277378828594319,12.865590689575745,0
54099,SYNID0200119824,0.11939526909154552,14.27746722843286,12.864851125418031,0
57009,SYNID0200475494,0.11939939219657653,14.277627342451874,12.863511591414788,0
53964,SYNID0200105240,0.11940184274708893,14.277722506382172,12.862715438015481,0
53589,SYNID0200058698,0.1194051428383629,14.277850662087173,12.861643271283185,0
60895,SYNID0200936071,0.11940729708241177,14.277934320574216,12.860943373867928,0
55842,SYNID0200335961,0.11941066605458439,14.278065153086013,12.859848812633622,0
55049,SYNID0200238868,0.11942901490379393,14.278777742684262,12.853887198509584,0
61096,SYNID0200960757,0.11944359029684104,14.279343812122054,12.849151390459868,0
53948,SYNID0200103388,0.11944694563331204,14.2794741275221,12.848061155447454,0
59888,SYNID0200815239,0.11946230846578432,14.280070807740104,12.843069253763861,0
57019,SYNID0200477731,0.1194665163090835,14.28023424123611,12.84170194859897,0
53446,SYNID0200042067,0.11946894583594392,14.280328605380182,12.840912486311717,0
57280,SYNID0200507696,0.11947999788138591,14.280757880437845,12.837321117235955,0
60340,SYNID0200869861,0.11948290023848379,14.280870613629364,12.836377977189494,0
56214,SYNID0200381429,0.1194898564577237,14.281140810206878,12.834117478668695,0
57102,SYNID0200487702,0.11949852740207556,14.281477617819878,12.831299703854581,0
55567,SYNID0200299581,0.11950025913036372,14.281544884684985,12.830736940808219,0
53772,SYNID0200080420,0.11950747255899591,14.28182508478203,12.828392751585971,0
53479,SYNID0200046052,0.11950937334279937,14.281898920153836,12.827775035587186,0
60984,SYNID0200947331,0.11951235821794481,14.28201486747026,12.826805005767872,0
54038,SYNID0200112372,0.11951294761474479,14.282037762665176,12.826613461690151,0
56682,SYNID0200439592,0.11951425559370088,14.282088571403554,12.826188389400162,0
60881,SYNID0200934829,0.11951790218289393,14.282230224907803,12.825003298383242,0
58322,SYNID0200633227,0.11952284459345835,14.282422217381045,12.823397065226006,0
57801,SYNID0200570600,0.11952778488279803,14.282614129945767,12.821791500593537,0
58618,SYNID0200668479,0.11953825828117026,14.283020992240562,12.818387639508334,0
60851,SYNID0200931465,0.119547962090022,14.283397968126495,12.815233811875238,0
59018,SYNID0200717043,0.11956235083031186,14.283956963048148,12.810557190116544,0
53107,SYNID0200000948,0.11956322866509689,14.283991067147792,12.810271870933354,0
55563,SYNID0200299194,0.11956776800587426,14.284167422921147,12.80879645637233,0
59055,SYNID0200719587,0.1195791716736277,14.284610470686319,12.805089863094821,0
58105,SYNID0200607545,0.11958609491945882,14.28487945453826,12.802839510388575,0
57312,SYNID0200512670,0.11958627327404342,14.284886384084336,12.802781536935315,0
58776,SYNID0200688581,0.11959417585372067,14.28519342341133,12.800212807342637,0
54029,SYNID0200111075,0.11959820750532607,14.285350067831734,12.798902300437366,0
53494,SYNID0200047735,0.11961335985690197,14.2859388069922,12.793976834639032,0
59151,SYNID0200731925,0.11961700452212043,14.286080422644863,12.792792060293223,0
55279,SYNID0200265288,0.11962675779480625,14.286459398577996,12.789621500013947,0
60697,SYNID0200912064,0.1196330214407984,14.286702785709616,12.787585292686398,0
59789,SYNID0200803022,0.11966157022321056,14.287812159428485,12.77830413274874,0
58710,SYNID0200680776,0.11966997868855056,14.288138918851526,12.775570422354509,0
53571,SYNID0200057198,0.11967494805543416,14.288332035662744,12.773954782844498,0
53782,SYNID0200082303,0.11967977830062054,14.288519748421168,12.772384354319243,0
60275,SYNID0200861644,0.11968347039330696,14.288663231958935,12.771183953011933,0
53590,SYNID0200058743,0.11968907048148564,14.288880867416148,12.769363187428462,0
59799,SYNID0200803797,0.11969235395073358,14.289008473920598,12.768295615377012,0
58232,SYNID0200622635,0.11969251671645148,14.28901479956486,12.768242694242238,0
55128,SYNID0200247801,0.11970001736662844,14.289306303964043,12.765803931807785,0
59653,SYNID0200787156,0.11970357329310238,14.289444503087337,12.764647740575985,0
54665,SYNID0200191517,0.1197095157222467,14.289675455206229,12.762715566127547,0
59078,SYNID0200722076,0.11970993975255523,14.289691935254298,12.762577691974474,0
55676,SYNID0200314163,0.11971930932462693,14.290056090795417,12.759531120957146,0
53812,SYNID0200086234,0.11972411273971312,14.290242782653133,12.757969233415501,0
59772,SYNID0200800969,0.11973344026068805,14.290605317337794,12.754936222686952,0
58709,SYNID0200680728,0.11973391247766973,14.29062367132927,12.754782670887888,0
59259,SYNID0200744171,0.11973763436847212,14.290768333489726,12.753572409075053,0
58020,SYNID0200597884,0.11975618007019018,14.291489187478934,12.747541654017724,0
60238,SYNID0200857563,0.11975669946422868,14.291509376342988,12.747372751444065,0
60296,SYNID0200864253,0.11976843026892692,14.291965360468334,12.743557930951754,0
53991,SYNID0200107278,0.11977891694092496,14.292372996243206,12.740147598835062,0
55036,SYNID0200236336,0.11978188780598575,14.292488481147563,12.739181437613178,0
60849,SYNID0200931421,0.11978220001065665,14.292500617371015,12.73907990444274,0
59270,SYNID0200745865,0.11979080651133939,14.292835178798846,12.736280921496002,0
54883,SYNID0200217750,0.11979680325588687,14.29306829537217,12.734330638949798,0
55924,SYNID0200347700,0.11982047565731663,14.293988568761094,12.72663151613509,0
54765,SYNID0200202608,0.11982210963059181,14.29405209219254,12.726100071125156,0
58696,SYNID0200679343,0.11982869917842037,14.294308274605907,12.723956816862659,0
59216,SYNID0200739415,0.11983598342710622,14.294591470131158,12.721587567511605,0
58176,SYNID0200616738,0.11983698270003962,14.294630320082403,12.72126254393754,0
53198,SYNID0200012532,0.11985039681441045,14.295151846835772,12.716899385583025,0
57194,SYNID0200497821,0.11985082228990873,14.295168389179773,12.716760990254361,0
57041,SYNID0200480858,0.11985083912083505,14.295169043560897,12.71675551561966,0
56315,SYNID0200394145,0.11986629724112113,14.295770062651426,12.711727314383293,0
59797,SYNID0200803503,0.11986873375134682,14.295864797561004,12.710934750225233,0
54535,SYNID0200174398,0.11986949187783175,14.295894274698032,12.710688140792737,0
60683,SYNID0200910513,0.1198727199253628,14.296019786865468,12.709638090227916,0
58659,SYNID0200673518,0.11987867610216735,14.29625137629663,12.707700583944915,0
59019,SYNID0200717058,0.11988056537619801,14.296324836240425,12.707086008824032,0
61243,SYNID0200979885,0.11988071787556903,14.296330765833025,12.707036401107219,0
59390,SYNID0200757860,0.11988118431083278,14.296348902126448,12.706884670597407,0
54463,SYNID0200165880,0.11988948191906751,14.296671539808914,12.704185443202753,0
53832,SYNID0200088491,0.11989059884478853,14.296714970009356,12.703822100688345,0
58557,SYNID0200661216,0.11989166531785045,14.296756438543024,12.703475169724697,0
54825,SYNID0200210370,0.11989185423894488,14.2967637845267,12.703413712302158,0
59349,SYNID0200753640,0.11990397195924174,14.29723497604086,12.699471664884033,0
54300,SYNID0200146813,0.1199136473768665,14.297611210618568,12.696324039128715,0
60808,SYNID0200925025,0.11991541898356234,14.297680101674226,12.695747687900116,0
58993,SYNID0200713835,0.11991991908693239,14.297855095046204,12.694283671360218,0
57508,SYNID0200534434,0.11992413501682836,14.298019039779714,12.692912089118147,0
61319,SYNID0200988755,0.11993028164192404,14.29825806665529,12.690912360240592,0
53941,SYNID0200102560,0.11993150560979238,14.298305664165728,12.690514153487086,0
56963,SYNID0200470190,0.11993936917333631,14.298611465104008,12.68795578441001,0
54745,SYNID0200199501,0.11994126712425623,14.298685274213879,12.687338288121863,0
61027,SYNID0200953998,0.11995257346487936,14.29912497232483,12.683659718472528,0
55628,SYNID0200308540,0.11995432322310373,14.299193020743575,12.683090416850218,0
60681,SYNID0200910385,0.1199567501008228,14.299287402982463,12.68230080317947,0
53870,SYNID0200094139,0.11996221515705618,14.299499943397878,12.680522663355953,0
60272,SYNID0200861540,0.12000686453140663,14.30123650783748,12.665994347034903,0
60325,SYNID0200868076,0.12000792797822951,14.301277871351342,12.665648294680132,0
57050,SYNID0200482009,0.12001036216233735,14.301372551093953,12.66485619205583,0
53359,SYNID0200032644,0.1200103930037118,14.301373750700366,12.664846155997832,0
60779,SYNID0200921460,0.12001994978043412,14.301745475874101,12.661736256482815,0
55339,SYNID0200274611,0.12002360331748696,14.301887588151404,12.660547327312855,0
58160,SYNID0200613835,0.12002369112514705,14.301891003638314,12.66051875292018,0
61221,SYNID0200976035,0.12002771451437089,14.302047503738063,12.65920945341964,0
55886,SYNID0200340745,0.12003752663786388,14.302429178534465,12.656016314111085,0
60525,SYNID0200892705,0.12004134835889829,14.302577839603458,12.654772596926922,0
58802,SYNID0200692316,0.12004238421726243,14.30261813369994,12.654435491452332,0
53496,SYNID0200047813,0.12005503868793016,14.303110391778889,12.650317198505935,0
56094,SYNID0200365949,0.1200593233201363,14.30327706740605,12.648922769264404,0
53701,SYNID0200071672,0.12006387307471811,14.30345405856382,12.647442038997491,0
55444,SYNID0200285286,0.12008404894689612,14.304238950828088,12.640875531683871,0
58247,SYNID0200624603,0.12008460127258713,14.304260438275305,12.64069576500031,0
53609,SYNID0200060169,0.12013206069101262,14.30610689627574,12.625248065339944,0
53314,SYNID0200026241,0.12013930404930284,14.3063887269492,12.622890234510486,0
58279,SYNID0200628604,0.12014015793071087,14.306421950838935,12.622612279274016,0
55179,SYNID0200253254,0.12014287583185146,14.3065277028456,12.621727544697304,0
53267,SYNID0200020119,0.12015411957937944,14.306965198786084,12.618067398682786,0
56806,SYNID0200451726,0.12015706443933155,14.307079785878482,12.617108748668604,0
54596,SYNID0200182683,0.12017144016888742,14.307639170920845,12.612428863110992,0
59946,SYNID0200822341,0.12017843352528279,14.307911302431984,12.610152176692345,0
60124,SYNID0200844242,0.12018103994645885,14.308012727020788,12.609303645837254,0
55235,SYNID0200260167,0.12019726328761976,14.308644047280733,12.604021941209886,0
53824,SYNID0200087852,0.12020356963325607,14.308889461700138,12.601968773337969,0
57478,SYNID0200531526,0.1202080980523062,14.309065689780272,12.600494427074494,0
59436,SYNID0200762184,0.12021069131725842,14.30916661029658,12.599650113353222,0
57296,SYNID0200509844,0.12021608736797218,14.30937660733198,12.597893251766523,0
56084,SYNID0200364344,0.12022081056373846,14.30956042145366,12.596355439726192,0
56098,SYNID0200366245,0.12022267837698403,14.309633112370449,12.595747298381887,0
56781,SYNID0200448998,0.12024051136397557,14.310327148457853,12.58994090526101,0
58742,SYNID0200684199,0.12025411102200029,14.310856450928286,12.58551269428041,0
53402,SYNID0200037978,0.12025504309374124,14.310892728113613,12.585209194789314,0
57028,SYNID0200479155,0.12025802868577451,14.311008931008123,12.584237026771605,0
57442,SYNID0200527241,0.12026137868944703,14.311139318337139,12.583146189992389,0
60511,SYNID0200890818,0.12026365173184972,14.311227789321329,12.582406030621273,0
61087,SYNID0200960138,0.12026963477436176,14.31146066285379,12.580457781385457,0
53210,SYNID0200014269,0.12028306009730544,14.311983220109624,12.576086001717801,0
60146,SYNID0200847041,0.12029066061637023,14.312279065234868,12.573610924223654,0
58768,SYNID0200687277,0.12029416106861335,14.312415319990823,12.572470999813367,0
55459,SYNID0200286796,0.12030032905602578,14.312655411345057,12.57046236537358,0
56235,SYNID0200383774,0.12032762436691208,14.313717938958542,12.561573125840319,0
60876,SYNID0200934242,0.12032794151841791,14.31373028519954,12.561469835636686,0
53697,SYNID0200071426,0.12034497051251913,14.314393214002152,12.555923689969383,0
61349,SYNID0200992339,0.1203512938036802,14.314639383607563,12.553864204116472,0
58905,SYNID0200704510,0.12035413869676709,14.314750138378606,12.552937615784309,0
56259,SYNID0200387325,0.12036127665598412,14.315028030520338,12.550612735206224,0
56739,SYNID0200445659,0.12036511855473664,14.3151776039319,12.549361385249469,0
56004,SYNID0200355326,0.12036993531660478,14.315365133007454,12.547792493438203,0
54110,SYNID0200121874,0.12037018673985062,14.315374921634104,12.547710600557572,0
59808,SYNID0200804334,0.12037287613977349,14.315479628076972,12.546834613298985,0
53485,SYNID0200046967,0.12037406269271661,14.315525824394271,12.54644812910336,0
60020,SYNID0200831044,0.12037450544735195,14.315543062291352,12.546303914690228,0
60289,SYNID0200863038,0.12038941674980469,14.316123620177446,12.541446894461384,0
53150,SYNID0200006871,0.12040132512140617,14.316587278083272,12.537567874157284,0
60427,SYNID0200881253,0.12040903789911456,14.316887586379272,12.535055457215737,0
61209,SYNID0200974656,0.12040936163946281,14.316900191817307,12.534949998537126,0
56379,SYNID0200401359,0.12041011116962086,14.316929376221946,12.534705838140558,0
57658,SYNID0200554113,0.12041870580179365,14.317264028947605,12.531906091384727,0
55102,SYNID0200243928,0.12041990237354044,14.317310620954457,12.531516296800561,0
59406,SYNID0200759623,0.12042517271374409,14.31751583875215,12.529799418917086,0
56238,SYNID0200384388,0.12042711366050146,14.3175914165303,12.529167125727847,0
59639,SYNID0200785975,0.12042711388059396,14.317591425100419,12.529167054029166,0
61395,SYNID0200998196,0.12043222700755957,14.317790525031969,12.527501358982619,0
61403,SYNID0200999263,0.12044226465047025,14.31818138837573,12.52423134713223,0
59507,SYNID0200771956,0.12044632908437986,14.318339659371693,12.522907232091418,0
55656,SYNID0200312324,0.12045293152801367,14.318596765290243,12.520756251668509,0
60996,SYNID0200949045,0.12047266893731162,14.319365386897397,12.51432586671688,0
53680,SYNID0200068879,0.12047501566658353,14.319456776769075,12.513561287566244,0
57339,SYNID0200515794,0.12048045618721759,14.31966865190506,12.51178871355403,0
59064,SYNID0200720565,0.12048136682777111,14.319704116103896,12.511492015610093,0
58210,SYNID0200620221,0.12048646503009286,14.31990266326003,12.509830945152133,0
53710,SYNID0200072882,0.12049008247287984,14.32004354453146,12.508652314731982,0
53607,SYNID0200059954,0.12049030298982638,14.320052132605058,12.508580465829077,0
59645,SYNID0200786471,0.1205107646380359,14.320849037024196,12.501913463318349,0
53882,SYNID0200095593,0.1205131840503586,14.320943266896426,12.501125124366187,0
59310,SYNID0200749030,0.12051940873822653,14.321185705201538,12.499096855040449,0
61104,SYNID0200961090,0.12052296052046851,14.3213240413201,12.49793951768905,0
60055,SYNID0200835015,0.12052565111283808,14.321428836361314,12.497062789205549,0
55684,SYNID0200315105,0.12055649127473561,14.322630073259225,12.487013090368338,0
53432,SYNID0200041239,0.12056812987598126,14.323083426905033,12.483220276798413,0
53866,SYNID0200093427,0.12056886742004713,14.323112156624116,12.48297992035834,0
60083,SYNID0200839535,0.12057258139077176,14.323256828605714,12.481769576380586,0
59133,SYNID0200729848,0.12059915245449498,14.324291904578882,12.473110000719833,0
56707,SYNID0200442608,0.12059949839865952,14.32430538131427,12.472997252658057,0
53858,SYNID0200092052,0.12060767562443747,14.324623940079434,12.47033214999812,0
57915,SYNID0200584910,0.12061827811471826,14.325036989675601,12.466876525172133,0
56764,SYNID0200447936,0.12065017415501444,14.326279658536217,12.456480201328546,0
58150,SYNID0200612768,0.12065018087382595,14.326279920311938,12.456478011279959,0
58903,SYNID0200704458,0.12065079711188548,14.326303929959185,12.45627714355403,0
60660,SYNID0200908151,0.12065180605720643,14.326343240210742,12.4559482690497,0
54012,SYNID0200109060,0.1206527956190338,14.326381795349485,12.455625711914065,0
53443,SYNID0200042014,0.1206562088053848,14.326514780104292,12.454513144744295,0
56220,SYNID0200381708,0.12066114578913939,14.326707137254648,12.452903860652532,0
58919,SYNID0200705836,0.1206674687118004,14.326953497683752,12.450842778344606,0
53522,SYNID0200051170,0.12066864107284542,14.32699917691139,12.450460620186076,0
61335,SYNID0200991368,0.12067272879122953,14.32715844961497,12.449128124733477,0
53854,SYNID0200091594,0.12068279982123603,14.327550861704772,12.445845155879088,0
54267,SYNID0200141788,0.12068836638690211,14.32776776431466,12.444030521388438,0
54151,SYNID0200127468,0.12069037557577222,14.327846053638417,12.443375543067937,0
54009,SYNID0200108935,0.1206908332128443,14.327863885816337,12.443226356826631,0
55212,SYNID0200256421,0.12069168068438152,14.327896908248638,12.442950087008352,0
58711,SYNID0200680822,0.120692010340405,14.327909753589315,12.442842621274075,0
57834,SYNID0200575231,0.12070213252875783,14.328304179111532,12.439542807791092,0
56042,SYNID0200359271,0.12072260890061587,14.32910210236292,12.432867281601734,0
56322,SYNID0200394579,0.12072832108834658,14.329324702577265,12.431004980236226,0
56306,SYNID0200392862,0.12073435400369131,14.329559804976892,12.429038084017641,0
60578,SYNID0200899450,0.12074712324272813,14.33005743389809,12.42487485793008,0
57562,SYNID0200541801,0.12076097956971793,14.3305974465864,12.420357043920838,0
56273,SYNID0200388884,0.1207624243369852,14.330653753600204,12.419885972367728,0
59187,SYNID0200736591,0.12076466314385553,14.330741007197672,12.419155997806897,0
55909,SYNID0200344226,0.12077208051776217,14.33103009010396,12.416737493886288,0
56040,SYNID0200358976,0.12078547787171784,14.331552249611683,12.41236904182933,0
53970,SYNID0200105773,0.12078594875649573,14.331570602598442,12.412215498435831,0
59331,SYNID0200752103,0.12079084338439389,14.331761374695452,12.410619475099526,0
53221,SYNID0200015286,0.12080126534143504,14.332167587137876,12.407221050760919,0
60187,SYNID0200851421,0.12082203581464668,14.332977182845225,12.400447871338205,0
59373,SYNID0200756952,0.12082391982760038,14.333050620477062,12.399833482881972,0
60955,SYNID0200942495,0.12083177512972709,14.33335681911183,12.397271786626119,0
60520,SYNID0200892138,0.12083299157902344,14.333404236711255,12.396875085030757,0
57887,SYNID0200580298,0.12084185216403215,14.333749629860847,12.39398548253865,0
59545,SYNID0200775282,0.12085390750138009,14.334219570139156,12.390053903116883,0
58641,SYNID0200671865,0.12086522732642974,14.33466085233365,12.386362080825553,0
59800,SYNID0200803847,0.12087168861580361,14.334912739514133,12.384254761021108,0
54992,SYNID0200230560,0.12088090139025753,14.335271898130488,12.381249994904254,0
58839,SYNID0200697841,0.12088596765010212,14.335469409222442,12.379597592289414,0
59815,SYNID0200805479,0.12088992237862245,14.335623588452401,12.378307709477188,0
53151,SYNID0200006976,0.12089049388904183,14.335645869517188,12.378121303289301,0
58328,SYNID0200634186,0.12089692522998069,14.335896605886589,12.376023611315002,0
54130,SYNID0200124670,0.12089852453101901,14.335958957919706,12.375501966370672,0
57240,SYNID0200503560,0.12090011613029994,14.336021009945151,12.374982831328241,0
55759,SYNID0200324513,0.12090521638011742,14.33621985624303,12.373319258212877,0
54252,SYNID0200139807,0.12090644038247916,14.336267577507106,12.372920016120869,0
56350,SYNID0200397390,0.12090913629827887,14.336372686107364,12.372040664363027,0
60080,SYNID0200839041,0.12092206673749922,14.336876829589661,12.367822936638662,0
58880,SYNID0200701778,0.12092947037153062,14.337165496810204,12.365407910397252,0
57933,SYNID0200587205,0.12093230762149548,14.337276122500388,12.364482401971777,0
54564,SYNID0200177979,0.1209324303546856,14.337280907942999,12.364442366357542,0
53836,SYNID0200089421,0.12093288782689587,14.337298745079643,12.364293138630945,0
55038,SYNID0200236604,0.12094084254359011,14.337608908057593,12.361698276181855,0
59383,SYNID0200757410,0.12094438490798787,14.337747030758267,12.360542724311296,0
59852,SYNID0200810700,0.12094863105464077,14.337912596804747,12.359157577961156,0
57820,SYNID0200572540,0.1209565627993,14.338221876913924,12.356570101703191,0
59542,SYNID0200775027,0.12096626321611492,14.338600131116637,12.353405579511268,0
61025,SYNID0200953827,0.1209763356641042,14.338992902399909,12.350119605599197,0
57922,SYNID0200585697,0.12098459262248912,14.339314887141088,12.347425840793381,0
53278,SYNID0200021406,0.12098523890240587,14.33934008948632,12.34721499480621,0
60292,SYNID0200863914,0.12098528721345536,14.339341973426752,12.347199233523831,0
56508,SYNID0200417313,0.12099190122657366,14.339599896124733,12.345041419821534,0
60805,SYNID0200924888,0.12099218552942503,14.339610983013202,12.344948665519428,0
53791,SYNID0200083234,0.12099326653792292,14.339653138912034,12.344595983972418,0
59795,SYNID0200803334,0.12099431241772818,14.339693925017839,12.344254762285999,0
56902,SYNID0200463758,0.12099825726697294,14.339847763056595,12.34296773392225,0
54074,SYNID0200117107,0.12100543480881482,14.340127671132574,12.340625987784936,0
54167,SYNID0200129102,0.1210153094306331,14.340512767957671,12.337404219354308,0
60104,SYNID0200841806,0.12101996638903906,14.340694386485659,12.335884775926708,0
60042,SYNID0200833851,0.12102486842340276,14.340885565237054,12.33428535046871,0
56137,SYNID0200371146,0.12103668128637196,14.341346275633898,12.330430989395136,0
54403,SYNID0200158439,0.12104204868742063,14.341555612991517,12.328679646755658,0
57429,SYNID0200525572,0.12104620746788058,14.341717814222035,12.327322650878681,0
59283,SYNID0200746804,0.12105159473471733,14.341927931665017,12.325564781947007,0
54071,SYNID0200116660,0.12105268206527953,14.341970340752239,12.325209982194119,0
55618,SYNID0200307827,0.121054549398106,14.342043172503864,12.324600662607887,0
60414,SYNID0200879439,0.12105965941881808,14.342242480940135,12.322933223184629,0
59453,SYNID0200764769,0.12106480605313025,14.342443220149773,12.321253813731591,0
53897,SYNID0200097443,0.12106592148794071,14.342486726903662,12.32088983076145,0
54831,SYNID0200211200,0.1210690575785699,14.342609048609344,12.319866472000584,0
60615,SYNID0200903425,0.12108343531308907,14.343169858184732,12.315174668620688,0
60604,SYNID0200902096,0.1210963091230241,14.343672024607336,12.310973481226185,0
61067,SYNID0200958170,0.1211003103131203,14.3438281017958,12.3096677198546,0
55023,SYNID0200234920,0.12110330296078026,14.34394483914954,12.308691080483813,0
57424,SYNID0200525242,0.12110705411241535,14.344091165567516,12.307466895283426,0
60930,SYNID0200939449,0.1211094499333642,14.344184623464031,12.30668501477712,0
58257,SYNID0200625530,0.12112153850769453,14.344656192228163,12.302739811238329,0
55366,SYNID0200278309,0.121121600342809,14.344658604421301,12.302719630527426,0
54276,SYNID0200143244,0.12112286248853282,14.344707840920698,12.30230771178633,0
54868,SYNID0200216261,0.12112454720324817,14.34477356215723,12.301757879662889,0
55836,SYNID0200334499,0.12112614291376189,14.344835811582108,12.301237093151984,0
54187,SYNID0200131257,0.12112656569780678,14.344852304632397,12.301099110220726,0
60249,SYNID0200859128,0.1211284121367413,14.344924335499618,12.300496490934032,0
58998,SYNID0200714380,0.12113156214801502,14.345047220440842,12.299468420073845,0
58383,SYNID0200640876,0.12113313688395083,14.345108652773208,12.298954469461588,0
55424,SYNID0200283754,0.12113585584317621,14.34521472322573,12.298067070726827,0
60033,SYNID0200832768,0.12116518638026835,14.346358997442666,12.288493928836674,0
57345,SYNID0200516523,0.12116677945740473,14.346421150804776,12.287973945998987,0
55986,SYNID0200353791,0.12117227076010578,14.34663539411336,12.28618155955724,0
59822,SYNID0200807026,0.1211735510799054,14.346685346267964,12.28576365355475,0
54726,SYNID0200197511,0.121180054842839,14.346939095612049,12.28364075465559,0
55367,SYNID0200278332,0.12118297827077806,14.347053156834747,12.28268650413341,0
59105,SYNID0200725054,0.1212216514244317,14.348562121476157,12.27006231632457,0
57728,SYNID0200561953,0.12122606845852146,14.348734476889277,12.268620369279958,0
59850,SYNID0200810538,0.12123628146891402,14.349133002593433,12.265286253159635,0
60191,SYNID0200851678,0.12123645925463217,14.349139940131694,12.265228212842738,0
60595,SYNID0200901115,0.12123645925463217,14.349139940131694,12.265228212842738,0
61186,SYNID0200971984,0.12123749220801894,14.34918024801003,12.264890992067434,0
56093,SYNID0200365748,0.1212423532850262,14.349369938297759,12.263304019283538,0
60423,SYNID0200880505,0.12124452900642763,14.34945484068706,12.26259371522569,0
54467,SYNID0200166841,0.12125081209123839,14.349700025970941,12.26054246433036,0
60479,SYNID0200887093,0.12126283199521148,14.350169090907531,12.256618208127435,0
57158,SYNID0200493816,0.12127535603387457,14.350657845041344,12.252529229626374,0
53431,SYNID0200040644,0.12127621855210219,14.350691505652819,12.252247620720935,0
57213,SYNID0200499653,0.12128170379296888,14.350905574298666,12.250456695529554,0
60732,SYNID0200916333,0.12128794532251691,14.351149161863368,12.24841881135369,0
60940,SYNID0200940543,0.12128910721412384,14.351194507336974,12.24803944542332,0
56786,SYNID0200449634,0.12129634459781374,14.351476965897202,12.245676361614278,0
61058,SYNID0200957597,0.12130375926037451,14.351766348845041,12.243255347508331,0
61024,SYNID0200953796,0.12130505301918271,14.351816842854626,12.242832908278988,0
54784,SYNID0200204423,0.1213094954912119,14.351990229055156,12.241382337537388,0
53441,SYNID0200041972,0.12131163659100608,14.35207379522796,12.240683212434645,0
58180,SYNID0200617150,0.12131978446350788,14.352391807388488,12.238022682737782,0
53540,SYNID0200054415,0.12134663612022073,14.353439878280131,12.229254389956113,0
57026,SYNID0200479059,0.1213486397091712,14.353518085121932,12.228600101690002,0
54472,SYNID0200167882,0.12135074772395388,14.353600368503292,12.227911708581685,0
54318,SYNID0200148926,0.12135297479868318,14.353687299719232,12.227184431105231,0
60297,SYNID0200864296,0.12135881316109826,14.353915195686369,12.225277824806414,0
61397,SYNID0200998367,0.12136202882811042,14.354040718265033,12.224227687139955,0
56635,SYNID0200433942,0.12137538333119219,14.35456201861656,12.219866422891656,0
55867,SYNID0200339329,0.12138436544675713,14.354912650765925,12.216932990269115,0
60919,SYNID0200938487,0.12139392255533071,14.355285737878935,12.213811696598952,0
53551,SYNID0200055268,0.12139571193560794,14.355355592136652,12.213227287100903,0
56467,SYNID0200412886,0.12139917864199284,14.355490927193868,12.212095057005822,0
54157,SYNID0200128080,0.12140968986250983,14.355901277172372,12.208662017520478,0
55300,SYNID0200268378,0.12141403296146064,14.35607083174705,12.207243502642218,0
53605,SYNID0200059780,0.12141530039534926,14.356120312730265,12.206829538518793,0
55851,SYNID0200337307,0.12141686944380797,14.356181569062445,12.206317060346194,0
55550,SYNID0200297130,0.1214172106876909,14.356194891405213,12.206205603952503,0
56154,SYNID0200374047,0.12142865139078762,14.356641549492053,12.20246880627026,0
54618,SYNID0200184962,0.12143052707713609,14.356714779712576,12.201856153043146,0
57377,SYNID0200520875,0.12143445123095303,14.356867987017683,12.200574401476361,0
54530,SYNID0200173889,0.12143525454942145,14.356899350473832,12.200312010861037,0
57556,SYNID0200541130,0.12143612533339126,14.356933348018158,12.200027583133,0
59953,SYNID0200822797,0.12144125722480081,14.357133711248295,12.19835131917174,0
58621,SYNID0200668898,0.12145956820085602,14.357848644519402,12.192370097586036,0
54550,SYNID0200176094,0.12146209039000383,14.357947123516487,12.1915462099214,0
59984,SYNID0200826466,0.12148086901834565,14.358680356597064,12.1854118898301,0
59817,SYNID0200805924,0.12148267450856781,14.358750855950323,12.184822083381697,0
60914,SYNID0200938254,0.12148537693312461,14.358856378713963,12.183939266680932,0
57481,SYNID0200532000,0.1214864304411416,14.358897515710275,12.183595109400446,0
59856,SYNID0200810872,0.12148711760210867,14.358924347782466,12.183370628912737,0
53529,SYNID0200052662,0.1214871807985145,14.358926815460762,12.18334998400602,0
58751,SYNID0200684593,0.1214983047280383,14.35936118644675,12.179715981753514,0
53399,SYNID0200037329,0.12150046331209763,14.359445477050706,12.179010795968736,0
59293,SYNID0200747511,0.12150810103750431,14.35974372664444,12.176515602389038,0
55671,SYNID0200313652,0.12151186759724208,14.359890811250908,12.17528507408845,0
56829,SYNID0200454684,0.12152441765641564,14.36038090312063,12.171184903920661,0
55992,SYNID0200354625,0.12152465709731286,14.360390253675721,12.171106676001786,0
57435,SYNID0200526483,0.12152930673835405,14.360571830866734,12.169587578404483,0
53615,SYNID0200060921,0.12153203175747573,14.360678249003943,12.168697270895946,0
57308,SYNID0200512031,0.12153786065776034,14.360905883267217,12.166792854044505,0
58882,SYNID0200701962,0.12155833346525874,14.361705429350883,12.160103751036377,0
60403,SYNID0200878645,0.12156249132580749,14.361867815936193,12.158745204457933,0
54316,SYNID0200148902,0.12156517289722818,14.361972546519649,12.157869015236134,0
59744,SYNID0200797682,0.12156692821543719,14.362041102060045,12.157295470970375,0
55080,SYNID0200241802,0.12159090302176384,14.362977491640507,12.14946151807209,0
53848,SYNID0200090829,0.12159187953663741,14.363015632866201,12.149142423785053,0
61268,SYNID0200983378,0.12160028424060781,14.363343912233331,12.146395997347536,0
60871,SYNID0200933832,0.12160699062836605,14.36360586229083,12.144204490249455,0
57083,SYNID0200485331,0.12161088709028628,14.363758059384255,12.142931190240546,0
54729,SYNID0200197671,0.12161654886655066,14.363979213033973,12.141080991016494,0
56412,SYNID0200404835,0.12162610861568057,14.364352632229044,12.137956919106097,0
58899,SYNID0200704307,0.12162892209101017,14.364462532902863,12.13703747625866,0
55172,SYNID0200252859,0.12163137209242986,14.36455823613397,12.136236811001,0
57794,SYNID0200569894,0.12164075881744968,14.364924911009565,12.133169162914836,0
54703,SYNID0200195300,0.12165242796288889,14.365380757058457,12.129355497587502,0
53527,SYNID0200052059,0.12166305062405619,14.365795735241766,12.125883737959132,0
58917,SYNID0200705759,0.12166477720505875,14.365863185867363,12.12531943754943,0
56762,SYNID0200447884,0.1216678541525621,14.365983390683269,12.124313788954467,0
54410,SYNID0200159661,0.12168208793340968,14.366539463917713,12.11966161039808,0
59538,SYNID0200774830,0.12168346611428488,14.366593306625974,12.119211155534803,0
54171,SYNID0200129228,0.12170475936361269,14.367425215257313,12.112251303386124,0
53867,SYNID0200093697,0.12170682946281008,14.367506094720206,12.111574655636126,0
54832,SYNID0200211335,0.1217090413542879,14.367592514543666,12.110851656533406,0
60553,SYNID0200896434,0.12170997390241389,14.367628949866184,12.110546834046708,0
58529,SYNID0200658146,0.1217293238983444,14.368384988320155,12.10422172133583,0
53567,SYNID0200057054,0.12173049812125625,14.368430868524054,12.10383788178463,0
58019,SYNID0200597841,0.12173181082237688,14.368482159631087,12.103408773937863,0
53765,SYNID0200079624,0.1217348827075212,14.368602187945545,12.102404601976192,0
59409,SYNID0200759913,0.12174013075254236,14.36880724799695,12.100689043817958,0
60425,SYNID0200880706,0.1217462033894613,14.36904453137926,12.098703901224173,0
53205,SYNID0200013564,0.12175014202342732,14.369198432356603,12.097416346308275,0
54847,SYNID0200213181,0.1217501761557584,14.369199766074521,12.097405188256571,0
61022,SYNID0200953271,0.1217569369317954,14.369463945193143,12.095195032553042,0
57417,SYNID0200524159,0.12175897881166364,14.369543733119531,12.0945275167346,0
55085,SYNID0200242140,0.12176915610056888,14.36994142443683,12.091200381199574,0
61372,SYNID0200994763,0.12177273252284415,14.37008118051127,12.090031164318848,0
61313,SYNID0200988251,0.1217786311862663,14.370311685833855,12.088102727824456,0
60913,SYNID0200938090,0.12177972235372458,14.370354326380212,12.087745991655352,0
57717,SYNID0200560230,0.12178159615195117,14.370427550790197,12.087133387039927,0
54243,SYNID0200138627,0.1217822734686938,14.37045401910755,12.086911949770895,0
61000,SYNID0200950053,0.12179150597791094,14.370814813651656,12.083893497276922,0
53737,SYNID0200076094,0.12179476637070002,14.370942227698094,12.082827535353369,0
56964,SYNID0200470265,0.12179541853824111,14.370967714116619,12.082614312773321,0
56916,SYNID0200465100,0.12179626593133064,14.371000829928724,12.082337261727872,0
56756,SYNID0200446923,0.12180192344802437,14.371221925513908,12.080487548279017,0
54769,SYNID0200203256,0.12181001522604618,14.371538157708079,12.07784191000435,0
54073,SYNID0200117092,0.12181209141788923,14.371619297789575,12.077163081886377,0
55295,SYNID0200267529,0.12182094202841448,14.371965195321291,12.074269259670023,0
55302,SYNID0200268713,0.12183901623143567,14.372671592326713,12.068359453555722,0
53139,SYNID0200005997,0.12184371303735836,14.372855163880384,12.06682367086984,0
58568,SYNID0200662480,0.12186225799559725,14.373580003584681,12.060759570819224,0
53358,SYNID0200032592,0.12186258257149074,14.373592690125227,12.0606534336268,0
60816,SYNID0200925888,0.12187038231558639,14.373897558215297,12.058102868875087,0
60635,SYNID0200904928,0.12187563887590847,14.37410302459385,12.05638391133289,0
55215,SYNID0200256968,0.12188034465050285,14.374286964497903,12.054845046981399,0
57142,SYNID0200492186,0.12188060950802215,14.374297317349688,12.054758433722412,0
56572,SYNID0200425834,0.12188244892635736,14.374369217435557,12.05415690856897,0
60098,SYNID0200840577,0.12189492085853981,14.374856735662535,12.050078269819775,0
56116,SYNID0200368603,0.12190083559074727,14.375087943612355,12.048143955057633,0
59881,SYNID0200814284,0.12190380993689476,14.375204212706967,12.04717123320156,0
56846,SYNID0200456902,0.12191796007410494,14.37575736315367,12.042543507054715,0
58703,SYNID0200680254,0.12192005091299735,14.375839098990616,12.041859694771773,0
54206,SYNID0200134054,0.12192045566117238,14.375854921606187,12.041727320781614,0
60622,SYNID0200904285,0.12193423796588976,14.37639371637854,12.037219696010338,0
57533,SYNID0200537927,0.12193652438513713,14.376483101785606,12.036471886462518,0
53261,SYNID0200019185,0.12195368228944453,14.3771538911446,12.030859978392739,0
54291,SYNID0200145318,0.12195952865689413,14.377382462205608,12.028947724173754,0
61251,SYNID0200981086,0.12196033827517444,14.377414115525388,12.02868290852287,0
58702,SYNID0200680233,0.12196619623143007,14.377643143701164,12.026766830024316,0
54047,SYNID0200113473,0.12197112429903256,14.3778358188229,12.025154885744005,0
57783,SYNID0200568983,0.12198128368385724,14.378233033294851,12.021831739557099,0
54632,SYNID0200186508,0.12198290775277182,14.378296532585594,12.021300496511323,0
59655,SYNID0200787233,0.12199047394310436,14.378592365820113,12.018825518496456,0
53846,SYNID0200090716,0.12199699697571542,14.378847417003639,12.016691728244966,0
60350,SYNID0200871783,0.12200211574571795,14.37904756447025,12.015017269388462,0
60242,SYNID0200858260,0.122005876234697,14.379194603931296,12.01378711878015,0
53200,SYNID0200012890,0.12201809273379788,14.379672293247085,12.009790709937086,0
53936,SYNID0200101140,0.12202005825113088,14.379749150310328,12.00914771408803,0
59141,SYNID0200730398,0.12202006810870758,14.379749535769342,12.009144489289481,0
58371,SYNID0200639695,0.12202459069259763,14.3799263825987,12.007664966492227,0
60650,SYNID0200907020,0.12202469128981491,14.379930316280895,12.007632056812668,0
55903,SYNID0200343677,0.12202511208285943,14.379946770684832,12.007494397201645,0
53942,SYNID0200102649,0.12205794743301535,14.38123079828909,11.99675206091153,0
55837,SYNID0200334541,0.12205861228676285,14.381256798572169,11.99653453927606,0
59747,SYNID0200797752,0.122102593799368,14.382976875100802,11.982144162890073,0
57357,SYNID0200518402,0.12210301416001068,14.382993315984931,11.98200661638744,0
57131,SYNID0200490974,0.12210495093267809,14.3830690660697,11.981372881659402,0
54357,SYNID0200153488,0.12210676591897351,14.383140053259126,11.980778993912322,0
61208,SYNID0200974629,0.12212021788868338,14.38366619321634,11.976377240914694,0
56303,SYNID0200392451,0.1221210529596416,14.383698855533716,11.976103983863151,0
54315,SYNID0200148860,0.1221457525436801,14.384664968537145,11.968021361073223,0
59858,SYNID0200811357,0.12214714356200124,14.384719379464984,11.967566152413545,0
59948,SYNID0200822360,0.12215430033140678,14.384999326078473,11.965224083866577,0
56308,SYNID0200393514,0.122159697624313,14.385210451921244,11.963457778535558,0
58930,SYNID0200707490,0.12216006524256118,14.385224832149612,11.963337471737978,0
55430,SYNID0200284309,0.12216926372829467,14.385584656507213,11.960327135946237,0
58546,SYNID0200660373,0.12219958216042903,14.386770708343038,11.950404477246613,0
57201,SYNID0200498025,0.12220822224881672,14.387108724537669,11.947576591286712,0
57632,SYNID0200550964,0.12220987485969304,14.387173378604158,11.947035687241915,0
57793,SYNID0200569846,0.12221000539778792,14.38717848557683,11.94699296166679,0
55704,SYNID0200317060,0.12221184591007855,14.387250491151145,11.946390553983754,0
54529,SYNID0200173782,0.12221573921861106,14.387402808549789,11.945116247486254,0
60054,SYNID0200834977,0.12222218607166818,14.38765503138739,11.943006119532196,0
57616,SYNID0200548156,0.12222347738525335,14.387705552488073,11.942583453655297,0
59678,SYNID0200789151,0.12222796516150902,14.38788113271341,11.941114527426466,0
59201,SYNID0200738027,0.12223462434585369,14.388141671178685,11.938934829886295,0
60777,SYNID0200920502,0.12223551592196474,14.38817655415851,11.93864299449363,0
54842,SYNID0200212350,0.1222380471800803,14.388275590264017,11.937814445989925,0
54057,SYNID0200114644,0.12223852711211736,14.388294367799585,11.937657350767772,0
58208,SYNID0200619912,0.12223893851648215,14.388310464181176,11.937522686416669,0
55919,SYNID0200346304,0.12223978547728254,14.388343601960228,11.93724545159297,0
60364,SYNID0200872965,0.12224049905719658,14.388371521200835,11.937011875717696,0
53626,SYNID0200062604,0.12226348130958786,14.38927074376411,11.929488866755644,0
60892,SYNID0200935892,0.12226387496348096,14.389286146667603,11.929360004129464,0
56623,SYNID0200432742,0.12227826316039253,14.38984913956255,11.924649934823805,0
58069,SYNID0200603722,0.12227926400704847,14.389888302290025,11.924322294524503,0
61108,SYNID0200961623,0.12228220393151779,14.390003340953264,11.923359866611904,0
55042,SYNID0200237978,0.12228449843288769,14.39009312496034,11.9226087223263,0
56255,SYNID0200386962,0.12228974779590462,14.390298534971874,11.920890236357662,0
53401,SYNID0200037697,0.12229055178149939,14.390329995553495,11.920627033178445,0
61028,SYNID0200954126,0.12229503904220845,14.390505586784903,11.919158014871423,0
55982,SYNID0200353547,0.12231283369019291,14.391201930617258,11.913332314866299,0
60907,SYNID0200937519,0.12232149037057627,14.391540697480583,11.910498148717785,0
59763,SYNID0200799308,0.12232535239332565,14.39169183474778,11.909233715348256,0
58062,SYNID0200602761,0.12232609983469744,14.39172108546509,11.908989000171566,0
59041,SYNID0200718540,0.12233039627903702,14.391889225633356,11.907582318395093,0
55989,SYNID0200354154,0.12234088528517156,14.392299718040512,11.904148087333722,0
59439,SYNID0200762369,0.1223497489905524,14.392646612392317,11.901245925595227,0
55653,SYNID0200311720,0.12235720399802025,14.39293838155057,11.89880494815313,0
56286,SYNID0200389923,0.12236491762108376,14.393240278298219,11.896279242025509,0
58301,SYNID0200630639,0.12237940467196984,14.393807290981012,11.891535542669573,0
54188,SYNID0200131631,0.12238283568951247,14.393941581709477,11.890412049560062,0
54081,SYNID0200117577,0.1223970799878345,14.394499119508085,11.885747618275833,0
60633,SYNID0200904892,0.1224212671093492,14.395445878727084,11.87782691167848,0
60383,SYNID0200875019,0.12243415075735081,14.395950209567234,11.873607616494796,0
53433,SYNID0200041261,0.12243505593717408,14.395985643509281,11.873311171682953,0
60455,SYNID0200884549,0.12243692002741641,14.396058614985394,11.872700683144066,0
59637,SYNID0200785929,0.12243703477228268,14.39606310678736,11.872663104164404,0
59483,SYNID0200768662,0.12243829609050205,14.396112482434066,11.872250021299424,0
54520,SYNID0200173101,0.12245277952588723,14.39667946377861,11.867506584123221,0
58850,SYNID0200699163,0.12245379365681736,14.396719164657867,11.867174441578499,0
58112,SYNID0200608424,0.12245819774496602,14.396891575755147,11.865732028673193,0
57519,SYNID0200536271,0.1224640135550632,14.397119255978193,11.863827227316559,0
60053,SYNID0200834867,0.12246980641745614,14.397346041319745,11.861929912650925,0
57905,SYNID0200582914,0.12247294826663019,14.39746904333863,11.860900862304312,0
59129,SYNID0200729668,0.12247394356581243,14.397508009079129,11.860574870022822,0
60498,SYNID0200889413,0.1224797387632422,14.39773489180352,11.858676740640128,0
57297,SYNID0200509849,0.12248335192132082,14.397876349169444,11.857493290541065,0
57666,SYNID0200555443,0.12250301427992888,14.398646166360109,11.851052903187554,0
59968,SYNID0200824555,0.1225036619478328,14.398671524421598,11.850840754458602,0
56770,SYNID0200448317,0.12250412109364944,14.39868950132743,11.85069035740538,0
55954,SYNID0200350267,0.12250863817689361,14.398866359555027,11.849210739249028,0
59342,SYNID0200752904,0.12251597335753867,14.399153559799924,11.846807985910225,0
58931,SYNID0200707720,0.12253020592081881,14.399710834751065,11.842145753640942,0
60762,SYNID0200918858,0.12253403890056352,14.399860918377785,11.840890135160054,0
55246,SYNID0200262025,0.12255075654556524,14.400515530001593,11.835413572055774,0
60896,SYNID0200936125,0.12255142735240065,14.400541797341665,11.835193816187939,0
60029,SYNID0200832269,0.122551941112302,14.400561915096146,11.83502550852592,0
57701,SYNID0200559106,0.12255198433284203,14.400563607522612,11.835011349473435,0
53753,SYNID0200077945,0.1225526707346633,14.400590485616474,11.834786483962645,0
61039,SYNID0200955350,0.12255424338523191,14.400652067586075,11.83427128146648,0
56528,SYNID0200419928,0.12257332633350698,14.401399339561397,11.828019510217603,0
55719,SYNID0200319017,0.12257458423467721,14.401448599225489,11.827607397677763,0
61182,SYNID0200971420,0.122575833099629,14.40149750519185,11.827198244217573,0
56353,SYNID0200397761,0.12257943096103346,14.401638399544238,11.826019504360508,0
59620,SYNID0200784332,0.12259842196716936,14.402382120684228,11.819797439846202,0
60872,SYNID0200933903,0.12259888779904987,14.402400363948708,11.819644814403107,0
58613,SYNID0200668108,0.12261770922205556,14.403137481750955,11.813477994242138,0
61060,SYNID0200957725,0.1226405989990551,14.404033981158996,11.80597776753899,0
57895,SYNID0200581110,0.12264847093567227,14.404342305445587,11.803398287812861,0
60280,SYNID0200862044,0.1226545552930216,14.404580619080662,11.801404525994974,0
55228,SYNID0200258475,0.12265807916927257,14.40471864490695,11.800249784587713,0
60759,SYNID0200918652,0.12267017862668622,14.405192575335196,11.796284823070181,0
55107,SYNID0200244523,0.12267548651738608,14.405400487876403,11.794545400623836,0
53413,SYNID0200039691,0.12268254108842552,14.40567682322367,11.792233544383857,0
60268,SYNID0200861204,0.12268398417940318,14.405733351329307,11.791760623148717,0
54594,SYNID0200182495,0.1226849902107296,14.405772759260296,11.791430931445978,0
60099,SYNID0200840663,0.12269416610564621,14.406132199272932,11.788423811132498,0
58460,SYNID0200649347,0.12269442483597565,14.406142334436472,11.788339019080707,0
55728,SYNID0200320482,0.12272898182710812,14.407496087270385,11.777013352757548,0
61111,SYNID0200961973,0.12272920745021687,14.407504926350198,11.776939403905084,0
59029,SYNID0200718092,0.1227370994743745,14.407814110025031,11.77435273442894,0
53393,SYNID0200036380,0.12274036475059003,14.407942034751088,11.77328250009555,0
54266,SYNID0200141658,0.12275353002032124,14.408457825786238,11.768967327480373,0
56745,SYNID0200446324,0.12276215140832952,14.408795605652776,11.766141418670983,0
54815,SYNID0200209380,0.12276896310757551,14.409062488656447,11.763908641925337,0
60582,SYNID0200899837,0.12277023349500593,14.409112263086143,11.763492222791783,0
53373,SYNID0200034232,0.12278415060662468,14.409657553618917,11.75893025367255,0
54542,SYNID0200174970,0.12278720087879796,14.409777069937515,11.757930365132552,0
53365,SYNID0200033144,0.12281630656424447,14.410917542804706,11.748389025812056,0
53562,SYNID0200056648,0.12282263305395902,14.411165450684072,11.7463149973408,0
57094,SYNID0200486419,0.12282927041447717,14.411425544720862,11.744139017945198,0
53587,SYNID0200058562,0.1228317569616959,14.411522984648142,11.743323823269114,0
55200,SYNID0200255601,0.12283229868493467,14.411544213155084,11.743146222912436,0
60100,SYNID0200840878,0.12283260295103965,14.411556136443405,11.74304647118406,0
57699,SYNID0200558590,0.12283618877569902,14.411696655025887,11.741870875065219,0
53474,SYNID0200045763,0.12283865558971574,14.411793323441987,11.741062134948644,0
54675,SYNID0200192315,0.1228425907158211,14.411947532731244,11.739772000656545,0
55345,SYNID0200275061,0.12284395027661177,14.412000811424035,11.73932626441756,0
58376,SYNID0200639911,0.12284406204294729,14.412005191350193,11.739289621404946,0
53190,SYNID0200011742,0.12284544948890763,14.412059563025736,11.73883474113493,0
61286,SYNID0200984856,0.12285290578034536,14.412351765982548,11.736390134479546,0
54935,SYNID0200223485,0.12285436162074054,14.412408819264042,11.735912819557159,0
56329,SYNID0200395301,0.12286044011523778,14.41264703323505,11.733919891541388,0
53455,SYNID0200043496,0.12286162409361062,14.412693433360195,11.733531702263711,0
54705,SYNID0200195334,0.12287834149298638,14.413348603970599,11.728050462607321,0
58860,SYNID0200700121,0.12289627584007795,14.414051500199012,11.722169944433414,0
55207,SYNID0200256018,0.12290075209384899,14.414226942068613,11.720702175706045,0
54443,SYNID0200163985,0.12290287195321314,14.414310028363952,11.720007065318471,0
59382,SYNID0200757380,0.12291724830866191,14.414873511141131,11.715292897596497,0
57654,SYNID0200553721,0.12291807406059418,14.414905877228135,11.71502211884543,0
59366,SYNID0200756011,0.12292038847193582,14.414996593032505,11.714263179026595,0
55494,SYNID0200290654,0.12293229327779348,14.415463223307828,11.710359291505767,0
55768,SYNID0200325167,0.12293229327779348,14.415463223307828,11.710359291505767,0
58391,SYNID0200642123,0.12294128723078562,14.415815767239781,11.707409864669838,0
59738,SYNID0200796679,0.12294704488386798,14.416041459475972,11.705521695061016,0
55355,SYNID0200276971,0.12295034092183943,14.416170661270657,11.70444077661099,0
58824,SYNID0200695564,0.1229568764187029,14.416426850349833,11.702297466581513,0
58773,SYNID0200688289,0.12297809184678565,14.417258517952648,11.695339630907709,0
56585,SYNID0200427693,0.12298301347658747,14.417451457822747,11.69372547170936,0
59827,SYNID0200808017,0.12298384653139632,14.417484115848591,11.693452250561286,0
60832,SYNID0200928763,0.12298523314598386,14.417538475091058,11.692997474307932,0
56543,SYNID0200421734,0.12299363523162832,14.417867865062988,11.690241756411135,0
61394,SYNID0200997901,0.12299413442508556,14.417887435353858,11.690078028898476,0
60181,SYNID0200850882,0.12299479348533005,14.41791327307331,11.689861867290741,0
55190,SYNID0200254627,0.12299810192109517,14.418042977278091,11.688776745614716,0
54158,SYNID0200128183,0.1229982024451644,14.4180469182503,11.688743774945976,0
53407,SYNID0200038841,0.12300424405058541,14.418283776877374,11.686762185907861,0
59976,SYNID0200825314,0.12301114719844775,14.418554416563826,11.684497980282016,0
54679,SYNID0200192505,0.1230128806864168,14.418622379183747,11.683929396463455,0
54911,SYNID0200220852,0.12301569559008146,14.418732740135408,11.683006102873739,0
53436,SYNID0200041586,0.12301819683996473,14.41883080468634,11.682185682517698,0
59164,SYNID0200733334,0.12302007715102592,14.418904525002185,11.681568929091512,0
55364,SYNID0200277753,0.12302580958300924,14.419129275561865,11.679688637666752,0
54162,SYNID0200128616,0.12304269050520883,14.419791143076504,11.67415137086798,0
59456,SYNID0200765119,0.1230497312337141,14.42006720485115,11.671841803370953,0
55679,SYNID0200314345,0.12307091783926172,14.420897947141382,11.664891708978509,0
60044,SYNID0200834210,0.12307788433712008,14.421171118816034,11.66260632042122,0
56414,SYNID0200405064,0.12310761578076829,14.422337010748128,11.652852322009533,0
60835,SYNID0200928915,0.12311977913407274,14.422814012263336,11.648861667392563,0
60081,SYNID0200839161,0.12312258058241687,14.422923876837821,11.647942526556687,0
56433,SYNID0200408239,0.12312440404231362,14.42299538801713,11.647344255044366,0
55539,SYNID0200295734,0.12312533738393033,14.423031991292003,11.647038027447177,0
61200,SYNID0200973701,0.12312576709858758,14.423048843634039,11.646897038636016,0
58960,SYNID0200711139,0.12313037055518611,14.423229380978698,11.64538664052397,0
54200,SYNID0200133252,0.12313454417896391,14.423393063140702,11.644017254988093,0
55951,SYNID0200350119,0.12313482335137255,14.423404011854771,11.643925656670383,0
59710,SYNID0200792092,0.12313507623128944,14.423413929424605,11.6438426850349,0
58198,SYNID0200618402,0.12313604163943215,14.423451791340511,11.643525927488641,0
60990,SYNID0200948331,0.12313930360898612,14.423579721802437,11.642455645168226,0
53949,SYNID0200103566,0.12315844404278736,14.424330408551356,11.636175305494323,0
53533,SYNID0200053350,0.12315925600594807,14.424362254544388,11.635908877914803,0
56782,SYNID0200449251,0.12317912233663059,14.425141452933763,11.62939000627401,0
56323,SYNID0200394608,0.12318189903248045,14.425250363933646,11.628478843163082,0
55244,SYNID0200261573,0.1231839894456595,14.425332357235087,11.627792876899811,0
57124,SYNID0200490233,0.12321080958210429,14.426384376959273,11.618991547688873,0
54399,SYNID0200158187,0.12321460961363373,14.426533439234474,11.617744473963132,0
57668,SYNID0200555719,0.12321893771212955,14.426703217606802,11.616324086765628,0
58308,SYNID0200631322,0.12321966610549873,14.42673179049408,11.616085042400147,0
53960,SYNID0200104798,0.12322429272753666,14.426913281560564,11.614566665331495,0
57877,SYNID0200579156,0.12322674888967533,14.427009631699448,11.613760587962096,0
56688,SYNID0200440328,0.1232345263918379,14.427314731097697,11.611208088057069,0
54310,SYNID0200147729,0.12325361990584216,14.4280637668746,11.604941560622528,0
53734,SYNID0200075725,0.12325802624013898,14.428236632119216,11.603495348263571,0
58825,SYNID0200695927,0.12326349527250086,14.428451190966594,11.601700321984598,0
58297,SYNID0200630093,0.12326705545040861,14.428590864088203,11.60053179909768,0
57790,SYNID0200569637,0.12327539809271343,14.428918168321712,11.5977935307506,0
58133,SYNID0200610972,0.1232814918781866,14.429157248450862,11.59579335634694,0
57375,SYNID0200520769,0.1232835728526872,14.429238893112071,11.595110306851685,0
60203,SYNID0200852739,0.12328497165991115,14.42929377397165,11.594651166684034,0
57275,SYNID0200507338,0.1232916588581105,14.429556142593905,11.592456157820596,0
58553,SYNID0200660761,0.12330121107998032,14.429930926956072,11.589320664750746,0
60985,SYNID0200947350,0.12331143303115133,14.430331998879968,11.58596524663611,0
59326,SYNID0200751362,0.12331723911832615,14.430559813321345,11.584059322392037,0
57389,SYNID0200522343,0.12333798664889384,14.431373916442094,11.577248433382403,0
53591,SYNID0200058784,0.12334409460489937,14.431613592354173,11.57524327458389,0
55591,SYNID0200302922,0.12335344566064649,14.43198053488073,11.57217338729618,0
55767,SYNID0200325153,0.12335365604103782,14.431988790471786,11.572104319983978,0
54848,SYNID0200213351,0.1233545049895346,14.432022104324982,11.571825612101883,0
60819,SYNID0200926843,0.12336805771788406,14.432553941340297,11.567376196800295,0
53828,SYNID0200088380,0.12337323354940932,14.432757056695397,11.56567690821575,0
53104,SYNID0200000439,0.12339213898838336,14.43349898728157,11.559469823699686,0
61348,SYNID0200992315,0.12339612238657244,14.433655317677635,11.558161943961476,0
58610,SYNID0200667846,0.12340723641386775,14.43409150181817,11.55451277263021,0
59705,SYNID0200791852,0.1234072383235369,14.434091576766672,11.554512145601626,0
58251,SYNID0200624776,0.12341709856634347,14.434478565318305,11.551274550749092,0
59673,SYNID0200788931,0.1234208525364403,14.43462590141732,11.550041918430253,0
61046,SYNID0200956125,0.12342795534442108,14.434904676974508,11.547709647087457,0
55433,SYNID0200284538,0.12344042496620017,14.43539410539625,11.543615027408816,0
56203,SYNID0200380018,0.12344162294093547,14.435441126351249,11.54322164419057,0
53135,SYNID0200005735,0.1234419233115191,14.435452916032098,11.543123010239098,0
58330,SYNID0200634431,0.12345209088767223,14.435852003527991,11.539784194098502,0
59632,SYNID0200785080,0.12345285631585157,14.435882047782927,11.539532840086286,0
54667,SYNID0200191601,0.12346235202424061,14.43625477428895,11.536414563299523,0
54343,SYNID0200151967,0.12346239515953422,14.436256467461304,11.53640039800684,0
55993,SYNID0200354812,0.1234673497687418,14.436450950037035,11.53477333233931,0
58538,SYNID0200659402,0.12348302108541709,14.437066110866793,11.529626819535487,0
59374,SYNID0200756953,0.1234925173214807,14.437438887948545,11.526508119625822,0
53292,SYNID0200023435,0.12349543336963853,14.437553360022886,11.52555043186715,0
57769,SYNID0200567996,0.12349667206616866,14.437601986429573,11.525143617238331,0
55000,SYNID0200231084,0.12349853914905162,14.437675281142077,11.524530424463197,0
54328,SYNID0200150266,0.12350535348617991,14.437942789694363,11.52229241429923,0
56335,SYNID0200396136,0.12353862761855611,14.43924909267391,11.51136371942031,0
54431,SYNID0200162350,0.1235389709732645,14.43926257297445,11.511250941532047,0
60644,SYNID0200906496,0.12354464305581164,14.439485263930631,11.509387881008937,0
54585,SYNID0200180865,0.1235488862746173,14.439651858631843,11.507994128804045,0
56927,SYNID0200466582,0.12354932234075566,14.439668979304345,11.507850895106486,0
59634,SYNID0200785472,0.12355361538027582,14.439837532142697,11.506440760880244,0
57495,SYNID0200533256,0.1235537139705114,14.439841403004097,11.506408376767329,0
58086,SYNID0200605534,0.12355710008907217,14.4399743498038,11.505296127134724,0
60443,SYNID0200882716,0.12356675080446006,14.440353265639057,11.502126069641827,0
56855,SYNID0200457652,0.12357942730402682,14.440850997535584,11.49796198204973,0
54295,SYNID0200146257,0.12358404373633947,14.441032261959403,11.496445501102093,0
60193,SYNID0200851994,0.12358964316169163,14.441252126632964,11.494606085614556,0
53962,SYNID0200104924,0.1236075827812338,14.441956558191416,11.488712722676574,0
59724,SYNID0200794546,0.12360951826192795,14.442032560342707,11.48807687912835,0
58800,SYNID0200692246,0.12361211776557901,14.442134637857912,11.487222885808922,0
59249,SYNID0200743100,0.12361246470015108,14.442148261365483,11.48710890983261,0
55680,SYNID0200314637,0.12362639036674639,14.442695108052632,11.482533921730354,0
59235,SYNID0200741505,0.12362883539771052,14.442791124006467,11.481730640195043,0
59670,SYNID0200788816,0.12364518177113254,14.443433059360709,11.476360128354868,0
55739,SYNID0200321479,0.12365105263632659,14.443663619807964,11.47443123068057,0
56486,SYNID0200414518,0.12366330936682302,14.444144977364468,11.470404132874712,0
59278,SYNID0200746485,0.12366538102663005,14.444226339036442,11.469723450902947,0
54353,SYNID0200153079,0.12367089846763557,14.444443031347625,11.467910575797724,0
53921,SYNID0200099702,0.12367405663507547,14.444567066836044,11.466872879315115,0
57089,SYNID0200485957,0.12367874706211929,14.444751282995297,11.465331703777903,0
60435,SYNID0200881879,0.12368432123799433,14.444970211307268,11.463500122009107,0
55564,SYNID0200299302,0.12370820783845554,14.445908405211304,11.455651073913042,0
57930,SYNID0200586748,0.123712709953468,14.44608524143366,11.454171639855304,0
57846,SYNID0200576347,0.12373167580306915,14.446830214357782,11.447939102757676,0
54261,SYNID0200140857,0.12373559801433753,14.44698428233409,11.446650150707438,0
60199,SYNID0200852511,0.1237398862141445,14.447152728506246,11.445240908863996,0
54335,SYNID0200151529,0.1237417510731284,14.447225983237859,11.444628050574012,0
55266,SYNID0200263627,0.12374387604693543,14.447309456150606,11.443929705696643,0
53319,SYNID0200026722,0.12374726352965426,14.447442523730004,11.44281644560593,0
55644,SYNID0200310826,0.12375779184882757,14.447856106313889,11.439356361737719,0
60659,SYNID0200908111,0.1237623559368422,14.448035400381912,11.437856365034271,0
56247,SYNID0200385347,0.12376532124825401,14.448151889823874,11.436881799724564,0
59065,SYNID0200720741,0.12376878406439035,14.448287924428444,11.43574371712841,0
60568,SYNID0200898100,0.12379469013649952,14.449305668279262,11.427229144181227,0
54096,SYNID0200119448,0.12379495196260848,14.449315954716306,11.42714308655629,0
56618,SYNID0200431448,0.12380007632283252,14.449517278359664,11.42545878765734,0
53472,SYNID0200045737,0.12380096497053505,14.44955219144444,11.425166700402878,0
57844,SYNID0200576187,0.1238016602248323,14.44957950656971,11.424938178632383,0
57994,SYNID0200595046,0.1238016602248323,14.44957950656971,11.424938178632383,0
54980,SYNID0200228269,0.1238033574697246,14.449646188076686,11.424380312765726,0
60772,SYNID0200919849,0.12380746618934446,14.449807613061035,11.423029811061758,0
61137,SYNID0200965810,0.1238293145633868,14.450666030145888,11.415848185859867,0
54376,SYNID0200155327,0.12383312331836993,14.450815680268263,11.414596194130821,0
60953,SYNID0200941852,0.12383697512316816,14.450967023405685,11.41333003842514,0
54870,SYNID0200216290,0.12383763994931812,14.450993145570411,11.413111497112494,0
53329,SYNID0200028424,0.1238407952406625,14.45111712303247,11.412074286085705,0
54238,SYNID0200137843,0.12384803634500618,14.4514016438729,11.409693948981324,0
61300,SYNID0200986403,0.12385317637827548,14.451603611775132,11.408004260131666,0
56146,SYNID0200372531,0.12385607817639649,14.451717633672164,11.407050338612946,0
56570,SYNID0200425446,0.12385911082119072,14.451836797937151,11.406053395397697,0
54064,SYNID0200115398,0.1238593088923417,14.45184458094706,11.405988281758772,0
55913,SYNID0200345009,0.12386002410619973,14.45187268460211,11.40575316304906,0
54051,SYNID0200113720,0.12386556643849217,14.452090467141984,11.403931166953596,0
55428,SYNID0200284206,0.12387388662677029,14.452417409849662,11.401195923177044,0
57373,SYNID0200520703,0.12387475289631183,14.452451450421664,11.400911135474068,0
59560,SYNID0200777238,0.12387644901504757,14.452518100633695,11.400353531424855,0
59677,SYNID0200789135,0.1238995804753516,14.45342709809185,11.39274874446392,0
53900,SYNID0200097787,0.12392363760287756,14.454372530822342,11.384839135436097,0
57140,SYNID0200492145,0.1239277178920275,14.454532890084632,11.383497549696797,0
54796,SYNID0200205858,0.1239343404737942,14.45479316757959,11.381320035467102,0
57880,SYNID0200579424,0.12394386676452523,14.455167573273958,11.378187710379638,0
57252,SYNID0200504555,0.12395589859316064,14.455640466072088,11.374231429806025,0
53425,SYNID0200040430,0.12396498800865574,14.455997721811853,11.371242583393848,0
57563,SYNID0200541847,0.12396877517418109,14.456146577344681,11.3699972393008,0
57469,SYNID0200529916,0.12397531912262388,14.456403792485437,11.367845345111183,0
59981,SYNID0200826226,0.12397991211695181,14.456584326483817,11.366334974994574,0
56523,SYNID0200419598,0.12398096362782346,14.456625657884045,11.365989191306491,0
56755,SYNID0200446904,0.12399809511682569,14.457299056103636,11.360355457181148,0
56525,SYNID0200419748,0.12399859691827331,14.457318781191445,11.360190434617845,0
53307,SYNID0200025569,0.12400230958567082,14.457464721585179,11.35896947894478,0
57510,SYNID0200534550,0.12401168485819059,14.457833258442879,11.355886253282366,0
59461,SYNID0200765380,0.12401671711323808,14.458031077438683,11.354231274705217,0
54285,SYNID0200144350,0.12402055356474861,14.45818189092665,11.352969550113446,0
56003,SYNID0200355310,0.1240329586694977,14.458669554466805,11.34888969565595,0
57330,SYNID0200514647,0.12403464825306287,14.458735975812209,11.348334006333683,0
54808,SYNID0200207715,0.12403573749205393,14.45877879641494,11.347975763790341,0
59898,SYNID0200816533,0.12404042585427844,14.458963108618688,11.346433784732824,0
54124,SYNID0200123837,0.12404773804225905,14.459250575099773,11.344028804028595,0
60826,SYNID0200927404,0.12405761493235623,14.459638877446023,11.340780217805179,0
60931,SYNID0200939454,0.12406973265485804,14.460115290332904,11.336794487726776,0
60858,SYNID0200931836,0.12407684311740147,14.460394848031994,11.334455672886534,0
58997,SYNID0200714343,0.1241018670125234,14.461378739235865,11.326224315437683,0
60554,SYNID0200896467,0.124110567100917,14.461720825245418,11.323362380894707,0
60679,SYNID0200910295,0.12411058347603049,14.461721469119585,11.323356994162525,0
60103,SYNID0200841726,0.12411058412336473,14.461721494572956,11.32335678121642,0
60903,SYNID0200937154,0.12411459999809427,14.46187940076861,11.322035718140855,0
56334,SYNID0200396123,0.12412850008861714,14.462425972280712,11.31746303218758,0
59743,SYNID0200797648,0.12413002106420218,14.462485780450844,11.31696266952067,0
55606,SYNID0200305484,0.12413940073084395,14.462854615321355,11.313876950645618,0
56073,SYNID0200362873,0.12415090095275771,14.463306848949882,11.310093507280982,0
57881,SYNID0200579553,0.12415716921259629,14.463553347227867,11.308031271712004,0
57696,SYNID0200558504,0.12415786042740645,14.463580529387238,11.307803862350951,0
60012,SYNID0200830189,0.12416083186979354,14.463697382517271,11.306826254381175,0
60628,SYNID0200904585,0.12416509024665656,14.463864846457868,11.305425230010346,0
59842,SYNID0200809682,0.12417603007105671,14.46429507215308,11.301825907781382,0
56613,SYNID0200431073,0.12417720639617819,14.46434133372296,11.301438877674485,0
53829,SYNID0200088387,0.12417769007124474,14.464360355349633,11.30127974035544,0
55198,SYNID0200255423,0.12418227141528482,14.464540528381603,11.29977239012916,0
54156,SYNID0200127890,0.12419270650022424,14.464950922894271,11.296338978065378,0
54069,SYNID0200116359,0.12421562554199916,14.465852330640315,11.28879768758968,0
56510,SYNID0200417335,0.12423360685134605,14.466559575462037,11.282880788537685,0
60561,SYNID0200897324,0.12424459630794388,14.46699183185322,11.279264477251061,0
61089,SYNID0200960315,0.12424472940481768,14.466997067128077,11.27922067828374,0
56703,SYNID0200441931,0.12425031236542017,14.467216670750286,11.277383446784617,0
53658,SYNID0200065974,0.12425441657976366,14.467378110534401,11.276032821263938,0
60570,SYNID0200898303,0.12426704173074754,14.467874733481734,11.271878011280133,0
54844,SYNID0200212879,0.12426971126887104,14.467979744572363,11.27099947530008,0
53214,SYNID0200014852,0.12427012178915592,14.467995893193411,11.270864373907141,0
55335,SYNID0200273767,0.12427041486475515,14.468007421908059,11.270767923231684,0
59646,SYNID0200786644,0.1242861073610319,14.468624730755433,11.265603439842575,0
53148,SYNID0200006806,0.12432899351774795,14.47031191088702,11.251488278848075,0
57811,SYNID0200571293,0.1243493218851287,14.47111171450373,11.244797021286123,0
58623,SYNID0200669112,0.12435057170171931,14.471160888966207,11.24438562155371,0
56328,SYNID0200395145,0.12435430094314498,14.471307618221743,11.243158066163673,0
59991,SYNID0200828021,0.12436026919016618,14.471542445535386,11.241193471348964,0
53454,SYNID0200043476,0.12436338749538328,14.471665140204564,11.240166992328627,0
56769,SYNID0200448205,0.12437449161317077,14.472102057618377,11.236511686340943,0
60036,SYNID0200833256,0.12437834530782249,14.472253693241976,11.235243083659153,0
60367,SYNID0200873255,0.12438206597569057,14.47240009598837,11.234018259885648,0
56680,SYNID0200439214,0.12439705848966992,14.472990043808732,11.22908268228674,0
58206,SYNID0200619829,0.12441401485992576,14.47365729675525,11.223500360288119,0
54580,SYNID0200179983,0.1244157504565282,14.473725596205355,11.222928958505952,0
57420,SYNID0200524462,0.12443353488732117,14.47442546990148,11.217073727216976,0
55636,SYNID0200309928,0.12444354869726115,14.474819559632495,11.213776723005363,0
60563,SYNID0200897935,0.1244628992084682,14.47558112150943,11.20740540064389,0
53461,SYNID0200044503,0.12446729162528891,14.475753995647352,11.205959113882425,0
55327,SYNID0200272895,0.12447678336902895,14.476127572977791,11.202833718991666,0
54941,SYNID0200223903,0.12450094451089522,14.477078553069655,11.194877700041506,0
58183,SYNID0200617351,0.12450591083365942,14.47727403461109,11.19324227690135,0
55277,SYNID0200264963,0.12451857923118365,14.47777269250066,11.189070442335092,0
61127,SYNID0200964815,0.12452004383155951,14.477830343697333,11.188588125179189,0
57684,SYNID0200557254,0.12452771064548818,14.478132136855113,11.186063285697422,0
56479,SYNID0200413912,0.12453586421980728,14.478453097400738,11.183378089440332,0
58902,SYNID0200704401,0.12454159938368092,14.47867886285034,11.181489307318914,0
53523,SYNID0200051569,0.12454955797816242,14.47899215963965,11.178868227010186,0
55471,SYNID0200287943,0.12456064514826065,14.479428626519223,11.175216690248602,0
60101,SYNID0200841057,0.12456070916800716,14.479431146811931,11.17519560516308,0
57975,SYNID0200592003,0.12456686766598918,14.479673593041912,11.17316726953691,0
58397,SYNID0200642493,0.12456886861134348,14.479752366621224,11.17250823987359,0
55754,SYNID0200324102,0.12457696226512432,14.480071003333725,11.169842485096403,0
60298,SYNID0200864367,0.12458261760013134,14.480293650657257,11.167979789609529,0
54040,SYNID0200112848,0.12459218358209184,14.480670265562598,11.164828981985464,0
55878,SYNID0200340039,0.1245951979479073,14.480788943825093,11.16383610472813,0
57774,SYNID0200568435,0.12459666893482357,14.480846858233951,11.163351585505998,0
60388,SYNID0200875750,0.12459955065127959,14.480960315308753,11.162402389361025,0
56392,SYNID0200402179,0.1246003125285467,14.480990311592876,11.16215143667868,0
56857,SYNID0200457944,0.12460406877361646,14.481138201649783,11.160914169878488,0
53122,SYNID0200003557,0.12460414581378232,14.48114123487378,11.160888793545364,0
55948,SYNID0200349766,0.12461628722468754,14.481619274060916,11.156889457634644,0
60226,SYNID0200855488,0.12463173941879985,14.48222768982646,11.151799374885652,0
55039,SYNID0200237414,0.1246556176537702,14.483167922367834,11.143933271293472,0
57526,SYNID0200537495,0.12466155247409472,14.483401621919468,11.141978111477446,0
59169,SYNID0200734236,0.12466217417314218,14.483426103209496,11.141773297928726,0
56401,SYNID0200403598,0.12466287983108215,14.483453890685295,11.141540824414353,0
58782,SYNID0200689024,0.12466579177654102,14.483568558145732,11.140581502031054,0
54669,SYNID0200191647,0.12466673981744819,14.483605890576488,11.140269174224116,0
59911,SYNID0200817651,0.1246742088656354,14.483900013803392,11.137808502347857,0
55285,SYNID0200266262,0.12468481501020728,14.48431768262883,11.134314232469332,0
58818,SYNID0200694613,0.12469561154874337,14.484742861270899,11.130757134521197,0
55058,SYNID0200240136,0.12471517501102619,14.485513321427923,11.124311368030316,0
58219,SYNID0200621069,0.12471601303381924,14.485546325847759,11.124035248906573,0
59368,SYNID0200756069,0.12471602585722236,14.485546830881109,11.124031023734116,0
55290,SYNID0200266796,0.1247176580958485,14.48561111465534,11.123493217600888,0
58609,SYNID0200667453,0.1247191240042278,14.485668847949212,11.123010213609508,0
60426,SYNID0200881005,0.12473421656244416,14.48626326594604,11.118037237952583,0
55004,SYNID0200231433,0.12473768356254883,14.4863998165685,11.116894838285917,0
56854,SYNID0200457640,0.12473847956256678,14.486431167855503,11.116632549479199,0
54082,SYNID0200117705,0.12474104364922506,14.486532157522339,11.11578765723592,0
59443,SYNID0200763261,0.12475305919151591,14.487005413440544,11.111828338754147,0
53799,SYNID0200083738,0.12475620204241633,14.487129203344855,11.110792696859061,0
54075,SYNID0200117149,0.12477027710200161,14.487683601344932,11.106154533523915,0
60555,SYNID0200896648,0.1247711636449394,14.487718521796062,11.105862384641618,0
56029,SYNID0200357719,0.12477571402215387,14.487897760014084,11.104362855186277,0
58461,SYNID0200649440,0.1247910723572847,14.488502737035109,11.09930154140606,0
57645,SYNID0200552449,0.12479661833120187,14.48872120343891,11.097473824019033,0
53842,SYNID0200090327,0.12479772664049443,14.488764862225656,11.09710856912287,0
56048,SYNID0200360036,0.12479789524112722,14.488771503793716,11.09705300492989,0
57679,SYNID0200556864,0.12480283388698438,14.488966049776607,11.095425408790094,0
58966,SYNID0200711824,0.12480659846385311,14.489114347877475,11.094184728242862,0
57285,SYNID0200508387,0.12481565369952335,14.489471067169434,11.091200369820431,0
61131,SYNID0200965117,0.12481838293428138,14.489578583529669,11.09030087444004,0
54193,SYNID0200131947,0.12482473558089846,14.48982884478218,11.088207157353313,0
54515,SYNID0200172553,0.12485031783211553,14.490836695385012,11.07977535256197,0
56790,SYNID0200450024,0.12485088550198037,14.490859060357922,11.079588244388194,0
60994,SYNID0200948897,0.1248609356019485,14.491255018305143,11.076275610445075,0
55662,SYNID0200312975,0.1248638523336092,14.491369934877564,11.075314203959596,0
59722,SYNID0200794276,0.12487646387882584,14.491866828563344,11.07115712894393,0
60975,SYNID0200945327,0.12488021592350101,14.492014661992117,11.06992033590184,0
53700,SYNID0200071646,0.12489579964370329,14.492628688307564,11.064783314587324,0
54097,SYNID0200119647,0.12489929757240298,14.492766516430331,11.063630227192556,0
57255,SYNID0200505119,0.12490809486573523,14.493113159944816,11.06073016399064,0
60185,SYNID0200851304,0.12492709333270863,14.493861792408547,11.054467010724744,0
58443,SYNID0200647869,0.12492713272923994,14.493863344863852,11.054454022688576,0
55272,SYNID0200264286,0.12493088374673339,14.494011157786227,11.053217401205595,0
59001,SYNID0200714705,0.12493367814520362,14.49412127505681,11.052296146282414,0
60401,SYNID0200878361,0.12494654692568119,14.494628398356125,11.048053489034427,0
58094,SYNID0200606242,0.12495707311688653,14.495043219582833,11.044583042524735,0
60382,SYNID0200875008,0.12497929375031597,14.495918939267948,11.037256661594785,0
53421,SYNID0200040180,0.12498186768265585,14.496020381818546,11.036407980469054,0
58897,SYNID0200703884,0.12498797867675115,14.496261228089601,11.034393030300294,0
58261,SYNID0200625970,0.12499030571891212,14.49635294242015,11.033625736685938,0
55284,SYNID0200265964,0.12499215907509359,14.496425988053668,11.033014627736915,0
59848,SYNID0200810268,0.12499505637567176,14.496540179000265,11.032059291928265,0
55729,SYNID0200320525,0.12501377616053633,14.497278000813942,11.025886581919242,0
59195,SYNID0200737723,0.12501929481308316,14.497495520078035,11.024066788422026,0
55521,SYNID0200293659,0.12502363295890784,14.497666511580322,11.02263625202683,0
54230,SYNID0200136902,0.12502749868199164,14.497818883827621,11.021361486658598,0
53972,SYNID0200105940,0.1250353208850834,14.498127210423684,11.018781987611137,0
54030,SYNID0200111104,0.1250362627854935,14.498164337603562,11.01847137695884,0
61314,SYNID0200988252,0.12504103653156767,14.498352507263647,11.016897125936886,0
61215,SYNID0200975391,0.1250500713477457,14.498708644680141,11.013917635557702,0
53506,SYNID0200049234,0.12505643662122573,14.498959558319322,11.011818460522116,0
55552,SYNID0200297467,0.12507262300308453,14.499597630844073,11.006480265598883,0
57892,SYNID0200580817,0.125073274415143,14.499623310299413,11.00626542804861,0
56842,SYNID0200456518,0.12507413275146984,14.499657147029115,11.005982345715937,0
56233,SYNID0200383545,0.12507636031492197,14.499744960826877,11.00524768444905,0
57849,SYNID0200576643,0.12508188422969185,14.499962723848828,11.003425851642968,0
56024,SYNID0200357420,0.125087489220033,14.500183686300451,11.0015772520062,0
57723,SYNID0200561149,0.1250883745351073,14.500218587891823,11.001285260907013,0
56943,SYNID0200468446,0.12508932593189748,14.500256094700758,11.000971474230282,0
53203,SYNID0200013494,0.12509001012911397,14.50028306778971,11.000745813978641,0
58266,SYNID0200626610,0.12509624275322884,14.500528778633608,10.99869016618219,0
55413,SYNID0200282247,0.12510509175280649,14.500877642747366,10.995771525167697,0
58706,SYNID0200680572,0.12510589150450546,14.500909172668418,10.995507741886069,0
53243,SYNID0200017939,0.12514417603743605,14.50241860519568,10.982879639685372,0
53649,SYNID0200065007,0.12514538943518033,14.502466447976442,10.982479380969545,0
54856,SYNID0200214569,0.12515208281257206,14.502730362398522,10.980271439750522,0
59617,SYNID0200783901,0.12515726324036458,14.502934625684585,10.978562547431292,0
54899,SYNID0200219564,0.12517639381168832,14.503688964948141,10.972251650360931,0
58209,SYNID0200620151,0.12518987034009188,14.504220382255392,10.967805746389757,0
57580,SYNID0200544460,0.12519373907110704,14.50437294069835,10.966529423285266,0
59435,SYNID0200762146,0.1251958772791118,14.504457258862793,10.965824006925985,0
54477,SYNID0200168641,0.125196428895409,14.504479011395965,10.96564202250001,0
59218,SYNID0200739518,0.1252080591004664,14.504937646381817,10.961805024575577,0
55162,SYNID0200251191,0.1252292841748736,14.505774689954603,10.954802212861491,0
55701,SYNID0200316768,0.12523802039391507,14.506119230009716,10.951919747464977,0
54085,SYNID0200118170,0.12525471606323946,14.506777698162528,10.946410920154415,0
57776,SYNID0200568519,0.1252581700144933,14.50691392379095,10.945271239428733,0
58165,SYNID0200614804,0.12526065158656274,14.507011799055253,10.944452402668425,0
58246,SYNID0200624596,0.125276718236702,14.507645496769062,10.939150807963271,0
59887,SYNID0200815004,0.1252891428832391,14.508135565909987,10.935050827947435,0
58449,SYNID0200648308,0.1252967829452829,14.508436923286764,10.932529634264288,0
54622,SYNID0200185228,0.12529845641818493,14.508502933178896,10.931977387211822,0
61206,SYNID0200974399,0.12529877742006973,14.50851559508466,10.931871456117094,0
54561,SYNID0200177795,0.1253279806274279,14.509667559747793,10.922233974987671,0
58913,SYNID0200705168,0.1253310118087651,14.509787134421586,10.921233598240775,0
56672,SYNID0200437991,0.12534799049759915,14.510456931166901,10.915629994501774,0
59046,SYNID0200718957,0.12535046386678622,14.510554506289136,10.914813668767732,0
53757,SYNID0200078279,0.12535111705244834,14.51058027475795,10.914598086519511,0
54792,SYNID0200205500,0.12536004381296378,14.510932443986889,10.911651794496102,0
55308,SYNID0200269866,0.12536588888141753,14.511163042066551,10.909722581984326,0
59803,SYNID0200803931,0.12536600970959955,14.511167808985675,10.909682701339928,0
55998,SYNID0200354978,0.12536863614346938,14.511271427558256,10.908815815340844,0
56897,SYNID0200462989,0.125372627102728,14.51142888103869,10.907498539737691,0
57739,SYNID0200564188,0.12537769181297376,14.511628699138106,10.905826836408517,0
54747,SYNID0200200248,0.12538553468652758,14.511938129492407,10.903238103180957,0
56752,SYNID0200446830,0.12539026364606393,14.512124707558257,10.90167716763637,0
59272,SYNID0200746094,0.12539169368522424,14.512181129300064,10.901205136254365,0
53501,SYNID0200048358,0.12541671919914238,14.513168537886312,10.892944351942546,0
60986,SYNID0200947620,0.1254370428633641,14.513970478474269,10.886235216210594,0
56983,SYNID0200472614,0.1254643278186623,14.515047169345129,10.87722748508635,0
60893,SYNID0200935983,0.12547779818507981,14.515578752024993,10.87278019758713,0
60419,SYNID0200879868,0.12547977073976757,14.515656596791265,10.872128938490388,0
59753,SYNID0200798294,0.12548650784923626,14.51592247272029,10.8699045870578,0
54663,SYNID0200191405,0.1254883428187793,14.515994889506397,10.869298739125222,0
56377,SYNID0200401043,0.12549274167308072,14.516168491048425,10.867846366809585,0
59276,SYNID0200746342,0.12549534713659183,14.516271317075837,10.86698611134298,0
55717,SYNID0200318851,0.12550081794034085,14.516487227634391,10.86517977647845,0
59256,SYNID0200743903,0.125516389707009,14.517101799725012,10.860038189140264,0
59392,SYNID0200758107,0.12552005879723582,14.51724661170608,10.858826673909338,0
53732,SYNID0200075455,0.1255282015690623,14.517567996420992,10.856137928998688,0
53630,SYNID0200062836,0.1255301444545186,14.517644680639885,10.85549637918718,0
56001,SYNID0200355183,0.125530246075501,14.51764869155412,10.855462823374662,0
56687,SYNID0200440145,0.12553427356153585,14.517807654690909,10.854132917796754,0
58859,SYNID0200700032,0.12553704934501447,14.517917214662884,10.853216325303737,0
61156,SYNID0200968469,0.12554031822324596,14.51804623809024,10.852136899097175,0
59038,SYNID0200718500,0.12554036773153676,14.518048192203308,10.852120550741695,0
56996,SYNID0200473776,0.12554177495037522,14.518103735830929,10.851655865773324,0
58775,SYNID0200688476,0.12555186394283346,14.518501959495298,10.84832427655581,0
53438,SYNID0200041641,0.1255888129476782,14.519960469093993,10.836122201974574,0
59805,SYNID0200804142,0.12559000965865735,14.520007709970145,10.835726978868344,0
57643,SYNID0200552390,0.12559090523403066,14.52004306343831,10.835431207311085,0
60456,SYNID0200884617,0.12560506275073358,14.520601952609312,10.830755470275633,0
54278,SYNID0200143449,0.12562554551188893,14.521410577684108,10.823990411286822,0
59809,SYNID0200804387,0.12563070276015337,14.521614184172423,10.822287013820064,0
61402,SYNID0200999158,0.12563325516050344,14.521714953147765,10.821443967909584,0
53283,SYNID0200021719,0.12563910370378506,14.521945856707395,10.819512199713998,0
57027,SYNID0200479135,0.1256587432571893,14.522721262984309,10.813025053362612,0
54611,SYNID0200184466,0.12565996066431617,14.522769329832158,10.812622920073355,0
59987,SYNID0200826890,0.1256728268543283,14.523277334769773,10.808372886928586,0
54492,SYNID0200169759,0.1256817819906404,14.523630927096603,10.805414689089366,0
56676,SYNID0200438827,0.12570532283452313,14.524560474431293,10.797637979279017,0
55034,SYNID0200236209,0.12570638955993763,14.52460259715066,10.797285575315573,0
59025,SYNID0200717641,0.12572755946776049,14.525438576648146,10.790291665789153,0
54080,SYNID0200117511,0.12573285656940741,14.525647761543254,10.788541598670188,0
56476,SYNID0200413606,0.1257372503076497,14.52582127446292,10.78708996778036,0
56920,SYNID0200465801,0.12576525633596375,14.526927307144323,10.777836759381977,0
57488,SYNID0200532710,0.12576656206989795,14.526978876076026,10.777405327219125,0
59943,SYNID0200822085,0.12577945734188078,14.527488174333737,10.77314447399591,0
61377,SYNID0200995409,0.125787167528417,14.52779269623018,10.770596805543564,0
58284,SYNID0200628867,0.12579398629033983,14.528062015605585,10.768343645805857,0
59166,SYNID0200733901,0.12579939793882128,14.528275761975255,10.766555416817503,0
61235,SYNID0200978848,0.12581521990435818,14.528900707157753,10.761327046889157,0
57878,SYNID0200579256,0.12582853915859066,14.529426819281987,10.756925526745754,0
57633,SYNID0200551017,0.12582853915859066,14.529426819281987,10.756925526745754,0
56266,SYNID0200388489,0.1258525727088748,14.530376194759425,10.748982932201512,0
58785,SYNID0200689333,0.12586505564090505,14.530869320733158,10.744857378338303,0
59698,SYNID0200791194,0.12586794074456548,14.530983296261372,10.743903844746939,0
60324,SYNID0200867753,0.12587883054419774,14.531413503858957,10.740304673924994,0
55703,SYNID0200317046,0.12588476702632745,14.531648033164691,10.738342572281901,0
58130,SYNID0200610310,0.125903228759649,14.53237741440335,10.73224047718413,0
53789,SYNID0200082968,0.1259074371261268,14.532543682462046,10.730849457711555,0
54404,SYNID0200158835,0.12591790418658017,14.532957232937697,10.72738964246489,0
60828,SYNID0200927739,0.12593241758776846,14.533530672290356,10.722592176781266,0
61222,SYNID0200976109,0.12594364584754758,14.533974327604561,10.718880500672235,0
58329,SYNID0200634353,0.1259439002517284,14.53398437987458,10.718796402118059,0
57334,SYNID0200515022,0.12595209210240094,14.534308068048167,10.716088386182676,0
57719,SYNID0200560801,0.12595747401254676,14.534520729672995,10.714309232305997,0
55810,SYNID0200330963,0.12595977909231626,14.534611813885283,10.713547210340202,0
56173,SYNID0200376774,0.12596040329172836,14.534636478946833,10.71334085933583,0
53311,SYNID0200026070,0.1259651749631313,14.534825031539949,10.71176340464801,0
59532,SYNID0200774087,0.125967430386218,14.534914155419287,10.711017783074029,0
56923,SYNID0200465967,0.1259738986601902,14.535169754643757,10.708879407843119,0
57440,SYNID0200527193,0.12597449407126815,14.535193283029766,10.708682566409156,0
56862,SYNID0200458593,0.12598104958528217,14.535452334539526,10.70651530892568,0
58026,SYNID0200598482,0.1259825344509219,14.535511011985639,10.706024406038006,0
55456,SYNID0200286563,0.12599585826121296,14.536037539515842,10.701619410556084,0
54036,SYNID0200111728,0.12599832869959388,14.536135167841095,10.700802639718887,0
56296,SYNID0200391437,0.1260129726532253,14.536713889978364,10.695960977595377,0
60004,SYNID0200829502,0.12602507431178372,14.537192158915317,10.691959719568834,0
56808,SYNID0200451901,0.12603452880631782,14.537565820207229,10.68883362224583,0
59982,SYNID0200826392,0.1260384966014242,14.537722638538131,10.687521660383482,0
57571,SYNID0200542868,0.1260389897325177,14.537742128570798,10.687358604321052,0
55186,SYNID0200254287,0.12604447149418213,14.537958786106357,10.685546020153037,0
60928,SYNID0200939175,0.12606045544764588,14.53859054348163,10.680260658563888,0
60613,SYNID0200903363,0.12606244917714277,14.538669346488291,10.679601382707682,0
57602,SYNID0200547051,0.12607233002561385,14.539059897429313,10.676333984457841,0
54711,SYNID0200196005,0.1260780593888537,14.539286361271753,10.674439359494215,0
59444,SYNID0200763278,0.12608299744858792,14.539481550141174,10.672806384884892,0
56017,SYNID0200356620,0.12608569397261887,14.539588137926376,10.671914658079917,0
55301,SYNID0200268393,0.12610820695160913,14.540478057480554,10.664469479260996,0
55643,SYNID0200310803,0.12611933385904228,14.540917914772029,10.660789577887375,0
60092,SYNID0200840267,0.12612633679807717,14.541194754360976,10.658473503098165,0
55535,SYNID0200294820,0.12613219607882592,14.54142638693239,10.656535635898424,0
58331,SYNID0200634454,0.12613329496833908,14.541469829290454,10.656172191671798,0
57016,SYNID0200477227,0.12613495670695124,14.541535522983457,10.655622589980974,0
61234,SYNID0200978675,0.1261376829489848,14.541643300438293,10.654720910250326,0
56655,SYNID0200436086,0.126143272833373,14.541864289699475,10.652872086321441,0
59717,SYNID0200793609,0.12615302804739292,14.542249958102012,10.64964553600214,0
58946,SYNID0200709089,0.12615312825617342,14.542253919867449,10.649612391374664,0
56067,SYNID0200362364,0.12615996161191995,14.54252407986253,10.647352198907079,0
56817,SYNID0200453283,0.12617400205717239,14.543079191093577,10.642708068592,0
54637,SYNID0200187421,0.12617481283939969,14.543111247289259,10.642439882430699,0
60744,SYNID0200917683,0.12618982848642907,14.54370493902635,10.637472982753982,0
53633,SYNID0200062998,0.1261972640263469,14.543998935759767,10.635013369138147,0
58428,SYNID0200646302,0.1262030347126451,14.544227109222552,10.633104441275842,0
55573,SYNID0200300282,0.1262142399810373,14.544670176618098,10.629397683768193,0
54016,SYNID0200109368,0.12621864173624703,14.54484423000658,10.62794153124832,0
55033,SYNID0200236083,0.1262243540592422,14.545070108679464,10.626051801886726,0
54771,SYNID0200203304,0.12622976903302524,14.545284232653058,10.624260413816478,0
56851,SYNID0200457259,0.12623218025819694,14.545379580579194,10.623462721084875,0
54533,SYNID0200174275,0.1262418468005685,14.545761834244491,10.62026473888642,0
54714,SYNID0200196319,0.1262450910564324,14.545890127285219,10.61919142318619,0
57566,SYNID0200542076,0.1262467839370543,14.545957072139801,10.618631354120344,0
59962,SYNID0200823724,0.12624698429764236,14.545964995406349,10.618565067076757,0
53667,SYNID0200066849,0.12625144322670617,14.546141325013146,10.617089871428465,0
56548,SYNID0200422113,0.12625869130265638,14.54642795670891,10.614691874643112,0
55359,SYNID0200277219,0.12626171431583977,14.546547506132432,10.613691709143158,0
60861,SYNID0200932482,0.12626685525893394,14.546750814374464,10.611990806842297,0
54650,SYNID0200189622,0.1262723599246911,14.546968509812212,10.610169539454152,0
54979,SYNID0200228168,0.12627469789797863,14.547060971640237,10.609395992182002,0
59586,SYNID0200780499,0.12628236227441964,14.547364085342863,10.606860104856109,0
55859,SYNID0200338228,0.12628620386342587,14.547516016318847,10.605589031219143,0
55596,SYNID0200303699,0.12630308126841572,14.548183519190891,10.600004618312187,0
60824,SYNID0200927212,0.1263235152969342,14.548991727187135,10.593243048654955,0
59530,SYNID0200774011,0.12632827447272899,14.5491799687564,10.591668196031756,0
55071,SYNID0200241170,0.12633610524694783,14.54948970769526,10.589076881146974,0
59588,SYNID0200780632,0.12635132896196682,14.550091886058842,10.584038981286593,0
57215,SYNID0200500264,0.12635966607779248,14.550421673436256,10.58127993864556,0
57263,SYNID0200505852,0.1263624335436117,14.550531146409408,10.580364073995641,0
57945,SYNID0200588704,0.12636324762912088,14.550563349440647,10.580094659389616,0
59403,SYNID0200759302,0.1263637253269912,14.550582245915107,10.579936569109705,0
57172,SYNID0200495206,0.12636552501796738,14.550653437185417,10.57934097399631,0
58314,SYNID0200632295,0.12636822983604895,14.550760433663408,10.578445828016081,0
53294,SYNID0200023512,0.12637593136968128,14.55106509313572,10.575897008586733,0
59693,SYNID0200790610,0.1263789159352086,14.551183159121699,10.574909253711706,0
60978,SYNID0200945757,0.1264044890333194,14.552194840189115,10.566445402772295,0
54455,SYNID0200165189,0.12641199545852055,14.552491810248547,10.563960913937386,0
59008,SYNID0200715481,0.12641504988373808,14.552612651479222,10.562949941016464,0
54190,SYNID0200131734,0.1264186851757314,14.552756474640782,10.561746698373797,0
53706,SYNID0200072663,0.12642023770394295,14.552817897785497,10.561232824626588,0
53752,SYNID0200077937,0.12643349780361163,14.553342521532993,10.556843756430023,0
53823,SYNID0200087767,0.1264445501220639,14.553779810660144,10.553185340641846,0
58191,SYNID0200618004,0.1264449956820622,14.553797439679983,10.553037854046599,0
60363,SYNID0200872919,0.12644868712195928,14.553943495941276,10.551815929010965,0
59992,SYNID0200828080,0.12648103041999947,14.555223259172495,10.54110926900157,0
56928,SYNID0200466679,0.12648982767112288,14.55557136895796,10.538196938792366,0
54269,SYNID0200142709,0.12649232993182907,14.555670385639553,10.537368552791559,0
61168,SYNID0200969863,0.12650175284020293,14.556043264456957,10.534249001748652,0
53445,SYNID0200042053,0.126505565509746,14.556194140263408,10.532986755792596,0
55020,SYNID0200234532,0.12650862801166007,14.556315331385152,10.531972855639005,0
56132,SYNID0200370230,0.1265126433498538,14.556474230208545,10.530643488115032,0
55365,SYNID0200277964,0.1265212029128775,14.55681296316814,10.527809605609361,0
56699,SYNID0200441647,0.1265278481608451,14.557075945089679,10.525609465807062,0
59995,SYNID0200828428,0.12653010493318445,14.557165256640182,10.524862274152525,0
55553,SYNID0200297560,0.12653795514126964,14.557475932081676,10.522263124369037,0
58770,SYNID0200687887,0.1265424356114596,14.557653251589503,10.52077964708431,0
58270,SYNID0200627315,0.1265450309604651,14.557755966337844,10.519920322592402,0
54354,SYNID0200153236,0.12654830513285248,14.557885547536722,10.518836229999195,0
60250,SYNID0200859168,0.12655073282245716,14.55798162840657,10.518032405368405,0
53573,SYNID0200057276,0.1265541379071664,14.558116392774748,10.516904949729511,0
54405,SYNID0200158972,0.12656543826084726,14.55856364009411,10.513163222453958,0
57560,SYNID0200541323,0.12657533619881745,14.558955393484936,10.509885764357973,0
54541,SYNID0200174890,0.1265794297688972,14.559117417131423,10.508530254171312,0
58866,SYNID0200700793,0.1265835837440495,14.559281833428466,10.507154726769441,0
56134,SYNID0200370710,0.12659985020169562,14.559925685103883,10.501768182745518,0
53827,SYNID0200088287,0.1266071929058391,14.560216329934258,10.499336611571719,0
55797,SYNID0200329172,0.1266179667146965,14.560642797861105,10.49576872730511,0
60196,SYNID0200852171,0.12661831442505794,14.560656561751607,10.495653576867593,0
56874,SYNID0200459776,0.1266270622273069,14.56100284208196,10.492756552109729,0
56701,SYNID0200441888,0.12663615745131218,14.561362883648941,10.489744399116985,0
53342,SYNID0200030734,0.12663833175181943,14.561448956336735,10.489024304194883,0
58718,SYNID0200681430,0.12664743446719057,14.561809305335476,10.486009579189414,0
59642,SYNID0200786145,0.1266523547636194,14.562004088662936,10.484379997395099,0
56481,SYNID0200414099,0.12665272240798742,14.562018642969061,10.484258234241162,0
53498,SYNID0200047997,0.12665680902850696,14.562180425077111,10.482904744795407,0
59947,SYNID0200822344,0.12666549347571754,14.562524232925435,10.480028405132913,0
54556,SYNID0200176855,0.12667364979104606,14.56284713988814,10.477326924905938,0
54905,SYNID0200220243,0.12667681547350496,14.562972470551212,10.47627839282944,0
60649,SYNID0200907011,0.12667729149676188,14.562991316598529,10.47612072442936,0
60571,SYNID0200898558,0.12669319220914343,14.563620849182406,10.470853975724626,0
57694,SYNID0200558187,0.126698342463882,14.563824761089734,10.46914802308404,0
57184,SYNID0200496574,0.12670701466014744,14.564168122129235,10.466275421480297,0
55291,SYNID0200266827,0.1267204416524239,14.564699757063872,10.461827696811044,0
53197,SYNID0200012399,0.12672283811891666,14.564794645947739,10.461033844484746,0
61099,SYNID0200960913,0.12672439827597204,14.564856421210065,10.460517024877348,0
55387,SYNID0200280531,0.12675074693716548,14.565899749702893,10.451788407600093,0
57891,SYNID0200580801,0.12676185629065123,14.566339669080579,10.448107986805422,0
61162,SYNID0200969026,0.12677101964326898,14.566702538608908,10.445072174732694,0
58531,SYNID0200658361,0.1267911950936862,14.567501519531975,10.438387799929128,0
56737,SYNID0200445595,0.12679918549251462,14.567817964369926,10.435740382649906,0
54033,SYNID0200111411,0.12680568370149242,14.568075318808335,10.433587323078608,0
60241,SYNID0200858129,0.12680941830236786,14.568223225607115,10.432349916213823,0
55879,SYNID0200340163,0.1268105630041208,14.56826856118227,10.431970633095133,0
60189,SYNID0200851516,0.12683256288847433,14.569139887129799,10.424681010725955,0
56208,SYNID0200380832,0.12686193375509214,14.570303227779089,10.414948356666843,0
56478,SYNID0200413797,0.12686471384794568,14.570413348273707,10.41402707477095,0
58793,SYNID0200691094,0.12688068778231187,14.57104609755691,10.408733414755433,0
59905,SYNID0200817020,0.12690029952734838,14.571822982518745,10.402233897540148,0
61139,SYNID0200965931,0.12691342536469286,14.572342962408902,10.397883680437625,0
57015,SYNID0200477211,0.1269167571442128,14.572474953726063,10.39677942449202,0
56248,SYNID0200385601,0.12692486654290608,14.572796219470394,10.394091674904216,0
55394,SYNID0200281059,0.1269260688648965,14.572843851817037,10.393693176706654,0
58103,SYNID0200607450,0.12692962860049284,14.572984878632981,10.392513328642794,0
61135,SYNID0200965610,0.12693498543408793,14.57319710400562,10.390737824506735,0
54374,SYNID0200155165,0.12694170230041296,14.573463215039432,10.388511506157961,0
57513,SYNID0200534723,0.1269493062881099,14.573764478123806,10.385991101336911,0
54610,SYNID0200184270,0.12695754857167602,14.574091036846266,10.383259070028938,0
59913,SYNID0200818158,0.1269620553726334,14.574269599049359,10.381765196199467,0
61225,SYNID0200977808,0.12696541873021655,14.574402858734178,10.380650328930653,0
60307,SYNID0200865270,0.12697091214015305,14.574620515866677,10.378829382009036,0
56277,SYNID0200389072,0.12698609859586957,14.57522224267526,10.37379525991452,0
56847,SYNID0200456912,0.12699229409264268,14.57546773138041,10.371741470558737,0
57612,SYNID0200547839,0.12699252161450647,14.575476746723437,10.371666047066086,0
58412,SYNID0200644042,0.12699324797539874,14.57550552813753,10.371425258139077,0
54418,SYNID0200160806,0.12699491658859235,14.575571645685955,10.370872110420526,0
59433,SYNID0200761667,0.12700113263838497,14.575817954607986,10.368811459027238,0
54068,SYNID0200116284,0.1270129941504931,14.576287974501337,10.36487921353606,0
54696,SYNID0200194983,0.12701447475915983,14.576346645602294,10.364388363732735,0
54327,SYNID0200150076,0.12703014125555806,14.576967465769954,10.3591945041969,0
58723,SYNID0200681838,0.1270309886600397,14.577001046822517,10.358913560891313,0
60527,SYNID0200892855,0.12703199506400964,14.577040928826133,10.358579903037423,0
60314,SYNID0200866137,0.12704158984737324,14.577421158470155,10.355398854055286,0
60365,SYNID0200873090,0.1270434314447122,14.577494139861187,10.354788282566963,0
56463,SYNID0200412555,0.12704922163924304,14.577723604123479,10.35286855571379,0
55549,SYNID0200297040,0.12705415503975048,14.577919116619148,10.35123287360662,0
57428,SYNID0200525570,0.12705740098082613,14.578047755880995,10.350156661377019,0
55177,SYNID0200253229,0.12705884872398254,14.57810513147057,10.349676649984707,0
59849,SYNID0200810328,0.12706318337553718,14.57827691961925,10.348239448745689,0
54806,SYNID0200207466,0.12707092088508043,14.578583572630913,10.34567395111563,0
57690,SYNID0200557780,0.12707126675742603,14.578597280393769,10.34555927024906,0
60651,SYNID0200907088,0.12707390382310962,14.578701794142995,10.344684895089651,0
60993,SYNID0200948843,0.12708761920150952,14.579245382061895,10.340137170252062,0
59052,SYNID0200719433,0.12709545488049806,14.579555946115521,10.337538952353453,0
57899,SYNID0200581648,0.12710126734582805,14.579786325107696,10.335611572755143,0
55011,SYNID0200232745,0.12710458327241408,14.57991775456695,10.334512017383425,0
59523,SYNID0200773185,0.12710771068219878,14.580041713079718,10.333474964888767,0
58577,SYNID0200663602,0.12712273888363057,14.580637387768627,10.328491475587953,0
57622,SYNID0200549593,0.12712581892266506,14.580759474623248,10.327470081620582,0
56970,SYNID0200471023,0.12714006785381277,14.581324288117603,10.322744780951487,0
55157,SYNID0200250867,0.1271402656002042,14.581332126740229,10.322679202049589,0
54022,SYNID0200110577,0.12714301226624797,14.581441004396337,10.32176831789684,0
58196,SYNID0200618327,0.12714332188777705,14.5814532778231,10.32166563686625,0
54517,SYNID0200172748,0.12715040686844165,14.581734129913233,10.3193159929879,0
59788,SYNID0200802779,0.12716216827222748,14.582200369480795,10.315415374177295,0
56966,SYNID0200470576,0.12716801114133863,14.582431994984972,10.313477566102936,0
55670,SYNID0200313644,0.1271740906377506,14.58267300482278,10.311461247514163,0
55450,SYNID0200285844,0.12718516692742216,14.583112112935778,10.30778761386182,0
55933,SYNID0200348638,0.12719189079101262,14.583378679956448,10.30555748066967,0
60508,SYNID0200890455,0.1272191534734684,14.584459556035108,10.29651473557105,0
58092,SYNID0200605899,0.12722525953589003,14.58470165224868,10.29448932822612,0
55723,SYNID0200319816,0.1272443944262317,14.585460347626977,10.288141987352484,0
61012,SYNID0200951472,0.12725921014672942,14.586047815356052,10.283227158508934,0
55187,SYNID0200254293,0.12726504017339674,14.586278991921512,10.281293106312294,0
58990,SYNID0200713688,0.12726864562379692,14.58642195973927,10.280097019583367,0
58603,SYNID0200666724,0.12727095238070624,14.586513430867807,10.279331760627642,0
56443,SYNID0200408952,0.12728093026260862,14.586909095948538,10.276021576842364,0
59446,SYNID0200763429,0.12730405566408987,14.587826156330316,10.268349334449212,0
55294,SYNID0200267510,0.1273171587557057,14.588345797481193,10.264001951282065,0
56006,SYNID0200355509,0.1273305634271617,14.588877417562362,10.259554350878808,0
59298,SYNID0200748134,0.12734097062231203,14.589290172974321,10.256101187234867,0
59652,SYNID0200787042,0.12734523332801806,14.589459237689196,10.254686770585286,0
55182,SYNID0200253398,0.12734543313216135,14.589467162241137,10.254620472787945,0
56065,SYNID0200362168,0.12734940551776613,14.58962471429062,10.253302372543738,0
60516,SYNID0200891784,0.12735104333699732,14.58968967367388,10.252758914180493,0
57127,SYNID0200490715,0.1273510798164167,14.589691120528247,10.252746809615054,0
59761,SYNID0200799051,0.127351829022681,14.589720835735255,10.252498208459148,0
60698,SYNID0200912114,0.12736612212833526,14.590287743923238,10.247755383319944,0
54512,SYNID0200172334,0.1273950094933783,14.591433571363208,10.23816924697073,0
59050,SYNID0200719302,0.1274183665290985,14.592360101309449,10.230417781011303,0
53983,SYNID0200107043,0.1274293153377411,14.5927944400773,10.226784048299765,0
54834,SYNID0200211531,0.12742935090770824,14.592795851157168,10.22677224302827,0
57430,SYNID0200525752,0.12742977676456935,14.592812745140025,10.226630905844768,0
53406,SYNID0200038754,0.12743050719594978,14.592841721811519,10.226388483369798,0
59360,SYNID0200755473,0.1274319673747627,14.592899648192159,10.22590386399026,0
54532,SYNID0200173949,0.12744304303529264,14.593339035283496,10.222227896370084,0
60224,SYNID0200855392,0.12744434557542234,14.593390709747968,10.221795581306814,0
60154,SYNID0200847652,0.1274466865439492,14.593483581271647,10.221018606469324,0
55744,SYNID0200322160,0.12744859206874837,14.593559178187219,10.220386153174022,0
59423,SYNID0200761098,0.12745463521923306,14.593798927578455,10.21838037963968,0
58593,SYNID0200665753,0.1274645464292961,14.594192142585543,10.215090693478368,0
56940,SYNID0200467853,0.12746613688851943,14.59425524306318,10.214562786953163,0
55051,SYNID0200239363,0.12746716233245614,14.59429592705459,10.214222419568596,0
56498,SYNID0200415858,0.12747568257941377,14.594633968055916,10.211394326072776,0
54447,SYNID0200164373,0.1274776425651371,14.594711731630097,10.21074374623927,0
53834,SYNID0200089164,0.1274844246308401,14.594980817191011,10.20849254262297,0
57564,SYNID0200541889,0.12748751477991027,14.59510342371688,10.207466801020615,0
59042,SYNID0200718681,0.12748964530561968,14.595187956268553,10.206759591070846,0
60607,SYNID0200902735,0.12749128960541278,14.595253197237426,10.206213776926976,0
57087,SYNID0200485681,0.12749433166682272,14.5953738980263,10.205203978959787,0
55804,SYNID0200330445,0.12750063837566372,14.595624134356878,10.203110470373112,0
58439,SYNID0200647529,0.1275012669204969,14.595649073865076,10.202901823313592,0
54805,SYNID0200207410,0.1275027546679079,14.595708105126159,10.2024079603654,0
53481,SYNID0200046269,0.12751899039866377,14.596352326353156,10.197018324626528,0
57669,SYNID0200555740,0.1275297506898309,14.596779301848668,10.193446193976662,0
60676,SYNID0200909661,0.1275321580253675,14.596874828209097,10.192647008441325,0
53750,SYNID0200077716,0.12754568194357452,14.597411487222576,10.188157251697183,0
54821,SYNID0200210260,0.127549680819187,14.59757017519232,10.186829648201323,0
59417,SYNID0200760660,0.12755668488368344,14.597848122620599,10.184504305089026,0
60037,SYNID0200833348,0.1275592777589934,14.597951018918845,10.18364346172781,0
57817,SYNID0200571982,0.12755973014364103,14.597968971535291,10.183493267882671,0
58809,SYNID0200692910,0.12756540233199232,14.598194070816811,10.18161005900714,0
57693,SYNID0200558011,0.12756696255370292,14.598255988400362,10.181092048722496,0
59014,SYNID0200716044,0.12760350134826448,14.599706108967139,10.168960157836471,0
54317,SYNID0200148919,0.12761674827935737,14.600231877031856,10.164561516138237,0
57206,SYNID0200498826,0.12761961353880946,14.60034560107081,10.163610086537611,0
56298,SYNID0200391652,0.12762150099573089,14.600420515959964,10.162983339161025,0
58958,SYNID0200711066,0.12762889324330035,14.600713924673723,10.16052864499153,0
56989,SYNID0200473490,0.12762981066428003,14.600750338810363,10.16022399974853,0
56398,SYNID0200402842,0.12765277528118574,14.601661876189144,10.152597963492472,0
59227,SYNID0200740211,0.12765482283741486,14.601743152821504,10.151917992972791,0
55457,SYNID0200286579,0.12766932757524435,14.602318923308937,10.147101024722726,0
59912,SYNID0200817800,0.1276723603956726,14.6024393149797,10.146093812876522,0
55507,SYNID0200291821,0.1276763029240396,14.602595820132088,10.144784471104984,0
59959,SYNID0200823285,0.12767638299597794,14.602598998736639,10.144757878499878,0
53528,SYNID0200052307,0.1276867461263302,14.603010388244048,10.141316142185063,0
59202,SYNID0200738225,0.1276928948916432,14.603254483757615,10.13927400844512,0
58298,SYNID0200630242,0.1277043042646246,14.603707427118923,10.135484627366875,0
54129,SYNID0200124413,0.1277051901721717,14.603742597550186,10.135190387119353,0
55634,SYNID0200309726,0.12771166550190866,14.60399966996332,10.133039687006951,0
53632,SYNID0200062954,0.12771252023972313,14.604033603629192,10.132755793694114,0
58455,SYNID0200649145,0.12772040054596667,14.604346460755295,10.130138391663046,0
57816,SYNID0200571756,0.1277310883979197,14.604770791223256,10.126588389646063,0
53439,SYNID0200041757,0.12775586154326113,14.60575438466086,10.118359523347188,0
54279,SYNID0200143570,0.12776036619382858,14.605933244426911,10.116863160068634,0
53188,SYNID0200011553,0.12776656541196446,14.606179391521083,10.11480386254756,0
59824,SYNID0200807390,0.12776752201923308,14.606217375079263,10.114486087326757,0
54793,SYNID0200205606,0.12776907221189487,14.606278928062771,10.1139711273319,0
58614,SYNID0200668154,0.12776962661634506,14.606300941677784,10.11378695866243,0
58708,SYNID0200680637,0.12777803267240123,14.60663472310582,10.110994501291993,0
58010,SYNID0200596683,0.1277843471251131,14.60688545766028,10.1088968245017,0
57148,SYNID0200492627,0.12778548055763705,14.606930464497,10.10852029165006,0
55724,SYNID0200319910,0.12778776627922267,14.607021227350995,10.107760958208157,0
53268,SYNID0200020308,0.1277878880474052,14.607026062613338,10.10772050579577,0
61375,SYNID0200995123,0.12782602762271345,14.608540615328032,10.095049567463633,0
58395,SYNID0200642430,0.1278324194740164,14.608794455986336,10.092925904618234,0
57917,SYNID0200585065,0.12786370457088675,14.610036949156303,10.082531050624722,0
55484,SYNID0200289336,0.12787001118976282,14.610287430293942,10.080435493951367,0
60970,SYNID0200944720,0.12787074081360195,14.610316409171634,10.080193053019082,0
59513,SYNID0200772466,0.1278793750470093,14.610659344158831,10.077324015822441,0
57952,SYNID0200589318,0.12788889631662637,14.611037519727416,10.074160151493539,0
60328,SYNID0200868477,0.12789338635425318,14.611215863012418,10.072668109160333,0
61308,SYNID0200987247,0.12790758279212028,14.611779756491387,10.067950505455558,0
54857,SYNID0200214714,0.12793779211279382,14.612979765649634,10.05791107804268,0
57002,SYNID0200474726,0.12794180874373356,14.613139326192519,10.056576174490262,0
60387,SYNID0200875715,0.12794385010542358,14.613220419884257,10.05589773447484,0
55709,SYNID0200317813,0.12795019197838486,14.613472355485632,10.053790009575103,0
59919,SYNID0200818996,0.12795528691885494,14.613674758880993,10.052096677335209,0
58047,SYNID0200600784,0.12795950591725197,14.613842366391742,10.05069445183846,0
53908,SYNID0200098740,0.12796221129730623,14.613949843615854,10.049795283875774,0
56824,SYNID0200453960,0.12796229655042557,14.613953230497842,10.04976694879548,0
61327,SYNID0200989564,0.12797266953444653,14.614365327636614,10.04631929234774,0
58045,SYNID0200600546,0.12799370354402945,14.615201000481038,10.039327948319354,0
55928,SYNID0200348080,0.12799395273566427,14.615210901048895,10.039245118924544,0
55311,SYNID0200270051,0.12801592671670176,14.616083969637321,10.031940917402638,0
60590,SYNID0200900452,0.12801737260620766,14.6161414194206,10.031460285296511,0
56853,SYNID0200457470,0.1280415223470875,14.61710099835703,10.023432327332172,0
57999,SYNID0200595791,0.12804589435807706,14.617274724879529,10.021978909414209,0
54956,SYNID0200225466,0.1280480333332582,14.61735972008498,10.021267828844781,0
56597,SYNID0200429461,0.12804996712755223,14.617436562558252,10.020624955057233,0
57826,SYNID0200573447,0.1280517640086718,14.617507964921108,10.020027593917046,0
53473,SYNID0200045739,0.12806067814536426,14.617862189572019,10.017064105975127,0
54981,SYNID0200228270,0.12806895810615915,14.618191221324278,10.014311384989094,0
57628,SYNID0200550357,0.12807408407958903,14.618394922580574,10.012607194681511,0
57700,SYNID0200559014,0.12808294810676357,14.618747177124135,10.009660188905233,0
55314,SYNID0200270434,0.12808525731206732,14.61883894582733,10.008892440402494,0
56953,SYNID0200469466,0.1280857183510043,14.618857267759497,10.008739156815627,0
57848,SYNID0200576393,0.12809072818613043,14.619056362732,10.007073503257102,0
57901,SYNID0200582122,0.12809537351392275,14.619240974279297,10.005529019853842,0
57624,SYNID0200549915,0.12812449515961455,14.620398360020099,9.99584618530741,0
58853,SYNID0200699600,0.12813886330666202,14.620969428739523,9.991068552639337,0
57421,SYNID0200524706,0.12813923731503662,14.620984294171823,9.990944186564722,0
60408,SYNID0200878765,0.12814089504252962,14.621050182811793,9.990392953923067,0
57073,SYNID0200484383,0.12815707311216534,14.62169321767393,9.985013243461683,0
59144,SYNID0200730890,0.1281576673617984,14.62171683803516,9.984815632551436,0
57259,SYNID0200505367,0.12815898433354128,14.621769185443577,9.984377687554558,0
57549,SYNID0200540481,0.1281617366102763,14.621878584406344,9.98346244208481,0
59777,SYNID0200801683,0.12817032442088577,14.622219942485449,9.980606597499442,0
61254,SYNID0200981112,0.12817302079797716,14.622327122780034,9.979709913686508,0
55581,SYNID0200301160,0.12817679276054655,14.622477058624357,9.97845553157173,0
53347,SYNID0200031474,0.128178495839605,14.622544756665336,9.977889161253861,0
54274,SYNID0200143185,0.12818180484216202,14.622676291663335,9.976788722931717,0
57346,SYNID0200516593,0.12818353388059905,14.622745022528372,9.97621371187799,0
55551,SYNID0200297417,0.12818618408811644,14.622850371330337,9.975332350562471,0
53721,SYNID0200074025,0.12819931237911147,14.623372247095034,9.970966272335302,0
60444,SYNID0200882744,0.12821013285166033,14.62380239632454,9.967367589828024,0
59180,SYNID0200735745,0.12821977013427427,14.624185520418793,9.96416232551155,0
57202,SYNID0200498290,0.12822487837944618,14.62438859951218,9.962463340297056,0
54079,SYNID0200117484,0.12822532630941502,14.624406407171884,9.962314359178226,0
57068,SYNID0200483740,0.12823210959360953,14.624676082343873,9.960058222801571,0
55125,SYNID0200247476,0.12823716405155622,14.624877029772623,9.958377071361301,0
58499,SYNID0200655381,0.12824008186217462,14.624993032880035,9.957406574787564,0
59124,SYNID0200729207,0.12824049135472126,14.625009313107459,9.95727037235914,0
56191,SYNID0200378345,0.1282437562179523,14.625139115173507,9.956184431963443,0
57199,SYNID0200497997,0.12824531476650064,14.625201079219073,9.955666032971733,0
53298,SYNID0200024058,0.12824852467337544,14.625328698016512,9.954598358075584,0
54208,SYNID0200134402,0.12825709662628676,14.625669505304765,9.951747121475684,0
54521,SYNID0200173212,0.12826044330520336,14.625802566097596,9.950633918162243,0
53993,SYNID0200107447,0.12826667144971626,14.626050194430077,9.948562228415359,0
54427,SYNID0200161988,0.12826735246857746,14.626077271697124,9.948335696596688,0
59566,SYNID0200778621,0.12827864395790678,14.626526227831846,9.944579673157083,0
57743,SYNID0200564421,0.1282891301918649,14.626943178761692,9.941091409283299,0
59736,SYNID0200796151,0.12829112868122222,14.627022643514508,9.940426597175577,0
57738,SYNID0200563889,0.12829448950799205,14.62715627904919,9.939308585499562,0
54270,SYNID0200142735,0.12829920467074662,14.627343768671302,9.937740023760755,0
53653,SYNID0200065505,0.1283035357840166,14.627515989380138,9.936299203669108,0
57498,SYNID0200533476,0.12830502494813495,14.627575204388382,9.935803803469101,0
56270,SYNID0200388726,0.128308008350227,14.627693836875011,9.934811309178427,0
56018,SYNID0200356621,0.12831383331633273,14.627925464520375,9.932873483190608,0
57919,SYNID0200585337,0.1283206839466109,14.62819788197127,9.93059440456403,0
58955,SYNID0200710586,0.12832884403673656,14.628522377054152,9.927879637924086,0
59254,SYNID0200743630,0.12833238443884465,14.628663167307824,9.92670176896996,0
58124,SYNID0200609350,0.128335311187397,14.628779555572073,9.925728050125727,0
59929,SYNID0200820225,0.12834744975840506,14.629262280964733,9.921689508830699,0
56410,SYNID0200404744,0.12835490610611927,14.629558812019553,9.919208692763547,0
53707,SYNID0200072714,0.1283597095800374,14.629749844242856,9.917610493177998,0
55007,SYNID0200232138,0.12836248321194016,14.629860151591132,9.916687648040934,0
55807,SYNID0200330850,0.12836363470060713,14.629905946540367,9.916304521740948,0
60603,SYNID0200902049,0.12839670999063352,14.631221418437239,9.905299118547518,0
55396,SYNID0200281157,0.1284088402167592,14.631703891671709,9.901262686839619,0
57379,SYNID0200521124,0.12841336948821375,14.6318840450515,9.89975550102593,0
59449,SYNID0200763956,0.12842125589483916,14.632197734914916,9.897131132209825,0
55788,SYNID0200328305,0.1284463549507589,14.633196119765396,9.888778519092146,0
61241,SYNID0200979733,0.12845232994114797,14.633433801587135,9.886790043104032,0
56524,SYNID0200419662,0.12845882908713496,14.633692338369375,9.88462709189568,0
60278,SYNID0200861776,0.12846521086744045,14.633946210731871,9.882503163809043,0
57839,SYNID0200575724,0.12848844822957284,14.634870648568905,9.87476920069813,0
53704,SYNID0200071974,0.12849079454273,14.634963993731347,9.873988263339262,0
55743,SYNID0200322046,0.12849632540547828,14.635184034587164,9.872147373888806,0
59949,SYNID0200822486,0.12849780043460857,14.635242717969364,9.87165642133908,0
59401,SYNID0200759125,0.1284985834755898,14.635273871003488,9.87139579114087,0
60389,SYNID0200875793,0.12850530777346747,14.635541397739532,9.86915762884929,0
53580,SYNID0200057653,0.12850935331587204,14.635702352305032,9.867811062728538,0
53175,SYNID0200010052,0.12850988775931316,14.635723615619938,9.867633171164059,0
59224,SYNID0200739970,0.12851546461464863,14.63594549767041,9.865776878047772,0
53620,SYNID0200061439,0.12854054359677486,14.636943336999984,9.857428828826531,0
56426,SYNID0200407141,0.12854309292097016,14.637044772956756,9.856580202865583,0
59765,SYNID0200800109,0.12855083066593354,14.637352657075013,9.854004405643046,0
60519,SYNID0200892033,0.12855594607934417,14.637556202397832,9.852301519894525,0
60669,SYNID0200909156,0.12855736298131093,14.63761258226023,9.85182983888091,0
54754,SYNID0200201422,0.1285640267539901,14.637877742929241,9.849611471403485,0
53593,SYNID0200058803,0.12856447234830443,14.637895473908811,9.849463131800285,0
60797,SYNID0200923915,0.12857178505665212,14.638186462443251,9.847028685155113,0
59215,SYNID0200739411,0.12859261405352657,14.639015324829579,9.840094318274971,0
59885,SYNID0200814923,0.12859741909715616,14.639206541785159,9.838494573195955,0
58579,SYNID0200663804,0.1286081427531356,14.639633299141703,9.834924267524137,0
57378,SYNID0200520926,0.12860937658209182,14.639682401244682,9.834513473160357,0
59524,SYNID0200773204,0.12861757177847088,14.640008545709636,9.83178490758274,0
60373,SYNID0200873747,0.12862958655075346,14.640486710956518,9.82778451704035,0
55110,SYNID0200245293,0.12864671509963554,14.641168421602938,9.822081240107606,0
60969,SYNID0200944596,0.12864882672243227,14.641252465677125,9.821378116821833,0
58381,SYNID0200640444,0.12866180214249745,14.641768907023089,9.817057503624705,0
59455,SYNID0200765115,0.1286665502426586,14.641957893101695,9.815476422342794,0
58438,SYNID0200647488,0.12866780849608317,14.642007975091477,9.81505743012291,0
56175,SYNID0200376845,0.1286827716562739,14.642603563539556,9.810074662323732,0
59798,SYNID0200803649,0.1286881653583068,14.642818258473014,9.80827849753152,0
55601,SYNID0200305057,0.12870557040380248,14.643511083138716,9.802482239316856,0
56102,SYNID0200366672,0.1287235370824884,14.644226298223664,9.796498660041152,0
56162,SYNID0200374751,0.1287258951832002,14.644320171743281,9.795713302379738,0
58682,SYNID0200676235,0.12873410465276397,14.644646986779621,9.792979126717627,0
55159,SYNID0200251032,0.12874396506580793,14.645039534634911,9.789695022032118,0
58075,SYNID0200604381,0.1287450004477272,14.645080754299252,9.789350173140498,0
58541,SYNID0200659822,0.12876974823163218,14.646066024324238,9.78110728030095,0
53815,SYNID0200086946,0.12877412791122222,14.646240396959923,9.779648456918855,0
57977,SYNID0200592205,0.1287836348511735,14.646618913504135,9.77648173994503,0
57944,SYNID0200588703,0.12879892075449068,14.647227538419182,9.771389907424988,0
59641,SYNID0200786065,0.12880124423449035,14.647320052504242,9.770615922963932,0
54691,SYNID0200194138,0.12880718613636294,14.647556644054633,9.768636568322886,0
56105,SYNID0200367458,0.1288174962680929,14.64796717649087,9.765202002373208,0
59081,SYNID0200722284,0.12882735514348387,14.648359751309702,9.761917672107302,0
53862,SYNID0200092976,0.12882922321029272,14.648434137844157,9.76129534501251,0
60192,SYNID0200851838,0.12883088586973668,14.648500345359691,9.760741444617816,0
53168,SYNID0200009106,0.12884405608395438,14.649024797068062,9.756353815722196,0
58550,SYNID0200660653,0.128845885253424,14.649097637981766,9.755744419484824,0
61031,SYNID0200954529,0.12884692436464024,14.649139017473475,9.75539823345738,0
59672,SYNID0200788857,0.1288503574920345,14.649275732312285,9.754254459936107,0
58999,SYNID0200714625,0.12885106918849676,14.64930407382113,9.754017351311672,0
58827,SYNID0200696143,0.1288659006933856,14.64989471330203,9.74907598719379,0
53698,SYNID0200071594,0.12887140725565066,14.65011400879616,9.747241333532886,0
56681,SYNID0200439545,0.12887235610327885,14.650151796404677,9.746925197651601,0
58584,SYNID0200664560,0.12887322729073808,14.650186491302355,9.74663493577781,0
58250,SYNID0200624775,0.1288821306043309,14.650541068975274,9.743668494409386,0
56425,SYNID0200406838,0.12888300799076952,14.65057601166688,9.74337615946046,0
55929,SYNID0200348099,0.1288933237401017,14.650986851711455,9.73993902002077,0
59757,SYNID0200798593,0.1289263885116328,14.652303782337244,9.72892141291789,0
58689,SYNID0200677446,0.12893651714917947,14.652707217434138,9.72554622420102,0
60625,SYNID0200904525,0.12894173735492176,14.652915148437396,9.723806647298815,0
59408,SYNID0200759667,0.1289451829250957,14.65305239383814,9.722658435029729,0
59829,SYNID0200808138,0.12894688458210601,14.653120175426197,9.722091365746499,0
59075,SYNID0200721837,0.12894769970929298,14.653152644250554,9.721819727481861,0
59476,SYNID0200767599,0.12896590409623399,14.65387779512366,9.715753024153862,0
58841,SYNID0200698182,0.1289870432506932,14.654719893740634,9.708707921304882,0
54828,SYNID0200210585,0.12899391864647125,14.65499379210658,9.706416453156885,0
59429,SYNID0200761391,0.1290257111516096,14.656260391048844,9.695819927243122,0
56284,SYNID0200389764,0.12902757799515885,14.656334768620653,9.695197675130984,0
58605,SYNID0200667023,0.12903055279158648,14.656453289306995,9.694206116175552,0
57362,SYNID0200519227,0.12903167602340432,14.656498040920939,9.693831718549728,0
57061,SYNID0200483127,0.12903280548757118,14.656543040979718,9.693455242403203,0
54830,SYNID0200210876,0.12903337615507743,14.656565777540047,9.69326502548238,0
58845,SYNID0200698674,0.12903738831858896,14.656725631325672,9.691927668624366,0
60703,SYNID0200912854,0.12903796847668403,14.656748746296318,9.691734285875286,0
59128,SYNID0200729497,0.12904641240784598,14.657085178032164,9.68891965569667,0
58562,SYNID0200661511,0.12905117671461458,14.657275005791483,9.687331532808175,0
54516,SYNID0200172647,0.12905881763391946,14.657579453618744,9.684784484027931,0
53730,SYNID0200075289,0.12906319272740496,14.657753779406836,9.68332605257871,0
55429,SYNID0200284271,0.1290657953992539,14.657857483953984,9.682458447305574,0
57969,SYNID0200591329,0.12906975924647435,14.658015426500478,9.681137080114311,0
60925,SYNID0200938887,0.12907130934568112,14.658077191856735,9.68062034338233,0
61224,SYNID0200977470,0.12907390233395571,14.658180512817289,9.679755947242885,0
56474,SYNID0200413355,0.12907967673485293,14.658410603860315,9.677830976663337,0
55608,SYNID0200305858,0.12908651452443787,14.658683072106648,9.675551473075739,0
56458,SYNID0200411939,0.12909201032072676,14.658902069028798,9.67371931730554,0
58595,SYNID0200665795,0.12910873011772772,14.659568340766022,9.668145204227196,0
57734,SYNID0200563444,0.12911706429692033,14.659900462956191,9.66536662824925,0
56772,SYNID0200448352,0.12911809405704072,14.659941500051275,9.665023306755005,0
58537,SYNID0200659130,0.12911969141330998,14.660005156714575,9.664490747110632,0
55904,SYNID0200343705,0.12913515409621684,14.66062137831614,9.659335359756593,0
61191,SYNID0200973010,0.12915132805778662,14.661265973415095,9.653942596157927,0
53452,SYNID0200042934,0.1291522951435195,14.661304516423098,9.6536201405096,0
53961,SYNID0200104921,0.1291543733462684,14.661387343117093,9.65292720197949,0
53779,SYNID0200081912,0.1291547294814489,14.661401536918177,9.652808454856022,0
59626,SYNID0200784709,0.1291549654474336,14.661410941372178,9.65272977601207,0
58098,SYNID0200606572,0.1291581718992701,14.661538735506584,9.651660634224813,0
57145,SYNID0200492345,0.12915866719082086,14.661558475603782,9.651495486091088,0
60842,SYNID0200929740,0.12916414765555329,14.661776904078891,9.64966808602028,0
60771,SYNID0200919687,0.12918251168413958,14.66250884122662,9.643544607866017,0
56605,SYNID0200430706,0.12918368437013106,14.662555582335004,9.643153565879715,0
57276,SYNID0200507354,0.1291915799559668,14.662870289723474,9.640520684321174,0
59997,SYNID0200828539,0.12919241951062949,14.662903753632664,9.640240721051763,0
56415,SYNID0200405084,0.12919521371747156,14.663015128801353,9.63930894239493,0
60474,SYNID0200886386,0.12920844732011483,14.663542622528512,9.634895863587845,0
59915,SYNID0200818467,0.12922334841624827,14.6641366053738,9.629926528463372,0
54259,SYNID0200140504,0.12922925087803233,14.664371894064649,9.627958073708998,0
59132,SYNID0200729830,0.129236950060249,14.664678810703636,9.62539037053961,0
53865,SYNID0200093386,0.12924522932202676,14.665008858477774,9.622629149386864,0
56719,SYNID0200444046,0.1292520164158868,14.665279427375902,9.62036553598502,0
56574,SYNID0200426304,0.1292569911348384,14.665477748719882,9.618706354699924,0
59255,SYNID0200743632,0.12925884578074148,14.66555168641554,9.618087782646933,0
55518,SYNID0200293573,0.1292629472570785,14.665715198029602,9.61671982393657,0
58048,SYNID0200600801,0.12926665642874802,14.66586307137702,9.615482696930078,0
57161,SYNID0200494235,0.12928122279691867,14.666443802307048,9.610624228993913,0
59316,SYNID0200749709,0.1292822506621374,14.666484782026352,9.610281387512664,0
54789,SYNID0200204831,0.12928782105726228,14.666706868790214,9.608423381738419,0
55511,SYNID0200292518,0.12929169615368513,14.666861367451226,9.607130826525868,0
58848,SYNID0200699103,0.12932650544576818,14.66824927346735,9.595519430388578,0
60742,SYNID0200917577,0.12933445237141478,14.668566149260295,9.592868407685684,0
58215,SYNID0200620564,0.12933992818122675,14.668784495709057,9.591041693857594,0
55392,SYNID0200281025,0.12934594905530367,14.669024580172604,9.589033117066192,0
54807,SYNID0200207618,0.12935293156669586,14.669303015145085,9.586703695097832,0
54524,SYNID0200173376,0.12938141986457413,14.670439070292023,9.577199314980135,0
58547,SYNID0200660444,0.12938714765686116,14.670667493496092,9.57528829775086,0
57653,SYNID0200553473,0.1293892866517521,14.670752797087347,9.57457463718704,0
54560,SYNID0200177535,0.12939338573750975,14.670916270913432,9.573206994615646,0
53250,SYNID0200018568,0.12941010106899042,14.671582906375209,9.567629838571989,0
53265,SYNID0200019640,0.12941142410062217,14.671635672380404,9.567188391541881,0
58346,SYNID0200635875,0.12941664810969922,14.671844021537295,9.565445316313848,0
55988,SYNID0200354047,0.1294226636966278,14.672083944832425,9.563438087877662,0
61173,SYNID0200970725,0.12942874274817157,14.67232640328178,9.561409650022668,0
61010,SYNID0200951276,0.12943303409994955,14.672497563050552,9.559977705888922,0
54587,SYNID0200180918,0.12945470355062144,14.673361875342268,9.552746760645602,0
54694,SYNID0200194597,0.1294589656579777,14.67353188060599,9.551324475246181,0
54164,SYNID0200128765,0.12945909460966099,14.673537024210548,9.551281443204097,0
56991,SYNID0200473572,0.12947582390353568,14.674204334846012,9.545698638572532,0
57114,SYNID0200488915,0.1294872340373156,14.674659488112521,9.541890769149663,0
58388,SYNID0200641601,0.12948763721207546,14.674675571117143,9.541756216711972,0
60795,SYNID0200923682,0.129488720434964,14.674718781941342,9.541394709526784,0
56765,SYNID0200448116,0.12949631524271538,14.675021749824825,9.538860042142172,0
56724,SYNID0200444662,0.12949830913304622,14.675101290027829,9.53819459880869,0
54163,SYNID0200128727,0.1294994133490373,14.67514533955751,9.53782607490805,0
56601,SYNID0200430184,0.12950022701999442,14.675177798710457,9.537554517555623,0
55756,SYNID0200324307,0.1295008515838118,14.675202714005326,9.537346073067866,0
59376,SYNID0200757118,0.12951255034241965,14.675669412299047,9.533441616496564,0
54465,SYNID0200166292,0.12951951368778303,14.675947207863333,9.531117543897526,0
59601,SYNID0200782166,0.12952198016088484,14.676045606545465,9.530294328157895,0
55776,SYNID0200326493,0.1295366683582912,14.676631598230976,9.52539184808029,0
60806,SYNID0200924916,0.12953681394234057,14.676637406482872,9.525343255515061,0
57368,SYNID0200519822,0.12954257060921204,14.67686707750641,9.523421798871311,0
60586,SYNID0200900307,0.12955826532813675,14.677493260435838,9.518183073796626,0
54543,SYNID0200174977,0.1295592548254097,14.67753273997396,9.51785278301962,0
55171,SYNID0200252745,0.12956155612389353,14.677624558928148,9.517084614110793,0
59622,SYNID0200784390,0.1295634097297872,14.677698515918214,9.516465880638336,0
55955,SYNID0200350391,0.12956856112992982,14.677904053488373,9.514746327498235,0
56611,SYNID0200430995,0.12956936972783112,14.677936316286889,9.514476412871653,0
57939,SYNID0200588151,0.12960002087141287,14.679159339080265,9.504244450495358,0
55612,SYNID0200306611,0.12960926361962882,14.679528157309385,9.501158870844273,0
55633,SYNID0200309685,0.12960926361962882,14.679528157309385,9.501158870844273,0
53578,SYNID0200057456,0.12961802706970627,14.679877858353617,9.49823322796426,0
58221,SYNID0200621531,0.1296181032713099,14.679880899176364,9.498207788059032,0
57418,SYNID0200524204,0.12961953457856756,14.679938015566567,9.497729945161272,0
54032,SYNID0200111267,0.12964006502860476,14.680757308528147,9.490875637291085,0
58968,SYNID0200711988,0.12966784882484683,14.681866127549256,9.481599118024587,0
54574,SYNID0200179423,0.1296837264141743,14.6824998210423,9.476297558630865,0
59749,SYNID0200797987,0.12968790129888563,14.68266645017285,9.474903518385835,0
60789,SYNID0200922700,0.12969103783798702,14.682791637807725,9.473856182901198,0
58484,SYNID0200654187,0.12969694959955225,14.68302759485024,9.47188213663278,0
53635,SYNID0200063338,0.12969800515887003,14.6830697259469,9.471529662583865,0
58698,SYNID0200679507,0.12972754081721122,14.684248646977585,9.461666661096125,0
56124,SYNID0200369301,0.12972943692629813,14.6843243337197,9.461033456300683,0
54865,SYNID0200215815,0.1297601055433294,14.685548582790165,9.450791234736167,0
61220,SYNID0200975968,0.12977162437250972,14.686008424827978,9.446944138463365,0
54397,SYNID0200158031,0.12978075726869398,14.686373028439997,9.443893818828553,0
58129,SYNID0200610215,0.1297822005151974,14.68643064657052,9.443411778308219,0
56974,SYNID0200471463,0.1298010407722029,14.687182818928429,9.43711900984282,0
56435,SYNID0200408396,0.12981380063238596,14.687692261222605,9.432856951592461,0
56776,SYNID0200448700,0.12981487621012866,14.687735204877505,9.4324976795792,0
55436,SYNID0200284812,0.12981550599476588,14.687760349797621,9.432287314017762,0
57890,SYNID0200580793,0.12983597645795714,14.688577681312806,9.425449415854581,0
55843,SYNID0200336043,0.1298469785072946,14.689016982751806,9.421774164812625,0
53317,SYNID0200026502,0.12985156614424115,14.68920016661972,9.420241625554482,0
55576,SYNID0200300542,0.12985716387773966,14.689423686613571,9.418371629198052,0
60817,SYNID0200926405,0.12985815623992952,14.689463312430918,9.418040114630678,0
54950,SYNID0200224444,0.12987077569337202,14.689967226583564,9.413824305507024,0
60752,SYNID0200918152,0.12989205029954304,14.690816793172736,9.406716724664177,0
56744,SYNID0200446258,0.12990218015218996,14.691221329426625,9.4033323235295,0
56050,SYNID0200360369,0.12990227470913934,14.691225105616052,9.403300731454234,0
60823,SYNID0200927165,0.12990568970040528,14.691361486021059,9.402159755848183,0
56374,SYNID0200400521,0.1299128138687804,14.691645999428822,9.39977948092644,0
57582,SYNID0200544535,0.12991927115919977,14.69190388488523,9.397621978791836,0
58436,SYNID0200647137,0.12992087292651344,14.691967855523924,9.397086792389885,0
53547,SYNID0200054930,0.12995239043440143,14.693226643435661,9.386555614539072,0
55437,SYNID0200284932,0.12995623477642687,14.693380191187723,9.385271014750263,0
60218,SYNID0200855003,0.1299579196499991,14.693447487614685,9.384708004385722,0
59197,SYNID0200737865,0.12996093950253207,14.693568105909549,9.383698896573833,0
55330,SYNID0200273126,0.12996250615316834,14.69363068111725,9.38317538452289,0
55565,SYNID0200299320,0.12996547970712286,14.693749451629014,9.382181735496609,0
59729,SYNID0200795010,0.12997050217629535,14.69395006264472,9.380503398530116,0
59086,SYNID0200722765,0.12999707488604906,14.69501149392618,9.37162333104834,0
55096,SYNID0200243116,0.13001088433126967,14.695563134205191,9.367008239154174,0
53503,SYNID0200049061,0.13001820410081072,14.695855542404448,9.364561915414725,0
57911,SYNID0200584432,0.13001960060508067,14.695911330241293,9.364095187361288,0
55431,SYNID0200284329,0.13003377852217218,14.696477724480598,9.3593566619813,0
58163,SYNID0200614510,0.1300399117579048,14.69672274811291,9.357306763483319,0
58921,SYNID0200706232,0.13004482787712784,14.696919150701936,9.355663634743284,0
56291,SYNID0200390660,0.13005459225940136,14.69730925271579,9.352399992274574,0
54031,SYNID0200111202,0.13006462328378743,14.697710018212215,9.349047137770661,0
55105,SYNID0200244273,0.13006852399782182,14.697865864810991,9.347743305541378,0
60513,SYNID0200891349,0.1300694825412987,14.697904162086944,9.347422905718261,0
58572,SYNID0200662995,0.13007489882520296,14.698120564067235,9.345612459557762,0
57267,SYNID0200506546,0.130075341409285,14.698138247193144,9.345464520304292,0
56387,SYNID0200401871,0.13007758438198774,14.698227863865542,9.344714775961648,0
55603,SYNID0200305244,0.13007823533388696,14.69825387237256,9.34449718552367,0
53109,SYNID0200001071,0.13008348413661003,14.698463587731313,9.342742680479187,0
60129,SYNID0200845321,0.13008820525925985,14.698652222230441,9.34116454055538,0
54946,SYNID0200224179,0.1300958334508019,14.698957015013207,9.33861460583405,0
54945,SYNID0200224161,0.13009678774142563,14.698995145186975,9.338295604008795,0
54775,SYNID0200203718,0.1301008380061492,14.69915698094078,9.336941665755937,0
56157,SYNID0200374265,0.1301129062937284,14.699639202006546,9.332907343723097,0
54654,SYNID0200190132,0.13011427772358986,14.699694002190887,9.332448878494626,0
55733,SYNID0200320835,0.13012607943363408,14.700165588395055,9.328503529050314,0
54688,SYNID0200193932,0.1301320386391317,14.700403718849328,9.32651129974602,0
56320,SYNID0200394542,0.1301400759508241,14.700724896714233,9.32382428536852,0
59440,SYNID0200762899,0.13015358811433825,14.70126487008138,9.319306800325089,0
56714,SYNID0200443214,0.13015851292475072,14.701461680365762,9.317660260754469,0
57380,SYNID0200521239,0.1301594586033049,14.701499472834248,9.317344084214053,0
60449,SYNID0200883461,0.13016515937780082,14.70172729684005,9.31543807995281,0
54098,SYNID0200119678,0.13016655242181557,14.701782968558279,9.314972323362303,0
53546,SYNID0200054923,0.13017901268227278,14.702280940692882,9.310806225908275,0
56385,SYNID0200401721,0.13018090521249226,14.70235657680051,9.31017344472731,0
57408,SYNID0200523468,0.13018195643987257,14.70239858990176,9.309821957842823,0
59222,SYNID0200739792,0.13018274916440659,14.702430271819264,9.309556902939796,0
58932,SYNID0200707840,0.13020219044954678,14.70320728075012,9.303056348584116,0
53903,SYNID0200098097,0.13020669553150926,14.703387340979237,9.301549942080689,0
57129,SYNID0200490769,0.13020759662795056,14.703423356487733,9.301248631810843,0
60447,SYNID0200883259,0.13020908922491597,14.703483013601232,9.300749532902708,0
59088,SYNID0200723020,0.1302138629674287,14.703673815350445,9.299153261492354,0
55544,SYNID0200296381,0.1302210830694847,14.703962400342077,9.296738923188318,0
55169,SYNID0200252243,0.13022530497017432,14.704131150868845,9.295327135075926,0
58869,SYNID0200701147,0.1302283647277357,14.704253451420687,9.29430395329075,0
55734,SYNID0200320876,0.1302296299940407,14.704304025255118,9.293880846236702,0
56868,SYNID0200459483,0.13024687522596667,14.704993349969762,9.288113869052406,0
59956,SYNID0200822945,0.13024856622104003,14.70506094398934,9.287548368990628,0
57567,SYNID0200542227,0.13025317957703786,14.705245354895679,9.286005564174838,0
59828,SYNID0200808059,0.1302658849349838,14.705753241442677,9.28175652150085,0
57387,SYNID0200522225,0.13028015013976812,14.706323502421265,9.276985646494118,0
55361,SYNID0200277504,0.13028154369032124,14.706379211704292,9.276519575631815,0
60019,SYNID0200830864,0.13028722506792584,14.706606335507303,9.274619429355102,0
58786,SYNID0200689353,0.13028765820419574,14.70662365109116,9.274474565004642,0
60421,SYNID0200880065,0.13029918675934227,14.707084538129823,9.270618726123415,0
60130,SYNID0200845460,0.130303505810607,14.707257208285494,9.269174145903081,0
58305,SYNID0200631159,0.1303087475526004,14.70746676914828,9.267420933391278,0
59221,SYNID0200739720,0.13031366290786395,14.707663284017118,9.26577686530421,0
53770,SYNID0200080336,0.13031891847143856,14.707873403233037,9.264018981539934,0
55877,SYNID0200339926,0.13033241792087785,14.708413129495439,9.259503563805838,0
55037,SYNID0200236590,0.13033973377211833,14.708705635366353,9.25705642293304,0
59843,SYNID0200809779,0.1303435640055824,14.70885877990541,9.255775196474902,0
61115,SYNID0200963307,0.1303504480554879,14.709134029426927,9.253472424389631,0
56516,SYNID0200418596,0.13035546738748804,14.70933472393016,9.251793388955987,0
60747,SYNID0200917808,0.13036322724721444,14.709645001894124,9.249197564519474,0
58495,SYNID0200655172,0.1303674878200189,14.70981536365279,9.247772296638557,0
57064,SYNID0200483509,0.13036833338936227,14.7098491745233,9.247489430647127,0
55326,SYNID0200272866,0.13037565822705888,14.710142068155262,9.245039045716673,0
57577,SYNID0200544052,0.1303783465913469,14.710249567526372,9.244139692469444,0
55054,SYNID0200239837,0.13038891826706267,14.710672303716278,9.240603028383,0
58975,SYNID0200712621,0.13039332392345498,14.710848479015453,9.239129123691658,0
53884,SYNID0200096105,0.13039621868921458,14.710964237307735,9.238160675272066,0
55787,SYNID0200328282,0.1303996920179855,14.711103132853754,9.236998657680239,0
57963,SYNID0200590931,0.13040394600546218,14.711273248074328,9.235575452367984,0
60400,SYNID0200878236,0.13040711336635918,14.711399910813748,9.234515775973339,0
59606,SYNID0200782800,0.13042125079359113,14.711965279662403,9.22978582914038,0
58753,SYNID0200684919,0.13042389865519866,14.712071172512575,9.228899916249178,0
57003,SYNID0200474895,0.13042992140649506,14.712312036226987,9.22688482014713,0
56746,SYNID0200446339,0.13045092122313628,14.713151898030493,9.219858430760674,0
59979,SYNID0200825767,0.13045812484954933,14.713440009190734,9.217448056589605,0
54476,SYNID0200168564,0.13046122045434672,14.713563820541733,9.216412235268823,0
58470,SYNID0200652197,0.13046440284908722,14.713691104211634,9.215347364091764,0
58042,SYNID0200600469,0.1304658784217751,14.713750121871586,9.21485361493235,0
57106,SYNID0200488190,0.1304722568658948,14.714005239663894,9.21271926742342,0
57827,SYNID0200573575,0.13047509949325847,14.714118937276046,9.211768058912718,0
55250,SYNID0200262362,0.13050096619042884,14.715153577268415,9.203112130722113,0
55758,SYNID0200324489,0.13050712783991825,14.715400047284916,9.20105013159228,0
56114,SYNID0200368186,0.13050752631087492,14.715415986525745,9.20091678190056,0
55178,SYNID0200253246,0.1305089557717526,14.71547316654642,9.20043840666226,0
58296,SYNID0200630002,0.13051754697923929,14.715816829035425,9.197563283094091,0
59398,SYNID0200758741,0.130520917995748,14.715951677446332,9.196435124343171,0
56822,SYNID0200453804,0.13052198136688342,14.715994214991886,9.196079249891731,0
58303,SYNID0200631062,0.13052266062975315,14.716021387295555,9.195851922984733,0
59651,SYNID0200787025,0.1305274654444083,14.716213593961971,9.19424389786052,0
57830,SYNID0200574007,0.13052945380277436,14.716293134854592,9.193578448757622,0
61051,SYNID0200956574,0.13055121600167807,14.717163722568586,9.186295002542966,0
60257,SYNID0200859695,0.13055837140774995,14.717449982814538,9.183900113353417,0
61007,SYNID0200951025,0.13057089200544608,14.717950897058326,9.179709401844239,0
58350,SYNID0200636604,0.13058187594569148,14.718390347896674,9.176032900908538,0
58111,SYNID0200608423,0.13058992060407304,14.718712210802074,9.173340155396193,0
61056,SYNID0200957373,0.1306022075206958,14.719203817943914,9.169227308271456,0
58149,SYNID0200612625,0.13060281614809066,14.71922816992788,9.16902357651348,0
57537,SYNID0200538473,0.13060352162392208,14.719256396995606,9.168787425317815,0
59348,SYNID0200753213,0.13063771646962696,14.720624644895778,9.157340491448862,0
59904,SYNID0200816975,0.1306515066282004,14.721176470200358,9.152723851607536,0
57453,SYNID0200528443,0.13065421201172145,14.721284730915043,9.151818128864253,0
60239,SYNID0200857642,0.13066462187481204,14.721701307425814,9.148332997427522,0
60581,SYNID0200899717,0.1306733088673132,14.722048947980884,9.145424592858763,0
60908,SYNID0200937527,0.13067689606104482,14.722192504538825,9.144223580655487,0
56179,SYNID0200377163,0.13067995421932843,14.722314890632077,9.143199683220116,0
54641,SYNID0200187823,0.1306824298876565,14.72241396648647,9.14237080217224,0
60422,SYNID0200880177,0.1306824860675504,14.722416214804634,9.14235199245994,0
57118,SYNID0200489078,0.1306901857105935,14.722724357591547,9.139774031182935,0
54104,SYNID0200120549,0.1306920879267821,14.72280048603208,9.13913713108302,0
60965,SYNID0200944290,0.1307079598973956,14.723435712173016,9.133822749364452,0
54984,SYNID0200228901,0.13071283877012824,14.723630979329613,9.132189119794809,0
58639,SYNID0200671703,0.13072632739635587,14.724170848134841,9.127672509529505,0
56659,SYNID0200437008,0.13073111763889056,14.724362577557532,9.12606847708628,0
59460,SYNID0200765358,0.1307317264253418,14.724386944408955,9.1258646209453,0
56034,SYNID0200358738,0.1307355017189581,14.724538052510207,9.124600431581742,0
56856,SYNID0200457763,0.1307409274330431,14.724755222259404,9.122783562170088,0
60551,SYNID0200896286,0.13074292482228722,14.724835170608028,9.12211470423907,0
55152,SYNID0200250539,0.13075914239608882,14.725484318102852,9.116683854724483,0
55035,SYNID0200236225,0.13076499437730577,14.7257185647615,9.114724117742456,0
60776,SYNID0200920366,0.13077165718169836,14.725985272062546,9.112492810947037,0
54804,SYNID0200207391,0.13077489462631892,14.72611486639583,9.111408608469763,0
54781,SYNID0200204206,0.13078189608625707,14.726395137479956,9.109063825360664,0
53716,SYNID0200073448,0.13078388065570828,14.726474581510935,9.108399186614458,0
58645,SYNID0200672275,0.13078434609734324,14.72649321360382,9.108243308184038,0
58982,SYNID0200713118,0.13078731746592592,14.726612161005466,9.107248179274762,0
60533,SYNID0200893443,0.13079020925787221,14.726727923779324,9.10627969336173,0
55664,SYNID0200313032,0.130798861076947,14.7270742745027,9.103382079686995,0
53457,SYNID0200044322,0.13080243003406183,14.727217149813178,9.102186766885623,0
56749,SYNID0200446717,0.13080870256882582,14.727468260226603,9.10008594561197,0
57322,SYNID0200513510,0.1308127220687224,14.727629176409234,9.098739700607117,0
56076,SYNID0200363123,0.13082102537753149,14.727961595638083,9.095958639566248,0
61122,SYNID0200963949,0.13082640766973758,14.728177077276628,9.09415589310042,0
53645,SYNID0200064656,0.13084123529617353,14.728770721875467,9.089189387788267,0
60765,SYNID0200919083,0.13084130667077565,14.728773579514364,9.089165480422157,0
61053,SYNID0200956661,0.1308459709714575,14.728960326230425,9.087603133928713,0
57192,SYNID0200497614,0.13085529208173607,14.729333526807908,9.084480891000513,0
53499,SYNID0200048210,0.1308555532258897,14.729343982688263,9.084393415791581,0
60977,SYNID0200945617,0.13085725942445697,14.7294122968947,9.083821890556054,0
60404,SYNID0200878654,0.13086267104400123,14.729628973936888,9.082009143193126,0
58707,SYNID0200680633,0.13087345365883957,14.730060710928054,9.078397177272313,0
57043,SYNID0200481199,0.13089693316366718,14.731000876313907,9.070531635511648,0
57683,SYNID0200557085,0.13090533595145748,14.731337354935464,9.067716613081267,0
59286,SYNID0200746894,0.13090572539031392,14.731352949689681,9.067586145407825,0
59546,SYNID0200775298,0.1309065625382369,14.731386472635783,9.067305688228199,0
56501,SYNID0200416409,0.13090906222969567,14.73148657131432,9.06646825010501,0
55749,SYNID0200323236,0.130915705683827,14.731752607834135,9.064242555149683,0
57543,SYNID0200539140,0.13092134807181166,14.731978560511296,9.062352206658986,0
53711,SYNID0200072894,0.1309242742637935,14.732095742915101,9.061371843943434,0
53434,SYNID0200041436,0.13093315852703424,14.732451528176837,9.058395299735222,0
57672,SYNID0200555829,0.1309335841052281,14.73246857138624,9.058252714103677,0
59007,SYNID0200715391,0.13093451296056519,14.732505769497646,9.05794151002931,0
56735,SYNID0200445432,0.13093480459569562,14.732517448704916,9.057843800313636,0
53864,SYNID0200093306,0.13094103820701558,14.73276709037931,9.055755266695309,0
54383,SYNID0200156799,0.1309428803120813,14.732840863221535,9.055138073826841,0
57465,SYNID0200529142,0.13095101796495368,14.733166765315636,9.052411535954242,0
53800,SYNID0200084090,0.1309623153057145,14.733619220589654,9.048626238275581,0
54235,SYNID0200137667,0.13096897537512076,14.733885960958759,9.04639465482866,0
58073,SYNID0200604188,0.13096968837547318,14.733914517399462,9.046155748057283,0
57599,SYNID0200546808,0.13097448121579258,14.73410647730655,9.044549787352608,0
60115,SYNID0200843218,0.130978196141865,14.734255266967073,9.043304994355527,0
60818,SYNID0200926410,0.1309873963686083,14.734623759513667,9.040222139405396,0
59921,SYNID0200819380,0.13098754351150577,14.734629653036647,9.040172833451543,0
56616,SYNID0200431313,0.13099606599723163,14.734971008660107,9.037317009410417,0
57677,SYNID0200556702,0.1309964422588944,14.734986079448994,9.037190925296779,0
55149,SYNID0200250290,0.13100254320444665,14.735230448935738,9.035146499462831,0
60215,SYNID0200854854,0.13100273809696783,14.735238255298087,9.035081190454441,0
55406,SYNID0200281819,0.13101018917854923,14.735536709261403,9.03258428709317,0
54001,SYNID0200108095,0.1310104308143744,14.735546388114154,9.032503312594786,0
54878,SYNID0200217137,0.1310236801524421,14.736077107168212,9.028063250297569,0
60360,SYNID0200872820,0.13103762648848444,14.736635765948684,9.023389440738239,0
57365,SYNID0200519372,0.1310517333834056,14.737200877838976,9.018661643651226,0
57439,SYNID0200527021,0.131058267134046,14.737462622431128,9.01647185550205,0
58337,SYNID0200635226,0.13106524726711033,14.737742254398063,9.01413241932768,0
57998,SYNID0200595408,0.13106595307626978,14.737770530199908,9.013895860416266,0
56882,SYNID0200461292,0.13108564999871491,14.738559641065349,9.0072940597551,0
55884,SYNID0200340598,0.13108631127894355,14.738586134433186,9.007072412910578,0
55088,SYNID0200242448,0.1311141485685981,14.739701443813283,8.997741594485198,0
58144,SYNID0200612182,0.13111423683314843,14.739704980292883,8.997712007852465,0
59518,SYNID0200772740,0.13113151194256822,14.740397155234165,8.991921185313945,0
61379,SYNID0200996077,0.13113719879195812,14.740625021643796,8.990014826296932,0
56371,SYNID0200399634,0.1311408728141601,14.740772237934156,8.988783196312367,0
55937,SYNID0200348827,0.13114447267986645,14.740916484231908,8.987576413659138,0
57523,SYNID0200537111,0.13116223503133473,14.74162824068154,8.981621769761105,0
59229,SYNID0200740570,0.1311710805293988,14.741982702048915,8.978656301419507,0
59111,SYNID0200726881,0.1311802055527182,14.742348373604937,8.975597047230988,0
56866,SYNID0200459231,0.131191664549354,14.742807588438142,8.971755198230735,0
56243,SYNID0200384891,0.13120168265180615,14.743209071687124,8.96839633891875,0
57656,SYNID0200553806,0.131205841722151,14.743375752870278,8.96700186319508,0
58807,SYNID0200692773,0.13120989793049742,14.743538313510188,8.965641860453966,0
60933,SYNID0200940008,0.1312221167357761,14.744028017308597,8.961544936939559,0
54908,SYNID0200220613,0.13122439684768894,14.744119401154139,8.960780408204306,0
53784,SYNID0200082487,0.13124244547011765,14.744842785816369,8.954728481218465,0
58170,SYNID0200616089,0.1312488866210172,14.745100954244833,8.952568611704104,0
59633,SYNID0200785301,0.1312492921731248,14.745117209371275,8.952432619273642,0
58922,SYNID0200706600,0.13127336117165683,14.746081962337348,8.944361374727139,0
60384,SYNID0200875060,0.13129495639712074,14.746947613141405,8.9371192313214,0
61098,SYNID0200960839,0.13129819092526573,14.747077274495172,8.93603446814234,0
55271,SYNID0200264271,0.13130094594726022,14.747187714957265,8.935110509358335,0
58554,SYNID0200660877,0.13130177307877455,14.747220872307949,8.934833110795925,0
54254,SYNID0200139867,0.1313058682695174,14.747385037957104,8.933459680345779,0
59823,SYNID0200807212,0.13130851934071636,14.747491313545568,8.93257056541793,0
55441,SYNID0200284989,0.13131263709941382,14.747656386911398,8.931189540896046,0
57115,SYNID0200488932,0.13131403149894594,14.747712286239567,8.930721880092173,0
56060,SYNID0200361513,0.1313141461977651,14.747716884347863,8.93068341174037,0
55082,SYNID0200241893,0.131315710725264,14.747779604115209,8.930158690285294,0
60405,SYNID0200878655,0.13131969526666265,14.747939340131605,8.928822318699448,0
58396,SYNID0200642440,0.13132172066078257,14.748020536684216,8.928143018137025,0
56170,SYNID0200376504,0.13132372150507632,14.748100749490439,8.92747194772049,0
54652,SYNID0200189954,0.13132491070693741,14.748148424180282,8.927073095274396,0
53875,SYNID0200094936,0.13133700720873587,14.74863337747674,8.923015915056265,0
59505,SYNID0200771672,0.13133871051407198,14.74870166490489,8.922444613851233,0
58671,SYNID0200674751,0.13133942908202717,14.748730473197654,8.922203600053901,0
57541,SYNID0200538929,0.1313596908791423,14.749542817234047,8.915407427765032,0
53933,SYNID0200101076,0.13136062419474248,14.74958023717035,8.915094367875653,0
55623,SYNID0200308177,0.13136146370986462,14.74961389639337,8.914812770586222,0
57759,SYNID0200566859,0.1313656360199693,14.749781180659351,8.91341324939583,0
58021,SYNID0200597951,0.13138447277574866,14.750536443602178,8.907094624708623,0
61320,SYNID0200988763,0.13138966068380797,14.750744460441183,8.905354329693804,0
55721,SYNID0200319161,0.13139578219922043,14.75098991541187,8.903300822564775,0
61249,SYNID0200980954,0.13140486721258704,14.75135420554883,8.900253125501711,0
54420,SYNID0200161495,0.1314095134172084,14.751540512159087,8.898694460988722,0
56956,SYNID0200469544,0.13141660992111337,14.751825077036356,8.896313755466634,0
53484,SYNID0200046628,0.13141715599119175,14.75184697429421,8.896130560255799,0
61055,SYNID0200956829,0.1314207741680367,14.751992062996246,8.894916729942482,0
59358,SYNID0200754801,0.13142142718885536,14.752018249248609,8.894697652464611,0
58540,SYNID0200659642,0.1314355756330523,14.752585615799694,8.889950992602081,0
54887,SYNID0200218387,0.13143697462767573,14.752641718045629,8.8894816341627,0
61232,SYNID0200978585,0.13143782644137908,14.752675877439096,8.889195852384447,0
55135,SYNID0200248566,0.13143816328821678,14.75268938567708,8.889082840768003,0
55972,SYNID0200352195,0.13144357002747115,14.752906208521992,8.887268873601183,0
57721,SYNID0200561031,0.13144516173323012,14.752970040238553,8.886734849439225,0
55432,SYNID0200284396,0.1314494254766741,14.753141029269344,8.8853043337209,0
56959,SYNID0200469964,0.1314565315992795,14.75342601071246,8.882920143156593,0
58765,SYNID0200686337,0.13145899102068748,14.753524643764097,8.882094966652199,0
60232,SYNID0200856688,0.13147365290959862,14.754112660292726,8.87717554648264,0
59861,SYNID0200811771,0.131475367959474,14.754181444068681,8.876600092769527,0
61218,SYNID0200975652,0.131481676687156,14.754434464602786,8.874483291186241,0
54948,SYNID0200224400,0.13148836222080534,14.754702602205723,8.872240018305478,0
53394,SYNID0200036529,0.13148954382847539,14.754749993610332,8.87184353585927,0
55114,SYNID0200245884,0.1314937355741012,14.754918115539736,8.870437006671395,0
56799,SYNID0200450996,0.13149493242050475,14.754966118833757,8.870035405081467,0
60783,SYNID0200921828,0.13150755876445192,14.755472547618051,8.86579855823344,0
59004,SYNID0200714978,0.13150785569942897,14.755484457562606,8.865698918140675,0
54702,SYNID0200195273,0.131507916603398,14.755486900397916,8.865678481073502,0
55957,SYNID0200350675,0.13150916827741216,14.755537104661638,8.865258465894454,0
55017,SYNID0200234048,0.13151784301114872,14.75588505027789,8.862347509145518,0
57505,SYNID0200534129,0.1315278908749652,14.756288082704456,8.858975689219173,0
58984,SYNID0200713264,0.131537857587761,14.756687870919398,8.855631010774967,0
57540,SYNID0200538827,0.13156464987763555,14.75776262608498,8.846639474004325,0
54419,SYNID0200161482,0.1315689139027555,14.757933681869737,8.84520839981393,0
54490,SYNID0200169657,0.13157224741733847,14.75806741063922,8.844089608123873,0
56779,SYNID0200448793,0.13157660820540096,14.758242351800126,8.842626028388345,0
56738,SYNID0200445639,0.13159785481055775,14.759094728685975,8.835494936250354,0
54344,SYNID0200151980,0.13161886554981123,14.759937691385929,8.828442604374565,0
60674,SYNID0200909549,0.131619440079636,14.759960742521605,8.828249755676843,0
60480,SYNID0200887365,0.13162167396398805,14.760050370188168,8.827499919355642,0
55967,SYNID0200351820,0.13163086552433,14.760419158697989,8.824414588339957,0
54755,SYNID0200201647,0.1316459387654894,14.761023954948632,8.819354786907429,0
59537,SYNID0200774542,0.13164797489113483,14.76110565401668,8.81867128223771,0
53652,SYNID0200065389,0.13164822724780362,14.761115779800786,8.818586568655473,0
56101,SYNID0200366437,0.13165049168703336,14.761206640490967,8.817826416703712,0
60545,SYNID0200895639,0.1316508041030724,14.761219176237498,8.817721541072975,0
54889,SYNID0200218589,0.13165555409642427,14.761409771835762,8.816126994347373,0
57350,SYNID0200517258,0.13166579296488135,14.76182061935082,8.812689792408657,0
58147,SYNID0200612569,0.13167816351512046,14.762317018521903,8.808536854565096,0
57626,SYNID0200549975,0.13168229581230861,14.762482840964184,8.807149563175475,0
56973,SYNID0200471254,0.1316865224747914,14.762652452058669,8.805730575445425,0
59334,SYNID0200752189,0.1316935365559358,14.76293392334689,8.803375751278042,0
57364,SYNID0200519321,0.1316955915034702,14.763016388296908,8.802685839143543,0
60696,SYNID0200912003,0.13170922409689872,14.763563475295351,8.798108840566766,0
56582,SYNID0200427448,0.13171203473870874,14.76367627114201,8.797165176339528,0
57870,SYNID0200578520,0.13171507216117545,14.763798169050784,8.796145363116848,0
58224,SYNID0200621808,0.13172057960796063,14.764019196596816,8.794296218892084,0
59561,SYNID0200777374,0.13172447439065582,14.764175505914714,8.79298851549648,0
57797,SYNID0200570211,0.1317485894169046,14.76514335109357,8.784891401109252,0
58583,SYNID0200664527,0.1317552371957333,14.765410167698471,8.78265917986406,0
58265,SYNID0200626569,0.13177499320400726,14.7662031272981,8.776025180209047,0
54601,SYNID0200183254,0.13177507588259207,14.766206445910983,8.775997416276638,0
58479,SYNID0200653793,0.13179038350619915,14.76682088722834,8.770856923004,0
56704,SYNID0200441974,0.1317910353470807,14.766847052403294,8.770638021862375,0
55655,SYNID0200312013,0.13180501857713228,14.767408356461384,8.765942081578082,0
54248,SYNID0200139252,0.1318057953196175,14.767439536485329,8.765681225579613,0
56184,SYNID0200377781,0.13181816975517008,14.767936280380455,8.761525403731385,0
60078,SYNID0200838666,0.13182564602681607,14.768236406588144,8.759014510163555,0
57703,SYNID0200559217,0.13183550200648259,14.768632072712661,8.755704317645819,0
57931,SYNID0200586783,0.13183699898073648,14.768692169339669,8.755201541712454,0
56667,SYNID0200437545,0.13185110969232844,14.769258661478428,8.750462197293318,0
54471,SYNID0200167774,0.13185561539131524,14.769439552964627,8.748948836388681,0
58738,SYNID0200683815,0.1318614045860334,14.76967197654241,8.74700435153023,0
55752,SYNID0200323689,0.1318620667201606,14.76969856002055,8.746781950811599,0
53768,SYNID0200080216,0.13187317692739975,14.770144621719542,8.74305014258504,0
55111,SYNID0200245347,0.13188603480130645,14.770660866976824,8.738731169890436,0
57156,SYNID0200493713,0.13188832468158168,14.770752807849993,8.73796198099207,0
54093,SYNID0200119252,0.13189459706393936,14.771004652902333,8.73585501363696,0
58518,SYNID0200657124,0.13190808757588512,14.771546330641113,8.731323269606273,0
60981,SYNID0200946353,0.13192927946298372,14.772397277910102,8.72420413782259,0
60345,SYNID0200871149,0.13193164629253668,14.772492319545142,8.723409007560745,0
61073,SYNID0200958961,0.13194596006362835,14.773067111689965,8.718600224247918,0
60707,SYNID0200913117,0.1319468354167006,14.773102263604068,8.718306138917264,0
56905,SYNID0200463908,0.1319516042380045,14.773293768595055,8.716703984097862,0
54863,SYNID0200215635,0.13195443356709174,14.773407389173334,8.715753420062244,0
58600,SYNID0200666559,0.13195469133861504,14.773417740840273,8.715666816715839,0
56397,SYNID0200402770,0.13195601860132572,14.773471041573151,8.715220896086716,0
56075,SYNID0200363029,0.13197274380606822,14.774142715332152,8.709601589015358,0
58832,SYNID0200696931,0.13197581200004493,14.774265935396205,8.708570714475483,0
57903,SYNID0200582577,0.13197653990478758,14.77429516853214,8.708326146386758,0
53555,SYNID0200055833,0.1319788665422732,14.774388608220272,8.707544418214063,0
60323,SYNID0200867542,0.1319789847044654,14.774393353727525,8.707504716704072,0
57746,SYNID0200565080,0.13198004901197863,14.774436097409263,8.707147117691417,0
54871,SYNID0200216368,0.13198541841019784,14.774651739835814,8.705343026052937,0
57135,SYNID0200491433,0.13199531763286665,14.775049314497652,8.702016866472151,0
54240,SYNID0200137964,0.13200744333475345,14.775536324059367,8.697942483280485,0
58887,SYNID0200702318,0.1320170785549783,14.7759233188219,8.694704836466782,0
54777,SYNID0200203860,0.13203731104671962,14.776735981731939,8.687905996440925,0
58101,SYNID0200607223,0.13205096091669544,14.77728427078705,8.683318941307029,0
55657,SYNID0200312500,0.13205759208518036,14.777550639427261,8.68109046779072,0
54387,SYNID0200157104,0.13208007995272286,14.778453994506906,8.673532885677416,0
59043,SYNID0200718704,0.13208242302182788,14.778548120586184,8.672745415070171,0
57058,SYNID0200482839,0.13209612476896898,14.779098560971038,8.668140361641274,0
55388,SYNID0200280563,0.13212081920565522,14.78009066252027,8.659840315411426,0
60245,SYNID0200858803,0.13213242814944415,14.780557076050883,8.655938241204064,0
53565,SYNID0200056890,0.13213680570669245,14.78073295736561,8.654466796023542,0
58514,SYNID0200656743,0.13213773614802377,14.780770340868784,8.654154040938323,0
57438,SYNID0200527005,0.13214100394021933,14.780901635785389,8.653055611167272,0
57084,SYNID0200485484,0.13214705349688088,14.781144700842432,8.651022098356131,0
59389,SYNID0200757795,0.13215820571685433,14.781592796218154,8.64727327613448,0
60812,SYNID0200925472,0.1321589031444877,14.781620819260365,8.647038831841947,0
54901,SYNID0200219614,0.13216404878969307,14.781827575877347,8.645309080002917,0
58991,SYNID0200713821,0.13216790131343042,14.781982375612976,8.644014005962264,0
55328,SYNID0200272952,0.13217137905752113,14.782122117576112,8.642844907138493,0
57757,SYNID0200566544,0.13217949136506224,14.782448089704022,8.640117783354228,0
60393,SYNID0200876694,0.13218356347420362,14.782611719603512,8.63874883505311,0
55109,SYNID0200245116,0.13219165566547803,14.782936894173915,8.636028383735194,0
59459,SYNID0200765169,0.13220330905814803,14.783405183731588,8.632110614449706,0
56077,SYNID0200363132,0.1322037862785438,14.783424361066439,8.631950174456481,0
56713,SYNID0200443124,0.13220411190874026,14.783437446689321,8.63184069849109,0
61223,SYNID0200976232,0.13220473148668233,14.783462344790916,8.631632397844424,0
55373,SYNID0200278999,0.13220896623649964,14.78363252180955,8.630208675521821,0
56596,SYNID0200429442,0.1322333603759307,14.784612859179179,8.622007049896807,0
60515,SYNID0200891660,0.13223944964076662,14.784857581125205,8.619959675344225,0
58731,SYNID0200682518,0.13224561690233572,14.785105441818365,8.61788604163869,0
58675,SYNID0200675037,0.13225012057163166,14.785286445782006,8.61637173973364,0
55390,SYNID0200280671,0.13225671643206344,14.78555153960228,8.614153931521129,0
61362,SYNID0200994231,0.13227571640983532,14.786315193114406,8.6077651102768,0
55213,SYNID0200256485,0.13227573984061813,14.786316134876685,8.607757231375246,0
59939,SYNID0200821146,0.13227841461809575,14.786423643610009,8.606857799802537,0
56505,SYNID0200416890,0.13227952426938577,14.786468244635513,8.606484662018532,0
56689,SYNID0200440428,0.13228064201620404,14.78651317118657,8.606108800846869,0
55610,SYNID0200306234,0.13228085188697436,14.78652160671664,8.606038228142276,0
58664,SYNID0200674036,0.1322869302601335,14.786765922482548,8.603994251743597,0
59217,SYNID0200739490,0.13228770872834084,14.786797212734825,8.603732473561065,0
53176,SYNID0200010153,0.13230424330715762,14.787461829886425,8.598172202953968,0
58697,SYNID0200679363,0.13231241237995134,14.787790201617991,8.595425003783996,0
58000,SYNID0200595822,0.13233306427421176,14.78862037711531,8.588479651252289,0
57455,SYNID0200528553,0.13233804491950635,14.78882059864293,8.586804572792072,0
55814,SYNID0200331619,0.1323431461102772,14.789025668900342,8.585088929249117,0
56407,SYNID0200404279,0.13234716818198045,14.78918736007212,8.583736200587676,0
57993,SYNID0200594668,0.13234807622272643,14.78922386443293,8.583430800517943,0
56480,SYNID0200414006,0.13235198999230752,14.789381203841357,8.58211447925552,0
59590,SYNID0200780760,0.1323550135127331,14.789502755045012,8.58109756661143,0
57874,SYNID0200578726,0.13235889351599045,14.78965873993273,8.579792577439505,0
59474,SYNID0200767210,0.13236801727024927,14.790025541932337,8.57672386581788,0
54134,SYNID0200125313,0.13238009510592585,14.790511120774042,8.572661452209596,0
55921,SYNID0200346749,0.13238148581476117,14.790567034033169,8.572193674857587,0
57640,SYNID0200552067,0.13238745190407641,14.790806902240849,8.570186907289933,0
55971,SYNID0200352152,0.13239211838187592,14.79099452193516,8.568617257350741,0
55943,SYNID0200349211,0.13239336190965906,14.791044519425345,8.568198972065112,0
53751,SYNID0200077759,0.13240704944520343,14.791594853990965,8.563594803933238,0
53169,SYNID0200009137,0.13240744305831398,14.791610680291354,8.563462399115418,0
59464,SYNID0200765611,0.132407708334018,14.791621346442021,8.563373164758625,0
58491,SYNID0200654826,0.1324106861157866,14.791741077003913,8.56237148383232,0
60566,SYNID0200898009,0.13241385250964094,14.791868392339028,8.561306347740082,0
56182,SYNID0200377359,0.13242739679764243,14.792412997603586,8.556750111660861,0
53749,SYNID0200077704,0.13243019178178345,14.792525384235415,8.555809870976317,0
59974,SYNID0200825123,0.13243299999052954,14.792638303490783,8.5548651742963,0
53254,SYNID0200018872,0.13243426218234605,14.792689057035872,8.554440563760313,0
61034,SYNID0200954804,0.13245036322370868,14.79333650556145,8.549023928035936,0
56000,SYNID0200355137,0.1324505107802102,14.79334243917462,8.548974286682554,0
58885,SYNID0200702169,0.13245508810251794,14.793526505848815,8.547434361756123,0
56609,SYNID0200430869,0.13247178082242206,14.794197785286402,8.541818353627262,0
61069,SYNID0200958348,0.13247446310301175,14.794305653103988,8.540915917910507,0
53839,SYNID0200090133,0.1324823399993028,14.794622426755977,8.5382657497317,0
60453,SYNID0200883943,0.13250094229875659,14.79537055525781,8.532006812674398,0
60769,SYNID0200919426,0.13251650587172875,14.7959965044214,8.526770043314091,0
53370,SYNID0200033825,0.13252106950952125,14.796180053757597,8.525234446502349,0
53920,SYNID0200099634,0.13252748010417564,14.79643789147758,8.523077343736695,0
60476,SYNID0200886543,0.13252839605922478,14.796474732071712,8.52276913069675,0
56748,SYNID0200446607,0.13253061787367476,14.79656409597,8.522021501094057,0
60320,SYNID0200866972,0.13254618371699184,14.79719018700417,8.516783544826623,0
59526,SYNID0200773355,0.13255206292138,14.7974266678997,8.514805115938096,0
59611,SYNID0200783169,0.13255365191163315,14.797490582952124,8.514270394577839,0
57474,SYNID0200530767,0.13255922292165317,14.797714671719175,8.512395639793347,0
54615,SYNID0200184764,0.13257035193636946,14.798162336299093,8.508650421663544,0
61246,SYNID0200980603,0.13257250174785196,14.798248814021434,8.507926938171517,0
58066,SYNID0200603242,0.13257444722412182,14.798327072648132,8.507272216666472,0
59479,SYNID0200767823,0.13260062000376532,14.799379937800465,8.49846381449738,0
55800,SYNID0200330035,0.13262209023838673,14.800243687385986,8.491237576924826,0
54198,SYNID0200132755,0.1326228615508111,14.800274718297636,8.490977968418578,0
54150,SYNID0200127369,0.13262495149991227,14.800358800021735,8.49027453014891,0
56181,SYNID0200377317,0.13262871128624687,14.800510062956308,8.48900904543034,0
55210,SYNID0200256171,0.13262932238617903,14.800534648746755,8.488803357617991,0
55312,SYNID0200270131,0.1326302867568524,14.80057344741925,8.488478763048391,0
58437,SYNID0200647287,0.1326309343750669,14.800599502527339,8.488260782739987,0
60107,SYNID0200842073,0.13263135966662126,14.800616612968877,8.48811763463596,0
56654,SYNID0200435990,0.1326380713955566,14.800886643633591,8.48585852416248,0
54619,SYNID0200185062,0.13264053473575432,14.80098575158387,8.485029374596408,0
58139,SYNID0200611492,0.13264502802630046,14.801166532554749,8.483516938276825,0
58764,SYNID0200686030,0.1326537648548582,14.801518052398583,8.480576079090774,0
58525,SYNID0200657746,0.13265440826219682,14.801543939748134,8.480359502271384,0
56404,SYNID0200404057,0.13265588359607228,14.801603299645958,8.479862889906942,0
58113,SYNID0200608559,0.13266201337043776,14.80184993300307,8.47779952424903,0
54707,SYNID0200195508,0.1326685406191998,14.802112563389361,8.475602325434773,0
54617,SYNID0200184837,0.13267180670028356,14.802243979182201,8.47450288439796,0
55627,SYNID0200308514,0.13267219832140598,14.802259736738494,8.47437105470189,0
57565,SYNID0200542009,0.13268050078398902,14.802593804699278,8.47157620016249,0
55953,SYNID0200350193,0.13268692644749952,14.802852360678294,8.469413088351496,0
61196,SYNID0200973468,0.13268836166955628,14.802910111790565,8.468929935289127,0
58732,SYNID0200682787,0.13268853688199617,14.80291716208318,8.468870951655184,0
58275,SYNID0200628431,0.13271080678423824,14.803813297795777,8.461373767673797,0
53895,SYNID0200097314,0.13271266407720622,14.803888037289717,8.460748487675628,0
57688,SYNID0200557405,0.13271672719601874,14.804051542938335,8.45938057887291,0
55983,SYNID0200353548,0.1327401776457101,14.80499525755386,8.451485343810782,0
58502,SYNID0200655473,0.13274221495923427,14.805077247847844,8.45079940270831,0
55303,SYNID0200268801,0.1327433236441627,14.805121866308124,8.450426119062781,0
58771,SYNID0200687998,0.13274358119697066,14.805132231408985,8.450339403326467,0
58466,SYNID0200650736,0.13274398317733638,14.805148408948687,8.450204059996425,0
55829,SYNID0200333288,0.13275082701484403,14.80542383918024,8.44789977606829,0
58197,SYNID0200618332,0.13275688499269717,14.805667646773577,8.44586005110518,0
60281,SYNID0200862053,0.13275816486291853,14.80571915656834,8.445429113689407,0
58669,SYNID0200674592,0.13276579369125607,14.806026190939276,8.44286042555973,0
60605,SYNID0200902460,0.13277459462772867,14.806380406596205,8.439897012862597,0
56833,SYNID0200455008,0.13277486557765256,14.806391311786925,8.439805778666676,0
54460,SYNID0200165689,0.1327749965772717,14.806396584261604,8.439761668480939,0
59219,SYNID0200739521,0.1327784494864016,14.806535557679329,8.438598999404656,0
59906,SYNID0200817135,0.1327915905115154,14.80706447239063,8.434174032465657,0
58390,SYNID0200642008,0.1327918026246142,14.807073009911658,8.434102606491923,0
55976,SYNID0200353069,0.13279468845917985,14.807189164818427,8.43313083994568,0
58213,SYNID0200620440,0.1327976312632037,14.807307613687243,8.432139881824707,0
59301,SYNID0200748474,0.13280288479642893,14.807519072557,8.430370790348075,0
57535,SYNID0200538292,0.13280645229260707,14.80766266882611,8.429169445916163,0
54965,SYNID0200226977,0.13280806249576965,14.807727482013089,8.428627210649386,0
55762,SYNID0200324852,0.13280862434463586,14.807750097372546,8.42843800771027,0
57799,SYNID0200570496,0.1328126294949304,14.807911312393767,8.42708926258422,0
57136,SYNID0200491566,0.13282879824643135,14.808562153693938,8.421644242481275,0
59312,SYNID0200749372,0.13283008625289228,14.808614001093984,8.421210480617248,0
60560,SYNID0200897279,0.13283036177793756,14.808625092100197,8.421117691865575,0
60096,SYNID0200840433,0.1328444468463999,14.809192084609748,8.416374161281526,0
56450,SYNID0200410262,0.13285137069279884,14.809470811076318,8.414042300636993,0
57218,SYNID0200500413,0.13285290028014296,14.809532386876715,8.413527149753175,0
57289,SYNID0200508863,0.1328552712917071,14.809627835960363,8.412728610725095,0
58003,SYNID0200595968,0.13286987478379925,14.81021573784266,8.407810149701135,0
57831,SYNID0200574124,0.132870356099267,14.810235114857484,8.407648039160186,0
56648,SYNID0200435447,0.13288647017485838,14.810883857231058,8.4022205789409,0
54039,SYNID0200112517,0.13288794388203679,14.810943189160392,8.401724200564342,0
55641,SYNID0200310471,0.13288949214722712,14.811005523076044,8.401202707193034,0
54325,SYNID0200149972,0.13289535602506763,14.811241608056205,8.399227590582193,0
56951,SYNID0200469011,0.13289830783471696,14.811360451986607,8.398233327326343,0
60247,SYNID0200859055,0.13292768465109972,14.812543255240303,8.388337846673055,0
56319,SYNID0200394395,0.13294094576226706,14.813077220399009,8.383870627056444,0
56971,SYNID0200471097,0.13294234736618582,14.813133657796866,8.383398464693947,0
60485,SYNID0200888181,0.13294810251154215,14.813365398440821,8.38145969334574,0
54154,SYNID0200127790,0.13295590483959924,14.81367957815465,8.378831226379546,0
56071,SYNID0200362605,0.13297226637211906,14.814338436738835,8.373319132671075,0
59944,SYNID0200822124,0.13297608820480183,14.814492341423664,8.37203154673789,0
60859,SYNID0200931901,0.13298208444811532,14.814733812559997,8.370011368867713,0
60417,SYNID0200879714,0.13298703439654636,14.814933151952067,8.368343670464352,0
59200,SYNID0200737970,0.13299602508726688,14.815295222968654,8.365314538841195,0
56987,SYNID0200473199,0.13299968820616775,14.815442745788681,8.364080344390889,0
56869,SYNID0200459521,0.13301131414505646,14.815910960734021,8.360163199321569,0
57314,SYNID0200512824,0.1330136007233984,14.816003050539155,8.359392764439677,0
58485,SYNID0200654336,0.13301831283148985,14.816192828097053,8.357805061542557,0
55823,SYNID0200332396,0.13302610682241855,14.816506732137311,8.355178900896087,0
59935,SYNID0200820947,0.13302622300994815,14.816511411656236,8.355139751452745,0
56380,SYNID0200401437,0.13303216282742608,14.816750643161885,8.353138310614284,0
56399,SYNID0200403356,0.133039757839163,14.817056544750251,8.350579099485955,0
55018,SYNID0200234147,0.13304009040949627,14.81706993971205,8.3504670355523,0
56367,SYNID0200399024,0.13304183164170857,14.81714007165871,8.34988030287368,0
54649,SYNID0200188957,0.1330604212110017,14.817888828079317,8.343616112568974,0
60163,SYNID0200848630,0.13306312639987533,14.81799779167498,8.342704509435139,0
55927,SYNID0200348039,0.13307627592249033,14.818527459024601,8.338273245829397,0
55056,SYNID0200239923,0.13309985261231944,14.819477183829777,8.330327728765408,0
53763,SYNID0200078975,0.13310719850097114,14.819773106061223,8.327852006191105,0
56614,SYNID0200431177,0.13312793325055722,14.820608417957942,8.320863681896585,0
58440,SYNID0200647571,0.13313608936275073,14.820937004795914,8.31811468311937,0
56984,SYNID0200472811,0.13314544621801222,14.821313975195087,8.3149609013892,0
58313,SYNID0200632141,0.13317042943564178,14.822320549954291,8.306539770465992,0
58306,SYNID0200631174,0.13317042943564178,14.822320549954291,8.306539770465992,0
55468,SYNID0200287668,0.13318429011493876,14.822879026801731,8.30186748298124,0
57006,SYNID0200475297,0.13318498360384762,14.822906969529111,8.301633710612666,0
60087,SYNID0200839931,0.13318660669557825,14.822972368921054,8.301086571081484,0
56016,SYNID0200356468,0.13319271612262312,14.823218539249996,8.299027079175413,0
54930,SYNID0200222868,0.133203037656617,14.8236344395151,8.295547605294884,0
60378,SYNID0200874476,0.13320610487801926,14.823758033689865,8.294513600897757,0
60500,SYNID0200889646,0.13321085178359782,14.823949313043437,8.29291333378932,0
53379,SYNID0200035124,0.13321134137843,14.823969041696126,8.292748281401796,0
53731,SYNID0200075439,0.13321233790143427,14.824009197544973,8.29241233252429,0
56430,SYNID0200407637,0.13323109131008837,14.824764904453088,8.286089993567703,0
54004,SYNID0200108323,0.13323804491534047,14.82504512400047,8.283745641621499,0
53324,SYNID0200027770,0.13324244894385795,14.825222602292877,8.282260835925026,0
54800,SYNID0200206544,0.1332631183323254,14.826055588081772,8.275291972140874,0
61366,SYNID0200994336,0.13326356198215417,14.826073467887007,8.275142387443479,0
56482,SYNID0200414108,0.1332638901816624,14.826086694871623,8.275031728828042,0
56500,SYNID0200416298,0.1332789177999118,14.826692345495577,8.269964779601068,0
56835,SYNID0200455319,0.13328634598246297,14.826991729008355,8.267460099512169,0
57889,SYNID0200580723,0.1332891495775172,14.827104725941247,8.266514752972231,0
57748,SYNID0200565382,0.1332891495775172,14.827104725941247,8.266514752972231,0
58487,SYNID0200654396,0.13329242185627577,14.827236613934813,8.265411361444796,0
60213,SYNID0200854267,0.13330008976820862,14.82754567091922,8.26282575187668,0
55003,SYNID0200231355,0.13333668677029548,14.82902081068386,8.250484547237368,0
53929,SYNID0200100299,0.13335199978053952,14.829638086090403,8.245320343618456,0
57521,SYNID0200536595,0.13335516772613332,14.829765790843203,8.24425194960896,0
60773,SYNID0200919981,0.13336480419487234,14.830154258482784,8.241001980520778,0
60267,SYNID0200860982,0.13337583723866037,14.83059903772811,8.237280901462762,0
59682,SYNID0200790050,0.13339731181620307,14.831464788833804,8.230037918920896,0
57189,SYNID0200497293,0.13339753468875476,14.831473774243067,8.229962745857877,0
55530,SYNID0200294102,0.1334191353968326,14.832344662013877,8.222676789330208,0
53860,SYNID0200092834,0.13343228655456152,14.832874909693041,8.218240670614563,0
56551,SYNID0200422475,0.13345553015197886,14.833812125693386,8.210399803783686,0
54608,SYNID0200183948,0.13345590135322488,14.833827093555177,8.210274580771049,0
56357,SYNID0200398177,0.1334593997365437,14.833968158799356,8.209094411211781,0
59745,SYNID0200797714,0.13346551163339682,14.834214611931035,8.207032553342486,0
58977,SYNID0200712771,0.13347791429967848,14.834714743595788,8.202848388987839,0
55892,SYNID0200341631,0.13350665530528144,14.835873776135859,8.193151777111819,0
60071,SYNID0200837988,0.1335130161781128,14.836130302012322,8.19100564939389,0
55832,SYNID0200333667,0.13351428913725155,14.836181639363085,8.190576154666262,0
58962,SYNID0200711222,0.13351796212601047,14.83632976885045,8.18933688476079,0
60960,SYNID0200943437,0.1335406907170783,14.837246432646973,8.181667960249694,0
56327,SYNID0200395130,0.13354306527642756,14.837342203965761,8.180866725361957,0
58223,SYNID0200621698,0.13355645640778957,14.837882310027627,8.176348130177836,0
54092,SYNID0200119068,0.13357168899285476,14.838496711652029,8.17120796898142,0
53910,SYNID0200099069,0.13357241165412698,14.838525860606335,8.170964105166812,0
56540,SYNID0200421328,0.1335844687955361,14.839012200758244,8.166895322341695,0
55778,SYNID0200326750,0.13359466253282204,14.839423390616748,8.1634552563147,0
54368,SYNID0200154776,0.13361855192093613,14.84038707358533,8.155392963501662,0
58352,SYNID0200637026,0.13362919731043604,14.840816522175711,8.151800142629362,0
58343,SYNID0200635658,0.13363035024169506,14.840863033642135,8.151411021856546,0
57897,SYNID0200581279,0.13363357007644422,14.840992928749383,8.150324303066503,0
57470,SYNID0200530175,0.13363547616482402,14.841069825020737,8.149680979197438,0
53911,SYNID0200099071,0.13365369829699886,14.841804970635229,8.143530658607078,0
58415,SYNID0200644620,0.13367336700490823,14.842598517296127,8.13689174752371,0
55117,SYNID0200246489,0.13368832764353006,14.843202142405849,8.13184174400332,0
56657,SYNID0200436879,0.13369109908075244,14.843313965813255,8.130906215325073,0
58445,SYNID0200648114,0.13369279807537482,14.843382518160613,8.13033269777269,0
61048,SYNID0200956454,0.13369362229202925,14.843415774405363,8.130054471850057,0
59835,SYNID0200808697,0.13369965877357065,14.843659342145086,8.12801675353244,0
59741,SYNID0200797143,0.13370009997908416,14.843677144631375,8.127867815695078,0
55894,SYNID0200341956,0.13370214855515328,14.843759804231517,8.12717627509315,0
55408,SYNID0200281965,0.13370642739547384,14.843932456001747,8.125731848687712,0
57791,SYNID0200569666,0.13370877806641374,14.84402730674197,8.124938315475926,0
58811,SYNID0200693227,0.1337261055243491,14.844726497059074,8.119088801421714,0
60201,SYNID0200852672,0.13372644375964443,14.844740145717019,8.118974615034237,0
56228,SYNID0200382700,0.13374631920088975,14.845542192660433,8.11226458951917,0
53940,SYNID0200102442,0.13376640583876437,14.846352806384353,8.105482893241911,0
57592,SYNID0200545813,0.1337679320121989,14.846414398256655,8.104967607898494,0
56674,SYNID0200438647,0.13376865993277476,14.846443775081143,8.104721837693274,0
57013,SYNID0200475973,0.13377473326012418,14.846688879745315,8.102671261272597,0
59969,SYNID0200824732,0.13378270895189726,14.847010765367116,8.099978325711977,0
59490,SYNID0200769225,0.13378275680222895,14.847012696547875,8.099962169211071,0
56576,SYNID0200426616,0.13379960616509196,14.847692731877206,8.094272908191602,0
55978,SYNID0200353160,0.13381929631587264,14.848487460219523,8.087624111012993,0
58936,SYNID0200708131,0.13383386046722456,14.849075321905746,8.08270598627444,0
53675,SYNID0200068031,0.13383999304807154,14.849322861986618,8.080635034851614,0
59094,SYNID0200723588,0.13384210191826795,14.849407986958774,8.079922868637624,0
54312,SYNID0200147914,0.13386226288284908,14.850221813121873,8.073114296690488,0
59802,SYNID0200803879,0.1338625824416455,14.850234712930394,8.073006375271397,0
54573,SYNID0200179351,0.1338672773188937,14.85042423496182,8.07142081014085,0
56496,SYNID0200415787,0.13388887853352766,14.851296260551067,8.064125334481155,0
60451,SYNID0200883757,0.13389055151688867,14.851363799839817,8.063560292304373,0
57940,SYNID0200588351,0.13389675718050292,14.85161432870121,8.061464336368118,0
59089,SYNID0200723185,0.13389902105305557,14.851705724562908,8.060699707104202,0
59522,SYNID0200773160,0.13390384728174054,14.851900568393757,8.059069619130932,0
54664,SYNID0200191444,0.13392434208496928,14.85272801034417,8.052147135796151,0
58980,SYNID0200712900,0.13393089013589787,14.852992386249456,8.049935333750657,0
58175,SYNID0200616662,0.13393168185538468,14.853024352044578,8.04966790389181,0
59039,SYNID0200718506,0.13393949255404153,14.853339713900436,8.047029546976848,0
60852,SYNID0200931480,0.13394211693894648,14.853445676596845,8.046143049743248,0
57337,SYNID0200515425,0.13395495530106855,14.853964051854323,8.041806257199358,0
61008,SYNID0200951074,0.133955593899534,14.853989837054549,8.041590534974063,0
61216,SYNID0200975627,0.13395834051191252,14.854100739728826,8.040662709264845,0
60177,SYNID0200850613,0.13396912774241398,14.854536314415927,8.03701863669759,0
56135,SYNID0200370809,0.13397264550594423,14.85467836002161,8.03583026531076,0
57615,SYNID0200548113,0.13397892079511958,14.85493175658127,8.033710317850474,0
58097,SYNID0200606521,0.1339863034958157,14.855229876047765,8.031216212931614,0
60306,SYNID0200865235,0.1340072771539112,14.85607684225096,8.024130387244611,0
53539,SYNID0200054348,0.1340129692685711,14.856306711754263,8.022207270094217,0
58340,SYNID0200635452,0.13402469988424953,14.856780450451591,8.018243912621648,0
61257,SYNID0200981336,0.13402764363101727,14.856899335491894,8.01724930543518,0
60494,SYNID0200889064,0.13405152038730578,14.857863648449449,8.00918174205525,0
54020,SYNID0200110313,0.13405220113403493,14.857891142758548,8.008951721210334,0
55141,SYNID0200249262,0.13405405292937433,14.857965934171332,8.008326006852595,0
54007,SYNID0200108752,0.13405492413177883,14.858001120943698,8.008031629893363,0
57367,SYNID0200519616,0.13406003904336505,14.858207707496682,8.006303300831108,0
57503,SYNID0200534041,0.1340604480486945,14.858224226968712,8.006165096852246,0
58769,SYNID0200687620,0.13408365688133816,14.85916164760106,7.99832251804431,0
54425,SYNID0200161875,0.13411656142107314,14.860490786386741,7.987202775941682,0
60067,SYNID0200836509,0.13411755195943686,14.860530799830183,7.986868018445692,0
58599,SYNID0200666545,0.13411984433228163,14.86062340214226,7.986093295866315,0
56581,SYNID0200427416,0.13412450692485578,14.86081175324638,7.984517526860746,0
61334,SYNID0200991232,0.1341245741660505,14.86081446955387,7.98449480189094,0
59237,SYNID0200741886,0.13413995354187314,14.86143575529646,7.979297047296718,0
55014,SYNID0200233263,0.13414230220852225,14.861530637460284,7.97850325119115,0
60741,SYNID0200917544,0.13414882977319875,14.8617943432418,7.976297055485304,0
55873,SYNID0200339622,0.13414988579931014,14.861837005871902,7.975940134560822,0
59246,SYNID0200742916,0.13415261382260163,14.861947216452144,7.975018098997289,0
56553,SYNID0200422945,0.13415290395429041,14.861958937654732,7.9749200379435115,0
54843,SYNID0200212668,0.13417778872797137,14.862964307012895,7.9665089915568865,0
60755,SYNID0200918446,0.1341851419848935,14.86326139892258,7.964023483307425,0
59972,SYNID0200824909,0.13419793275335568,14.86377819556082,7.959699897690442,0
59213,SYNID0200739370,0.13420437119847034,14.864038340544013,7.95752349207085,0
59209,SYNID0200739109,0.13421913447292466,14.864634867037669,7.952532876464491,0
57229,SYNID0200502169,0.13422594240868524,14.864909957351111,7.950231436333954,0
55899,SYNID0200342848,0.13423644130189516,14.865334199331905,7.946682174611752,0
60918,SYNID0200938394,0.13424310262661387,14.865603378171064,7.944430190617902,0
58741,SYNID0200684089,0.13424528053170914,14.865691386648958,7.943693900632576,0
57128,SYNID0200490764,0.1342519107412145,14.865959314610615,7.941452381637093,0
54555,SYNID0200176616,0.13426147998608978,14.866346018085265,7.93821717177442,0
60039,SYNID0200833591,0.13426207593720701,14.866370101445378,7.938015687357369,0
53650,SYNID0200065260,0.1342673727437167,14.866584155790793,7.936224881805243,0
57545,SYNID0200539259,0.13427523415242948,14.866901856458998,7.933566958092286,0
57343,SYNID0200516057,0.13428129871432676,14.86714694638121,7.9315165050046765,0
60550,SYNID0200896080,0.13428807106698942,14.867420645379788,7.92922670478915,0
56791,SYNID0200450149,0.1342903289905642,14.867511898609187,7.928463268804975,0
56949,SYNID0200468836,0.1342903289905642,14.867511898609187,7.928463268804975,0
57611,SYNID0200547780,0.13429117467881546,14.867546076963281,7.928177328399699,0
54762,SYNID0200202204,0.13429465919901462,14.867686904118107,7.926999150725866,0
54160,SYNID0200128378,0.13429884230909245,14.867855966609541,7.925584752677883,0
57753,SYNID0200565834,0.1343006537436417,14.867929177245228,7.924972263299967,0
57051,SYNID0200482022,0.13431382221073063,14.86846140270862,7.920519598192966,0
56546,SYNID0200421985,0.13431901288770937,14.868671197803966,7.9187644260621415,0
54600,SYNID0200183239,0.13432213865107145,14.868797535328369,7.917707470457214,0
54813,SYNID0200209255,0.134324622641815,14.868897934370766,7.916867519452209,0
53807,SYNID0200085516,0.13433791299844555,14.869435121501196,7.91237334441528,0
60385,SYNID0200875158,0.13434105293930904,14.86956203861592,7.9113115398849025,0
54222,SYNID0200135900,0.13434227302691598,14.869611355124961,7.910898951773071,0
60024,SYNID0200831512,0.1343478373722356,14.869836270639611,7.909017280314279,0
55543,SYNID0200296240,0.13438170821214473,14.87120543228886,7.897562701905725,0
59432,SYNID0200761656,0.13441362790560635,14.872495838800123,7.886766998878036,0
56310,SYNID0200393552,0.13441437323836986,14.872525971458481,7.88651490527168,0
56089,SYNID0200365245,0.1344222078316193,14.87284271574185,7.883864982794464,0
60926,SYNID0200938946,0.13442511716744227,14.872960338827335,7.882880933280578,0
56716,SYNID0200443802,0.1344262974926244,14.873008059088868,7.882481699576016,0
60410,SYNID0200879140,0.1344322196056948,14.873247491013307,7.880478582008754,0
59873,SYNID0200813045,0.13443585662275115,14.873394538083856,7.879248367738379,0
56828,SYNID0200454563,0.13443757759567354,14.873464118698234,7.878666247574905,0
58164,SYNID0200614756,0.1344437559165783,14.8737139169394,7.876576404099267,0
54700,SYNID0200195247,0.1344470188568987,14.87384584392914,7.875472686324969,0
59874,SYNID0200813054,0.13444983624780737,14.873959757441563,7.874519671565472,0
54571,SYNID0200179268,0.13445007174515622,14.873969279173927,7.8744400115560165,0
59243,SYNID0200742327,0.13446502748798178,14.87457398890937,7.869380933920533,0
58281,SYNID0200628649,0.134471374187896,14.874830614280857,7.867233973814757,0
54952,SYNID0200224505,0.13448347753946555,14.875320019093524,7.863139551652609,0
56126,SYNID0200369488,0.13449170589962534,14.875652746027928,7.860355916308414,0
57085,SYNID0200485524,0.1344929307241547,14.875702274411825,7.859941555624916,0
58446,SYNID0200648140,0.13449297110141345,14.875703907154955,7.859927895890706,0
58548,SYNID0200660525,0.13449505771178955,14.87578828407332,7.859221987988752,0
58400,SYNID0200642694,0.13449699170285934,14.875866489907052,7.858567708156272,0
56522,SYNID0200419462,0.1345087560836209,14.876342221393765,7.8545876787572855,0
55439,SYNID0200284967,0.13451769700892285,14.876703787400096,7.851562772113385,0
56044,SYNID0200359613,0.13453745029216047,14.877502630457785,7.844879550708905,0
59311,SYNID0200749126,0.13454466527245212,14.877794422435072,7.842438382359895,0
56577,SYNID0200426845,0.13454559520398712,14.877832031627907,7.842123739126627,0
61070,SYNID0200958492,0.1345513732035083,14.878065713231724,7.8401687294643025,0
53129,SYNID0200005510,0.13455523871423825,14.878222049462261,7.83886080091416,0
56356,SYNID0200398094,0.1345575489688038,14.878315485897293,7.838079099957341,0
59845,SYNID0200810000,0.1345685709669578,14.87876127010481,7.834349613259317,0
59384,SYNID0200757542,0.134577236687758,14.879111764224646,7.8314173354091405,0
55391,SYNID0200280895,0.13457845873920415,14.879161192039218,7.831003816101245,0
58974,SYNID0200712503,0.13458648384710026,14.879485784400057,7.828288235621706,0
59607,SYNID0200782885,0.13459457163570515,14.879812919226364,7.825551384556562,0
56948,SYNID0200468746,0.13460074412645107,14.88006258896778,7.823462616125976,0
58890,SYNID0200703052,0.1346046505790836,14.88022060240355,7.822140655866128,0
58951,SYNID0200709968,0.13460532505780537,14.88024788479458,7.821912407954413,0
54396,SYNID0200158022,0.13461493826361198,14.880636740548761,7.818659191850719,0
60724,SYNID0200915345,0.13461911326918286,14.880805623396434,7.817246296725033,0
60025,SYNID0200831626,0.1346337603893304,14.881398128252702,7.812289326642419,0
58868,SYNID0200701133,0.1346344140560366,14.881424570911978,7.812068104032088,0
60972,SYNID0200945172,0.1346409131676488,14.881687480854529,7.809868566415023,0
59709,SYNID0200792072,0.1346436935688064,14.881799958441508,7.80892756478827,0
59841,SYNID0200809545,0.13464605149237968,14.881895345906749,7.808129541267528,0
56026,SYNID0200357595,0.13464880951735309,14.88200691985944,7.807196099558745,0
54361,SYNID0200153670,0.13466244962567292,14.882558733193012,7.802579559868395,0
59547,SYNID0200775502,0.13466626371908746,14.882713036797362,7.801288636524372,0
55214,SYNID0200256941,0.1346888318773392,14.883626090969251,7.793649910586553,0
57054,SYNID0200482514,0.13469137817229454,14.883729111566762,7.792788027322062,0
56881,SYNID0200461269,0.13469166037760444,14.883740529361129,7.792692504619591,0
57349,SYNID0200517253,0.13469600576308766,14.883916341191762,7.791221640751733,0
54932,SYNID0200222899,0.1347068731661782,14.88435603930893,7.787543071050385,0
58934,SYNID0200707975,0.13471312516934397,14.884609003003533,7.785426744993529,0
54482,SYNID0200169106,0.13471481606337654,14.884677419387966,7.784854364924043,0
57475,SYNID0200531138,0.13472910581554193,14.885255619171433,7.780017072878076,0
55931,SYNID0200348539,0.13474234683388725,14.885791404703223,7.775534623791502,0
57866,SYNID0200578118,0.13474265211044867,14.885803757665323,7.775431277358269,0
55755,SYNID0200324147,0.13474418443106084,14.88586576290404,7.774912533739508,0
57726,SYNID0200561317,0.13474795138299828,14.886018193437591,7.773637280741141,0
60641,SYNID0200905899,0.13475115104610508,14.886147669739383,7.772554065730175,0
57767,SYNID0200567687,0.13475854588637154,14.886446910760819,7.770050577741749,0
54699,SYNID0200195223,0.13476086293877126,14.886540674293247,7.769266140247,0
54636,SYNID0200187297,0.13476141059524926,14.88656283624665,7.769080730559919,0
58972,SYNID0200712265,0.13476680752490144,14.88678123497219,7.767253579377742,0
54716,SYNID0200196547,0.13478354553597488,14.887458596230857,7.76158668996948,0
53880,SYNID0200095298,0.13478578548597792,14.887549245876603,7.760828303641998,0
61312,SYNID0200988140,0.13480362794644923,14.888271341097184,7.754787164287025,0
56834,SYNID0200455021,0.13481169196847187,14.888597708545722,7.752056733200696,0
55661,SYNID0200312958,0.13481503006398493,14.888732810200977,7.750926455775764,0
58804,SYNID0200692368,0.1348183848655896,14.888868589240685,7.749790511267351,0
54350,SYNID0200152795,0.13482149361691376,14.888994410989556,7.748737870705358,0
54432,SYNID0200162391,0.1348283494905147,14.889271895318736,7.746416401938339,0
55492,SYNID0200290475,0.13483268086294126,14.889447205782803,7.744949732566154,0
57005,SYNID0200475240,0.1348342861569729,14.889512179906836,7.744406150879746,0
56459,SYNID0200412048,0.13483711068983917,14.889626503300757,7.743449707000161,0
58888,SYNID0200702419,0.1348505134825716,14.890168995412596,7.738911149822114,0
57278,SYNID0200507613,0.134877720668668,14.89127029608326,7.72969753002023,0
58375,SYNID0200639895,0.1348780598228293,14.891284024985374,7.729582672299939,0
54575,SYNID0200179430,0.13488287076257383,14.891478772372217,7.727953391189358,0
54126,SYNID0200124083,0.1348847244695524,14.891553811325936,7.727325605873025,0
56473,SYNID0200413350,0.13489063148276648,14.891792932614896,7.725325087121238,0
56196,SYNID0200378858,0.13489182026864227,14.891841056220331,7.724922478990881,0
57872,SYNID0200578654,0.1349221744480683,14.893069886144158,7.71464193343151,0
55129,SYNID0200247817,0.1349235352111472,14.89312497638387,7.71418104156335,0
61321,SYNID0200988861,0.1349260243035637,14.893225747357922,7.713337978931378,0
59003,SYNID0200714795,0.13493328335688015,14.893519634252138,7.710879284244088,0
57968,SYNID0200591220,0.1349408388794689,14.893825530079779,7.708320121310708,0
60205,SYNID0200852823,0.13495064696668635,14.894222633559318,7.704997903700262,0
60032,SYNID0200832705,0.1349543644444135,14.894373147176902,7.703738687861783,0
58459,SYNID0200649286,0.13495828866523157,14.89453203309286,7.702409428323021,0
55251,SYNID0200262476,0.13497044080538,14.895024066167656,7.6982930177896485,0
59183,SYNID0200735936,0.13498194975936656,14.8954900721124,7.694394353496903,0
58611,SYNID0200667866,0.13498692637498416,14.895691583460495,7.69270848423651,0
53902,SYNID0200097905,0.13499017584013462,14.89582316112931,7.691607688924962,0
58319,SYNID0200632612,0.13499055310941482,14.895838437630738,7.691479883794338,0
57863,SYNID0200577936,0.13500514622079768,14.896429358414244,7.686536166263524,0
54509,SYNID0200171856,0.13501004455630417,14.896627712655937,7.68487670975202,0
59338,SYNID0200752486,0.13502011871022318,14.89703566595867,7.681463721157311,0
56382,SYNID0200401533,0.13502087403100588,14.897066253160514,7.6812078247830655,0
57370,SYNID0200520182,0.1350231522571847,14.897158511781178,7.680435977569222,0
53804,SYNID0200084964,0.13502364791981425,14.897178584118471,7.680268049873118,0
53154,SYNID0200007554,0.13505170182769471,14.898314698670841,7.670763172762096,0
56718,SYNID0200443919,0.13505957346469288,14.898633496378535,7.6680960710789,0
60689,SYNID0200911269,0.13506283899378546,14.898765750835208,7.66698961367508,0
55850,SYNID0200337102,0.13507364739575894,14.899203501305125,7.663327338235348,0
54725,SYNID0200197509,0.13507851083660116,14.899400479473973,7.6616793941221895,0
54797,SYNID0200206102,0.13508869203879764,14.899812845116116,7.658229491341539,0
53896,SYNID0200097381,0.13509033262503367,14.899879294278215,7.657673569301327,0
57077,SYNID0200484931,0.1351071067046724,14.900558717058486,7.651989432944251,0
57608,SYNID0200547467,0.13511076767733138,14.900707006438607,7.65074882535589,0
55217,SYNID0200257147,0.13511488156250478,14.900873643023573,7.649354722746271,0
59807,SYNID0200804196,0.13512328386758482,14.901213991715663,7.646507322819495,0
54078,SYNID0200117473,0.1351323789791838,14.901582412468075,7.643425068508492,0
57855,SYNID0200577175,0.13514070018426877,14.901919492203033,7.640605017087876,0
60483,SYNID0200887696,0.13514360682537058,14.902037237755213,7.639619943002273,0
58971,SYNID0200712128,0.13515539330477316,14.902514707598092,7.635625370297139,0
54090,SYNID0200118923,0.13516232131065348,14.902795368057038,7.633277329629385,0
54735,SYNID0200198016,0.13516300650022306,14.902823126062566,7.633045102667002,0
60294,SYNID0200864130,0.13516384267783882,14.902857000879557,7.632761701691315,0
61229,SYNID0200978038,0.13517028455945412,14.903117973827529,7.6305783692143025,0
60946,SYNID0200941184,0.13517784910809383,14.90342443404711,7.628014484507039,0
58458,SYNID0200649193,0.13518382688348046,14.90366661430748,7.625988374016024,0
55230,SYNID0200258723,0.135184657535817,14.903700267207313,7.625706829627166,0
60602,SYNID0200901870,0.13518866969255372,14.903862816084878,7.624346925291315,0
57491,SYNID0200532946,0.1351938090290571,14.904071034236138,7.622604946072853,0
54895,SYNID0200219398,0.13519833257816166,14.904254306435835,7.621071667819934,0
53276,SYNID0200021083,0.1351989189640031,14.90427806410337,7.6208729081879145,0
58539,SYNID0200659592,0.1352113130557644,14.904780224847157,7.616671768303085,0
59282,SYNID0200746746,0.13521952993086545,14.905113150305525,7.613886472082476,0
55259,SYNID0200262908,0.13522326787645966,14.9052646041888,7.612619389863051,0
57642,SYNID0200552367,0.1352243331407465,14.905307766795397,7.612258286072371,0
59155,SYNID0200732273,0.13523164744745791,14.905604132845808,7.60977885045283,0
54220,SYNID0200135714,0.13523875477612213,14.905892118111927,7.607369529527808,0
55592,SYNID0200303192,0.1352412003732712,14.905991213735849,7.606540483085588,0
59407,SYNID0200759639,0.13525949821725913,14.906732663662368,7.600337419828596,0
53357,SYNID0200032503,0.135262543580131,14.906856068919465,7.599304995940404,0
57662,SYNID0200555261,0.13527038947619024,14.907174007804626,7.596645079274467,0
54430,SYNID0200162096,0.135274619947512,14.907345441837524,7.595210840612587,0
60256,SYNID0200859652,0.13528794543770595,14.907885452000059,7.59069304773432,0
54210,SYNID0200134695,0.13531319635133265,14.90890878929902,7.582131679297078,0
56801,SYNID0200451088,0.13534329104771975,14.910128521890886,7.57192724316006,0
60170,SYNID0200849599,0.1353797587712121,14.911606687019507,7.559560727945513,0
60780,SYNID0200921473,0.13538325829456943,14.911748542786833,7.558373944770236,0
57736,SYNID0200563692,0.1353934271123154,14.912160751060602,7.554925358553167,0
58054,SYNID0200601582,0.13540661028866152,14.912695167993464,7.550454359337189,0
57436,SYNID0200526591,0.1354221380328926,14.913324653329287,7.545188005915615,0
60277,SYNID0200861773,0.13542895210912032,14.913600900311998,7.5428768889446385,0
56348,SYNID0200397293,0.13545478668044963,14.914648297158545,7.53411423530892,0
60089,SYNID0200839982,0.1354723434476115,14.915360133896694,7.528158919707084,0
58935,SYNID0200708037,0.13548181443326585,14.915744147958579,7.5249462098095465,0
55101,SYNID0200243744,0.13549592622056134,14.916316348177066,7.520159110878133,0
59189,SYNID0200736944,0.13549708748330236,14.916363435672165,7.519765170977033,0
54894,SYNID0200219194,0.1355003938025927,14.916497502875032,7.518643547910775,0
56903,SYNID0200463811,0.13551547180135493,14.91710891270002,7.513528416484238,0
56187,SYNID0200378044,0.13551584540559553,14.917124062598143,7.51340167053276,0
54400,SYNID0200158194,0.13552017833643942,14.917299766933247,7.511931705986019,0
55775,SYNID0200326361,0.13552486426242427,14.917489787897292,7.510341966722489,0
57552,SYNID0200540818,0.13552556687195122,14.917518279923634,7.51010359884976,0
60366,SYNID0200873133,0.1355275638771799,14.91759926222478,7.509426090742021,0
56907,SYNID0200464009,0.13552903815389505,14.917659047190662,7.508925922204757,0
56355,SYNID0200398061,0.13553150245841805,14.917758980368985,7.508089868677159,0
59031,SYNID0200718267,0.13553449759754255,14.917880441012825,7.507073713667866,0
56560,SYNID0200424061,0.1355384983406025,14.918042683056164,7.505716376345717,0
55917,SYNID0200345796,0.1355521283784777,14.918595435045239,7.501091983745434,0
57088,SYNID0200485755,0.13557231684445092,14.919414195241957,7.494242133053031,0
58625,SYNID0200669694,0.1355778445686694,14.919638384650959,7.492366536285355,0
59184,SYNID0200736127,0.13558648062350553,14.919988646273767,7.489436203534517,0
60643,SYNID0200905989,0.13559380257651021,14.920285616979005,7.486951709296719,0
57023,SYNID0200478840,0.13560736231531811,14.920835601467072,7.482350469957655,0
53833,SYNID0200088582,0.13561056726097886,14.92096559740366,7.481262907616648,0
54873,SYNID0200216400,0.1356179253767955,14.921264054576607,7.478765977403201,0
54644,SYNID0200188438,0.1356180529790999,14.921269230387258,7.47872267592088,0
60217,SYNID0200854949,0.13562420735384817,14.921518866576134,7.476634188195074,0
56981,SYNID0200472492,0.13563077782470223,14.921785385273928,7.4744044592782055,0
55975,SYNID0200352682,0.13564432918601926,14.922335085741294,7.469805596092005,0
55819,SYNID0200331909,0.13565458053961382,14.922750937536588,7.466326527716016,0
54957,SYNID0200225542,0.13567354614803367,14.923520318718557,7.459889788066021,0
54603,SYNID0200183739,0.13568987804738514,14.9241828898557,7.4543466346729925,0
53990,SYNID0200107234,0.13569125711154045,14.92423883866461,7.453878559907034,0
56115,SYNID0200368406,0.1356972738424122,14.924482940682257,7.451836371753173,0
59192,SYNID0200737320,0.13570659030741256,14.924860922648211,7.448674127128207,0
57534,SYNID0200537980,0.1357079984947927,14.924918055613261,7.4481961455631795,0
55489,SYNID0200290267,0.13570961495880157,14.924983639047984,7.447647466306984,0
57864,SYNID0200578018,0.1357254882529772,14.925627668322656,7.442259436465348,0
56345,SYNID0200396999,0.13573226021999207,14.925902436780888,7.439960689015979,0
56445,SYNID0200409341,0.13573576547689864,14.926044662462212,7.438770811093698,0
55855,SYNID0200337804,0.13577471717515432,14.927625218423671,7.425547681305067,0
59916,SYNID0200818631,0.13578197567509404,14.927919767663681,7.423083445349632,0
55419,SYNID0200282978,0.13578875387444506,14.928194831651625,7.420782225461508,0
58801,SYNID0200692288,0.13579322654598014,14.928376338539778,7.419263716026814,0
54176,SYNID0200129649,0.13579953273254153,14.928632255663976,7.4171226812068225,0
58228,SYNID0200622308,0.1358159740290013,14.929299495789456,7.411540466470634,0
57177,SYNID0200495892,0.13582765532385788,14.929773578207925,7.407574233383807,0
56759,SYNID0200447435,0.13583618987257767,14.930119960338585,7.404676356951789,0
57810,SYNID0200571210,0.13584356656354207,14.930419356339293,7.402171572387317,0
60335,SYNID0200869254,0.13585409524046876,14.930846691749991,7.39859643064179,0
55889,SYNID0200341404,0.13585599986429409,14.93092399748416,7.397949681155369,0
57924,SYNID0200586033,0.13586418415396173,14.93125618974057,7.395170518994476,0
59352,SYNID0200753816,0.13587394357138005,14.931652324641112,7.391856404637598,0
57211,SYNID0200499487,0.135881653937936,14.93196529604383,7.389238046554003,0
57841,SYNID0200575924,0.1358843972953263,14.932076653231501,7.388306418328638,0
57415,SYNID0200524110,0.13588958009958735,14.932287033691056,7.38654634896726,0
59077,SYNID0200722040,0.13590684282339388,14.932987784004391,7.380683783788533,0
56431,SYNID0200408145,0.13591233220946353,14.9332106230674,7.3788194841851285,0
57126,SYNID0200490486,0.13591465982554368,14.933305112569117,7.378028973140038,0
60111,SYNID0200842426,0.13591810362935886,14.93344491478496,7.376859370234556,0
58892,SYNID0200703298,0.1359288723598816,14.933882083060192,7.373201965508713,0
54786,SYNID0200204608,0.1359296552081054,14.933913864135633,7.3729360810379285,0
55418,SYNID0200282970,0.13593374826876642,14.934080030113634,7.371545915585298,0
60229,SYNID0200856187,0.1359358169957124,14.934164014929316,7.370843288063645,0
56929,SYNID0200466730,0.13594326701233572,14.9344664697573,7.368312912965791,0
55646,SYNID0200311061,0.13595133574962998,14.934794050310312,7.36557233289502,0
58545,SYNID0200660343,0.1359543155706049,14.934915029117729,7.36456020898979,0
60638,SYNID0200905575,0.13595878765373798,14.935096594663458,7.3630412088184,0
59704,SYNID0200791830,0.1359695328938656,14.935532858057199,7.359391374444835,0
57049,SYNID0200481904,0.13598065048861663,14.935984252833574,7.355614949022737,0
59964,SYNID0200823997,0.13598618601177898,14.93620901038694,7.353734599087902,0
56573,SYNID0200426122,0.1359870500374627,14.936244092528238,7.353441097485325,0
58416,SYNID0200644756,0.13599535335834684,14.936581237534579,7.350620499996118,0
57576,SYNID0200543834,0.1360033157099685,14.93690454517308,7.347915667665072,0
56165,SYNID0200375148,0.13600700099558782,14.937054186900898,7.346663746165949,0
55261,SYNID0200263096,0.13601046562586788,14.937194870258148,7.345486771520693,0
60627,SYNID0200904554,0.13602610671676718,14.937830002654042,7.340173174084952,0
55347,SYNID0200275347,0.13604619552069785,14.938645781842652,7.333348262880978,0
61006,SYNID0200950641,0.13604762749971389,14.938703934295187,7.332861752155539,0
59047,SYNID0200719063,0.13605607354488053,14.93904693157415,7.329992193818169,0
58544,SYNID0200660156,0.1360818324801335,14.9400930614173,7.321240140092089,0
56796,SYNID0200450638,0.13608701811131485,14.940303670828067,7.31947815529611,0
58184,SYNID0200617355,0.13611094638172266,14.941275533336233,7.311347431427051,0
56130,SYNID0200369799,0.1361224963064513,14.941744664026864,7.307422625117576,0
53687,SYNID0200070114,0.13612561047661753,14.941871156819936,7.30636437051545,0
59226,SYNID0200740142,0.1361423753214614,14.94255213758364,7.300667199873223,0
56333,SYNID0200396118,0.13614661010792195,14.942724157746234,7.299228057576634,0
54084,SYNID0200118091,0.13616756875270475,14.943575542895955,7.292105262427695,0
55174,SYNID0200252997,0.1361718091946763,14.943747804718377,7.290664098374644,0
56119,SYNID0200369007,0.13617952725331944,14.944061344841415,7.2880409823053665,0
59425,SYNID0200761267,0.1361887715640948,14.944436896523547,7.284899069740247,0
58828,SYNID0200696497,0.13618965761086022,14.944472892823766,7.284597920169256,0
55569,SYNID0200299767,0.13619555002052375,14.944712278521589,7.282595189339713,0
55571,SYNID0200299986,0.13620964551145143,14.945284939252913,7.277804237700014,0
56234,SYNID0200383718,0.13621719745076621,14.945591762745984,7.275237313801086,0
56658,SYNID0200436911,0.1362205275363838,14.945727060944355,7.2741053920717285,0
57191,SYNID0200497561,0.136247943549619,14.946840994453789,7.264786084353214,0
54212,SYNID0200134763,0.13625259790147737,14.947030112652971,7.263203897733983,0
57976,SYNID0200592201,0.13625380078383642,14.947078989227851,7.262794990166633,0
56621,SYNID0200432438,0.1362659170961656,14.947571318909876,7.258676098179906,0
61183,SYNID0200971423,0.13626930585977698,14.947709019591866,7.2575240769707,0
61114,SYNID0200963209,0.13627630241383987,14.947993325058606,7.255145541709673,0
58619,SYNID0200668734,0.13629505640396877,14.948755421744309,7.2487697450708595,0
59441,SYNID0200762955,0.13629952717990207,14.948937104270632,7.247249766225128,0
58332,SYNID0200634477,0.13630268665881057,14.949065499909308,7.246175592177573,0
58923,SYNID0200706639,0.13631877124114367,14.949719166200435,7.240706937845309,0
55490,SYNID0200290305,0.13633493366027827,14.950376024845921,7.235211575875288,0
55920,SYNID0200346658,0.13633788358049959,14.950495916026926,7.234208551189292,0
55901,SYNID0200342938,0.13633854106737298,14.950522637857619,7.233984992995812,0
58756,SYNID0200685132,0.13633875815179247,14.95053146069548,7.233911180025587,0
54341,SYNID0200151873,0.1363506471752371,14.951014667516148,7.229868611043367,0
61195,SYNID0200973445,0.13637357747337286,14.95194667063543,7.222071355830517,0
59628,SYNID0200784810,0.13638863685372465,14.952558791880506,7.216950272574119,0
55578,SYNID0200300765,0.13639915592571472,14.952986377463162,7.213373037858551,0
53976,SYNID0200106525,0.13639960535634627,14.95300464646609,7.213220197084336,0
60809,SYNID0200925238,0.13640420903460526,14.953191783679504,7.21165458364098,0
55939,SYNID0200349058,0.13640656812336716,14.953287680373261,7.210852299850479,0
54067,SYNID0200116119,0.13641435067697072,14.953604044717096,7.208205555995129,0
59319,SYNID0200750241,0.13641629994676413,14.953683284481276,7.207542626170616,0
57596,SYNID0200546200,0.13642170692130556,14.953903085620844,7.205703742216429,0
57718,SYNID0200560342,0.13642583790711305,14.954071018221807,7.204298796974107,0
53664,SYNID0200066545,0.13643866871282517,14.954592627575833,7.199934947572084,0
57446,SYNID0200527533,0.13644669439889973,14.954918904280607,7.197205275659524,0
58038,SYNID0200600250,0.1364468192768497,14.954923981132898,7.197162802075274,0
56520,SYNID0200419259,0.1364589719229936,14.955418049391207,7.193029364940884,0
55936,SYNID0200348755,0.13646879509803056,14.955817424606773,7.189688141701367,0
55816,SYNID0200331738,0.13648267156785715,14.956381610703222,7.184968089922005,0
55482,SYNID0200289267,0.13649252978789578,14.956782436873375,7.181614727814067,0
58837,SYNID0200697352,0.13649825992558284,14.957015424003067,7.1796655282095445,0
60477,SYNID0200886648,0.13651199127473562,14.957573754961961,7.174994461246698,0
54324,SYNID0200149901,0.13654614034724322,14.958962383276814,7.16337702226747,0
56287,SYNID0200390104,0.13656366370651585,14.959674998901411,7.157415190403727,0
54888,SYNID0200218429,0.13657160530890594,14.959997968266288,7.154713188112338,0
59955,SYNID0200822840,0.13660287374144792,14.961269662580012,7.144074033680681,0
60166,SYNID0200849033,0.13660753192919023,14.961459121507225,7.142488996487916,0
54567,SYNID0200178422,0.13662358341886244,14.962111990141965,7.137027015449194,0
54172,SYNID0200129244,0.1366248833685998,14.962164864777927,7.136584659600431,0
60102,SYNID0200841111,0.13662760477603847,14.962275556922167,7.135658595211969,0
55522,SYNID0200293690,0.13663070859933846,14.962401804688463,7.13460239053465,0
53602,SYNID0200059448,0.13663230454641068,14.962466720128717,7.13405929980413,0
59190,SYNID0200737096,0.13664099269337243,14.96282011710289,7.131102736309791,0
55267,SYNID0200263856,0.1366429657345697,14.962900373228992,7.130431303473694,0
54782,SYNID0200204345,0.1366561070376599,14.96343492466926,7.125959178951868,0
57995,SYNID0200595110,0.13665658239721612,14.96345426132827,7.12579740603273,0
61072,SYNID0200958901,0.13666116324686883,14.963640602262986,7.12423845435699,0
59752,SYNID0200798236,0.1366964689095414,14.965076853572766,7.112222595417828,0
55053,SYNID0200239671,0.13670259758343145,14.965326185186443,7.110136655806409,0
59069,SYNID0200721070,0.1367100026540064,14.965627449802469,7.1076162381713885,0
60105,SYNID0200841973,0.13671119361852996,14.965675903049616,7.107210872217018,0
57550,SYNID0200540751,0.13671395008541443,14.965788047865178,7.106272654597756,0
57634,SYNID0200551038,0.13672500793136472,14.966237936699207,7.102508828078536,0
59712,SYNID0200792648,0.13673255101263398,14.966544835071085,7.099941277734089,0
56634,SYNID0200433791,0.136737722427916,14.966755243344359,7.098180975679669,0
60481,SYNID0200887590,0.13674063912040013,14.966873915512009,7.097188149412559,0
56743,SYNID0200446227,0.13675308312244167,14.967380238317055,7.092952189200263,0
56444,SYNID0200409284,0.13675521951656894,14.967467165880462,7.092224942281334,0
58784,SYNID0200689325,0.1367620984026091,14.967747063777223,7.0898832813046315,0
55493,SYNID0200290513,0.13676348965581048,14.967803673710232,7.089409675491398,0
56211,SYNID0200381139,0.13676382029992395,14.967817127613133,7.089297118449078,0
56845,SYNID0200456758,0.1367663420680864,14.967919738716196,7.088438661066587,0
58501,SYNID0200655468,0.1367834365857628,14.96861533584009,7.08261920811829,0
58068,SYNID0200603409,0.13678494919352474,14.968676887302323,7.082104260850619,0
57670,SYNID0200555743,0.13678516741716956,14.968685767341668,7.082029969325565,0
58684,SYNID0200676540,0.13679596073099415,14.969124979620315,7.078355464210329,0
56143,SYNID0200372275,0.13681236794188234,14.969792663192205,7.072769539545742,0
58310,SYNID0200631635,0.13681300034996913,14.969818399339461,7.072554227703742,0
60359,SYNID0200872544,0.13683581984424326,14.970747079473858,7.06478477300001,0
55338,SYNID0200274448,0.13683797963926858,14.97083497921827,7.064049392692651,0
59480,SYNID0200768284,0.13684016420283052,14.970923887529034,7.063305574592437,0
59158,SYNID0200732617,0.13684024125918848,14.970927023611715,7.063279337730655,0
57664,SYNID0200555367,0.13684166415164434,14.970984933402955,7.062794857140098,0
59833,SYNID0200808455,0.1368593626146845,14.971705255784974,7.05676854957531,0
57678,SYNID0200556823,0.1368607261424994,14.97176075243344,7.056304257640466,0
58249,SYNID0200624689,0.13686110300755933,14.971776091172877,7.056175931818842,0
54867,SYNID0200216125,0.13686456688930076,14.971917074952216,7.054996443804651,0
60850,SYNID0200931442,0.13687904404988765,14.972506325794798,7.050066697209434,0
58462,SYNID0200649823,0.13688513243073736,14.972754142700392,7.047993429836197,0
57371,SYNID0200520608,0.13688918481793588,14.972919090344698,7.046613457116346,0
57394,SYNID0200522568,0.13688944340968678,14.972929616079595,7.046525397495518,0
59171,SYNID0200734325,0.13690055797823253,14.973382031262085,7.042740435227623,0
57030,SYNID0200479478,0.1369049798847965,14.973562027494687,7.041234564127086,0
56190,SYNID0200378174,0.13693405065234687,14.974745424273669,7.031334117966659,0
54970,SYNID0200227177,0.13695637107103814,14.975654095880163,7.023732057121679,0
58790,SYNID0200690396,0.13695837466697003,14.975735665663851,7.0230496340611515,0
53971,SYNID0200105815,0.13696063577298706,14.975827719659911,7.022279498762474,0
56531,SYNID0200420390,0.1369615443406061,14.975864709365174,7.021970038240044,0
56736,SYNID0200445535,0.13697034413553238,14.976222972378547,7.018972764850295,0
55334,SYNID0200273751,0.13697796141873236,14.97653309921243,7.01637820478701,0
58099,SYNID0200606632,0.13699664778010945,14.977293915358498,7.010013121303693,0
54523,SYNID0200173289,0.13700399580469552,14.977593101278565,7.007510094300251,0
54738,SYNID0200198456,0.13701454787789286,14.978022755470976,7.003915553335527,0
53973,SYNID0200106281,0.13703370889949124,14.978802976577066,6.997388125518189,0
60814,SYNID0200925778,0.13703910305441924,14.979022629577447,6.9955504809150915,0
56741,SYNID0200445874,0.1370456358074445,14.979288651298774,6.993324909765775,0
57553,SYNID0200540916,0.1370471087548239,14.979348632185415,6.992823102130819,0
56544,SYNID0200421876,0.13704943270320302,14.979443267754439,6.992031369068319,0
59928,SYNID0200820187,0.13705774193366038,14.979781640275249,6.989200502038829,0
55805,SYNID0200330706,0.1370581713258628,14.979799126403694,6.989054210890922,0
54381,SYNID0200156370,0.13706948473529668,14.980259849560309,6.985199743067505,0
58241,SYNID0200623578,0.1370845633487474,14.980873927838413,6.9800622870268665,0
59985,SYNID0200826680,0.13708924642553455,14.981064651875206,6.978466665768368,0
55504,SYNID0200291578,0.13709720122096097,14.981388626300905,6.975756255011856,0
58471,SYNID0200652373,0.1371097440234455,14.98189947061245,6.971482467307988,0
59323,SYNID0200750933,0.13713229743514993,14.982818072275702,6.963797330360332,0
55488,SYNID0200290125,0.13713662537561083,14.98299435605114,6.962322518142927,0
55448,SYNID0200285746,0.13713951216344006,14.983111940597682,6.961338791050686,0
59162,SYNID0200733200,0.1371456124105495,14.983360418738565,6.959259991699918,0
59830,SYNID0200808226,0.13715437728631308,14.983717441102927,6.9562730977356875,0
59553,SYNID0200776139,0.13715936087069158,14.983920442815043,6.954574759902621,0
55730,SYNID0200320573,0.13716903086946214,14.984314349248086,6.951279289184898,0
54048,SYNID0200113545,0.13717122286541006,14.984403641443441,6.950532259457964,0
53797,SYNID0200083346,0.13717282781310342,14.98446902023803,6.949985292246841,0
54066,SYNID0200115422,0.13717391897014442,14.984513469535287,6.949613423840429,0
58864,SYNID0200700492,0.13717746199259195,14.984657798772764,6.9484059473030495,0
55384,SYNID0200280245,0.13719469611056784,14.985359871188473,6.942532321249728,0
59519,SYNID0200772777,0.13719555775146458,14.985394973036612,6.942238654777255,0
58311,SYNID0200631850,0.137195828674268,14.985406010008028,6.942146318087483,0
60624,SYNID0200904349,0.1372072250398254,14.98587028758753,6.938262113515526,0
56189,SYNID0200378150,0.13721397088108783,14.986145113903644,6.935962882019808,0
54119,SYNID0200123056,0.1372141783228964,14.986153565186765,6.935892177523229,0
60999,SYNID0200949934,0.1372240627095403,14.986556265647595,6.932523134863954,0
54710,SYNID0200195975,0.13722493099005,14.98659164084647,6.93222718150488,0
55693,SYNID0200315672,0.13723031520674445,14.986811004722096,6.930391955755788,0
53598,SYNID0200059266,0.1372590714129054,14.987982645841422,6.920589858921278,0
55984,SYNID0200353660,0.13726371193056164,14.98817172751501,6.919007977879765,0
61077,SYNID0200959347,0.1372680685853876,14.988349245167772,6.917522842889612,0
60184,SYNID0200851202,0.1372967194383795,14.989516715117647,6.90775564258288,0
56036,SYNID0200358768,0.13730821653445474,14.989985226720544,6.903836015639165,0
59451,SYNID0200764565,0.1373127885063392,14.990171540665674,6.902277289761716,0
60491,SYNID0200888711,0.13731317402940207,14.990187251351456,6.902145852190222,0
55146,SYNID0200249778,0.13731567355830532,14.990289111585442,6.901293676672782,0
55863,SYNID0200338646,0.13732949719354737,14.990852461905424,6.896580617104342,0
57647,SYNID0200552718,0.13733261195082647,14.990979399607077,6.895518640341147,0
56206,SYNID0200380649,0.13734773284656815,14.991595646665074,6.890363040015379,0
59196,SYNID0200737749,0.13735431516859564,14.991863915029034,6.888118673171473,0
55682,SYNID0200314902,0.1373569130713828,14.991969796198148,6.887232858005488,0
59106,SYNID0200725818,0.13736103650526182,14.992137854082396,6.885826864627454,0
54640,SYNID0200187773,0.13736455292557798,14.99228117355855,6.884627835880197,0
57949,SYNID0200589205,0.1373848740111624,14.993109431504019,6.877698525828246,0
57627,SYNID0200550078,0.13739951747198265,14.993706306482544,6.872704994753698,0
59238,SYNID0200741954,0.1374005075869682,14.993746664947523,6.872367350764175,0
59954,SYNID0200822821,0.1374038176473652,14.993881588416711,6.87123856406624,0
56373,SYNID0200400109,0.13740955876938377,14.99411560884986,6.8692807197151655,0
60262,SYNID0200860458,0.13744703875206188,14.995643464301715,6.856498489012286,0
59048,SYNID0200719236,0.1374547266494568,14.995956877670165,6.853876433387807,0
55147,SYNID0200250182,0.13745741532484573,14.996066488767482,6.852959413173776,0
53690,SYNID0200070473,0.13746370093795257,14.996322741895026,6.850815567307567,0
53585,SYNID0200058288,0.13747431211030486,14.996755350365014,6.847196310485426,0
61015,SYNID0200952158,0.13747621623886824,14.996832981406703,6.846546839435397,0
59517,SYNID0200772692,0.13748564637201444,14.997217452559411,6.8433303054586165,0
55732,SYNID0200320789,0.13749645838038543,14.997658275749906,6.839642323252426,0
56992,SYNID0200473592,0.13751489266939748,14.99840990205608,6.833354123124447,0
54185,SYNID0200130890,0.13754279192844238,14.999547518877964,6.823836677837902,0
60983,SYNID0200947246,0.1375473084224622,14.999731691128547,6.822295869646144,0
59163,SYNID0200733285,0.13757408773032065,15.000823736930334,6.813159677240243,0
56600,SYNID0200429891,0.13757723128477883,15.00095193468589,6.812087158707747,0
55402,SYNID0200281344,0.13759399907367192,15.001635763129423,6.806366164018208,0
55140,SYNID0200249077,0.1376017755951499,15.001952918044145,6.803712806147466,0
59567,SYNID0200778671,0.13760504592284112,15.00208629597042,6.802596949655781,0
57395,SYNID0200522649,0.13760708754550272,15.002169562669748,6.801900329985788,0
59573,SYNID0200779113,0.1376104347614852,15.002306078444333,6.800758221860825,0
59961,SYNID0200823629,0.1376196869063092,15.002683432544247,6.79760123004205,0
55548,SYNID0200296876,0.13762381484338948,15.002851795963577,6.79619268051912,0
58567,SYNID0200662145,0.13762640514668883,15.002957445917719,6.7953087997266515,0
53204,SYNID0200013496,0.1376294066503282,15.00307986832617,6.794284598473754,0
57947,SYNID0200588854,0.1376296569081218,15.003090075643223,6.794199202776607,0
55824,SYNID0200332397,0.13764273659194298,15.003623569259789,6.789735928140805,0
58952,SYNID0200710200,0.1376537049245376,15.004070960012987,6.785993000879742,0
59378,SYNID0200757164,0.13765387934328838,15.004078074543425,6.78593347982408,0
54990,SYNID0200230370,0.13765607810215197,15.004167762079998,6.7851831426228415,0
60014,SYNID0200830373,0.13765719987915326,15.00421351965646,6.784800328988194,0
56383,SYNID0200401635,0.1376577684585189,15.00423671221118,6.784606297160989,0
54042,SYNID0200112932,0.137661228397916,15.004377845155359,6.783425561214996,0
59604,SYNID0200782574,0.13767526079202885,15.004950248504883,6.77863676286381,0
56406,SYNID0200404228,0.13768589046161378,15.005383864144628,6.775009079932881,0
58083,SYNID0200605338,0.1376919959904236,15.005632932462571,6.772925343086678,0
57301,SYNID0200510094,0.13770232632787105,15.006054356750832,6.769399654534247,0
58589,SYNID0200665271,0.13770348107318225,15.006101465128145,6.76900553992994,0
58796,SYNID0200691555,0.1377230985037986,15.00690179036712,6.762309918410592,0
55280,SYNID0200265429,0.13772511121665681,15.006983904738698,6.761622939259338,0
56637,SYNID0200434162,0.1377256305457879,15.007005092328418,6.761445681221279,0
58532,SYNID0200658432,0.1377264545164435,15.007038708745283,6.7611644420534915,0
60956,SYNID0200942593,0.137746993623103,15.007876689473514,6.754153789979167,0
58336,SYNID0200635157,0.13775444679682963,15.008180785331216,6.751609685820492,0
53766,SYNID0200079735,0.137756503923462,15.008264718957658,6.750907486554447,0
57852,SYNID0200576972,0.13776483646352894,15.008604703051992,6.748063136898319,0
60246,SYNID0200858972,0.13776540815409277,15.008628029442974,6.747867985380152,0
54077,SYNID0200117208,0.137766011430503,15.008652644654639,6.747662051426174,0
56069,SYNID0200362560,0.13779851296913015,15.009978850684256,6.736566845129321,0
56567,SYNID0200424966,0.13782068828772637,15.01088376972136,6.728996178751389,0
56427,SYNID0200407585,0.13782158231396202,15.01092025384772,6.728690947965599,0
53756,SYNID0200078210,0.13782973759997874,15.011253065336751,6.725906605226761,0
58260,SYNID0200625950,0.1378492099102538,15.012047746940036,6.719258199072775,0
54770,SYNID0200203259,0.1378866059449934,15.0135740308714,6.7064891159078215,0
58505,SYNID0200655767,0.1378978296438012,15.014032146318517,6.702656464509749,0
56778,SYNID0200448741,0.13789848995826254,15.014059098682779,6.702430977643459,0
60183,SYNID0200850994,0.13792628607846064,15.01519371050717,6.692938672543535,0
58001,SYNID0200595884,0.13795111964012075,15.01620746711708,6.684457457354808,0
58354,SYNID0200637163,0.13795120636606345,15.016211007568693,6.684427837491736,0
58085,SYNID0200605461,0.1379635971752346,15.016716851782121,6.680195881237028,0
55614,SYNID0200307122,0.13796755133642424,15.016878280683235,6.678845346764895,0
60076,SYNID0200838387,0.13797677895104654,15.017255005539896,6.675693619274236,0
56097,SYNID0200366143,0.13797809554392576,15.017308757295586,6.675243925331609,0
56200,SYNID0200379652,0.13798021197980903,15.017395164176355,6.674521034509073,0
57749,SYNID0200565436,0.13798634368533175,15.017645503715526,6.672426662466324,0
60945,SYNID0200941183,0.1379929707444006,15.017916071853957,6.67016305542022,0
58858,SYNID0200700007,0.13799513336867575,15.018004368083382,6.669424358069409,0
56653,SYNID0200435859,0.13799995751717709,15.018201331669836,6.667776535954384,0
57869,SYNID0200578371,0.13800227364395462,15.018295896987581,6.666985390622903,0
57906,SYNID0200582957,0.13801532529037852,15.01882879497141,6.662527099125393,0
60285,SYNID0200862316,0.1380205180930864,15.01904082215478,6.660753253065666,0
56938,SYNID0200467783,0.13802273724256442,15.019131433113255,6.659995190400769,0
56047,SYNID0200360031,0.138023830148024,15.019176058166796,6.659621851595199,0
56885,SYNID0200461640,0.1380331767586232,15.019557700521496,6.6564289836980155,0
60673,SYNID0200909543,0.1380332555807972,15.019560919043487,6.656402057138577,0
53805,SYNID0200085043,0.138042377949393,15.019933414695588,6.653285711704715,0
55409,SYNID0200282073,0.13804281104296245,15.019951099532516,6.653137758136696,0
60685,SYNID0200910723,0.13804799151107827,15.020162639141365,6.6513679911866745,0
54244,SYNID0200138694,0.13807480730964333,15.02125768579567,6.642206693271502,0
57722,SYNID0200561121,0.13807875814774356,15.02141902859215,6.640856879161561,0
59070,SYNID0200721077,0.13808368313978264,15.0216201559762,6.639174222192635,0
56988,SYNID0200473415,0.13808890723611955,15.021833501206885,6.637389349183442,0
60557,SYNID0200897087,0.1380927007164301,15.02198842388873,6.636093246559282,0
56313,SYNID0200393902,0.13809980302322739,15.022278480746735,6.633666594436249,0
60172,SYNID0200849802,0.13810101687209658,15.02232805467313,6.633251852738475,0
59614,SYNID0200783412,0.13810245156867285,15.022386648295889,6.632761651127527,0
57795,SYNID0200569982,0.13811730979112075,15.022993478125548,6.627684836517411,0
56365,SYNID0200398590,0.13813448441762943,15.023694944064243,6.62181628432702,0
53746,SYNID0200077129,0.13814279864127116,15.024034535151731,6.618975222615553,0
56937,SYNID0200467709,0.13814697615743476,15.024205167047734,6.6175476947317176,0
57340,SYNID0200515886,0.13815204556415606,15.02441223112576,6.615815370634959,0
54607,SYNID0200183943,0.13815927593238364,15.024707566469445,6.613344558037415,0
55523,SYNID0200293715,0.13816280061108172,15.024851539450115,6.612140061989269,0
56717,SYNID0200443853,0.1381640749384671,15.024903592401433,6.61170458045749,0
55926,SYNID0200347829,0.13818996890240826,15.025961333029128,6.602855389448859,0
57360,SYNID0200519070,0.13819056240933264,15.025985578037236,6.602652552664379,0
54117,SYNID0200122964,0.1381973039071681,15.026260973857873,6.60034855662227,0
53641,SYNID0200064104,0.13819974304326005,15.026360615869862,6.599514939028806,0
57685,SYNID0200557262,0.1382018844944009,15.026448097602309,6.598783055862068,0
55067,SYNID0200240763,0.13820381836269102,15.026527099685492,6.598122114506633,0
55452,SYNID0200286068,0.13822482789352153,15.027385404949102,6.5909414248153,0
54624,SYNID0200185495,0.13824957049352676,15.028396281721944,6.5824843027053825,0
57650,SYNID0200552983,0.13825541038646394,15.028634884846223,6.58048811898444,0
57835,SYNID0200575256,0.13830135572814312,15.030512228648776,6.564782024822369,0
59030,SYNID0200718113,0.13831625892307464,15.031121229975982,6.55968704319092,0
54814,SYNID0200209342,0.13831996525766682,15.031272688825203,6.558419919425795,0
55916,SYNID0200345586,0.13832790856517613,15.03159729621297,6.555704213229063,0
54942,SYNID0200223918,0.1383283072581455,15.031613589196175,6.555567904084181,0
58781,SYNID0200688803,0.13834534851603025,15.032310013874547,6.54974152771114,0
58836,SYNID0200697291,0.13834902892627898,15.032460425421077,6.548483165811914,0
54982,SYNID0200228401,0.1383509851919837,15.032540374998222,6.547814297602928,0
55862,SYNID0200338633,0.13835259776964903,15.032606278897823,6.547262937297294,0
59274,SYNID0200746293,0.13836529529695912,15.033125220180137,6.542921409318481,0
55397,SYNID0200281178,0.13837161761778582,15.033383616911697,6.540759629791715,0
57210,SYNID0200499426,0.13838500400127773,15.03393074068097,6.536182323585571,0
55242,SYNID0200261369,0.13839318036863546,15.034264932384533,6.533386433798527,0
60013,SYNID0200830284,0.13841900012656672,15.03532030993066,6.524557012627263,0
54776,SYNID0200203720,0.13841964761123354,15.035346776708165,6.524335588240804,0
56993,SYNID0200473744,0.13842634260883663,15.035620446217528,6.522046034735752,0
58031,SYNID0200599186,0.1384330813240246,15.03589590787528,6.51974148789205,0
56763,SYNID0200447919,0.13843710258772834,15.036060289425402,6.518366251187291,0
59428,SYNID0200761378,0.13844148154327507,15.036239294811661,6.51686866963177,0
55822,SYNID0200332372,0.13847588604661515,15.037645776716358,6.5051018652763855,0
56852,SYNID0200457320,0.13848405395692664,15.037979706677275,6.502308165261206,0
58360,SYNID0200638382,0.13850577165317457,15.03886763136714,6.494879675727838,0
60927,SYNID0200938970,0.13851645193626416,15.039304312675476,6.491226345028256,0
54139,SYNID0200126279,0.13852428311783677,15.03962451188263,6.488547518224463,0
56437,SYNID0200408518,0.13852494173528968,15.039651441568886,6.488322221085241,0
57017,SYNID0200477516,0.1385297070511236,15.039846288247388,6.48669210928815,0
53259,SYNID0200019038,0.13854073260475835,15.040297116587906,6.48292042273958,0
57074,SYNID0200484478,0.13854811648790893,15.040599046873615,6.480394436028325,0
58135,SYNID0200611101,0.1385624108294577,15.041183566423364,6.475504272023514,0
57676,SYNID0200556348,0.13856277243488596,15.04119835337432,6.4753805625336724,0
60802,SYNID0200924438,0.13856708702844805,15.0413747890446,6.4739044795449345,0
55383,SYNID0200280209,0.13858091555543767,15.041940289973505,6.469173427711983,0
56225,SYNID0200382486,0.13860334059400997,15.042857380868513,6.461500930041286,0
58274,SYNID0200628200,0.13864900836986183,15.044725179095582,6.445874695363251,0
56216,SYNID0200381517,0.13866665582225535,15.045447017798477,6.439835702067487,0
54450,SYNID0200164837,0.1386925063696679,15.046504453648163,6.430989060869985,0
59552,SYNID0200776088,0.13869409964111162,15.046569630075606,6.430443786687845,0
55231,SYNID0200258860,0.13870096723034303,15.04685056787434,6.428093425760551,0
55605,SYNID0200305314,0.13871934264833496,15.047602291609254,6.421804410531495,0
56610,SYNID0200430982,0.13873031630835414,15.04805123354724,6.418048505863583,0
55885,SYNID0200340685,0.1387372301664599,15.048334092474363,6.415682072534789,0
59260,SYNID0200744236,0.1387741656915759,15.049845285926676,6.403039238213859,0
55278,SYNID0200265033,0.13878611561566329,15.05033424253263,6.398948565805396,0
59656,SYNID0200787523,0.1387903652789923,15.050508130461722,6.3974937975396,0
58370,SYNID0200639566,0.13879101842184316,15.050534855973774,6.397270208547379,0
60739,SYNID0200917325,0.13879184884287732,15.050568835482094,6.396985931710864,0
56803,SYNID0200451382,0.13879656724737427,15.050761906574648,6.39537067468895,0
53477,SYNID0200045961,0.13879753637006476,15.050801562151,6.395038911154016,0
58433,SYNID0200646863,0.13879789799830983,15.050816359661203,6.394915113324173,0
59387,SYNID0200757761,0.13881090856175599,15.051348750346383,6.390461065950925,0
55722,SYNID0200319440,0.13882087537020338,15.051756603917283,6.387048911725279,0
56932,SYNID0200467201,0.13883054577120307,15.052152338903268,6.383738143103857,0
57600,SYNID0200546845,0.13883883012793136,15.052491362205842,6.380901831552343,0
56455,SYNID0200411498,0.13883905109373346,15.052500404964446,6.380826178697518,0
58522,SYNID0200657415,0.1388396349827698,15.052524299944753,6.380626270289613,0
59516,SYNID0200772641,0.13884289974794756,15.052657907377737,6.379508493715935,0
54645,SYNID0200188524,0.1388495619087705,15.052930553767409,6.377227499758787,0
55090,SYNID0200242714,0.138862942409876,15.053478160864806,6.372646149968819,0
53476,SYNID0200045836,0.13887148682453654,15.053827858092736,6.369720539016455,0
57100,SYNID0200487583,0.13887624553456956,15.054022621388322,6.368091124811325,0
60589,SYNID0200900445,0.138876678575306,15.05404034489882,6.367942847695362,0
57733,SYNID0200563149,0.13888669615355076,15.054450350718824,6.364512687483237,0
56709,SYNID0200442701,0.13889021957702863,15.054594562341858,6.36330619492308,0
54299,SYNID0200146786,0.13889747852617346,15.054891671239785,6.360820544547852,0
57971,SYNID0200591527,0.138899078480078,15.054957158180498,6.360272672572664,0
58835,SYNID0200697253,0.13891310380756527,15.05553123450817,6.355469877876063,0
59136,SYNID0200729994,0.1389226569421526,15.055922270473982,6.352198421847898,0
57675,SYNID0200556280,0.1389231089211566,15.055940771468958,6.352043640199067,0
56108,SYNID0200367625,0.13892994016163412,15.056220399547447,6.349704236555908,0
56095,SYNID0200366064,0.13893187345523855,15.056299537405174,6.349042159293605,0
55570,SYNID0200299779,0.1389358511240501,15.056462361491706,6.347679952524943,0
55081,SYNID0200241864,0.13893619024225823,15.056476243226248,6.347563816189361,0
55970,SYNID0200351904,0.13893631268893264,15.056481255559046,6.347521882383333,0
54929,SYNID0200222803,0.13894096500220177,15.056671698432856,6.3459286133696775,0
55293,SYNID0200267486,0.13895183835329344,15.057116809635051,6.342204757118763,0
56434,SYNID0200408351,0.13895357310983647,15.057187824821272,6.341610635146955,0
58278,SYNID0200628534,0.13895909233968146,15.057413766077564,6.339720382204684,0
54086,SYNID0200118301,0.13896587508191777,15.057691436595775,6.337397355756846,0
55382,SYNID0200280170,0.13899163172114898,15.058745904157744,6.328575547627391,0
54218,SYNID0200135480,0.1389986957240507,15.059035115046196,6.326155972991931,0
58590,SYNID0200665442,0.13900006999660036,15.059091380486025,6.3256852492519,0
60912,SYNID0200938007,0.1390061235759804,15.059339228564358,6.323611721083622,0
57813,SYNID0200571522,0.13900926349366083,15.059467785972124,6.322536193655526,0
54195,SYNID0200132229,0.1390228658099405,15.060024717474823,6.31787683471906,0
57125,SYNID0200490451,0.13903321694910814,15.060448547258359,6.314331021490904,0
56558,SYNID0200423882,0.1390356145413979,15.06054671896192,6.313509704682518,0
57861,SYNID0200577749,0.1390628849334089,15.06166337706818,6.304167602644561,0
56521,SYNID0200419461,0.13906563453458204,15.061775971420381,6.303225624145281,0
54144,SYNID0200126663,0.13907383721859534,15.062111871009968,6.3004154459691435,0
56495,SYNID0200415762,0.1390898644001402,15.062768205498015,6.29492446916613,0
57323,SYNID0200513955,0.13911957710122508,15.063985057395328,6.28474413328175,0
53629,SYNID0200062723,0.1391483394283563,15.065163083180082,6.27488862153397,0
55070,SYNID0200241163,0.1391697885762509,15.0660416423861,6.2675384848153275,0
57833,SYNID0200575096,0.13919592471577708,15.067112251822593,6.258581631735205,0
59302,SYNID0200748601,0.13921329931900944,15.06782400712171,6.252626997462518,0
58457,SYNID0200649186,0.13922991619981245,15.068504754184985,6.246931781987442,0
60049,SYNID0200834664,0.13923327173770872,15.068642224978982,6.245781684050067,0
57598,SYNID0200546723,0.13923656656904726,15.068777209970657,6.244652382647297,0
55619,SYNID0200307875,0.13923947379890483,15.068896316453221,6.243655922847058,0
58947,SYNID0200709238,0.1392689310461151,15.070103206400239,6.23355892989067,0
58172,SYNID0200616163,0.13928402276442697,15.070721565871633,6.228385656849,0
55525,SYNID0200293867,0.13929829107653657,15.071306211358966,6.223494439234523,0
60648,SYNID0200906997,0.13930042237027646,15.071393543314137,6.222763809123288,0
57270,SYNID0200506922,0.13930925952587891,15.071755660368623,6.219734292341272,0
54621,SYNID0200185193,0.13930944370509984,15.071763207510944,6.219671152000239,0
56784,SYNID0200449588,0.13931744640146076,15.072091139041591,6.216927635606451,0
59726,SYNID0200794772,0.13931947663850985,15.07217433450133,6.216231611935818,0
54788,SYNID0200204778,0.13932139326006832,15.072252874632502,6.215574535328949,0
60276,SYNID0200861750,0.1393263757376043,15.072457050663076,6.21386637300011,0
56536,SYNID0200421207,0.13934069608485133,15.073043897242746,6.208956740770533,0
54795,SYNID0200205777,0.13937878339141996,15.074604825148738,6.1958978217604095,0
54349,SYNID0200152723,0.13938539835395153,15.074875942234923,6.193629622148389,0
59737,SYNID0200796420,0.13943127048813636,15.076756168229862,6.177899415202659,0
56571,SYNID0200425786,0.13944010230627973,15.0771181979027,6.174870629466511,0
57353,SYNID0200517734,0.13944904580480483,15.07748481456127,6.171803468431292,0
54197,SYNID0200132369,0.13947144821429286,15.078403185992714,6.164120257631856,0
57854,SYNID0200577002,0.1394892529085226,15.079133117937179,6.158013555260111,0
57366,SYNID0200519395,0.1394902870310889,15.07917551455507,6.1576588598271975,0
61305,SYNID0200987026,0.1395159923351229,15.080229411265996,6.1488418275093215,0
55891,SYNID0200341470,0.13951700456494265,15.08027091340924,6.14849461536372,0
53725,SYNID0200074304,0.1395265245173175,15.080661243936252,6.145229061125212,0
55156,SYNID0200250819,0.13954327581252662,15.081348094027502,6.139482786951156,0
55686,SYNID0200315146,0.13954565946580633,15.081445833092333,6.13866508965274,0
57625,SYNID0200549946,0.1395763056663854,15.082702504209484,6.12815162117144,0
60822,SYNID0200927157,0.13958564622327707,15.083085542203538,6.124947077180066,0
56258,SYNID0200387255,0.13961162061621152,15.084150753511047,6.116035385525354,0
56697,SYNID0200441118,0.13961473063277952,15.084278300610979,6.114968310459556,0
53654,SYNID0200065550,0.13962187125624137,15.0845711539599,6.112518262542088,0
54412,SYNID0200159798,0.13962557484033045,15.084723048724818,6.1112474918514454,0
60968,SYNID0200944579,0.13964071257332594,15.085343907452165,6.106053309720394,0
61189,SYNID0200972471,0.13964553969631172,15.085541892477698,6.104396942117674,0
59245,SYNID0200742718,0.1396540899813566,15.085892589948987,6.101462963003712,0
53786,SYNID0200082862,0.13966148873477668,15.086196063052371,6.09892406888588,0
58640,SYNID0200671735,0.13966649322686336,15.08640133477809,6.09720673983376,0
54251,SYNID0200139346,0.13967283433762206,15.086661435347379,6.095030705786453,0
55651,SYNID0200311512,0.13967397438825835,15.086708198589509,6.094639478626462,0
56711,SYNID0200442841,0.13967688827132424,15.086827722566383,6.09363952601637,0
54885,SYNID0200217850,0.13968246069861318,15.087056299519768,6.091727222501008,0
59714,SYNID0200793099,0.1396992636699989,15.087745566703651,6.085960726626272,0
55648,SYNID0200311332,0.1396994386427866,15.087752744353326,6.085900677507139,0
58033,SYNID0200599512,0.13970389528475124,15.087935563754993,6.084371187419446,0
55476,SYNID0200288307,0.13971337188115274,15.088324318157444,6.081118819237064,0
55241,SYNID0200261259,0.1397136747360942,15.088336742216113,6.081014878001001,0
55613,SYNID0200306637,0.13971742133209852,15.088490440187606,6.079729021457581,0
58286,SYNID0200628949,0.1397239584088223,15.088758616892585,6.077485421444207,0
60662,SYNID0200908249,0.1397381301754813,15.08934001544088,6.072621368129738,0
59028,SYNID0200718022,0.13976580485570533,15.090475438695359,6.063122274503751,0
57462,SYNID0200528874,0.13977219369430693,15.09073756923587,6.0609292574621225,0
60197,SYNID0200852322,0.13977866926189764,15.091003262963357,6.058706430350469,0
59853,SYNID0200810749,0.1397930560766052,15.09159357370692,6.053767816490485,0
60026,SYNID0200832022,0.1397964188043448,15.091731554438613,6.052613452350264,0
59683,SYNID0200790055,0.1398049234313915,15.092080525299359,6.049693918277055,0
54680,SYNID0200192843,0.13981119034854728,15.092337681351715,6.047542518428417,0
57133,SYNID0200491134,0.13981619410735474,15.092543008303043,6.045824727351912,0
56318,SYNID0200394332,0.13981834844136937,15.09263141129124,6.045085136843797,0
58665,SYNID0200674049,0.1398303255913797,15.093122902682659,6.040973258101623,0
60738,SYNID0200917241,0.1398598721502714,15.094335437925059,6.030829035894659,0
60575,SYNID0200899316,0.13987116202990985,15.094798779633377,6.026952660938633,0
58855,SYNID0200699772,0.13987370921056524,15.09490331907467,6.026078070836194,0
57286,SYNID0200508409,0.13989160109372667,15.095637644904622,6.0199346086663,0
53944,SYNID0200102755,0.13991044769631988,15.096411194169653,6.013462998309671,0
56795,SYNID0200450549,0.13991483951668832,15.096591460030488,6.011954871465452,0
57804,SYNID0200570631,0.13992216390991313,15.096892100634932,6.009439674389716,0
56477,SYNID0200413759,0.1399247202749162,15.096997031875082,6.008561806448787,0
58612,SYNID0200668005,0.13996263440361056,15.09855338244615,5.995541181997832,0
56494,SYNID0200415605,0.13999158147864754,15.099741751575761,5.985599136527209,0
54292,SYNID0200145813,0.13999288074597116,15.099795092855883,5.985152876674771,0
60372,SYNID0200873440,0.14000887715688365,15.100451839560078,5.979658451219683,0
58456,SYNID0200649171,0.1400322462189591,15.101411329394969,5.971631238690012,0
58110,SYNID0200608136,0.14003368814247874,15.101470534109072,5.971135924612081,0
60302,SYNID0200865017,0.14003559873801402,15.101548982645102,5.970479614301693,0
54128,SYNID0200124402,0.1400469828826177,15.102016421176208,5.9665689648114135,0
55316,SYNID0200270810,0.14005567333044094,15.102373265153837,5.9635835632530165,0
60207,SYNID0200853833,0.14006337161012633,15.102689376284067,5.960938937814486,0
59529,SYNID0200773949,0.14006972776461657,15.102950381403376,5.958755336188048,0
54704,SYNID0200195329,0.14007291917340886,15.103081433139405,5.957658940896282,0
59402,SYNID0200759194,0.14007411159507016,15.103130398938092,5.957249286871347,0
55513,SYNID0200292700,0.1400751896721375,15.103174669411251,5.956878914529796,0
55045,SYNID0200238276,0.14007944628269942,15.103349465412268,5.9554165492201605,0
58728,SYNID0200682333,0.1401034859750107,15.104336684516772,5.947157350136401,0
57635,SYNID0200551046,0.14011146659570195,15.104664432958618,5.944415365486567,0
60338,SYNID0200869622,0.140120825795988,15.1050488062207,5.9411996504750375,0
57641,SYNID0200552348,0.14014291969040782,15.105956220650759,5.933608107326071,0
58379,SYNID0200640317,0.14015209518895805,15.106333082301775,5.930455235396659,0
59920,SYNID0200819090,0.14015743099441008,15.106552242163941,5.928621716449811,0
56686,SYNID0200440091,0.14016020312940503,15.106666104555178,5.927669129376623,0
54631,SYNID0200186463,0.1401604898403332,15.106677880940776,5.927570606654864,0
54909,SYNID0200220823,0.1401625490372479,15.106762460820901,5.926863000749282,0
54931,SYNID0200222884,0.140169603570591,15.107052223852488,5.92443880681498,0
55087,SYNID0200242354,0.1401780371750424,15.107398639308736,5.921540651576896,0
59112,SYNID0200726896,0.1401834947086122,15.107622815162136,5.91966516821707,0
56662,SYNID0200437124,0.1402007834439601,15.108332996686292,5.913723700343487,0
57237,SYNID0200503207,0.14020995906068867,15.108709923800589,5.910570280740046,0
57496,SYNID0200533305,0.1402198174952149,15.109114911245095,5.907182104887953,0
58052,SYNID0200601216,0.14022464386083366,15.109313183837264,5.905523331466633,0
57639,SYNID0200551902,0.140240151820748,15.109950286483405,5.900193250669716,0
59294,SYNID0200747701,0.14024338777623396,15.110083230437418,5.899081024844522,0
53688,SYNID0200070254,0.14025065728545966,15.110381890729656,5.896582395309546,0
58563,SYNID0200661541,0.1402515118670088,15.110417000728027,5.896288660651194,0
56883,SYNID0200461355,0.140256761724464,15.110632689974722,5.894484177309511,0
57716,SYNID0200560126,0.1402567879752683,15.11063376849119,5.894475154305201,0
55981,SYNID0200353380,0.14027188858538592,15.111254191352788,5.889284618681789,0
58956,SYNID0200711012,0.14027286320554722,15.111294235439438,5.888949604820882,0
60645,SYNID0200906599,0.14027485434363796,15.111376045397908,5.888265172427953,0
57031,SYNID0200479544,0.14027897181803062,15.11154522164476,5.886849822687834,0
58724,SYNID0200681848,0.14029016205579936,15.112005009011405,5.883003183800906,0
60254,SYNID0200859603,0.14029698507998417,15.112285362202954,5.880657713770798,0
56821,SYNID0200453707,0.14029937043934182,15.112383376170179,5.879837716604408,0
58108,SYNID0200607929,0.14030475625960193,15.11260468090197,5.87798625340874,0
58730,SYNID0200682417,0.1403207775908849,15.113263021091896,5.872478496651789,0
57182,SYNID0200496310,0.14032847880506355,15.113579485804626,5.869830913097629,0
58668,SYNID0200674537,0.14034552594796318,15.114280025312375,5.863970111544948,0
57517,SYNID0200535771,0.14035715771447088,15.114758043061027,5.859970954991289,0
56112,SYNID0200367924,0.1403637506678423,15.115028993185208,5.857704152204368,0
54717,SYNID0200196611,0.1403964771416566,15.116374024221376,5.846451453537139,0
57649,SYNID0200552788,0.14040265107741878,15.116627781604901,5.844328487379025,0
58763,SYNID0200686016,0.14041139325538332,15.116987104782558,5.841322344521627,0
55868,SYNID0200339416,0.14041946358218055,15.117318821120653,5.8385471639531445,0
58404,SYNID0200643090,0.14043233034281682,15.11784770168394,5.834122482700732,0
58464,SYNID0200650001,0.14043769139672518,15.11806807021015,5.8322788519186375,0
58629,SYNID0200670321,0.14045178639299927,15.118647467031536,5.82743154530303,0
57512,SYNID0200534637,0.14045692962330714,15.118858893197142,5.825662727433434,0
60329,SYNID0200868523,0.1404575335920975,15.11888372113959,5.825455013747005,0
60221,SYNID0200855331,0.14046266694234916,15.119094744529425,5.823689565550094,0
58361,SYNID0200638772,0.140466307691965,15.11924441144526,5.822437433324845,0
58570,SYNID0200662812,0.14046638451646581,15.119247569626063,5.822411011587381,0
59863,SYNID0200812038,0.14047367871517175,15.11954743014219,5.819902340828542,0
57460,SYNID0200528848,0.14047797707303117,15.119724136129788,5.818423996331146,0
60653,SYNID0200907419,0.14048144211446245,15.119866585920866,5.817232243478532,0
55252,SYNID0200262532,0.14048754721611367,15.120117573404595,5.815132450650196,0
57884,SYNID0200579742,0.14049562551758255,15.12044968786723,5.812353939321757,0
54165,SYNID0200128912,0.1404969120552999,15.120502580588484,5.81191143216917,0
56099,SYNID0200366299,0.14051341558954106,15.12118109815032,5.8062348689833065,0
57410,SYNID0200523645,0.14052046809133,15.121471060471768,5.80380900776496,0
55519,SYNID0200293574,0.14052274136767606,15.12156452702541,5.8030270548320555,0
55376,SYNID0200279359,0.1405348325632499,15.122061670701592,5.798867888365256,0
55116,SYNID0200246401,0.14053680807997343,15.122142897976142,5.79818833077923,0
56300,SYNID0200392159,0.14055393799076993,15.122847246832638,5.792295659736235,0
55064,SYNID0200240420,0.1405547862330903,15.122882125791245,5.792003857985573,0
54437,SYNID0200162875,0.1405660887776854,15.123346884078982,5.788115631748125,0
58143,SYNID0200612015,0.1405803429798248,15.12393303475045,5.783211821574041,0
55310,SYNID0200270022,0.14058130120075646,15.123972438830956,5.782882162084945,0
61188,SYNID0200972447,0.1405860308214703,15.12416693242199,5.781255004262009,0
55031,SYNID0200235833,0.1405871575346,15.124213266003741,5.780867371694709,0
56532,SYNID0200420504,0.14060491922542218,15.124943695389483,5.7747565076667335,0
58186,SYNID0200617431,0.14060710287199368,15.125033497869355,5.774005208835398,0
59942,SYNID0200821951,0.14062181340094737,15.125638482690515,5.768943829798257,0
54283,SYNID0200144159,0.14062915595960762,15.125940461827211,5.766417434393489,0
56002,SYNID0200355307,0.14066306432236442,15.12733509907913,5.7547497238916945,0
58095,SYNID0200606438,0.1406630723754252,15.127335430313892,5.754746952740053,0
59756,SYNID0200798590,0.14066384162233475,15.127367070655628,5.754482245665093,0
55620,SYNID0200307935,0.1406794461124326,15.128008922630984,5.749112431383163,0
58030,SYNID0200599099,0.1406800837919409,15.128035152587877,5.748892988267718,0
59009,SYNID0200715593,0.1406859366829088,15.128275904348529,5.746878828784851,0
56027,SYNID0200357606,0.1406945362839065,15.128629645897908,5.743919382531049,0
56052,SYNID0200360548,0.1407048272578985,15.129052972606086,5.7403777780945635,0
53504,SYNID0200049064,0.14071792199078625,15.129591651508369,5.7358711227068255,0
53876,SYNID0200095007,0.1407405265054852,15.13052158114035,5.728091214549302,0
54380,SYNID0200156110,0.1407511432159282,15.130958363360463,5.72443703960912,0
58624,SYNID0200669357,0.1407554127705351,15.131134020800463,5.722967467392692,0
55453,SYNID0200286084,0.14075707215531463,15.1312022915487,5.722396305733934,0
58867,SYNID0200701111,0.1407882642422269,15.132485661453192,5.711659471842734,0
56155,SYNID0200374186,0.14078866875558654,15.132502305517598,5.711520225508393,0
54122,SYNID0200123485,0.14081567597890937,15.13361358430664,5.7022231275142605,0
55026,SYNID0200235346,0.14083077698512841,15.134234988861527,5.6970243789214114,0
56753,SYNID0200446851,0.14083448096377882,15.134387411119043,5.6957491951614365,0
54488,SYNID0200169482,0.14086598481363177,15.135683888161271,5.68490270530887,0
59624,SYNID0200784637,0.1408675329835496,15.135747602885871,5.684369659916366,0
53526,SYNID0200052058,0.14087448716280837,15.136033804585168,5.68197526053551,0
54094,SYNID0200119386,0.14093357110005195,15.138465648448348,5.6616301491869025,0
53516,SYNID0200050166,0.14093755788843876,15.13862975562878,5.66025720789346,0
55638,SYNID0200310099,0.1409854406429748,15.140600883939289,5.643766500752734,0
54227,SYNID0200136757,0.14098696004064926,15.140663435349593,5.643243187793812,0
59325,SYNID0200751131,0.14098748650802034,15.140685109313507,5.6430618606881255,0
57139,SYNID0200491836,0.14100918374614696,15.141578383498945,5.63558861660256,0
56922,SYNID0200465946,0.14103181903389855,15.142510334682115,5.627791795893755,0
57405,SYNID0200523086,0.1410333505877281,15.142573394691116,5.6272642279342255,0
58627,SYNID0200669903,0.14104557983915422,15.143076930036605,5.623051587958827,0
58051,SYNID0200601187,0.14104799596814788,15.143176415370906,5.622219281150597,0
54502,SYNID0200170910,0.14105717619353414,15.143554421903959,5.619056830994184,0
56615,SYNID0200431207,0.14106739935215967,15.143975383812561,5.615535010768102,0
53947,SYNID0200103290,0.1410677999175758,15.143991878252654,5.615397016209567,0
55533,SYNID0200294747,0.14108517223764433,15.144707251511832,5.609412113628398,0
55112,SYNID0200245576,0.14108772311378165,15.144812296734141,5.608533292098416,0
56958,SYNID0200469805,0.14111038689320404,15.145745625225784,5.600724948653834,0
55691,SYNID0200315372,0.14113349295984579,15.146697228447655,5.592763716519733,0
56700,SYNID0200441820,0.14114438356795056,15.147145769898389,5.589011162378488,0
59930,SYNID0200820258,0.14115485762850066,15.147577168230015,5.58540202972595,0
59650,SYNID0200786782,0.14115901962074628,15.147748592971942,5.583967868793471,0
56586,SYNID0200427851,0.14116545947279935,15.148013842453246,5.5817487583012415,0
60598,SYNID0200901424,0.14117010732791152,15.148205284771262,5.580147127811785,0
60528,SYNID0200892897,0.14117506624633924,15.148409542331795,5.57843828339305,0
58891,SYNID0200703214,0.14119642771604096,15.149289452293148,5.571076846085521,0
58229,SYNID0200622318,0.14121187393023887,15.149925736924683,5.5657536089016135,0
61288,SYNID0200985069,0.14122599515348666,15.150507464424448,5.56088680353779,0
61184,SYNID0200971699,0.14123923399621396,15.151052862822564,5.55632393200357,0
59463,SYNID0200765574,0.1412518565068437,15.151572889032696,5.551973327382309,0
54499,SYNID0200170647,0.1412931100797219,15.153272594486037,5.537753377972077,0
58005,SYNID0200596349,0.14130993835175204,15.153965999189694,5.531952267086981,0
54286,SYNID0200144451,0.14131902007428387,15.154340222791198,5.528821465411282,0
54756,SYNID0200201652,0.14132697539324357,15.154668039326728,5.5260789110811,0
60734,SYNID0200916528,0.14132956837969057,15.154774890646875,5.525184979509645,0
54958,SYNID0200225578,0.14134359028583138,15.155352716222117,5.520350818136722,0
57324,SYNID0200514031,0.14135512299787062,15.15582798208892,5.516374684172409,0
59414,SYNID0200760461,0.1413584268098554,15.155964135800154,5.515235605114954,0
58683,SYNID0200676352,0.14136352585407352,15.156174275460156,5.513477550312906,0
58644,SYNID0200672172,0.14136733150887099,15.156331114447873,5.512165415633041,0
57494,SYNID0200533196,0.14139596001229127,15.157511008259283,5.502294275739505,0
55454,SYNID0200286296,0.14140155575704588,15.157741642028911,5.500364764640997,0
54390,SYNID0200157512,0.14145187845505885,15.159815900065665,5.483011261251081,0
60510,SYNID0200890606,0.14147620659870835,15.160818789474485,5.4746209624322635,0
54002,SYNID0200108119,0.14147631371638625,15.160823205382538,5.474584018390594,0
56789,SYNID0200449915,0.14149037384270075,15.161402843151084,5.469734695980777,0
55010,SYNID0200232685,0.14150090632109624,15.161837066253568,5.466101930940248,0
57342,SYNID0200516013,0.14150604019037466,15.162048725207056,5.464331165537972,0
55698,SYNID0200316329,0.14151241327741526,15.162311478796878,5.462132935987496,0
55856,SYNID0200337829,0.1415190814012126,15.162586401345889,5.459832899395279,0
59734,SYNID0200795871,0.1415487653999707,15.16381031599566,5.449593475636306,0
60155,SYNID0200847710,0.14157055297476545,15.164708714044918,5.4420773646621345,0
59271,SYNID0200745897,0.14158212863621655,15.16518605196684,5.438083895624324,0
58660,SYNID0200673561,0.1415886301893442,15.16545415898911,5.435840878585285,0
57586,SYNID0200544990,0.1415910233433777,15.165552847617926,5.435015237115238,0
58258,SYNID0200625723,0.1415921436586975,15.165599047287117,5.434628724877277,0
54147,SYNID0200126959,0.14160533322941876,15.166142970911322,5.430078191486887,0
56705,SYNID0200442138,0.14161814818659785,15.166671465051392,5.425656743099672,0
58813,SYNID0200693650,0.14162658466280342,15.16701939913896,5.42274588280115,0
54907,SYNID0200220526,0.1416398703609708,15.16756733968352,5.418161743350314,0
54881,SYNID0200217532,0.14164230369310282,15.167667699526028,5.4173221202965305,0
57850,SYNID0200576775,0.14165243550453516,15.168085581167917,5.41382606996883,0
53130,SYNID0200005514,0.141671710091823,15.168880584778778,5.407174969858996,0
55964,SYNID0200351449,0.14168472147364702,15.169417279100424,5.402684917722267,0
60300,SYNID0200864719,0.1416866543918634,15.169497009899054,5.402017879841859,0
58830,SYNID0200696754,0.14170287819191701,15.170166241167392,5.3964190069543,0
57712,SYNID0200559789,0.1417141835448001,15.17063260455231,5.392517352272153,0
57606,SYNID0200547424,0.1417164145126788,15.170724637184698,5.391747395704627,0
57821,SYNID0200572685,0.14171911526854075,15.170836050434735,5.390815298454443,0
55789,SYNID0200328322,0.14173461050644037,15.171475285797953,5.385467375078479,0
54221,SYNID0200135759,0.14174122635796255,15.171748222346734,5.3831839536137345,0
59241,SYNID0200742291,0.14174155195652716,15.171761655025676,5.383071574133746,0
58688,SYNID0200677381,0.14174212349474907,15.171785234057916,5.38287430898704,0
57967,SYNID0200591071,0.14174620188403858,15.171953490690509,5.381466652855393,0
60958,SYNID0200942716,0.14175073112901299,15.172140349915706,5.379903365096372,0
57896,SYNID0200581132,0.141752138832145,15.172198426813209,5.379417486473825,0
57080,SYNID0200485192,0.14178378410594106,15.173504060131007,5.368494394069245,0
54837,SYNID0200211901,0.14178722119368287,15.173645875810886,5.367307946270605,0
58159,SYNID0200613807,0.14181350144517924,15.174730254975634,5.358235893913577,0
57056,SYNID0200482751,0.14181733485875214,15.174888436435488,5.356912527943125,0
55435,SYNID0200284770,0.1418595635182427,15.176631066188405,5.342333468448679,0
60883,SYNID0200935242,0.14191598379737697,15.178959655359563,5.3228521988286985,0
54422,SYNID0200161792,0.14193482915155237,15.179737526370909,5.316344432199294,0
57876,SYNID0200578944,0.14197663078926653,15.18146309946448,5.301908070860339,0
54697,SYNID0200195105,0.14198299883728477,15.181725990397265,5.29970869228138,0
55626,SYNID0200308504,0.14199466103849512,15.182207450987448,5.2956807324828326,0
60034,SYNID0200833045,0.14202777971439468,15.18357480302241,5.2842412935347856,0
54434,SYNID0200162562,0.1420478635536057,15.18440405474874,5.277303669387267,0
58628,SYNID0200670088,0.14205564417123806,15.184725325082843,5.274615881400823,0
55495,SYNID0200290865,0.14206075654783218,15.184936424586052,5.2728497964299015,0
59188,SYNID0200736896,0.14206537026486038,15.185126936100046,5.271255953163845,0
57902,SYNID0200582459,0.142077760435106,15.18563856829305,5.266975573944698,0
60461,SYNID0200885327,0.14210346544272118,15.1867000718133,5.258094902104116,0
56710,SYNID0200442785,0.1421085044761739,15.18690817062312,5.256353921311163,0
58833,SYNID0200696991,0.1421331689301215,15.187926789880684,5.247832024601118,0
54501,SYNID0200170843,0.14213592167225014,15.188040479953031,5.246880879169402,0
57836,SYNID0200575315,0.14214805544256404,15.18854162312342,5.242688252431504,0
54872,SYNID0200216383,0.14215333854230322,15.188759828488648,5.240862718925976,0
54087,SYNID0200118356,0.14217616526464627,15.189702666816835,5.232974814993863,0
56774,SYNID0200448559,0.1421830570457258,15.189987337786588,5.230593221888702,0
60600,SYNID0200901745,0.14220880241733352,15.191050821097601,5.221695986869845,0
54655,SYNID0200190138,0.14222488932176625,15.191715373732361,5.2161362560187445,0
60746,SYNID0200917789,0.1422430914902646,15.192467344302763,5.209845175732985,0
56633,SYNID0200433769,0.14227800027707738,15.193909608115998,5.197779015434378,0
57987,SYNID0200593692,0.1422853368163413,15.194212736664895,5.195243003902705,0
57261,SYNID0200505613,0.14230011536436615,15.19482337038982,5.190134365426813,0
56646,SYNID0200435205,0.1423007952981144,15.194851465128771,5.189899321310321,0
57445,SYNID0200527506,0.14231034918742125,15.195246235746488,5.186596620715022,0
57885,SYNID0200580152,0.1423222785177981,15.195739175364828,5.182472625924439,0
57144,SYNID0200492316,0.14233041672338576,15.19607546888404,5.17965915208356,0
59664,SYNID0200788501,0.14235166627261958,15.196953596034353,5.1723126299972115,0
56556,SYNID0200423451,0.14236090243479071,15.197335292151687,5.169119312315084,0
57295,SYNID0200509515,0.14236104645103648,15.19734124388377,5.16906951937659,0
59291,SYNID0200747246,0.1423664403302256,15.197564157432216,5.167204596618613,0
59666,SYNID0200788544,0.1424073080962341,15.199253214170806,5.153073735694125,0
56898,SYNID0200463156,0.14241144506718345,15.19942420512644,5.151643203872302,0
57000,SYNID0200474424,0.14241173984940697,15.199436389259969,5.151541269880122,0
55221,SYNID0200257640,0.14242298588547325,15.19990122535032,5.147652392736224,0
54372,SYNID0200155084,0.14243242077527013,15.200291212016506,5.144389715280595,0
56913,SYNID0200464829,0.14245865136494895,15.201375494995657,5.135318467624339,0
56569,SYNID0200425405,0.14247094361407453,15.201883641960418,5.131067246262644,0
59901,SYNID0200816798,0.1424758691917134,15.202087264386963,5.129363715454649,0
54369,SYNID0200154998,0.14248053003601235,15.202279945371652,5.127751722124152,0
59784,SYNID0200802402,0.1424984558689772,15.203021029182425,5.121551721837491,0
58856,SYNID0200699859,0.14250469268219007,15.203278878148623,5.1193945249846,0
54223,SYNID0200136140,0.14250589789578422,15.203328705889696,5.118977659841351,0
56343,SYNID0200396732,0.1425492827631486,15.205122499767537,5.103970554848447,0
60161,SYNID0200848282,0.14255538897369013,15.205374985069833,5.101858231081735,0
60216,SYNID0200854925,0.14256675758687104,15.205845076607286,5.097925386206992,0
58450,SYNID0200648384,0.14258996149823155,15.206804603485901,5.089897863764858,0
56962,SYNID0200470142,0.1425911353063184,15.206853144389301,5.089491764467291,0
58594,SYNID0200665774,0.1425955028821485,15.207033759706544,5.0879807140268625,0
57452,SYNID0200528299,0.14260061630402132,15.207245221304373,5.0862115997268305,0
55306,SYNID0200269367,0.1426379085796754,15.208787505953875,5.07330865254324,0
57232,SYNID0200502632,0.142673505490563,15.21025982609061,5.060991037265317,0
59122,SYNID0200729050,0.1426776174231369,15.210429908756867,5.059568104306544,0
59558,SYNID0200777061,0.14269117169433088,15.210990570570381,5.054877537121083,0
54892,SYNID0200219009,0.14269376215344648,15.211097725303889,5.053981067155311,0
57042,SYNID0200481119,0.14269652813433015,15.211212141379521,5.053023847888872,0
57913,SYNID0200584732,0.1427088765997993,15.211722952155943,5.048750340744057,0
57356,SYNID0200518057,0.14270945743309615,15.211746979536214,5.0485493246613995,0
57573,SYNID0200542996,0.1427352624309584,15.212814496490527,5.039618343675811,0
57782,SYNID0200568856,0.1428290260418874,15.216694016159293,5.007161794620507,0
55582,SYNID0200301177,0.1428391534109546,15.21711310242354,5.003655666270812,0
57610,SYNID0200547582,0.14284126575758815,15.217200516106422,5.002924352415272,0
55869,SYNID0200339429,0.1428525266872297,15.217666527577409,4.9990256418892765,0
55902,SYNID0200343427,0.14285763679080593,15.2178780040309,4.997256403304917,0
60867,SYNID0200933337,0.14287747166693548,15.218698878929075,4.990388860754392,0
54120,SYNID0200123183,0.14289262044115586,15.219325848187825,4.985143557149774,0
57530,SYNID0200537786,0.14290683443746044,15.219914153550594,4.980221720557498,0
55389,SYNID0200280666,0.1429146739711844,15.220238635283245,4.977507065607267,0
56100,SYNID0200366349,0.14294758645483074,15.22160097512698,4.966109559280851,0
56875,SYNID0200459990,0.14299131148213617,15.223411070675743,4.950966072460517,0
58107,SYNID0200607871,0.1430051908962402,15.223985686498539,4.9461587642799065,0
59130,SYNID0200729669,0.14300844724211764,15.224120504348862,4.945030861202682,0
56340,SYNID0200396592,0.1430108791662833,15.224221190643442,4.944188507009828,0
54271,SYNID0200142845,0.14303035810417475,15.225027680539991,4.93744131119056,0
57842,SYNID0200576103,0.14303424958284255,15.225188805390873,4.936093320440871,0
55572,SYNID0200299999,0.14303912256060974,15.225390571229013,4.9344053220848005,0
56930,SYNID0200466798,0.14306193298569314,15.226335074410862,4.926503489777733,0
56297,SYNID0200391531,0.14306971284406472,15.226657226051348,4.923808328671364,0
57964,SYNID0200590966,0.14309042234986535,15.22751480818382,4.916633688786021,0
56607,SYNID0200430787,0.14313141124692558,15.229212308093745,4.902432191229122,0
58405,SYNID0200643175,0.14316606231829782,15.230647487584868,4.890425299259549,0
54378,SYNID0200155407,0.14316725439882405,15.230696863704553,4.890012212437567,0
53520,SYNID0200050963,0.1431698091311196,15.23080268158101,4.889126926785902,0
56194,SYNID0200378786,0.14317029782447277,15.230822923511445,4.8889575802522405,0
58620,SYNID0200668843,0.14319888705133293,15.23200715226716,4.879050173669929,0
59489,SYNID0200769087,0.1432141365132822,15.232638857379829,4.873765249316319,0
58080,SYNID0200604691,0.14321688832272467,15.232752853267192,4.872811545397737,0
57166,SYNID0200494655,0.1432216458925873,15.232949941443913,4.871162680944896,0
59299,SYNID0200748233,0.1432838019830892,15.235525075345688,4.849618787127374,0
55872,SYNID0200339619,0.14328663130030606,15.23564230495694,4.848638029468388,0
60608,SYNID0200902973,0.14330147388372677,15.236257306122413,4.843492852436038,0
56213,SYNID0200381278,0.14330291985849974,15.236317221330543,4.84299159427578,0
55726,SYNID0200320026,0.14332776544391718,15.237346757470396,4.834378365556679,0
54947,SYNID0200224264,0.14333949303922794,15.237832743292133,4.830312547102311,0
60576,SYNID0200899410,0.14337423957944984,15.239272716764484,4.818265548083344,0
57110,SYNID0200488698,0.14338779659269646,15.23983458742551,4.813564867527697,0
54864,SYNID0200215756,0.14339323532971865,15.240060001983961,4.811679021005732,0
57900,SYNID0200581943,0.14339624126723888,15.240184587912442,4.8106367194724164,0
57121,SYNID0200489546,0.14340675210610337,15.240620234837401,4.806992042554148,0
59839,SYNID0200809340,0.1434122979882006,15.240850102396811,4.805068941666601,0
57932,SYNID0200586908,0.1434278633847641,15.241495281211298,4.7996712946304365,0
55579,SYNID0200300966,0.14344511164767443,15.242210246989554,4.793689801085865,0
58014,SYNID0200597212,0.14345210777264222,15.242500256483117,4.791263545219671,0
55742,SYNID0200321872,0.1435094436812699,15.24487720917479,4.771377660309617,0
57079,SYNID0200485086,0.14351836734874013,15.245247188601615,4.768282365932608,0
54379,SYNID0200155685,0.1435274751167066,15.245624810471368,4.765123133917726,0
58425,SYNID0200645642,0.1435320918563634,15.245816231182658,4.763521684192861,0
57298,SYNID0200510000,0.1435370970895738,15.2460237625367,4.761785450806222,0
54826,SYNID0200210436,0.1435418024922014,15.24621886471049,4.760153201503448,0
54923,SYNID0200222295,0.14354410330002743,15.246314265052478,4.759355070254234,0
56562,SYNID0200424280,0.143556188674492,15.246815381273617,4.755162668977164,0
60392,SYNID0200876558,0.14355854817418912,15.246913219163,4.754344144900113,0
61143,SYNID0200966369,0.1435659187407034,15.247218847731126,4.751787217893433,0
58504,SYNID0200655715,0.1435735686462895,15.247536066081983,4.749133329308009,0
54627,SYNID0200186043,0.14358323480062785,15.247936901881667,4.745779886638202,0
53998,SYNID0200107823,0.14358748166316293,15.248113014087838,4.744306509790864,0
58508,SYNID0200655922,0.14361134369010436,15.249102582244124,4.736027658244724,0
57568,SYNID0200542632,0.14362711121645816,15.249756504459011,4.730556862822111,0
56446,SYNID0200409353,0.1436341650403724,15.250049055094216,4.728109347445619,0
57546,SYNID0200539957,0.14363551881145853,15.250105202124232,4.7276396143369865,0
55055,SYNID0200239888,0.1436405818712373,15.25031519207874,4.7258828119899015,0
57284,SYNID0200508384,0.14364657177085188,15.250563626485826,4.723804378521567,0
59239,SYNID0200742027,0.14366125622749243,15.251172690133274,4.718708875511169,0
55642,SYNID0200310497,0.14369068660228118,15.2523934422159,4.708495910186327,0
54272,SYNID0200142914,0.14369241999076138,15.252465345144374,4.707894361251275,0
57472,SYNID0200530366,0.14369779527642418,15.25268832034035,4.706028922742345,0
54168,SYNID0200129113,0.14371085120435434,15.253229914512051,4.701497877844341,0
58162,SYNID0200614177,0.14371550559614105,15.253422995703179,4.699882536336486,0
58735,SYNID0200683156,0.143719466612294,15.253587315124248,4.69850781941118,0
56527,SYNID0200419908,0.14372775265180315,15.253931060406886,4.695632003181071,0
56514,SYNID0200418349,0.14374738621427524,15.254745588134632,4.688817561855963,0
55514,SYNID0200292720,0.143752420296122,15.254954441785811,4.68707026596531,0
58114,SYNID0200608592,0.14375941615816246,15.255244690543137,4.68464200838844,0
58259,SYNID0200625753,0.14377804535682892,15.256017618340938,4.678175597304746,0
58171,SYNID0200616135,0.1437981050894962,15.256849944372433,4.671212253133882,0
57333,SYNID0200514840,0.14385546047166847,15.259230014263547,4.651300289341598,0
57010,SYNID0200475501,0.14387017583337325,15.259840717771375,4.646191067053163,0
55864,SYNID0200338768,0.14390079441720582,15.261111503167864,4.635559516737297,0
58480,SYNID0200653844,0.1439114815514339,15.261555084812693,4.63184845695549,0
57914,SYNID0200584860,0.14391464486386596,15.261686384241619,4.630749989433813,0
58806,SYNID0200692673,0.14391761626985128,15.261809719283008,4.629718152979101,0
57888,SYNID0200580400,0.14394309578112513,15.262867347268587,4.620869904348568,0
56253,SYNID0200386089,0.14394558533468638,15.262970690103693,4.62000532520388,0
57391,SYNID0200522455,0.14394558673200486,15.262970748107408,4.6200048399374865,0
58320,SYNID0200632787,0.14395432775307437,15.263333598765861,4.616969185732511,0
57751,SYNID0200565743,0.14395546954281535,15.263380996536203,4.6165726500297595,0
56641,SYNID0200434922,0.14396715868438437,15.263866242821903,4.612513018626785,0
56561,SYNID0200424187,0.1439912763063701,15.264867477594905,4.604136562699168,0
54998,SYNID0200231017,0.14400401852406636,15.265396493760523,4.599710746980623,0
60547,SYNID0200895837,0.14401586685626605,15.265888415645941,4.595595266671548,0
55590,SYNID0200302784,0.1440266018071465,15.266334126037362,4.591866397528266,0
59834,SYNID0200808542,0.14406726374408868,15.268022513482634,4.5777411359957725,0
54783,SYNID0200204411,0.14408042099363783,15.268568877382618,4.57317018695157,0
59497,SYNID0200771121,0.14411611701012272,15.270051280925538,4.560768212630406,0
55422,SYNID0200283582,0.14411678527088118,15.270079034238769,4.560536024924399,0
55393,SYNID0200281055,0.14412821425463168,15.270553695593748,4.556564948381981,0
59640,SYNID0200785989,0.14413910880589131,15.271006175426715,4.552779445240052,0
56237,SYNID0200384217,0.14414257631018407,15.27115019305412,4.551574575671702,0
56860,SYNID0200458226,0.14414645546504856,15.27131130963816,4.5502266540834775,0
57638,SYNID0200551694,0.14415028058931934,15.271470183838595,4.548897492558268,0
56092,SYNID0200365493,0.14415357214505553,15.271606897962892,4.5477537250146804,0
54148,SYNID0200127022,0.14415570433065722,15.271695458550115,4.547012816013318,0
56961,SYNID0200470078,0.1441764072968616,15.272555386350692,4.539818551973851,0
57467,SYNID0200529228,0.14419498560591382,15.273327106023354,4.533362248216877,0
60291,SYNID0200863793,0.14423080224451096,15.274814998030742,4.520914356712291,0
59193,SYNID0200737508,0.14427596312675056,15.276691281401776,4.5052171342535585,0
54687,SYNID0200193652,0.14430235114714712,15.27778772551031,4.4960441450607185,0
58018,SYNID0200597812,0.1443147190577671,15.278301650439486,4.491744584522628,0
56195,SYNID0200378804,0.14435041764106332,15.27978513719618,4.479333547898912,0
55960,SYNID0200350995,0.14435341877858066,15.279909858951966,4.47829011001728,0
55853,SYNID0200337545,0.14435441202201166,15.279951136554068,4.4779447764111024,0
55343,SYNID0200274925,0.14437544074712244,15.28082508366115,4.470633225091724,0
53907,SYNID0200098575,0.1443855382572194,15.281244751324687,4.467122232682474,0
55079,SYNID0200241767,0.14441505167609925,15.282471441595067,4.456859587732708,0
58635,SYNID0200671409,0.14443857439739993,15.2834492085366,4.448679466632132,0
56389,SYNID0200402013,0.14444192538522904,15.2835885040245,4.447514103076289,0
58661,SYNID0200673736,0.14445854041917144,15.284279185208934,4.441735777495259,0
55830,SYNID0200333484,0.1444768146429562,15.285038875611603,4.4353801121226555,0
56062,SYNID0200361856,0.14448657135731813,15.285444494725843,4.431986651642205,0
57035,SYNID0200479941,0.14448747948781898,15.285482249301895,4.431670792114661,0
55368,SYNID0200278398,0.1445056184667406,15.286236378586777,4.425361651752291,0
58805,SYNID0200692620,0.1445553432170198,15.288303885809519,4.408064626520714,0
59318,SYNID0200750084,0.1445976396327665,15.290062757697923,4.393349683279779,0
56679,SYNID0200439201,0.14460141430527418,15.290219735436086,4.392036387796261,0
57231,SYNID0200502312,0.14460537264151546,15.290384353009907,4.390659176487555,0
60269,SYNID0200861243,0.14463526826868922,15.291627698628679,4.380257190800196,0
56986,SYNID0200473181,0.1446392149809882,15.291791848424731,4.378883892979113,0
57351,SYNID0200517512,0.1446420885589389,15.291911366070146,4.377883993338816,0
57720,SYNID0200560973,0.1446514100115477,15.292299069902553,4.3746404143574225,0
57590,SYNID0200545767,0.14466325339497593,15.292791682168291,4.3705191582398495,0
54480,SYNID0200169025,0.14470048265116564,15.294340298304956,4.357563241039042,0
56798,SYNID0200450861,0.14472746099191303,15.295462611057264,4.348173831521695,0
59506,SYNID0200771719,0.14474852821267314,15.296339077461825,4.340841203443013,0
58044,SYNID0200600541,0.14475185404448776,15.296477447869718,4.339683579222742,0
60208,SYNID0200853836,0.14475481685355235,15.296600715897164,4.338652303415092,0
57274,SYNID0200507304,0.14477047984392655,15.297252393579388,4.3332002860347885,0
58167,SYNID0200615056,0.14477197873758824,15.29731475837177,4.332678534344847,0
57186,SYNID0200496724,0.14479810223877837,15.298401726790663,4.323584819962267,0
56839,SYNID0200455731,0.14480578052614085,15.298721226574738,4.320911844619879,0
59838,SYNID0200809260,0.14483621779841938,15.299987814195646,4.310315413422028,0
53830,SYNID0200088440,0.144839963850313,15.30014370632821,4.309011200251344,0
54994,SYNID0200230698,0.1448483723472584,15.300493632327079,4.306083675372574,0
60175,SYNID0200850438,0.1448522539620522,15.300655171475471,4.30473221855785,0
57359,SYNID0200518987,0.1448836491558968,15.301961793858057,4.293800851512963,0
56975,SYNID0200471590,0.14489380630585214,15.302384544423,4.290264067163196,0
58166,SYNID0200614843,0.14490543158025276,15.302868414610662,4.286215948369321,0
58843,SYNID0200698502,0.14491860221440284,15.303416625303019,4.2816295488280804,0
58280,SYNID0200628638,0.14496530371846855,15.305360679190501,4.2653653497125905,0
58969,SYNID0200712082,0.14497259748873748,15.305664321673978,4.262825038539653,0
56884,SYNID0200461477,0.14499415693536405,15.306561886266408,4.255315900370049,0
60339,SYNID0200869835,0.1449993943023138,15.306779936971997,4.253491660766495,0
56278,SYNID0200389230,0.1450048066640871,15.307005276730907,4.251606440026912,0
59204,SYNID0200738817,0.1450126332817187,15.307331138358544,4.248880240701835,0
60729,SYNID0200915913,0.14502164111908855,15.307706189023595,4.245742519708595,0
58551,SYNID0200660674,0.14505314505124128,15.30901796281361,4.23476805534182,0
57067,SYNID0200483668,0.14511600273524827,15.311635605060166,4.212868531370173,0
55979,SYNID0200353288,0.1451421851155783,15.31272607958117,4.203745484496757,0
57179,SYNID0200496108,0.1451617051707892,15.313539126116662,4.196943435012168,0
55556,SYNID0200298433,0.14519147219414358,15.314779064009041,4.18656995879203,0
59875,SYNID0200813099,0.14523886758277238,15.31675352172736,4.170051397407192,0
56168,SYNID0200376212,0.14524323873050188,15.316935633875875,4.1685278242882156,0
58093,SYNID0200606169,0.14524653098736084,15.317072798410914,4.16738028855177,0
57305,SYNID0200511003,0.14532728977866766,15.320437831877637,4.139227995713912,0
59857,SYNID0200810966,0.14533051043652878,15.320572045185413,4.138105150315596,0
56642,SYNID0200434993,0.1453645845611437,15.321992078492501,4.126224973224934,0
58893,SYNID0200703729,0.14537037351200321,15.322233345587113,4.124206502393413,0
59152,SYNID0200731994,0.14538074163192766,15.322665469337478,4.120591300796528,0
56893,SYNID0200462548,0.14538727147840474,15.322937627549239,4.118314390997124,0
57926,SYNID0200586134,0.14542293867553607,15.32442429315598,4.1058767597144445,0
58511,SYNID0200656403,0.14543618329916408,15.324976388248926,4.101257862789742,0
54991,SYNID0200230530,0.14546292669992633,15.326091235554545,4.091930910137509,0
56950,SYNID0200468905,0.14546625466817364,15.326229973847846,4.090770208141681,0
58498,SYNID0200655331,0.14551289496484487,15.32817447893838,4.074502234204813,0
57040,SYNID0200480645,0.14552675656047848,15.328752439315581,4.0696669450617335,0
59591,SYNID0200780840,0.1455496487613559,15.329706981011228,4.061681129286798,0
57780,SYNID0200568671,0.1455711352061297,15.330602962639455,4.054185234394614,0
58386,SYNID0200641175,0.14558517675446303,15.331188522514077,4.049286366901173,0
55498,SYNID0200291059,0.1455864088445713,15.331239904174986,4.048856501469322,0
55307,SYNID0200269841,0.1455953162976235,15.331611375609002,4.045748724772658,0
57383,SYNID0200521608,0.145600844256687,15.331841915213232,4.04382000147373,0
55813,SYNID0200331592,0.1456490570366562,15.333852747400998,4.0269971267066,0
58973,SYNID0200712408,0.14567032611724268,15.334739913522101,4.019574983454799,0
59568,SYNID0200778713,0.14567322711907743,15.334860922905362,4.018562603748221,0
54459,SYNID0200165631,0.14568482424943813,15.335344683476364,4.014515402021135,0
54785,SYNID0200204558,0.14573521481968177,15.33744685037896,3.9969284095525026,0
57441,SYNID0200527213,0.14574325233825014,15.33778218293714,3.9941229752323615,0
56768,SYNID0200448204,0.1457436116168916,15.33779717254528,3.9939975702870556,0
55374,SYNID0200279095,0.1457585884916755,15.338422042264114,3.988769831697203,0
57520,SYNID0200536291,0.14577850952788618,15.339253234729226,3.981815971085134,0
56007,SYNID0200355651,0.145801390299716,15.340207977946568,3.973828469354357,0
56622,SYNID0200432451,0.145821713507367,15.341056053711688,3.9667333609328614,0
57644,SYNID0200552441,0.14582381121808496,15.341143592744004,3.9660009983882305,0
59006,SYNID0200715273,0.14583730797671807,15.34170683494484,3.961288843358146,0
59818,SYNID0200805969,0.14584910681692514,15.342199237768119,3.9571693394624963,0
54849,SYNID0200213552,0.14585566592280874,15.342472977043162,3.954879202289008,0
56602,SYNID0200430523,0.14586595508372047,15.342902397530931,3.9512866165266836,0
57095,SYNID0200486474,0.14593438654345758,15.345758717650293,3.927390283478527,0
58778,SYNID0200688715,0.14596479829395004,15.347028277300552,3.916768987909658,0
57777,SYNID0200568520,0.14602104819390088,15.349376755873259,3.8971213210569844,0
60544,SYNID0200895606,0.14607235343730146,15.351519116504713,3.879198062801903,0
57251,SYNID0200504185,0.1460971264660203,15.352553678708665,3.870542785398967,0
56429,SYNID0200407634,0.14617448006740608,15.355784557807096,3.843512844864261,0
58036,SYNID0200600003,0.1462187876522053,15.357635500224257,3.8280276280100334,0
55923,SYNID0200347315,0.1462673800230766,15.359665705449865,3.811042675973897,0
56292,SYNID0200390663,0.14628312706912366,15.36032368204292,3.8055379611140583,0
57698,SYNID0200558554,0.14628338568979593,15.360334488526771,3.8054475527122156,0
59284,SYNID0200746822,0.14630320914035855,15.361162836384251,3.7985174904450525,0
58363,SYNID0200639170,0.14631588933719347,15.361692718731392,3.794084428143041,0
57868,SYNID0200578345,0.1463399734972538,15.362699204255797,3.7856640437693767,0
57046,SYNID0200481533,0.14634163243516546,15.3627685343781,3.785084019254048,0
57072,SYNID0200484336,0.14634245047087857,15.362802721742348,3.7847980034687256,0
57587,SYNID0200545011,0.14635831204782723,15.363465624703467,3.779252073994588,0
58749,SYNID0200684516,0.1463847922573822,15.364572378482867,3.769992832799751,0
56465,SYNID0200412852,0.14639497979188265,15.36499819372692,3.766430408959398,0
58452,SYNID0200648568,0.14640700197321416,15.365500708721907,3.7622263053645577,0
58348,SYNID0200636254,0.1464174041697146,15.365935523780275,3.7585885879467096,0
55907,SYNID0200344061,0.14642718055309784,15.366344191316072,3.7551696239884413,0
58193,SYNID0200618201,0.14642796215512888,15.366376863944842,3.754896280670461,0
55509,SYNID0200292074,0.14643338208954726,15.366603430728428,3.7530007944882593,0
55526,SYNID0200293899,0.1464641748575985,15.36789071119587,3.742231244336014,0
55426,SYNID0200283824,0.14649594282974576,15.369218877225078,3.7311196404362534,0
55333,SYNID0200273634,0.14656949837066058,15.372294570114542,3.7053880072267176,0
54178,SYNID0200129883,0.14659083115530042,15.373186710952599,3.6979242448677674,0
53525,SYNID0200051813,0.14663206166182552,15.374911130681781,3.6834975327201924,0
56341,SYNID0200396604,0.14669080495595016,15.37736835070334,3.6629401212417756,0
58695,SYNID0200679142,0.14671967175444162,15.378575992716247,3.652836836407669,0
59813,SYNID0200805055,0.14675168092710345,15.379915211277998,3.641632765631786,0
59231,SYNID0200740769,0.14676061498440862,15.380289021275646,3.6385054242179304,0
55220,SYNID0200257574,0.14676338154056,15.380404778701514,3.637536983046874,0
57409,SYNID0200523490,0.14678682254127956,15.381385626520473,3.6293310869386253,0
53515,SYNID0200050117,0.14683074171217536,15.383223522923924,3.6139550146744748,0
59695,SYNID0200790772,0.14683536760824195,15.383417117244603,3.612335380260301,0
56946,SYNID0200468601,0.14683901361909452,15.383569705035233,3.611058811629475,0
56811,SYNID0200452345,0.14686300795303847,15.384573921926801,3.602657406923193,0
57507,SYNID0200534283,0.14688967241631595,15.385689969789935,3.593320410255918,0
57750,SYNID0200565635,0.1468990221751027,15.386081326268322,3.5900462727792903,0
57781,SYNID0200568690,0.14692993898609752,15.387375497003845,3.5792190777784283,0
57937,SYNID0200587811,0.14694806791717735,15.388134422679594,3.5728698102073353,0
58148,SYNID0200612614,0.14695309379043964,15.388344826112858,3.571109548645024,0
57053,SYNID0200482261,0.1470109042130549,15.390765220206726,3.5508602275052925,0
55898,SYNID0200342835,0.14708901637388355,15.394036232748423,3.5234945255410155,0
57020,SYNID0200477792,0.14714986676459046,15.396584895846125,3.502172089796729,0
57986,SYNID0200593669,0.14716092722847612,15.397048200490486,3.4982960249224204,0
58677,SYNID0200675314,0.1472056323137837,15.398920970995002,3.482628191546422,0
57464,SYNID0200529088,0.14722417241363417,15.399697716284507,3.476129842847442,0
53811,SYNID0200086080,0.14725095608208744,15.40081990143774,3.466741500839965,0
58102,SYNID0200607379,0.14729801476902976,15.402791777980484,3.450244533894342,0
59990,SYNID0200827958,0.14736466503897916,15.405585041033593,3.4268757441863307,0
56664,SYNID0200437362,0.1473936211712913,15.406798735430197,3.4167218243496444,0
56409,SYNID0200404413,0.1473965834442557,15.406922904527903,3.4156830100749547,0
59697,SYNID0200790898,0.14741656771567674,15.40776060913041,3.40867466810314,0
60521,SYNID0200892217,0.14743189208146068,15.408403011060905,3.4033002528274015,0
57473,SYNID0200530631,0.14744954108182623,15.409142896955853,3.397110274455073,0
58526,SYNID0200657764,0.147452336777737,15.40926010223121,3.396129720393226,0
57116,SYNID0200488987,0.14752763933631763,15.412417396553995,3.36971539933838,0
58271,SYNID0200627574,0.14753872712782823,15.412882343720655,3.365825592916105,0
59013,SYNID0200715877,0.14756104769369643,15.413818362016581,3.357994746230919,0
55407,SYNID0200281851,0.14762560286310517,15.41652583225591,3.335343709983829,0
55996,SYNID0200354895,0.14763011181472296,15.416714958064874,3.3337614597001797,0
57407,SYNID0200523387,0.14763832296955826,15.417059377225327,3.330880005723591,0
58829,SYNID0200696505,0.14764859564947935,15.417490278927426,3.327275027936061,0
57581,SYNID0200544532,0.14767659867605532,15.418664968232513,3.317447429596465,0
57109,SYNID0200488526,0.14769671623612485,15.41950893045438,3.310386735594728,0
59544,SYNID0200775121,0.14773944737320477,15.421301726511448,3.2953879784958007,0
59837,SYNID0200809172,0.14776256649045327,15.422271785798962,3.2872723405973248,0
59140,SYNID0200730382,0.1478008372997448,15.423877737659797,3.2738367455232065,0
57151,SYNID0200493348,0.1478563014487529,15.426205480631126,3.254362555317325,0
54616,SYNID0200184824,0.14791773971479572,15.428784375914558,3.232787193308173,0
55469,SYNID0200287796,0.1479413276626162,15.429774608819802,3.2245027803887383,0
54339,SYNID0200151643,0.14795051503187107,15.430160316762613,3.221275899270526,0
58194,SYNID0200618257,0.1479567045407731,15.430420172964878,3.21910190962843,0
54470,SYNID0200167483,0.1479688460167497,15.430929925843595,3.214837252988756,0
54902,SYNID0200219653,0.14804440843423505,15.43410276567901,3.1882928762217655,0
59167,SYNID0200734082,0.14807898055009716,15.435554664030485,3.1761461121655343,0
57108,SYNID0200488305,0.14809318908105018,15.43615141004705,3.1711536600029566,0
57710,SYNID0200559644,0.14810836333727623,15.436788742296999,3.1658216583117182,0
58870,SYNID0200701195,0.1481220328537548,15.437362897670578,3.161018202307131,0
57551,SYNID0200540784,0.1481283439556062,15.43762798794829,3.1588004237321443,0
57183,SYNID0200496442,0.14813483919449033,15.43790081764638,3.1565178961937224,0
56419,SYNID0200405702,0.14815514688062248,15.438753865702777,3.1493811889585555,0
59320,SYNID0200750308,0.1482043431050386,15.440820614655738,3.132090507507257,0
58016,SYNID0200597246,0.148208250858679,15.440984793012877,3.1307169707405325,0
58559,SYNID0200661415,0.14820875841091818,15.441006117186145,3.1305385700273414,0
56504,SYNID0200416591,0.14825076339559218,15.442771010784524,3.1157732484040523,0
57288,SYNID0200508751,0.14825539062280368,15.442965442589971,3.1141466074870894,0
57212,SYNID0200499525,0.14827715305621214,15.443879914207299,3.106496023022609,0
56555,SYNID0200423289,0.14838654983417138,15.448477695302078,3.068030408619493,0
57879,SYNID0200579269,0.14841188463905236,15.449542682829264,3.059120589139086,0
55108,SYNID0200244865,0.14847146119835108,15.452047377666059,3.0381659973906627,0
56381,SYNID0200401506,0.1484726147317348,15.452095878262789,3.037760235303766,0
58607,SYNID0200667350,0.14848067740534188,15.452434879814815,3.0349241057200382,0
55486,SYNID0200289804,0.148561763249355,15.45584463127734,3.006397696509966,0
57766,SYNID0200567483,0.14856265205611519,15.455882010965823,3.0060849733389405,0
56968,SYNID0200470802,0.1485638792167625,15.455933620632695,3.0056532003805314,0
55462,SYNID0200286931,0.14862678117607808,15.458579277010903,2.983519306663196,0
56526,SYNID0200419862,0.14887200624212765,15.468897967501205,2.8971918453588708,0
56538,SYNID0200421260,0.14895106776039346,15.472226289872662,2.869346682157181,0
59495,SYNID0200770417,0.14897757474219353,15.47334234542145,2.860009621190762,0
54249,SYNID0200139310,0.14901320167674448,15.474842522150647,2.847458954159776,0
58622,SYNID0200668982,0.14903251517389282,15.475655837330134,2.8406546571657754,0
56775,SYNID0200448654,0.1491251166750877,15.479556022569698,2.808025217348309,0
59413,SYNID0200760211,0.14915326204485763,15.480741651771103,2.7981060944613723,0
58055,SYNID0200601854,0.1491614516448181,15.481086658133927,2.7952197278759527,0
55299,SYNID0200268313,0.14917255604064478,15.481554470063589,2.791305954486456,0
59379,SYNID0200757225,0.14918409794229376,15.48204072916669,2.787237849725843,0
58874,SYNID0200701399,0.1492945732299188,15.486695850993442,2.7482925155534965,0
57815,SYNID0200571749,0.14933212051147132,15.48827832306152,2.7350533553760714,0
55472,SYNID0200287994,0.14950329109198734,15.49549464573465,2.6746806930784905,0
55890,SYNID0200341428,0.14963842696605606,15.501194283259236,2.6269968093226126,0
58402,SYNID0200642913,0.14975720071108223,15.506205629358366,2.5850712581238833,0
57101,SYNID0200487593,0.14980435073298426,15.50819547188544,2.568423985495716,0
56416,SYNID0200405106,0.14983013732724187,15.509283840529884,2.559318556650214,0
58789,SYNID0200690329,0.14985393427774557,15.510288303866703,2.550915090151973,0
56933,SYNID0200467284,0.14989173549348284,15.511884024097869,2.5375650941773964,0
56484,SYNID0200414142,0.1499082610197538,15.512581677918165,2.5317284346485502,0
55337,SYNID0200274362,0.14991804104288037,15.512994574108406,2.528274093235827,0
59608,SYNID0200783074,0.14993778677303943,15.5138282409075,2.521299532034771,0
56675,SYNID0200438718,0.14995974029021947,15.514755175912804,2.513544677300328,0
56460,SYNID0200412155,0.14996318067149983,15.514900443092007,2.512329353824616,0
57822,SYNID0200572715,0.15013969918476383,15.522355704053423,2.4499577037818687,0
58740,SYNID0200683926,0.1501422197853412,15.522462188878384,2.449066838355196,0
58072,SYNID0200604131,0.1501606291590018,15.523239931131057,2.4425601489370563,0
56321,SYNID0200394563,0.15017281547094746,15.523754789720632,2.438252777278749,0
57153,SYNID0200493567,0.15030039871960876,15.5291461219948,2.3931482139899707,0
54311,SYNID0200147848,0.15039964055867788,15.533341181148298,2.3580518219542657,0
57920,SYNID0200585503,0.1504567572701178,15.535756105850991,2.3378482584283766,0
56552,SYNID0200422690,0.15046471343601459,15.536092528055729,2.335033707988232,0
58750,SYNID0200684523,0.15049132690463085,15.537217919943732,2.325618538034724,0
57958,SYNID0200590514,0.15060577511433526,15.542058517223712,2.2851214929135333,0
58519,SYNID0200657185,0.150622663029449,15.54277292734997,2.279144648023368,0
57227,SYNID0200501181,0.15065807725642155,15.544271168905786,2.2666101708960884,0
58810,SYNID0200692999,0.15069419445966897,15.545799307163497,2.2538255742038826,0
58632,SYNID0200670754,0.1507283510366107,15.547244635648562,2.2417337744756294,0
59854,SYNID0200810782,0.1509773528134004,15.557785367278605,2.153548689094209,0
55806,SYNID0200330798,0.15105983928066885,15.561278838832193,2.124321867081891,0
57082,SYNID0200485276,0.15110432311097866,15.563163163325452,2.1085573715841854,0
59022,SYNID0200717434,0.15110549846386545,15.563212954252492,2.1081408144317693,0
58423,SYNID0200645218,0.1513649278277273,15.57420714611426,2.016162023769197,0
57187,SYNID0200496861,0.15161488806262513,15.584807793158838,1.9274756785007119,0
57011,SYNID0200475642,0.15162737010504795,15.585337347628148,1.9230453592658403,0
57704,SYNID0200559218,0.15167901042855314,15.587528405800953,1.904714691260423,0
57630,SYNID0200550808,0.15188735847149232,15.596371749197422,1.8307301691374622,0
58558,SYNID0200661387,0.15205235593256228,15.60337883120971,1.7721080405019962,0
55270,SYNID0200264246,0.15211565252750875,15.606067781311875,1.7496119460497006,0
59341,SYNID0200752866,0.1521290006634966,15.606634895948853,1.74486739373223,0
59074,SYNID0200721642,0.15237951679599726,15.61728247045756,1.6557884474018625,0
56640,SYNID0200434863,0.1524140498218053,15.618750813864509,1.643504101945048,0
57557,SYNID0200541211,0.15243666239640746,15.619712379019433,1.6354595270272054,0
59638,SYNID0200785948,0.15245967811268635,15.620691151402447,1.6272709942768637,0
59032,SYNID0200718284,0.15285287231654315,15.637422251098975,1.4872965117600723,0
57771,SYNID0200568097,0.1531027482581871,15.648064759638705,1.3982599479627322,0
57725,SYNID0200561287,0.1532020158767412,15.652294811389966,1.3628708034568948,0
56363,SYNID0200398534,0.15320753442461799,15.652530006612887,1.3609031306669461,0
56269,SYNID0200388614,0.15324658537497043,15.654194427656229,1.3469783750646669,0
55779,SYNID0200326758,0.15331270737785668,15.657013092607652,1.323397069883292,0
57403,SYNID0200523004,0.15341280939614732,15.661281289129366,1.2876888014345167,0
57411,SYNID0200523887,0.1534566207537798,15.66314972606917,1.2720572232054583,0
56807,SYNID0200451810,0.15347374325138025,15.663880018884472,1.2659475017429256,0
58633,SYNID0200670833,0.15348324792903267,15.664285419115664,1.262555872465565,0
57798,SYNID0200570223,0.15364941329371073,15.671374618811729,1.2032467369685884,0
57673,SYNID0200555877,0.15373224015178,15.674909574583626,1.1736728527729334,0
57090,SYNID0200486202,0.15387247813758298,15.680896700032218,1.12358380891866,0
57574,SYNID0200543023,0.15449582296592856,15.707538304416108,0.9006967988181791,0
56647,SYNID0200435324,0.15452206281991948,15.708660843302917,0.8913054974311496,0
59855,SYNID0200810848,0.1545416398663204,15.709498403341714,0.8842983648975067,0
56914,SYNID0200464860,0.15460087309871884,15.71203285348235,0.8630948365380475,0
54623,SYNID0200185275,0.15461964415712304,15.712836113439193,0.8563746628002189,0
55763,SYNID0200324940,0.1547053635184602,15.71650481161408,0.8256818728548998,0
57266,SYNID0200506086,0.15473680440282994,15.717850676569409,0.8144221975151633,0
56926,SYNID0200466291,0.15499503794993413,15.728909314209547,0.7219042453723956,0
58654,SYNID0200673127,0.15527257857866805,15.740803994150815,0.6223918582800247,0
57190,SYNID0200497405,0.15558143626749604,15.754052106497708,0.5115564856078114,0
55663,SYNID0200313031,0.1561416948270264,15.7781141334129,0.3102505447641124,0
56506,SYNID0200416902,0.15700337514839857,15.815198269764165,0.0,0
