customer_id,aml_risk_score,raw_anomaly_score,is_alerted,risk_level
SYNID0200017800,100.0,-0.17918732967920126,1,High
SYNID0200837172,95.64597655069127,-0.16413109447141716,1,High
SYNID0200567030,89.4478231776189,-0.14269784861838575,1,High
SYNID0200881262,88.5214799208772,-0.13949454893040125,1,High
SYNID0200263267,84.5644107641408,-0.12581098368300925,1,High
SYNID0200850567,84.53893906902435,-0.12572290243189077,1,High
SYNID0200159270,84.23903617730892,-0.12468583670871947,1,High
SYNID0200345105,83.67512467967018,-0.12273582788500248,1,High
SYNID0200161910,83.37218001837232,-0.1216882437071618,1,High
SYNID0200170423,83.14331254939789,-0.12089681883671555,1,High
SYNID0200834607,82.67779132465239,-0.11928704407652291,1,High
SYNID0200639063,82.59173700461008,-0.11898946780062836,1,High
SYNID0200170062,80.73608397957094,-0.11257261021262865,1,High
SYNID0200341758,80.69113949976807,-0.11241719197313549,1,High
SYNID0200151421,80.58813450549378,-0.11206100017963094,1,High
SYNID0200642224,80.14471765432137,-0.11052766245555257,1,High
SYNID0200917657,79.80058709511658,-0.10933765723350997,1,High
SYNID0200629332,79.52542017624675,-0.10838612863010677,1,High
SYNID0200485667,79.23463627650374,-0.10738059642750397,1,High
SYNID0200950196,79.12321924508106,-0.10699531576680399,1,High
SYNID0200895231,78.78883271587723,-0.10583900545000802,1,High
SYNID0200021203,78.45644204355719,-0.10468959681645584,1,High
SYNID0200268393,77.99792703544762,-0.10310404958898445,1,High
SYNID0200763817,77.94031617231398,-0.10290483093158354,1,High
SYNID0200333781,77.79355193312882,-0.10239731944686381,1,High
SYNID0200388599,77.62665923128364,-0.10182020363600552,1,High
SYNID0200242911,77.54310624359448,-0.1015312769800959,1,High
SYNID0200791566,75.61544166534341,-0.0948654030752436,1,High
SYNID0200354860,75.54762607438792,-0.0946308964171908,1,High
SYNID0200528685,74.75894828058175,-0.09190364459942968,1,High
SYNID0200935707,74.70461365213058,-0.09171575517820518,1,High
SYNID0200890307,74.62186912575997,-0.09142962418564238,1,High
SYNID0200931678,74.55544884420725,-0.09119994251459307,1,High
SYNID0200332806,74.35741148813887,-0.09051512833120445,1,High
SYNID0200873255,73.8154104946808,-0.08864088614225785,1,High
SYNID0200324957,73.79344465429809,-0.0885649281546197,1,High
SYNID0200494373,73.73952656021069,-0.08837847911134133,1,High
SYNID0200908516,73.54875434115425,-0.08771878780864961,1,High
SYNID0200045450,73.30928094103673,-0.08689068757442842,1,High
SYNID0200999280,72.97949343843072,-0.08575028071497248,1,High
SYNID0200381116,72.79381646827687,-0.08510820880887171,1,High
SYNID0200483480,72.78662693749195,-0.08508334737489187,1,High
SYNID0200640961,72.65656771675626,-0.08463360192883818,1,High
SYNID0200850667,72.34350400275632,-0.08355102601534514,1,High
SYNID0200855353,72.21181346570208,-0.0830956394691742,1,High
SYNID0200301183,71.79244132361815,-0.08164544847127997,1,High
SYNID0200117193,71.76737705052106,-0.08155877608757434,1,High
SYNID0200760091,71.49240214935308,-0.08060791148235968,1,High
SYNID0200885600,71.46634475288464,-0.08051780487299043,1,High
SYNID0200071039,71.39590329736802,-0.0802742179619449,1,High
SYNID0200384611,71.13189689992237,-0.07936128249832619,1,High
SYNID0200868532,71.02894893520204,-0.07900528791330896,1,High
SYNID0200287638,70.83318934351378,-0.07832835025071871,1,High
SYNID0200111411,70.77870084668405,-0.07813992875185949,1,High
SYNID0200538437,70.18897310805147,-0.07610064723562959,1,High
SYNID0200407141,70.18619188720737,-0.07609102975982107,1,High
SYNID0200262669,69.90183454949968,-0.07510772064138582,1,High
SYNID0200588351,69.47941610963542,-0.07364699553029086,1,High
SYNID0200550469,69.4195659321671,-0.073440033312544,1,High
SYNID0200483286,69.16274995467734,-0.07255196235766281,1,High
SYNID0200492345,69.01347930889274,-0.07203578370618868,1,High
SYNID0200761285,68.9960189841153,-0.07197540581440331,1,High
SYNID0200334412,68.98766412447787,-0.07194651466733126,1,High
SYNID0200100125,68.87728704285158,-0.0715648301583105,1,High
SYNID0200757363,68.70665779853535,-0.07097479336460433,1,High
SYNID0200242699,68.55944781102949,-0.07046574047992704,1,High
SYNID0200394255,68.51310625891671,-0.07030549115728857,1,High
SYNID0200131696,68.12390648204881,-0.0689596363515983,1,High
SYNID0200715481,67.97502284047123,-0.0684447959626382,1,High
SYNID0200900513,67.56850258116668,-0.06703904684068751,1,High
SYNID0200308227,67.42229578099781,-0.06653346298291807,1,High
SYNID0200101124,67.34110600391742,-0.06625270832129948,1,High
SYNID0200711988,67.13154971942221,-0.06552806162489044,1,High
SYNID0200389404,67.11070604652541,-0.06545598409811959,1,High
SYNID0200821735,67.07431125243866,-0.06533013071526839,1,High
SYNID0200068503,67.04428513971898,-0.06522630026493981,1,High
SYNID0200483554,66.99562370359192,-0.06505802877159406,1,High
SYNID0200265491,66.94404121984437,-0.06487965628073666,1,High
SYNID0200981131,66.87523807019932,-0.06464173463971823,1,High
SYNID0200039691,66.76054879919926,-0.06424513855793546,1,High
SYNID0200950065,66.62270635832648,-0.063768478697106,1,High
SYNID0200254629,66.58827281201128,-0.0636494073190127,1,High
SYNID0200460216,66.57593470564892,-0.06360674208452943,1,High
SYNID0200107278,66.43148431516317,-0.06310723190036749,1,High
SYNID0200681268,66.4167316546187,-0.06305621712525566,1,High
SYNID0200639789,66.39004519900895,-0.06296393522617993,1,High
SYNID0200475297,66.20528273989757,-0.062325025703910075,1,High
SYNID0200411562,66.09341294622196,-0.06193817938903923,1,High
SYNID0200155033,65.98799059625075,-0.06157362836725366,1,High
SYNID0200215003,65.88594934037836,-0.061220769186039026,1,High
SYNID0200684443,65.86276773650224,-0.06114060708206415,1,High
SYNID0200284936,65.8178371982124,-0.06098523705239389,1,High
SYNID0200870113,65.76534559856529,-0.0608037208341371,1,High
SYNID0200428876,65.53056157496962,-0.059991836487752304,1,High
SYNID0200537980,65.5000095572935,-0.05988618745541252,1,High
SYNID0200855360,65.16667353308874,-0.05873350979024028,1,High
SYNID0200911877,65.08716277375993,-0.05845856118053672,1,High
SYNID0200924084,64.9858827206909,-0.058108334242483295,1,High
SYNID0200996396,64.95014478788885,-0.057984752289291674,1,High
SYNID0200783353,64.89279893510566,-0.057786450039028936,1,High
SYNID0200179697,64.67445525258691,-0.05703141647561116,1,High
SYNID0200107043,64.58107590153935,-0.056708510205286555,1,High
SYNID0200230347,64.12426438192307,-0.055128853649679344,1,High
SYNID0200042170,64.04401252104142,-0.05485134230704103,1,High
SYNID0200136950,63.79951456458224,-0.054005867131463714,1,High
SYNID0200231662,63.55538895479311,-0.05316167953256312,1,High
SYNID0200527355,63.53061908461238,-0.05307602519563792,1,High
SYNID0200190245,63.51983020001653,-0.05303871717789388,1,High
SYNID0200147159,63.48070984698084,-0.052903438798350355,1,High
SYNID0200568454,63.479951929820345,-0.05290081791695889,1,High
SYNID0200170965,63.396195663339455,-0.05261118832195466,1,High
SYNID0200527005,63.20311504836283,-0.05194351457444346,1,High
SYNID0200732266,63.033866204847946,-0.051358251213721284,1,High
SYNID0200243065,62.52914673461159,-0.04961292872147949,1,High
SYNID0200679142,62.486168778401584,-0.04946431073056112,1,High
SYNID0200165094,62.349300040168316,-0.04899101793840588,1,High
SYNID0200811757,61.99716950304217,-0.04777334875206829,1,High
SYNID0200247421,61.94740854541745,-0.04760127510779766,1,High
SYNID0200685212,61.80048374742089,-0.047093208409892395,1,High
SYNID0200212894,61.71251871520718,-0.04678902488160197,1,High
SYNID0200222345,61.68299633928985,-0.0466869363556951,1,High
SYNID0200452326,61.53332350526502,-0.046169366935242984,1,High
SYNID0200714161,61.484176498362494,-0.045999416335688825,1,High
SYNID0200820259,61.46725566785412,-0.04594090401782669,1,High
SYNID0200729226,61.25626390322494,-0.045211293423821575,1,High
SYNID0200892033,61.07343379272017,-0.04457906597285044,1,High
SYNID0200701251,60.62667680913201,-0.0430341780539093,1,High
SYNID0200973701,60.52538389358535,-0.042683906637342894,1,High
SYNID0200748686,60.46637995192724,-0.04247987070732695,1,High
SYNID0200272812,60.28434082149404,-0.041850378469461824,1,High
SYNID0200521470,60.24111615682385,-0.04170090735943477,1,High
SYNID0200437114,60.23051909179463,-0.04166426265472667,1,High
SYNID0200485273,60.17634717289206,-0.04147693588394785,1,High
SYNID0200300572,60.12986297601844,-0.04131619329500169,1,High
SYNID0200273126,60.035243415464684,-0.04098899837390391,1,High
SYNID0200253495,60.02880177984358,-0.040966723165200225,1,High
SYNID0200010851,59.57865081420024,-0.03941009883906954,1,High
SYNID0200587688,59.57023420257296,-0.03938099415330287,1,High
SYNID0200938791,59.53572955458468,-0.03926167690526283,1,High
SYNID0200247533,59.48126684720454,-0.039073344586451286,1,High
SYNID0200059389,59.431377985198594,-0.03890082864818056,1,High
SYNID0200090417,59.411339561012554,-0.03883153567554254,1,High
SYNID0200822535,59.31968113153701,-0.038514580360756834,1,High
SYNID0200763026,59.280431188733274,-0.038378853859137085,1,High
SYNID0200779733,59.26345451675844,-0.03832014844120024,1,High
SYNID0200111054,59.25228750743021,-0.03828153286621061,1,High
SYNID0200103927,59.227043856795284,-0.03819424019406781,1,High
SYNID0200554364,59.21762533820011,-0.03816167090891609,1,High
SYNID0200201022,59.1745990397011,-0.03801288575011674,1,High
SYNID0200618327,59.13677730560079,-0.03788209800144926,1,High
SYNID0200839991,59.00271894120276,-0.03741852349629404,1,High
SYNID0200605005,58.7285123941867,-0.036470315863640246,1,High
SYNID0200732443,58.717622524651496,-0.03643265863946288,1,High
SYNID0200020394,58.635751221320795,-0.03614954725660835,1,High
SYNID0200547051,58.62802463277799,-0.03612282867417338,1,High
SYNID0200315339,58.556392686693314,-0.035875125040695344,1,High
SYNID0200066012,58.42633078557034,-0.035425370325848804,1,High
SYNID0200892808,58.38480284264295,-0.03528176648822834,1,High
SYNID0200061993,58.34565148320622,-0.0351463808883925,1,High
SYNID0200914548,58.31147564079051,-0.035028200651692876,1,High
SYNID0200600012,58.292338853354124,-0.034962025543515796,1,High
SYNID0200538935,58.23830298540077,-0.03477516923761059,1,High
SYNID0200855201,58.212306094184385,-0.03468527185571035,1,High
SYNID0200241993,58.068212421797455,-0.03418699520454638,1,High
SYNID0200192167,58.05657803086586,-0.03414676342159784,1,High
SYNID0200790891,58.03467106955842,-0.03407100903810112,1,High
SYNID0200568529,58.00018233397494,-0.033951746815237716,1,High
SYNID0200227795,57.93867437980382,-0.033739051997230485,1,High
SYNID0200448137,57.7692346675402,-0.033153128611405513,1,High
SYNID0200032918,57.726537609977356,-0.03300548196943609,1,High
SYNID0200580723,57.61064795855719,-0.0326047349660622,1,High
SYNID0200589412,57.50379880991099,-0.03223525006720984,1,High
SYNID0200772511,57.503660540906886,-0.032234771932291184,1,High
SYNID0200010049,57.20908966147381,-0.031216144334680895,1,High
SYNID0200594442,57.14791076751995,-0.0310045874085767,1,High
SYNID0200806649,57.095821487419826,-0.030824462413357345,1,High
SYNID0200112517,56.92502492122895,-0.03023384701975862,1,High
SYNID0200393902,56.91004735346763,-0.0301820545143483,1,High
SYNID0200196852,56.907064325681255,-0.030171739189108093,1,High
SYNID0200882624,56.783040012163084,-0.029742862482872168,1,High
SYNID0200195508,56.772927996114745,-0.029707895080004154,1,High
SYNID0200845936,56.734382691531636,-0.02957460522093114,1,High
SYNID0200039372,56.66478410596933,-0.029333932958469755,1,High
SYNID0200830072,56.58102554281441,-0.029044295421555066,1,High
SYNID0200071595,56.49763857051025,-0.02875594284769012,1,High
SYNID0200514054,56.442625343153914,-0.028565706828004078,1,High
SYNID0200657278,56.36891435446417,-0.028310813854635408,1,High
SYNID0200096821,56.329304928301504,-0.02817384425773417,1,High
SYNID0200369317,56.323120851008525,-0.028152459687037612,1,High
SYNID0200519616,56.315412244872086,-0.02812580328785519,1,High
SYNID0200846439,56.31034033681606,-0.028108264604030264,1,High
SYNID0200639308,56.30949137076963,-0.02810532887512862,1,High
SYNID0200393622,56.30352492020507,-0.02808469685876458,1,High
SYNID0200959165,56.24586711148031,-0.027885315863271032,1,High
SYNID0200377301,56.23418932424734,-0.02784493401569188,1,High
SYNID0200265288,56.01279622513939,-0.027079355554216478,1,High
SYNID0200958274,55.958891247279944,-0.026892951866920978,1,High
SYNID0200541246,55.912769419020066,-0.02673346235048213,1,High
SYNID0200799051,55.8568254782724,-0.026540007919160447,1,High
SYNID0200686447,55.65747043875699,-0.025850637179717695,1,High
SYNID0200037052,55.63438701327618,-0.025770814577132595,1,High
SYNID0200074039,55.49672374838973,-0.02529477430777416,1,High
SYNID0200214565,55.476486901661595,-0.025224795188977467,1,High
SYNID0200428241,55.362080392486924,-0.02482917689902342,1,High
SYNID0200512587,55.36122543627695,-0.02482622045610583,1,High
SYNID0200158187,55.3541691431017,-0.02480181975845719,1,High
SYNID0200305244,55.27885836875054,-0.024541394718143872,1,High
SYNID0200013494,54.82835805892707,-0.022983562358063536,1,High
SYNID0200553030,54.79576959611467,-0.022870871288096617,1,High
SYNID0200355837,54.74022639070313,-0.022678802601603154,1,High
SYNID0200854171,54.6934906003408,-0.022517190001094867,1,High
SYNID0200462777,54.55575483521551,-0.022040899025542182,1,High
SYNID0200348080,54.54000605987626,-0.021986439680409364,1,High
SYNID0200241170,54.479739761755496,-0.021778038515332332,1,High
SYNID0200500497,54.470884005803796,-0.021747415266260783,1,High
SYNID0200936754,54.439687213891055,-0.021639536601335108,1,High
SYNID0200846351,54.41004982109875,-0.021537050346490227,1,High
SYNID0200501057,54.337106418390896,-0.021284811689346594,1,High
SYNID0200198456,54.27680840049303,-0.0210763008371192,1,High
SYNID0200196128,54.27158563664945,-0.021058240493214475,1,High
SYNID0200165073,54.25812497854039,-0.021011693469088155,1,High
SYNID0200358668,54.23122029015627,-0.02091865691996997,1,High
SYNID0200468718,54.213218370166054,-0.02085640618918727,1,High
SYNID0200565382,54.21244854513264,-0.020853744130310714,1,High
SYNID0200500413,54.17013538270416,-0.02070742499966627,1,High
SYNID0200912003,54.15955129142337,-0.020670825158246142,1,High
SYNID0200853842,54.08518383265103,-0.020413662107996777,1,High
SYNID0200235838,53.9450074825769,-0.01992893157729192,1,High
SYNID0200366064,53.896064680901866,-0.01975968712045184,1,High
SYNID0200031915,53.84147051071035,-0.019570900202570685,1,High
SYNID0200984334,53.786891421682284,-0.019382165435429366,1,High
SYNID0200134717,53.698764085101885,-0.01907742065781437,1,High
SYNID0200124734,53.67772559245468,-0.01900466944335688,1,High
SYNID0200517258,53.66578053346841,-0.018963363368696973,1,High
SYNID0200599266,53.60927542985887,-0.018767968433348048,1,High
SYNID0200369267,53.527471942790925,-0.018485091559474642,1,High
SYNID0200357332,53.5154255282699,-0.01844343499686063,1,High
SYNID0200389886,53.48283846495259,-0.018330748766354876,1,High
SYNID0200995158,53.47045869800973,-0.01828793946937257,1,High
SYNID0200306611,53.402460893815736,-0.01805280271701537,1,High
SYNID0200392173,53.34110887460821,-0.01784064712290445,1,High
SYNID0200486365,53.33491955101438,-0.01781924441047289,1,High
SYNID0200899591,53.01799534764108,-0.016723318905114026,1,High
SYNID0200348600,52.88052717383042,-0.01624795326168682,1,High
SYNID0200522752,52.85407298718742,-0.01615647454987812,1,High
SYNID0200285137,52.83866924307037,-0.016103208324464546,1,High
SYNID0200747220,52.83457790800888,-0.016089060467036398,1,High
SYNID0200413382,52.786657315715885,-0.015923350815432613,1,High
SYNID0200408239,52.774098078936674,-0.015879920910844447,1,High
SYNID0200777374,52.75208194636745,-0.015803789012569847,1,High
SYNID0200350538,52.751236449930204,-0.01580086528159441,1,High
SYNID0200448709,52.667213398776745,-0.015510313143837107,1,High
SYNID0200324720,52.66052912803399,-0.015487198901650068,1,High
SYNID0200938585,52.65948629616102,-0.015483592783735345,1,High
SYNID0200174977,52.65741848232148,-0.015476442272972957,1,High
SYNID0200577263,52.646885722816975,-0.015440019937095983,1,High
SYNID0200513227,52.644163121510694,-0.015430605167947031,1,High
SYNID0200140376,52.52186442281684,-0.015007695646540364,1,High
SYNID0200309685,52.50472623769614,-0.014948431715324562,1,High
SYNID0200097286,52.49715899204418,-0.01492226414141562,1,High
SYNID0200016399,52.49709740456792,-0.01492205117160983,1,High
SYNID0200956622,52.40709258587453,-0.014610814051309817,1,High
SYNID0200091560,52.387166625474606,-0.0145419099790155,1,High
SYNID0200783337,52.37833481521818,-0.014511369534279894,1,High
SYNID0200427450,52.31556163884821,-0.014294299571481206,1,High
SYNID0200643253,52.27620542452266,-0.014158205582399108,1,High
SYNID0200443214,52.22234078937581,-0.013971941400408694,1,High
SYNID0200320573,52.20205006753647,-0.01390177598120379,1,High
SYNID0200400521,52.149029909535166,-0.013718432005472958,1,High
SYNID0200795823,52.095299250769486,-0.013532631114489324,1,High
SYNID0200011816,52.09052640092473,-0.013516126575478293,1,High
SYNID0200536655,52.05198097106813,-0.01338283628320891,1,High
SYNID0200805479,51.92857973891277,-0.01295611419549103,1,High
SYNID0200492497,51.87243649229986,-0.012761970563474834,1,High
SYNID0200326842,51.837097920753855,-0.012639769603535522,1,High
SYNID0200962987,51.82281672812264,-0.01259038516686295,1,High
SYNID0200211336,51.72597615005085,-0.012255509955904187,1,High
SYNID0200524333,51.708778057929614,-0.0121960388659762,1,High
SYNID0200740837,51.691534366882024,-0.01213641009472921,1,High
SYNID0200057054,51.676295503860096,-0.01208371402898023,1,High
SYNID0200692893,51.672877295130824,-0.01207189384582863,1,High
SYNID0200621069,51.630467458033586,-0.011925240413688476,1,High
SYNID0200197523,51.584182335469,-0.011765186224714341,1,High
SYNID0200534082,51.48672565048955,-0.011428180512938813,1,High
SYNID0200461292,51.46672382404122,-0.011359014095463693,1,High
SYNID0200363213,51.31315737213696,-0.010827980524603542,1,High
SYNID0200609331,51.24109748179146,-0.010578797057697487,1,High
SYNID0200903625,51.18581992835186,-0.01038764699707262,1,High
SYNID0200782103,51.16056275961107,-0.010300307579251045,1,High
SYNID0200673243,51.072358025343334,-0.009995295160040052,1,High
SYNID0200032850,51.071568016865086,-0.009992563306708724,1,High
SYNID0200522789,51.05312830888506,-0.009928798702833141,1,High
SYNID0200587740,51.00046181649043,-0.009746677704566942,1,High
SYNID0200722519,50.93521891766882,-0.009521067428983399,1,High
SYNID0200075455,50.92194598490572,-0.009475169560057117,1,High
SYNID0200822486,50.85887371446484,-0.009257065328441727,1,High
SYNID0200924256,50.85709395761018,-0.009250910920196476,1,High
SYNID0200117473,50.78711369343447,-0.009008918811150846,1,High
SYNID0200665105,50.676154744964,-0.008625222203626826,1,High
SYNID0200221187,50.646564892121134,-0.008522900342168627,1,High
SYNID0200262883,50.63746544420643,-0.008491434405050957,1,High
SYNID0200066917,50.488660271186674,-0.007976865360762475,1,High
SYNID0200440039,50.46043470500208,-0.007879261209499666,1,High
SYNID0200607459,50.43460757902507,-0.007789950876659679,1,High
SYNID0200843827,50.434285532908824,-0.007788837239553592,1,High
SYNID0200058501,50.41982129453187,-0.007738819829762322,1,High
SYNID0200666780,50.381635380068005,-0.007606772743547485,1,High
SYNID0200364216,50.374308769711604,-0.0075814372877131,1,High
SYNID0200280671,50.371676118934765,-0.00757233356795195,1,High
SYNID0200387029,50.2939141424207,-0.007303432258106257,1,High
SYNID0200969737,50.287253722209115,-0.007280400491177175,1,High
SYNID0200556348,50.254767650091914,-0.007168063488754428,1,High
SYNID0200254778,50.21169949598541,-0.00701913359305173,1,High
SYNID0200187710,50.20562002350359,-0.006998110746323616,1,High
SYNID0200127739,50.165524586038686,-0.006859460519870075,1,High
SYNID0200637026,50.115351165684686,-0.00668596057738613,1,High
SYNID0200015370,50.10340972077081,-0.006644667000206939,1,High
SYNID0200892597,50.07846188196387,-0.006558397246868131,1,High
SYNID0200270131,50.01768742155624,-0.006348238854021471,1,High
SYNID0200256080,49.988017639845324,-0.0062456405981314855,1,High
SYNID0200143449,49.979698375347645,-0.006216872539233531,1,High
SYNID0200961090,49.87400597078364,-0.0058513876672940945,1,High
SYNID0200336596,49.792872365696,-0.005570827248711829,1,High
SYNID0200548484,49.733708452535296,-0.005366238136427226,1,High
SYNID0200172828,49.72539555478209,-0.005337492093763996,1,High
SYNID0200332292,49.67050455752684,-0.00514767874638844,1,High
SYNID0200538292,49.643498762958586,-0.005054292571571861,1,High
SYNID0200169273,49.582654538975525,-0.004843892935926908,1,High
SYNID0200722026,49.561566104745644,-0.004770969023222826,1,High
SYNID0200955771,49.55532230681445,-0.0047493779382559165,1,High
SYNID0200194113,49.54505124378902,-0.00471386055013312,1,High
SYNID0200413797,49.54497834393318,-0.004713608462061258,1,High
SYNID0200324717,49.524456252094005,-0.004642642964221455,1,High
SYNID0200364961,49.514340406897084,-0.004607662320138206,1,High
SYNID0200621856,49.5120375589516,-0.0045996990602433785,1,High
SYNID0200755995,49.477459203743365,-0.004480126932262296,1,High
SYNID0200581632,49.424093791328026,-0.004295589065013705,1,High
SYNID0200340861,49.412390830134235,-0.004255120165750137,1,High
SYNID0200167774,49.39728829641885,-0.0042028955274358015,1,High
SYNID0200970806,49.392905415664345,-0.004187739503520027,1,High
SYNID0200141658,49.35954170376169,-0.004072367618260464,1,High
SYNID0200381536,49.35663381189451,-0.004062312113410571,1,High
SYNID0200823225,49.353221823372394,-0.004050513439766923,1,High
SYNID0200173673,49.34886292685073,-0.004035440353450159,1,High
SYNID0200541889,49.32007132635272,-0.003935878852655894,1,High
SYNID0200873981,49.27720656099781,-0.0037876522762895215,1,High
SYNID0200899960,49.27206129007055,-0.003769859903283157,1,High
SYNID0200376876,49.26574122319806,-0.0037480050799297837,1,High
SYNID0200941184,49.25447402682165,-0.003709043057618544,1,High
SYNID0200225852,49.25231205632405,-0.0037015669526542228,1,High
SYNID0200445263,49.239159732199155,-0.0036560861490115837,1,High
SYNID0200161726,49.21720483344908,-0.0035801659975946976,1,High
SYNID0200711842,49.16760843051889,-0.003408661384293743,1,High
SYNID0200905783,49.164472584019,-0.0033978176111658653,1,High
SYNID0200381775,49.12767712441139,-0.003270578724907991,1,High
SYNID0200567830,49.095727198326394,-0.003160095718188427,1,High
SYNID0200236225,49.079261407883195,-0.0031031569311834595,1,High
SYNID0200591963,49.07837705484175,-0.0031000988338732993,1,High
SYNID0200695990,49.074029998409245,-0.003085066690645011,1,High
SYNID0200493143,49.0006654687056,-0.002831371774210445,1,High
SYNID0200543533,48.97499371089389,-0.0027425987052753786,1,High
SYNID0200613948,48.957426849152455,-0.002681852408127239,1,High
SYNID0200284137,48.92272238276582,-0.0025618441870505215,1,High
SYNID0200577864,48.91864763271862,-0.002547753680686049,1,High
SYNID0200965810,48.87083078934847,-0.0023824027933845304,1,High
SYNID0200959519,48.85176833700085,-0.0023164847363220664,1,High
SYNID0200552733,48.70619941180552,-0.0018131066534518014,1,High
SYNID0200308172,48.703957525530434,-0.0018053541993229283,1,High
SYNID0200349306,48.67013166115765,-0.0016883841884737238,1,High
SYNID0200605673,48.669593937715824,-0.001686524738080064,1,High
SYNID0200098526,48.57559172935142,-0.0013614646239894501,1,High
SYNID0200374359,48.54781604171483,-0.0012654161550311738,1,High
SYNID0200969050,48.54416054063661,-0.0012527754137313662,1,High
SYNID0200795158,48.43231780500534,-0.000866022665715338,1,High
SYNID0200259434,48.400719325433215,-0.0007567549628227921,1,High
SYNID0200943586,48.39511956794686,-0.000737390972986085,1,High
SYNID0200011910,48.364784634085446,-0.0006324926175804713,1,High
SYNID0200816343,48.36253163890315,-0.0006247017487940321,1,High
SYNID0200373202,48.35718520819829,-0.0006062137642547372,1,High
SYNID0200605744,48.29851183362626,-0.0004033209369018742,1,High
SYNID0200723677,48.277590623098135,-0.00033097528460801495,1,High
SYNID0200789296,48.196804097623584,-5.1615069091126564e-05,1,High
SYNID0200011095,48.18187784162007,0.0,0,High
SYNID0200721166,48.1377057152817,0.00015274743728910245,0,Medium
SYNID0200161482,48.10210434609896,0.0002758571527913256,0,Medium
SYNID0200000984,48.07487924244911,0.0003700016995262789,0,Medium
SYNID0200464614,48.057812918425924,0.00042901713470178127,0,Medium
SYNID0200815567,48.016774576828794,0.0005709279284348279,0,Medium
SYNID0200758335,47.94523834605233,0.0008183005778907848,0,Medium
SYNID0200096768,47.87042620900771,0.0010770013278648127,0,Medium
SYNID0200990058,47.861158248018334,0.001109049984050814,0,Medium
SYNID0200580801,47.85022478013896,0.001146857971523807,0,Medium
SYNID0200435107,47.84684541712409,0.001158543825997671,0,Medium
SYNID0200757155,47.81043838745685,0.0012844395195483749,0,Medium
SYNID0200726612,47.80103741652611,0.0013169481247873316,0,Medium
SYNID0200263627,47.76863141668102,0.0014290082368862977,0,Medium
SYNID0200210876,47.765322296968314,0.0014404511896644046,0,Medium
SYNID0200417241,47.689458872485226,0.0017027872969416213,0,Medium
SYNID0200423958,47.68605519381671,0.0017145572350693028,0,Medium
SYNID0200744303,47.60188809791198,0.0020056074803083135,0,Medium
SYNID0200890882,47.583343777120255,0.0020697338358182105,0,Medium
SYNID0200323475,47.51758546487568,0.002297126413636885,0,Medium
SYNID0200447063,47.486299499546796,0.0024053134406886167,0,Medium
SYNID0200712128,47.47569151015303,0.0024419959219048604,0,Medium
SYNID0200345586,47.44513315116995,0.0025476668825162863,0,Medium
SYNID0200571982,47.41415533699305,0.002654788321318935,0,Medium
SYNID0200717612,47.40164752133388,0.00269804041141275,0,Medium
SYNID0200453472,47.34387316683008,0.0028978244228022865,0,Medium
SYNID0200074201,47.29865486296329,0.003054189547299635,0,Medium
SYNID0200179532,47.291533885115726,0.0030788139248737467,0,Medium
SYNID0200173025,47.26805230352811,0.0031600133532989627,0,Medium
SYNID0200756068,47.23376202982787,0.0032785892939618533,0,Medium
SYNID0200299581,47.230052887948695,0.003291415525423891,0,Medium
SYNID0200026248,47.17829967101249,0.003470378412515074,0,Medium
SYNID0200844027,47.11662471693922,0.0036836507170323607,0,Medium
SYNID0200034603,47.09731559730635,0.0037504217508204096,0,Medium
SYNID0200192127,47.02796095340879,0.003990250461765821,0,Medium
SYNID0200759426,47.02238823324525,0.0040095209564028345,0,Medium
SYNID0200015063,46.97511803215637,0.0041729815519185864,0,Medium
SYNID0200374751,46.97018303213114,0.004190046807077463,0,Medium
SYNID0200685390,46.93204826928416,0.00432191701074125,0,Medium
SYNID0200699141,46.87554477557312,0.00451730637905301,0,Medium
SYNID0200382101,46.86657318619809,0.004548330180690896,0,Medium
SYNID0200122511,46.86575410889352,0.004551162554171317,0,Medium
SYNID0200373751,46.84865342523228,0.004610296805149794,0,Medium
SYNID0200772368,46.796992777318145,0.004788939588092345,0,Medium
SYNID0200622869,46.74566896125223,0.00496641760479255,0,Medium
SYNID0200568279,46.69149860058464,0.005153738987186851,0,Medium
SYNID0200374886,46.68394044749846,0.005179875118957122,0,Medium
SYNID0200985313,46.644516495000914,0.005316203346982129,0,Medium
SYNID0200784332,46.642713747628946,0.005322437256553014,0,Medium
SYNID0200248577,46.629083836412924,0.005369569558783094,0,Medium
SYNID0200075142,46.617117624242766,0.005410948781260361,0,Medium
SYNID0200129185,46.55695558002287,0.005618989435818511,0,Medium
SYNID0200739490,46.49977253661767,0.005816728690425044,0,Medium
SYNID0200645642,46.4409568357815,0.006020113682722372,0,Medium
SYNID0200106833,46.4134284162074,0.006115307097464329,0,Medium
SYNID0200922167,46.35906655372525,0.006303290694106289,0,Medium
SYNID0200160041,46.358383564328626,0.006305652474909662,0,Medium
SYNID0200005624,46.3213885034582,0.006433581583348391,0,Medium
SYNID0200332660,46.26590906321563,0.0066254297695635955,0,Medium
SYNID0200433479,46.23264982007749,0.006740440401304726,0,Medium
SYNID0200196792,46.205160701349094,0.006835497913522559,0,Medium
SYNID0200904928,46.137899032449866,0.007068089106290643,0,Medium
SYNID0200559935,46.10728898903861,0.0071739387919173,0,Medium
SYNID0200318536,46.08692350950001,0.007244362723626052,0,Medium
SYNID0200902096,46.079486061097995,0.007270081457985245,0,Medium
SYNID0200697253,46.079192351269,0.00727109710806606,0,Medium
SYNID0200235329,46.05303405202073,0.007361552639760571,0,Medium
SYNID0200341631,46.0142575971138,0.007495641817827692,0,Medium
SYNID0200646579,45.984906111868824,0.0075971394029213934,0,Medium
SYNID0200607223,45.95764916629423,0.0076913940591938346,0,Medium
SYNID0200593915,45.92883027690628,0.007791049925108151,0,Medium
SYNID0200234697,45.890843541735535,0.007922408248315471,0,Medium
SYNID0200101131,45.840878642379,0.00809518712413082,0,Medium
SYNID0200814749,45.78040317729127,0.008304311589642288,0,Medium
SYNID0200674036,45.717369753365794,0.008522281489810046,0,Medium
SYNID0200461935,45.692209222028076,0.008609286735000832,0,Medium
SYNID0200765119,45.6898939698385,0.008617292888834727,0,Medium
SYNID0200924135,45.65284936668578,0.008745393314737337,0,Medium
SYNID0200967033,45.63871427803276,0.008794272523111046,0,Medium
SYNID0200684409,45.613611722108246,0.008881077289028427,0,Medium
SYNID0200099957,45.597237849740566,0.008937698222861279,0,Medium
SYNID0200497954,45.51808674638295,0.009211403140389263,0,Medium
SYNID0200288623,45.50402584863699,0.00926002579622942,0,Medium
SYNID0200671571,45.490883886351455,0.009305470768578905,0,Medium
SYNID0200372400,45.478436662793904,0.009348513330877495,0,Medium
SYNID0200679826,45.44555116545601,0.009462231547742617,0,Medium
SYNID0200808796,45.42789022283714,0.009523303177042863,0,Medium
SYNID0200135373,45.42209595845056,0.009543339772728698,0,Medium
SYNID0200060921,45.41602736506626,0.009564324999482343,0,Medium
SYNID0200952615,45.38172308561419,0.009682949372106231,0,Medium
SYNID0200772161,45.35935524362043,0.009760297483357716,0,Medium
SYNID0200810061,45.31210214771518,0.00992369892906153,0,Medium
SYNID0200450170,45.279425943485826,0.010036693409294029,0,Medium
SYNID0200809536,45.275023324814285,0.010051917687027179,0,Medium
SYNID0200093697,45.18778781438187,0.010353578525291618,0,Medium
SYNID0200285283,45.153489153269824,0.010472183469667162,0,Medium
SYNID0200879436,45.14783206131336,0.010491745722392753,0,Medium
SYNID0200336410,45.13032281393671,0.010552292788774786,0,Medium
SYNID0200983508,45.10818940461717,0.010628830230647757,0,Medium
SYNID0200437545,45.10763384593837,0.010630751355381496,0,Medium
SYNID0200660690,45.10496311264749,0.010639986764669707,0,Medium
SYNID0200763956,45.09573426214493,0.010671900176593585,0,Medium
SYNID0200578810,45.01217163817134,0.010960860154823782,0,Medium
SYNID0200761667,44.95366596739864,0.01116317306158654,0,Medium
SYNID0200363017,44.9268631941775,0.011255857187553397,0,Medium
SYNID0200081863,44.906995983325906,0.011324558103611104,0,Medium
SYNID0200875008,44.87323866649414,0.01144129107671521,0,Medium
SYNID0200400920,44.87126493627124,0.01144811624585329,0,Medium
SYNID0200136902,44.83086408005997,0.011587822611883403,0,Medium
SYNID0200256082,44.805732238557184,0.011674728647479204,0,Medium
SYNID0200571163,44.794660692975576,0.011713014108348019,0,Medium
SYNID0200038667,44.77075842311385,0.01179566827896239,0,Medium
SYNID0200911238,44.73369215955156,0.011923843606671314,0,Medium
SYNID0200828615,44.730748801358246,0.011934021754257174,0,Medium
SYNID0200866690,44.68535539477677,0.012090992384831467,0,Medium
SYNID0200691967,44.67238477443034,0.012135844855885036,0,Medium
SYNID0200941559,44.5969549952374,0.01239668141554584,0,Medium
SYNID0200709089,44.572927520101025,0.012479768546636016,0,Medium
SYNID0200882174,44.550474213588046,0.012557412194629136,0,Medium
SYNID0200824364,44.52997256279746,0.012628307007219064,0,Medium
SYNID0200544138,44.5192288979269,0.0126654586549233,0,Medium
SYNID0200828664,44.47967789282379,0.012802226231503844,0,Medium
SYNID0200013887,44.428866118440716,0.012977933605463399,0,Medium
SYNID0200216383,44.38256710456893,0.013138035830648431,0,Medium
SYNID0200640438,44.37642452090265,0.013159276916173024,0,Medium
SYNID0200559726,44.368923570683535,0.013185215240138382,0,Medium
SYNID0200961266,44.33953305992923,0.013286847775641597,0,Medium
SYNID0200125599,44.323784123032866,0.013341307679439751,0,Medium
SYNID0200580152,44.323574034254044,0.013342034167504235,0,Medium
SYNID0200360369,44.19519562890055,0.013785967345427141,0,Medium
SYNID0200711304,44.16787727092234,0.013880434366103311,0,Medium
SYNID0200805924,44.088935401404875,0.014153415751949061,0,Medium
SYNID0200595145,44.0460416107965,0.014301742697789388,0,Medium
SYNID0200221854,44.03026616461507,0.014356294270829961,0,Medium
SYNID0200171580,44.00514830801977,0.014443151946544663,0,Medium
SYNID0200674922,43.99184057650775,0.014489170149721509,0,Medium
SYNID0200488915,43.984815581475296,0.01451346261823333,0,Medium
SYNID0200225121,43.97940845897609,0.014532160475305811,0,Medium
SYNID0200590207,43.942804710326065,0.014658736424098373,0,Medium
SYNID0200106531,43.942751615964504,0.014658920024670397,0,Medium
SYNID0200282117,43.9398353405427,0.01466900451989478,0,Medium
SYNID0200834210,43.89707947390923,0.014816854523929168,0,Medium
SYNID0200007635,43.88710501305383,0.01485134626024115,0,Medium
SYNID0200683183,43.860849039712384,0.014942139549446065,0,Medium
SYNID0200633380,43.795676030662705,0.015167508145843223,0,Medium
SYNID0200136965,43.76269268872703,0.015281564709824558,0,Medium
SYNID0200025229,43.7307290316803,0.015392095198279554,0,Medium
SYNID0200327459,43.72987755309018,0.015395039615569983,0,Medium
SYNID0200588379,43.70886293897741,0.015467708257934087,0,Medium
SYNID0200658199,43.68405599036706,0.01555349081225732,0,Medium
SYNID0200366068,43.68069844535586,0.015565101219963628,0,Medium
SYNID0200427464,43.67757114511438,0.015575915440086519,0,Medium
SYNID0200654396,43.6588832178123,0.01564053838763879,0,Medium
SYNID0200408886,43.62961898157022,0.01574173426523723,0,Medium
SYNID0200541130,43.62244390618251,0.01576654571238001,0,Medium
SYNID0200760037,43.62177416277061,0.01576886168850089,0,Medium
SYNID0200351174,43.60158413877106,0.015838678894064262,0,Medium
SYNID0200673561,43.58946820906716,0.015880575840533817,0,Medium
SYNID0200596480,43.479753732977066,0.016259969056244106,0,Medium
SYNID0200289147,43.425454359180705,0.016447736566693127,0,Medium
SYNID0200311107,43.40371200830626,0.016522921726476292,0,Medium
SYNID0200005059,43.33156986861956,0.016772389612022043,0,Medium
SYNID0200979012,43.211822647826814,0.01718647610988422,0,Medium
SYNID0200639895,43.178174431910676,0.0173028318114678,0,Medium
SYNID0200347315,43.12593816999683,0.017483465070545712,0,Medium
SYNID0200847447,43.12039770135084,0.01750262403927122,0,Medium
SYNID0200752418,43.090760093187185,0.0176051110388713,0,Medium
SYNID0200706795,43.04693580563508,0.017756655647870323,0,Medium
SYNID0200974843,42.99581610901095,0.017933427818503822,0,Medium
SYNID0200522327,42.96009098414661,0.01805696548178176,0,Medium
SYNID0200280209,42.95886459000448,0.018061206358955806,0,Medium
SYNID0200158439,42.951741915792866,0.018085836602565408,0,Medium
SYNID0200344061,42.947741153579344,0.01809967125862516,0,Medium
SYNID0200706232,42.90329045737492,0.018253381991926276,0,Medium
SYNID0200569982,42.76733280153719,0.018723524256529123,0,Medium
SYNID0200624915,42.75832649055913,0.01875466812564669,0,Medium
SYNID0200367556,42.749942701942004,0.0187836593092775,0,Medium
SYNID0200680278,42.70690190772236,0.018932494594352423,0,Medium
SYNID0200276752,42.68694807720576,0.019001495041651772,0,Medium
SYNID0200638313,42.659585839787404,0.019096113797654912,0,Medium
SYNID0200291058,42.64258426266455,0.01915490533772013,0,Medium
SYNID0200474662,42.64164109452814,0.01915816681792748,0,Medium
SYNID0200366143,42.588098173763186,0.019343318509950858,0,Medium
SYNID0200758795,42.569365744937066,0.019408095343999343,0,Medium
SYNID0200168049,42.56642582354999,0.019418261607091758,0,Medium
SYNID0200015031,42.5141394087751,0.019599068295017952,0,Medium
SYNID0200070290,42.4965807605744,0.01965978618970049,0,Medium
SYNID0200531195,42.485150240151626,0.019699312987393802,0,Medium
SYNID0200318757,42.46718255690383,0.01976144532734725,0,Medium
SYNID0200264413,42.44574439010998,0.019835578617034333,0,Medium
SYNID0200514289,42.43191182731465,0.019883411689455177,0,Medium
SYNID0200361721,42.399911107622515,0.019994070340726255,0,Medium
SYNID0200044952,42.380948696051135,0.020059642456276283,0,Medium
SYNID0200404786,42.37882918898459,0.020066971722480287,0,Medium
SYNID0200283209,42.35704537696602,0.020142300255110435,0,Medium
SYNID0200840340,42.35235070942368,0.02015853443932253,0,Medium
SYNID0200885757,42.328787834893554,0.02024001497915595,0,Medium
SYNID0200655906,42.322796344116256,0.020260733584702872,0,Medium
SYNID0200847741,42.280266942961575,0.0204078004699611,0,Medium
SYNID0200992128,42.261317039727786,0.020473329331616164,0,Medium
SYNID0200490880,42.22753664265839,0.020590142116299226,0,Medium
SYNID0200207715,42.17286784047559,0.020779187111985398,0,Medium
SYNID0200653844,42.16492079322859,0.02080666804173953,0,Medium
SYNID0200980982,42.16334364958782,0.02081212181246178,0,Medium
SYNID0200165880,42.10902948611728,0.020999940465679268,0,Medium
SYNID0200688693,42.070668253267904,0.021132593803761868,0,Medium
SYNID0200914846,42.06970471332908,0.02113592572976547,0,Medium
SYNID0200761591,42.032288217938444,0.02126531216091615,0,Medium
SYNID0200545803,42.01682319572009,0.021318790286315337,0,Medium
SYNID0200442138,41.943207395933086,0.021573354095974717,0,Medium
SYNID0200241893,41.936724384570866,0.021595772382201395,0,Medium
SYNID0200284309,41.90882505632496,0.021692248401014802,0,Medium
SYNID0200697243,41.86828376522257,0.021832440391611863,0,Medium
SYNID0200330706,41.85866373553325,0.021865706503150895,0,Medium
SYNID0200965510,41.816901446417816,0.02201012071108016,0,Medium
SYNID0200360990,41.80630893653428,0.022046749664071386,0,Medium
SYNID0200925304,41.79587399171475,0.022082833756270737,0,Medium
SYNID0200056480,41.687235410115136,0.022458506523367006,0,Medium
SYNID0200973678,41.682701343475046,0.022474185348843212,0,Medium
SYNID0200876167,41.67857907957919,0.02248844015833773,0,Medium
SYNID0200959825,41.66619504369402,0.022531264217344193,0,Medium
SYNID0200408455,41.65043403493829,0.02258576586569333,0,Medium
SYNID0200042002,41.64882067730028,0.02259134486460207,0,Medium
SYNID0200473572,41.64480285746814,0.022605238505993608,0,Medium
SYNID0200760873,41.62377763178604,0.022677943843218362,0,Medium
SYNID0200772777,41.58435233526431,0.022814276718885806,0,Medium
SYNID0200765156,41.56082943956647,0.022895619011714108,0,Medium
SYNID0200500802,41.55914087952757,0.022901458060907154,0,Medium
SYNID0200782660,41.557985503726584,0.02290545335629668,0,Medium
SYNID0200903985,41.54796997891415,0.0229400870919807,0,Medium
SYNID0200033825,41.53871736327717,0.02297208268386014,0,Medium
SYNID0200711352,41.49311420309121,0.023129778643464383,0,Medium
SYNID0200627784,41.49158349590477,0.023135071836691667,0,Medium
SYNID0200788544,41.480593017775355,0.02317307696589893,0,Medium
SYNID0200900408,41.46845036084984,0.023215066335236623,0,Medium
SYNID0200854170,41.46633121096157,0.023222394366316346,0,Medium
SYNID0200326748,41.46195009724721,0.023237544279798295,0,Medium
SYNID0200866972,41.4435200436568,0.023301275498745555,0,Medium
SYNID0200843218,41.43907472536023,0.02331664743199896,0,Medium
SYNID0200141933,41.42686330537921,0.023358874584331946,0,Medium
SYNID0200082953,41.399119168253165,0.023454813951464426,0,Medium
SYNID0200941492,41.384848027976055,0.023504163627045438,0,Medium
SYNID0200248965,41.37151224783304,0.023550278822530746,0,Medium
SYNID0200637071,41.357885156411236,0.023597401373898097,0,Medium
SYNID0200957659,41.357500173031944,0.023598732648379528,0,Medium
SYNID0200334610,41.341466208437296,0.023654178179406404,0,Medium
SYNID0200570129,41.33171252647066,0.023687906461199393,0,Medium
SYNID0200646041,41.327557439330214,0.023702274773640453,0,Medium
SYNID0200094495,41.28720837716277,0.023841802035603876,0,Medium
SYNID0200701398,41.264683541048676,0.023919693033321032,0,Medium
SYNID0200939367,41.260656460897614,0.023933618696942494,0,Medium
SYNID0200126658,41.259891876631244,0.023936262633219962,0,Medium
SYNID0200455348,41.200349217474354,0.024142161451083555,0,Medium
SYNID0200430731,41.19866590039306,0.024147982370102572,0,Medium
SYNID0200015834,41.18014688818572,0.024212021208399104,0,Medium
SYNID0200919410,41.123633011747685,0.02440744648023352,0,Medium
SYNID0200448205,41.07887917087077,0.02456220548935223,0,Medium
SYNID0200418349,41.07579311154022,0.02457287709819561,0,Medium
SYNID0200382700,41.05945808468258,0.024629363704057383,0,Medium
SYNID0200135607,41.05305678401102,0.024651499434300672,0,Medium
SYNID0200328575,41.02681781271919,0.024742233930331647,0,Medium
SYNID0200293964,40.9993627055024,0.024837173830569548,0,Medium
SYNID0200861773,40.94368419194405,0.02502971041332208,0,Medium
SYNID0200539259,40.892304725093425,0.025207380870718554,0,Medium
SYNID0200469521,40.891510453433725,0.025210127466152976,0,Medium
SYNID0200640876,40.88210830828373,0.02524264013184807,0,Medium
SYNID0200818631,40.87982968254669,0.025250519631223045,0,Medium
SYNID0200994455,40.8087983762447,0.025496146249281038,0,Medium
SYNID0200416061,40.791274642762005,0.02555674340869135,0,Medium
SYNID0200500850,40.73801573272621,0.025740912990170395,0,Medium
SYNID0200545974,40.73366593641984,0.025755954607896425,0,Medium
SYNID0200005642,40.66576609622563,0.025990752600244693,0,Medium
SYNID0200379176,40.63967293255907,0.026080982892766724,0,Medium
SYNID0200505306,40.637216829993534,0.026089476107916287,0,Medium
SYNID0200429474,40.628711120230285,0.0261188888954898,0,Medium
SYNID0200893492,40.61686422219145,0.026159855529094778,0,Medium
SYNID0200312958,40.58699360799266,0.026263148264748126,0,Medium
SYNID0200117208,40.58602911909083,0.02626648347227062,0,Medium
SYNID0200030015,40.577397750174306,0.026296330789834566,0,Medium
SYNID0200402616,40.5768454881223,0.026298240514816107,0,Medium
SYNID0200299302,40.57570400807754,0.02630218775861004,0,Medium
SYNID0200384891,40.52828909272223,0.026466148776794263,0,Medium
SYNID0200152795,40.410036992887726,0.02687506513878707,0,Medium
SYNID0200607450,40.40112102093624,0.026905896615091796,0,Medium
SYNID0200114328,40.37878329638428,0.026983140580076503,0,Medium
SYNID0200917732,40.376919900677905,0.0269895842118959,0,Medium
SYNID0200719252,40.330486018537,0.027150152812240702,0,Medium
SYNID0200797143,40.31756128980357,0.027194846589863375,0,Medium
SYNID0200600469,40.3026625371488,0.027246366552234835,0,Medium
SYNID0200942069,40.30239891647938,0.027247278153848975,0,Medium
SYNID0200177964,40.29030141666213,0.027289111369676877,0,Medium
SYNID0200348232,40.229606441097005,0.027498994903534357,0,Medium
SYNID0200405588,40.22531983103879,0.027513818022893266,0,Medium
SYNID0200796679,40.174341726795035,0.02769010056635607,0,Medium
SYNID0200062147,40.159059479585046,0.027742946654847778,0,Medium
SYNID0200354978,40.1517914310538,0.027768079603593232,0,Medium
SYNID0200395764,40.09042331529527,0.027980290859659307,0,Medium
SYNID0200535771,40.0329331213796,0.02817909224229148,0,Medium
SYNID0200020119,40.0019414326249,0.028286261659454637,0,Medium
SYNID0200096084,39.98146056359149,0.028357084608622685,0,Medium
SYNID0200828245,39.950993072683005,0.028462441346970513,0,Medium
SYNID0200188438,39.93063242881458,0.028532848556907242,0,Medium
SYNID0200243992,39.915439594229255,0.02858538545608863,0,Medium
SYNID0200885870,39.91433149938507,0.028589217253689347,0,Medium
SYNID0200152600,39.909689909013935,0.028605267896773756,0,Medium
SYNID0200538473,39.908286458431654,0.028610121036017344,0,Medium
SYNID0200860200,39.90123886930242,0.028634491635030623,0,Medium
SYNID0200032718,39.897754871390106,0.028646539317511432,0,Medium
SYNID0200240685,39.74959463411248,0.0291588781707271,0,Medium
SYNID0200898798,39.74916013183854,0.029160380681797826,0,Medium
SYNID0200087737,39.74883286266342,0.02916151238026804,0,Medium
SYNID0200732919,39.746400457513005,0.02916992364963572,0,Medium
SYNID0200650278,39.736365554595565,0.029204624394905287,0,Medium
SYNID0200959789,39.72482270443818,0.029244539629391553,0,Medium
SYNID0200017376,39.69176665834622,0.02935884760471469,0,Medium
SYNID0200239996,39.68128452721102,0.029395094867433358,0,Medium
SYNID0200285746,39.64491217756565,0.02952087063729225,0,Medium
SYNID0200909581,39.637879257634616,0.02954519051014365,0,Medium
SYNID0200714233,39.61624977071231,0.029619985385806902,0,Medium
SYNID0200866904,39.60393568809416,0.029662567546060614,0,Medium
SYNID0200255840,39.59487735082826,0.029693891322345844,0,Medium
SYNID0200196476,39.572972933233316,0.029769636909671826,0,Medium
SYNID0200703039,39.554092763871765,0.029834924631242432,0,Medium
SYNID0200973010,39.53904947011768,0.02988694441746964,0,Medium
SYNID0200807521,39.4988053228376,0.03002610888321955,0,Medium
SYNID0200535427,39.48959193056668,0.030057968840499882,0,Medium
SYNID0200660991,39.486574869601476,0.030068401852645366,0,Medium
SYNID0200593154,39.48126797446515,0.030086753122987808,0,Medium
SYNID0200230798,39.47709861133286,0.030101170801881183,0,Medium
SYNID0200792249,39.47303486818298,0.030115223246338807,0,Medium
SYNID0200911780,39.46117764386413,0.030156225588272523,0,Medium
SYNID0200288219,39.44795522836451,0.030201948768245057,0,Medium
SYNID0200206740,39.417208552237426,0.030308270930497205,0,Medium
SYNID0200941616,39.395500438651226,0.030383337697563628,0,Medium
SYNID0200266381,39.38139975480075,0.03043209793395535,0,Medium
SYNID0200413912,39.37195612752714,0.030464754045044673,0,Medium
SYNID0200663751,39.35713924612731,0.030515990896200607,0,Medium
SYNID0200959373,39.35280083945732,0.030530993128506156,0,Medium
SYNID0200787156,39.341942453449356,0.03056854148248639,0,Medium
SYNID0200859953,39.326161591806596,0.03062311178221977,0,Medium
SYNID0200083234,39.32548383908232,0.03062545545458356,0,Medium
SYNID0200170910,39.31907747429767,0.030647608696555584,0,Medium
SYNID0200133432,39.308045191666466,0.030685758385942452,0,Medium
SYNID0200435495,39.301833841270266,0.030707237267168508,0,Medium
SYNID0200578310,39.253456898932406,0.030874524979545848,0,Medium
SYNID0200663820,39.23403562049422,0.030941683859052493,0,Medium
SYNID0200286501,39.20080788090101,0.031056585551375193,0,Medium
SYNID0200655292,39.1640623203439,0.031183651886462938,0,Medium
SYNID0200210630,39.15720766830518,0.031207355308037033,0,Medium
SYNID0200633562,39.147106992465496,0.031242283496405898,0,Medium
SYNID0200162096,39.1442697385888,0.031252094734725844,0,Medium
SYNID0200560801,39.132942505863994,0.03129126436303481,0,Medium
SYNID0200540481,39.10022058833857,0.03140441692007734,0,Medium
SYNID0200186089,39.08125897534023,0.0314699862741577,0,Medium
SYNID0200805578,39.03763616176492,0.031620834185121405,0,Medium
SYNID0200263556,39.0342707337539,0.031632471852281185,0,Medium
SYNID0200305302,39.03339124999994,0.03163551311157048,0,Medium
SYNID0200598140,39.00716591726902,0.03172620044538854,0,Medium
SYNID0200241595,38.974017356602765,0.031840828336579585,0,Medium
SYNID0200936127,38.96448405343159,0.031873794547378265,0,Medium
SYNID0200899840,38.96255508518595,0.03188046492937158,0,Medium
SYNID0200936418,38.95436984409892,0.03190876953463462,0,Medium
SYNID0200355722,38.94148608699161,0.03195332163216602,0,Medium
SYNID0200862044,38.927158265179564,0.03200286731278279,0,Medium
SYNID0200510582,38.91243184179982,0.0320537913596457,0,Medium
SYNID0200283754,38.89836037092987,0.03210245057740235,0,Medium
SYNID0200691555,38.80366834074057,0.03242989609886804,0,Medium
SYNID0200180264,38.7542531802494,0.03260077397489408,0,Medium
SYNID0200908109,38.747989767971525,0.032622432886371455,0,Medium
SYNID0200590688,38.74571717378852,0.03263029152860192,0,Medium
SYNID0200273118,38.695587191257324,0.03280364126287394,0,Medium
SYNID0200319161,38.67694435400463,0.032868108288806375,0,Medium
SYNID0200028784,38.64069679430491,0.032993452534399226,0,Medium
SYNID0200349211,38.61747233436089,0.03307376283487462,0,Medium
SYNID0200404279,38.612451629336256,0.03309112445835688,0,Medium
SYNID0200514751,38.60420786283708,0.03311963144479246,0,Medium
SYNID0200416591,38.60210970442201,0.03312688688725118,0,Medium
SYNID0200805414,38.57441111424493,0.033222668752802775,0,Medium
SYNID0200788356,38.56747620612269,0.03324664970032143,0,Medium
SYNID0200261061,38.54600943648896,0.033320881898774135,0,Medium
SYNID0200917241,38.53972324929044,0.033342619566042786,0,Medium
SYNID0200960369,38.5367938523883,0.03335274943541283,0,Medium
SYNID0200571522,38.53244717175639,0.03336778027912074,0,Medium
SYNID0200210275,38.52823307029678,0.0333823526633773,0,Medium
SYNID0200283802,38.465599497278276,0.03359893987707735,0,Medium
SYNID0200585299,38.420569405971676,0.03375465416158535,0,Medium
SYNID0200629168,38.370383662363295,0.03392819671794556,0,Medium
SYNID0200528115,38.346114614252166,0.034012119209609726,0,Medium
SYNID0200510044,38.344466949214315,0.03401781684368138,0,Medium
SYNID0200956022,38.33410531414063,0.034053647430407175,0,Medium
SYNID0200044656,38.31540389808611,0.034118317022133915,0,Medium
SYNID0200847461,38.30567044590767,0.034151975349216546,0,Medium
SYNID0200274762,38.28697452761548,0.034216625929653244,0,Medium
SYNID0200430821,38.27768393394115,0.034248752849778796,0,Medium
SYNID0200405038,38.26518102947905,0.03429198795692817,0,Medium
SYNID0200262476,38.25624110981468,0.034322902244545705,0,Medium
SYNID0200834130,38.20130767196943,0.03451286235169709,0,Medium
SYNID0200015561,38.14640763454015,0.03470270696004035,0,Medium
SYNID0200385704,38.116524765705066,0.03480604207228827,0,Medium
SYNID0200657415,38.102309656120745,0.03485519799344894,0,Medium
SYNID0200770157,38.09224178207242,0.03489001275305664,0,Medium
SYNID0200956482,38.08941516244045,0.03489978721810427,0,Medium
SYNID0200287210,38.076623911228424,0.034944019429779816,0,Medium
SYNID0200608038,38.07584527244805,0.03494671196663812,0,Medium
SYNID0200143185,38.05739168719816,0.035010524558183376,0,Medium
SYNID0200327997,38.042111850384224,0.0350633623115133,0,Medium
SYNID0200030634,38.01889298180976,0.03514365327700436,0,Medium
SYNID0200705654,38.00063023320028,0.03520680595447756,0,Medium
SYNID0200608788,37.95475335842073,0.035365448420537016,0,Medium
SYNID0200592003,37.94999998961134,0.03538188559402877,0,Medium
SYNID0200608559,37.93003047990288,0.03545094026005324,0,Medium
SYNID0200789397,37.921709187827666,0.035479715330324624,0,Medium
SYNID0200255943,37.91102620523458,0.03551665713840507,0,Medium
SYNID0200803219,37.89809720211757,0.03556136569686791,0,Medium
SYNID0200648473,37.866268863761576,0.03567142825260283,0,Medium
SYNID0200262810,37.86298889374699,0.03568277040557677,0,Medium
SYNID0200624644,37.844590733943484,0.03574639133564683,0,Medium
SYNID0200456582,37.8167951807264,0.03584250849988335,0,Medium
SYNID0200051580,37.81461263451531,0.03585005575576944,0,Medium
SYNID0200936125,37.754274519063145,0.036058705265543334,0,Medium
SYNID0200834664,37.7249628980837,0.03616006499980429,0,Medium
SYNID0200164810,37.717508387586676,0.036185842734974716,0,Medium
SYNID0200684308,37.715539084913786,0.036192652593622365,0,Medium
SYNID0200291936,37.71492355288364,0.036194781106509755,0,Medium
SYNID0200872457,37.69096923541578,0.03627761525801054,0,Medium
SYNID0200849952,37.66097546022474,0.03638133388500081,0,Medium
SYNID0200934242,37.65594229040053,0.0363987386118233,0,Medium
SYNID0200757621,37.64104083353949,0.036450267925353774,0,Medium
SYNID0200647586,37.63482283827756,0.036471769784559294,0,Medium
SYNID0200488817,37.56693499453633,0.03670652629311222,0,Medium
SYNID0200401051,37.56044565310332,0.03672896646875584,0,Medium
SYNID0200303434,37.54123421365472,0.036795399723970446,0,Medium
SYNID0200869179,37.539187782809634,0.03680247629222938,0,Medium
SYNID0200156799,37.53087206274219,0.03683123209446959,0,Medium
SYNID0200572854,37.52765375950126,0.036842361003426916,0,Medium
SYNID0200912455,37.52226369119205,0.03686099988702374,0,Medium
SYNID0200230530,37.49687287126199,0.03694880147133678,0,Medium
SYNID0200002728,37.42454870350063,0.0371988988108895,0,Medium
SYNID0200127093,37.41629828073887,0.037227428814714913,0,Medium
SYNID0200454899,37.40521321639484,0.03726576102353285,0,Medium
SYNID0200752981,37.38244964100424,0.037344477582881064,0,Medium
SYNID0200816255,37.36913514100064,0.03739051919153619,0,Medium
SYNID0200752451,37.358072748109834,0.0374287730023537,0,Medium
SYNID0200671486,37.34857489844383,0.03746161661475139,0,Medium
SYNID0200410821,37.33981752995849,0.03749189963946442,0,Medium
SYNID0200194769,37.3244792168255,0.03754493960420269,0,Medium
SYNID0200467375,37.31767123753308,0.03756848163118298,0,Medium
SYNID0200223734,37.30976416745195,0.03759582431969438,0,Medium
SYNID0200988252,37.308184513488186,0.03760128677112634,0,Medium
SYNID0200365076,37.28700120157588,0.03767453877133825,0,Medium
SYNID0200649286,37.27770034324064,0.037706701186713376,0,Medium
SYNID0200810848,37.27602128614386,0.03771250737468429,0,Medium
SYNID0200076771,37.25959369212603,0.03776931407825629,0,Medium
SYNID0200660156,37.24252251546573,0.0378283462938756,0,Medium
SYNID0200935079,37.2285545262407,0.03787664767157839,0,Medium
SYNID0200223650,37.22666598108832,0.03788317827030985,0,Medium
SYNID0200750933,37.22543730160137,0.03788742705021786,0,Medium
SYNID0200349111,37.21976699593182,0.03790703499603043,0,Medium
SYNID0200960315,37.20083703710952,0.03797249488980925,0,Medium
SYNID0200733285,37.19540807368326,0.03799126827291843,0,Medium
SYNID0200055969,37.1791838097637,0.03804737185997764,0,Medium
SYNID0200002455,37.1697819245104,0.03807988362694864,0,Medium
SYNID0200577665,37.16368968391336,0.03810095062588409,0,Medium
SYNID0200482839,37.15982582464454,0.0381143118708655,0,Medium
SYNID0200721642,37.142813111469074,0.038173141919457254,0,Medium
SYNID0200780632,37.12926965577232,0.03821997525806248,0,Medium
SYNID0200289575,37.113662839263306,0.03827394370883913,0,Medium
SYNID0200014269,37.088075266174755,0.03836242566657383,0,Medium
SYNID0200054515,37.07997136173737,0.038390449009289174,0,Medium
SYNID0200554508,37.054280196242296,0.038479289190091914,0,Medium
SYNID0200498815,37.033047010853934,0.03855271365303742,0,Medium
SYNID0200117107,37.002041780666524,0.03865992989654371,0,Medium
SYNID0200473765,36.961943565247076,0.03879858972917816,0,Medium
SYNID0200718113,36.94204183838332,0.03886741000178129,0,Medium
SYNID0200458134,36.93870521141869,0.038878948074776265,0,Medium
SYNID0200219719,36.93287834717733,0.038899097400925564,0,Medium
SYNID0200852146,36.906478741715844,0.038990387370731294,0,Medium
SYNID0200820993,36.89394113704237,0.03903374247138791,0,Medium
SYNID0200545455,36.89284714596767,0.03903752549808209,0,Medium
SYNID0200265875,36.882064256204515,0.039074812785664215,0,Medium
SYNID0200634431,36.86041438410392,0.039149678153377554,0,Medium
SYNID0200786175,36.83945101889858,0.03922216957675939,0,Medium
SYNID0200847710,36.81272847925402,0.03931457625461082,0,Medium
SYNID0200087629,36.78737997948711,0.039402231495584694,0,Medium
SYNID0200674751,36.77890926176655,0.039431523280496816,0,Medium
SYNID0200195569,36.76128803169741,0.03949245758359837,0,Medium
SYNID0200883461,36.759885583243836,0.0394973072574758,0,Medium
SYNID0200576338,36.75579876672802,0.039511439489750055,0,Medium
SYNID0200678551,36.75118355896973,0.03952739890162521,0,Medium
SYNID0200432742,36.7507829311611,0.03952878427462281,0,Medium
SYNID0200887365,36.681430830835005,0.03976860418988515,0,Medium
SYNID0200369865,36.67112540174465,0.03980424041603503,0,Medium
SYNID0200433029,36.6630189923511,0.03983227242090154,0,Medium
SYNID0200047884,36.64848330226168,0.039882536911077515,0,Medium
SYNID0200501296,36.63802726829921,0.039918693929640314,0,Medium
SYNID0200157089,36.635664680402876,0.03992686377058868,0,Medium
SYNID0200299767,36.62984234236012,0.0399469974451202,0,Medium
SYNID0200561317,36.59014640588433,0.04008426619512373,0,Medium
SYNID0200282105,36.58094861831263,0.04011607219127489,0,Medium
SYNID0200901697,36.57311577857162,0.04014315819089309,0,Medium
SYNID0200335961,36.57251088149543,0.040145249928055626,0,Medium
SYNID0200077129,36.55001042607802,0.040223056617199826,0,Medium
SYNID0200116701,36.52739072153561,0.040301275670424075,0,Medium
SYNID0200532326,36.49723464239585,0.04040555554529357,0,Medium
SYNID0200573044,36.48776447831001,0.04043830342081439,0,Medium
SYNID0200393552,36.472857962105145,0.040489850229581514,0,Medium
SYNID0200613835,36.46155667768981,0.0405289301285045,0,Medium
SYNID0200428801,36.46106904561714,0.040530616362689176,0,Medium
SYNID0200435652,36.44557642415262,0.04058418992642182,0,Medium
SYNID0200103724,36.41219673748111,0.04069961705251324,0,Medium
SYNID0200629884,36.37289631539436,0.040835518111750124,0,Medium
SYNID0200299504,36.32706615923604,0.04099399902458001,0,Medium
SYNID0200718347,36.30219118587973,0.04108001680882034,0,Medium
SYNID0200878361,36.27967356073878,0.04115788287095573,0,Medium
SYNID0200830284,36.25084668320619,0.04125756635991479,0,Medium
SYNID0200918959,36.22846502693411,0.04133496224101085,0,Medium
SYNID0200204411,36.213163519730365,0.04138787493065882,0,Medium
SYNID0200599525,36.20047619170245,0.041431747775435734,0,Medium
SYNID0200923626,36.18370988692002,0.0414897257425525,0,Medium
SYNID0200504666,36.12077934430425,0.041707339878628624,0,Medium
SYNID0200988763,36.10161077913447,0.04177362487436925,0,Medium
SYNID0200667846,36.09777997682697,0.0417868718082105,0,Medium
SYNID0200904903,36.07197960354941,0.04187608963007988,0,Medium
SYNID0200663602,36.07131121666133,0.04187840091533451,0,Medium
SYNID0200113383,36.03898507673749,0.04199018487142009,0,Medium
SYNID0200668898,36.0372288599628,0.041996257877949195,0,Medium
SYNID0200070724,36.0370092010098,0.04199701745972462,0,Medium
SYNID0200221860,35.99882293416782,0.04212906576446479,0,Medium
SYNID0200971403,35.978215642822335,0.04220032588263023,0,Medium
SYNID0200981233,35.97590557770063,0.04220831409955711,0,Medium
SYNID0200949760,35.97075354522934,0.04222612985401708,0,Medium
SYNID0200941848,35.957814168756194,0.0422708742835981,0,Medium
SYNID0200784289,35.95300162308249,0.0422875160909873,0,Medium
SYNID0200727385,35.93936986664413,0.04233465477400561,0,Medium
SYNID0200389022,35.92008785861502,0.0424013320557301,0,Medium
SYNID0200396530,35.91461187823725,0.04242026802369647,0,Medium
SYNID0200039903,35.89030762343195,0.042504312260287946,0,Medium
SYNID0200396604,35.88746361677889,0.04251414684974286,0,Medium
SYNID0200398398,35.882077438462574,0.042532772281724474,0,Medium
SYNID0200341470,35.87907212757551,0.042543164662040056,0,Medium
SYNID0200358343,35.87773103043693,0.042547802182758554,0,Medium
SYNID0200629967,35.86358888117317,0.04259670580676006,0,Medium
SYNID0200750831,35.848049676486525,0.042650440455511474,0,Medium
SYNID0200612441,35.83675039694427,0.04268951342157318,0,Medium
SYNID0200989702,35.83517102692598,0.04269497489112023,0,Medium
SYNID0200997746,35.83194905927327,0.04270611647163208,0,Medium
SYNID0200919022,35.82647242380579,0.04272505470490201,0,Medium
SYNID0200380239,35.81326028224521,0.042770742357541136,0,Medium
SYNID0200792788,35.80339157352877,0.042804868402419316,0,Medium
SYNID0200746263,35.74555217056784,0.04300487735170411,0,Medium
SYNID0200622457,35.65820023049871,0.043306940804243854,0,Medium
SYNID0200000439,35.64625180332685,0.04334825852610663,0,Medium
SYNID0200919232,35.61916286723189,0.04344193220474496,0,Medium
SYNID0200576103,35.61218910975846,0.0434660474935174,0,Medium
SYNID0200464868,35.60139890944993,0.04350336006100258,0,Medium
SYNID0200076094,35.59909409680296,0.04351133011484509,0,Medium
SYNID0200105240,35.59117663238681,0.043538708747019816,0,Medium
SYNID0200192866,35.551000629039414,0.04367763757070431,0,Medium
SYNID0200571210,35.53698833962551,0.04372609213868528,0,Medium
SYNID0200375148,35.528390245662365,0.04375582439129139,0,Medium
SYNID0200433456,35.52487740788591,0.043767971802168903,0,Medium
SYNID0200105940,35.51019019727906,0.04381876025106396,0,Medium
SYNID0200374426,35.489748350635594,0.04388944826060931,0,Medium
SYNID0200408952,35.478924706161635,0.04392687647818844,0,Medium
SYNID0200275704,35.47802967431993,0.04392997150284417,0,Medium
SYNID0200801989,35.47319249368328,0.04394669849806038,0,Medium
SYNID0200282414,35.46700604379528,0.04396809127320256,0,Medium
SYNID0200129883,35.462596174725554,0.043983340622849476,0,Medium
SYNID0200473531,35.46061175375582,0.043990202760644415,0,Medium
SYNID0200218589,35.46002806793203,0.04399222114918844,0,Medium
SYNID0200898009,35.44764376560609,0.04403504612954845,0,Medium
SYNID0200810872,35.41903849019955,0.044133963317229796,0,Medium
SYNID0200635229,35.39728419552132,0.044209189778747104,0,Medium
SYNID0200371176,35.37796275389234,0.044276003422060284,0,Medium
SYNID0200775121,35.35043449156029,0.04437119629305841,0,Medium
SYNID0200482261,35.339736600679664,0.04440818965407295,0,Medium
SYNID0200715268,35.33498392205649,0.04442462444089729,0,Medium
SYNID0200037329,35.33064872420393,0.04443961557709586,0,Medium
SYNID0200670937,35.32557860942849,0.04445714805974743,0,Medium
SYNID0200146786,35.30766500110406,0.04451909340834115,0,Medium
SYNID0200979414,35.29908492510497,0.04454876335473601,0,Medium
SYNID0200448439,35.295655666432054,0.04456062174864889,0,Medium
SYNID0200108460,35.28871069265637,0.04458463750324826,0,Medium
SYNID0200641645,35.26561468756065,0.04466450360620566,0,Medium
SYNID0200948823,35.23972594373326,0.04475402701388531,0,Medium
SYNID0200665442,35.22205403549436,0.04481513656235536,0,Medium
SYNID0200986036,35.20334415364182,0.04487983542885465,0,Medium
SYNID0200673518,35.193977209744745,0.044912226368438335,0,Medium
SYNID0200347775,35.15184499144153,0.045057919793378365,0,Medium
SYNID0200377956,35.12233286282403,0.045159972884070365,0,Medium
SYNID0200855392,35.118105974652735,0.04517458948484088,0,Medium
SYNID0200844242,35.09920911446963,0.045239934923357206,0,Medium
SYNID0200886017,35.0855814775898,0.0452870593609212,0,Medium
SYNID0200179433,35.08154993739116,0.04530100044740981,0,Medium
SYNID0200185145,35.065605113504446,0.04535613772941577,0,Medium
SYNID0200953165,35.06038238682737,0.04537419794479852,0,Medium
SYNID0200738871,35.04309327905594,0.045433983767307284,0,Medium
SYNID0200175487,35.04184679732964,0.04543829410744943,0,Medium
SYNID0200714708,35.016675428919704,0.045525336827290985,0,Medium
SYNID0200914146,34.991425480250506,0.045612651278068295,0,Medium
SYNID0200395109,34.987157397600406,0.045627410329555806,0,Medium
SYNID0200317311,34.947119603136855,0.045765861226217786,0,Medium
SYNID0200974656,34.92982042514599,0.045825681871596524,0,Medium
SYNID0200999263,34.923672991294836,0.0458469397290851,0,Medium
SYNID0200688182,34.91578539959238,0.0458742150612641,0,Medium
SYNID0200154012,34.9040676986631,0.04591473493060788,0,Medium
SYNID0200755473,34.89059002916823,0.04596134078019276,0,Medium
SYNID0200873966,34.88337633747321,0.0459862857627224,0,Medium
SYNID0200839348,34.87750910895171,0.04600657466875746,0,Medium
SYNID0200337682,34.86778823234559,0.04604018950944716,0,Medium
SYNID0200917998,34.86296490513921,0.046056868599431144,0,Medium
SYNID0200077716,34.84899002015101,0.046105193822717994,0,Medium
SYNID0200206399,34.83724373885025,0.046145812523131546,0,Medium
SYNID0200712900,34.81721019837215,0.046215088607882704,0,Medium
SYNID0200955235,34.78063405107318,0.04634156911106313,0,Medium
SYNID0200951400,34.75197345597876,0.04644067759450621,0,Medium
SYNID0200088440,34.73547464878398,0.0464977305536059,0,Medium
SYNID0200197552,34.72521440930072,0.04653321051386489,0,Medium
SYNID0200396136,34.72424416510033,0.046536565623239046,0,Medium
SYNID0200708131,34.71031364728607,0.046584737424613,0,Medium
SYNID0200625391,34.70471981701131,0.046604080918121904,0,Medium
SYNID0200881665,34.6972930896182,0.046629762579177836,0,Medium
SYNID0200313644,34.686533520142454,0.04666696922508762,0,Medium
SYNID0200732047,34.66665609926815,0.0467357054474557,0,Medium
SYNID0200859616,34.64830415237221,0.04679916657305666,0,Medium
SYNID0200823881,34.63275797770802,0.04685292532402585,0,Medium
SYNID0200649171,34.603348032268435,0.046954625064769495,0,Medium
SYNID0200297560,34.60067943030983,0.04696385310389983,0,Medium
SYNID0200549593,34.59029220932717,0.04699977216682888,0,Medium
SYNID0200762184,34.58040760401977,0.047033953182199384,0,Medium
SYNID0200486202,34.57878362746713,0.04703956890136879,0,Medium
SYNID0200947620,34.577157869541644,0.047045190780534596,0,Medium
SYNID0200876317,34.575234655350314,0.047051841264978855,0,Medium
SYNID0200426958,34.536620578999575,0.04718536893717373,0,Medium
SYNID0200057370,34.53645684678409,0.047185935124006706,0,Medium
SYNID0200504088,34.52747419395394,0.047216997183128606,0,Medium
SYNID0200477731,34.50162448040566,0.04730638562390482,0,Medium
SYNID0200428569,34.49046976506704,0.04734495868621591,0,Medium
SYNID0200090133,34.48815876572867,0.04735295013366875,0,Medium
SYNID0200437479,34.48071254503894,0.047378699202643426,0,Medium
SYNID0200984804,34.449876419881285,0.04748533068009769,0,Medium
SYNID0200912801,34.44971240499865,0.04748589784439511,0,Medium
SYNID0200018568,34.44674566666856,0.0474961568406127,0,Medium
SYNID0200151643,34.407239622434176,0.047632768942280745,0,Medium
SYNID0200742144,34.403953543453945,0.0476441322200889,0,Medium
SYNID0200114943,34.36720607045905,0.047771205168396225,0,Medium
SYNID0200740211,34.356916220472655,0.047806787521925465,0,Medium
SYNID0200105196,34.35058045861367,0.04782869661862188,0,Medium
SYNID0200102713,34.3479926703139,0.04783764520370942,0,Medium
SYNID0200878783,34.34552247469461,0.04784618715271044,0,Medium
SYNID0200846772,34.33987673212561,0.04786571015919655,0,Medium
SYNID0200900474,34.32953832319773,0.04790146042979215,0,Medium
SYNID0200074594,34.301335826078294,0.047998984808110434,0,Medium
SYNID0200131749,34.298589486728055,0.048008481663535996,0,Medium
SYNID0200932936,34.28887253697169,0.04804208292515927,0,Medium
SYNID0200447919,34.26408533613121,0.048127797191593935,0,Medium
SYNID0200766329,34.254852151825936,0.048159725589829616,0,Medium
SYNID0200448346,34.24723784072929,0.048186055916285386,0,Medium
SYNID0200948246,34.24476134096844,0.04819461966503996,0,Medium
SYNID0200564218,34.21905746804023,0.048283503788211,0,Medium
SYNID0200472492,34.20726829860962,0.048324270795995494,0,Medium
SYNID0200506992,34.20246768945928,0.04834087132682624,0,Medium
SYNID0200212222,34.20186465028253,0.04834295663936311,0,Medium
SYNID0200076471,34.19048818353929,0.048382296519157986,0,Medium
SYNID0200332751,34.172808676727584,0.04844343234353138,0,Medium
SYNID0200982193,34.17215826746374,0.04844568146207007,0,Medium
SYNID0200285433,34.17006956896836,0.04845290419207848,0,Medium
SYNID0200537760,34.143915577558055,0.048543344827247425,0,Medium
SYNID0200965983,34.137185045402404,0.048566619041635284,0,Medium
SYNID0200013778,34.13136186324089,0.04858675563513376,0,Medium
SYNID0200935823,34.12501061650834,0.04860871827860164,0,Medium
SYNID0200272133,34.10907921683962,0.04866380913959356,0,Medium
SYNID0200677446,34.09620822775952,0.048708317085222,0,Medium
SYNID0200207618,34.09555146030054,0.04871058819043178,0,Medium
SYNID0200582914,34.08990193363401,0.048730124282346354,0,Medium
SYNID0200464712,34.07356803717576,0.04878660697928133,0,Medium
SYNID0200804076,34.066200754828884,0.04881208307906537,0,Medium
SYNID0200272866,34.0483386367533,0.04887385037411701,0,Medium
SYNID0200431041,34.03767465253809,0.048910726485710265,0,Medium
SYNID0200757795,34.02714453506268,0.04894713968543718,0,Medium
SYNID0200302541,33.99909985153999,0.04904411834353617,0,Medium
SYNID0200787233,33.98526967952818,0.04909194314861548,0,Medium
SYNID0200211335,33.982084965488006,0.04910295590594593,0,Medium
SYNID0200487996,33.97084510569843,0.049141823398201,0,Medium
SYNID0200108968,33.96731804356689,0.049154019996970666,0,Medium
SYNID0200801863,33.95780620362717,0.04918691198780595,0,Medium
SYNID0200195123,33.949401486093976,0.04921597554373486,0,Medium
SYNID0200596493,33.94371054954907,0.04923565483121922,0,Medium
SYNID0200008724,33.91994568119929,0.04931783386670724,0,Medium
SYNID0200743435,33.91295235515025,0.04934201682371353,0,Medium
SYNID0200268901,33.91222097215837,0.04934454594981513,0,Medium
SYNID0200435543,33.90147310198783,0.04938171213946807,0,Medium
SYNID0200057198,33.89957024735283,0.04938829222046315,0,Medium
SYNID0200749761,33.87232856147942,0.049482494108611386,0,Medium
SYNID0200764415,33.83593252533282,0.04960835178651185,0,Medium
SYNID0200659402,33.83453226313014,0.049613193900322594,0,Medium
SYNID0200507764,33.821822194871864,0.04965714538093163,0,Medium
SYNID0200944290,33.814090421586904,0.04968388189223133,0,Medium
SYNID0200444465,33.767964176373376,0.049843386682518365,0,Medium
SYNID0200929567,33.756804727763665,0.049881976112504944,0,Medium
SYNID0200648384,33.736662507749124,0.049951628011645266,0,Medium
SYNID0200686501,33.73614432253005,0.049953419898765394,0,Medium
SYNID0200939175,33.723401482053944,0.04999748470587018,0,Medium
SYNID0200668364,33.71575679884624,0.05002392005924028,0,Medium
SYNID0200859055,33.71517129516637,0.05002594473393984,0,Medium
SYNID0200822085,33.710263289811074,0.05004291664139299,0,Medium
SYNID0200577936,33.69726935210494,0.05008784974399488,0,Medium
SYNID0200313840,33.69278880012648,0.05010334351549928,0,Medium
SYNID0200624596,33.687820788672965,0.05012052292434488,0,Medium
SYNID0200203575,33.681766545250646,0.0501414585288571,0,Medium
SYNID0200093386,33.663956574383846,0.05020304549859583,0,Medium
SYNID0200746822,33.65018106036387,0.050250681296061694,0,Medium
SYNID0200496043,33.641422352070656,0.05028096895383716,0,Medium
SYNID0200903624,33.637297986701384,0.05029523103023742,0,Medium
SYNID0200976035,33.635599656262876,0.050301103865521946,0,Medium
SYNID0200824891,33.59588338942939,0.0504384429180057,0,Medium
SYNID0200055253,33.586491903754286,0.05047091872318249,0,Medium
SYNID0200970415,33.580041793732235,0.0504932232364077,0,Medium
SYNID0200372096,33.56801148980382,0.05053482408851062,0,Medium
SYNID0200345948,33.55860333562135,0.05056735753347058,0,Medium
SYNID0200405354,33.533292952747914,0.050654880966033156,0,Medium
SYNID0200774011,33.52190028534862,0.05069427686777894,0,Medium
SYNID0200192395,33.51759112917026,0.05070917795173585,0,Medium
SYNID0200292700,33.47899297761599,0.050842650555903646,0,Medium
SYNID0200151529,33.47101645999698,0.05087023339435387,0,Medium
SYNID0200927157,33.46707468140797,0.05088386408474038,0,Medium
SYNID0200547780,33.456464301693615,0.05092055483169733,0,Medium
SYNID0200264271,33.43361751086817,0.05099955915044202,0,Medium
SYNID0200519321,33.414257875556984,0.05106650486770231,0,Medium
SYNID0200812286,33.407473068002986,0.05108996676669342,0,Medium
SYNID0200041574,33.39781636984606,0.05112335967797971,0,Medium
SYNID0200765115,33.373014734198655,0.051209123860050054,0,Medium
SYNID0200516013,33.37185696800188,0.05121312742144041,0,Medium
SYNID0200088287,33.359035999716724,0.051257462394905806,0,Medium
SYNID0200528056,33.35789447421751,0.05126140979588145,0,Medium
SYNID0200145132,33.339364724895525,0.05132548576317497,0,Medium
SYNID0200465661,33.339044182288525,0.05132659420113844,0,Medium
SYNID0200488932,33.3266003105728,0.051369625172750955,0,Medium
SYNID0200790898,33.29026898908336,0.051495259067038224,0,Medium
SYNID0200297417,33.28894331201915,0.051499843265061185,0,Medium
SYNID0200939454,33.2841924570837,0.05151627174556411,0,Medium
SYNID0200856709,33.282364016673576,0.051522594501791474,0,Medium
SYNID0200628867,33.2791714682572,0.05153363435043462,0,Medium
SYNID0200173916,33.27600474979012,0.05154458487898195,0,Medium
SYNID0200812055,33.27404014612587,0.05155137848843383,0,Medium
SYNID0200598771,33.271668522283115,0.05155957957573082,0,Medium
SYNID0200111044,33.25569772894089,0.05161480666024587,0,Medium
SYNID0200620440,33.254721934108055,0.051618180963735216,0,Medium
SYNID0200975213,33.22991117474905,0.051703976695646636,0,Medium
SYNID0200620564,33.22855982140859,0.05170864968236333,0,Medium
SYNID0200307122,33.207303515193416,0.0517821540972454,0,Medium
SYNID0200294712,33.201015018782215,0.05180389974978328,0,Medium
SYNID0200730099,33.1942213133602,0.05182739241764717,0,Medium
SYNID0200692246,33.191296518397394,0.05183750637348761,0,Medium
SYNID0200019996,33.18991638943209,0.0518422788664612,0,Medium
SYNID0200157921,33.18959344852604,0.05184339559775497,0,Medium
SYNID0200177124,33.1770822628727,0.05188665934130576,0,Medium
SYNID0200809260,33.163267388955745,0.05193443124549535,0,Medium
SYNID0200255730,33.15794458456806,0.05195283753010982,0,Medium
SYNID0200143570,33.156831540248255,0.05195668644302237,0,Medium
SYNID0200798236,33.14825528001447,0.05198634319448142,0,Medium
SYNID0200520142,33.14217473534842,0.05200736974882808,0,Medium
SYNID0200202667,33.136635221054014,0.05202652541740094,0,Medium
SYNID0200527959,33.128673874217796,0.05205405579520722,0,Medium
SYNID0200376981,33.11910439220174,0.05208714711263529,0,Medium
SYNID0200992052,33.11738115430991,0.052093106078019924,0,Medium
SYNID0200153709,33.11721906267604,0.05209366659171333,0,Medium
SYNID0200097314,33.11618673856625,0.052097236373729594,0,Medium
SYNID0200839682,33.106007286496286,0.05213243697070297,0,Medium
SYNID0200959016,33.10342616890188,0.052141362488457466,0,Medium
SYNID0200896368,33.09021776018044,0.0521870372329199,0,Medium
SYNID0200568856,33.08154091087679,0.05221704182189357,0,Medium
SYNID0200551694,33.06168580639081,0.05228570087407747,0,Medium
SYNID0200494210,33.05747338499405,0.05230026744866817,0,Medium
SYNID0200086054,33.05302644807036,0.05231564497914237,0,Medium
SYNID0200825275,32.99307402440389,0.05252296076476187,0,Medium
SYNID0200398177,32.972592725275504,0.052593785201200505,0,Medium
SYNID0200722488,32.96942481492186,0.0526047398512976,0,Medium
SYNID0200434863,32.96812099746549,0.05260924845868559,0,Medium
SYNID0200051569,32.93844314464664,0.052711874624507826,0,Medium
SYNID0200274611,32.93322709645621,0.05272991174564984,0,Medium
SYNID0200835845,32.93095106886342,0.05273778226062875,0,Medium
SYNID0200354615,32.9246033950326,0.052759732548984306,0,Medium
SYNID0200033166,32.920732695432996,0.05277311744786434,0,Medium
SYNID0200281115,32.90065018143973,0.052842562883279764,0,Medium
SYNID0200631062,32.893871831868935,0.052866002450532135,0,Medium
SYNID0200778671,32.89277553847274,0.05286979343866577,0,Medium
SYNID0200023453,32.88568861535509,0.05289430005481083,0,Medium
SYNID0200814956,32.86637029935414,0.05296110288968642,0,Medium
SYNID0200376177,32.86637029935414,0.05296110288968642,0,Medium
SYNID0200670714,32.86637029935414,0.05296110288968642,0,Medium
SYNID0200498716,32.8618444254372,0.05297675338468433,0,Medium
SYNID0200112932,32.85385203466926,0.05300439111256422,0,Medium
SYNID0200791830,32.84839641847065,0.053023256661095586,0,Medium
SYNID0200693913,32.82617938928228,0.05310008326089982,0,Medium
SYNID0200714625,32.80958605848051,0.0531574630831127,0,Medium
SYNID0200302070,32.80752801983168,0.05316457979121597,0,Medium
SYNID0200936230,32.79398673112162,0.05321140563637017,0,Medium
SYNID0200655473,32.7875348385069,0.05323371631380991,0,Medium
SYNID0200649112,32.787276832614914,0.053234608499495184,0,Medium
SYNID0200818640,32.775939039515194,0.05327381464563424,0,Medium
SYNID0200287346,32.76720218893857,0.05330402671931472,0,Medium
SYNID0200351192,32.75299578531768,0.053353152535209614,0,Medium
SYNID0200835320,32.73642813096828,0.05341044356811975,0,Medium
SYNID0200479446,32.73296787665613,0.05342240914511054,0,Medium
SYNID0200590659,32.714080079667816,0.05348772324305323,0,Medium
SYNID0200180098,32.71053319498901,0.053499988388292063,0,Medium
SYNID0200055861,32.70571721900559,0.053516642057709674,0,Medium
SYNID0200461269,32.69368557229484,0.05355824755316074,0,Medium
SYNID0200017287,32.69114270515429,0.0535670408006515,0,Medium
SYNID0200168245,32.68800914347857,0.0535778766728458,0,Medium
SYNID0200055268,32.68485721910264,0.05358877604335072,0,Medium
SYNID0200172748,32.674178817868636,0.05362570200906819,0,Medium
SYNID0200459625,32.66882289086003,0.05364422283187409,0,Medium
SYNID0200317813,32.66849378438723,0.05364536088372901,0,Medium
SYNID0200595959,32.66389485610253,0.05366126400110177,0,Medium
SYNID0200929998,32.629216706232526,0.053781181219530294,0,Medium
SYNID0200349437,32.62726006124508,0.05378794730783737,0,Medium
SYNID0200924888,32.61908496995357,0.05381621681505594,0,Medium
SYNID0200365485,32.61193418083939,0.05384094428014147,0,Medium
SYNID0200232685,32.59053564438341,0.05391494052791884,0,Medium
SYNID0200843362,32.5868527778005,0.05392767589927289,0,Medium
SYNID0200549766,32.554516372216824,0.05403949535406233,0,Medium
SYNID0200608423,32.55265786555018,0.054045922079557496,0,Medium
SYNID0200425258,32.547530411035666,0.0540636528433181,0,Medium
SYNID0200950181,32.52413824714375,0.0541445430648973,0,Medium
SYNID0200140990,32.507322500871666,0.05420269200093647,0,Medium
SYNID0200487583,32.48116423719126,0.054293147409637144,0,Medium
SYNID0200697352,32.47432018101214,0.05431681419067491,0,Medium
SYNID0200516794,32.45288878661253,0.05439092406138829,0,Medium
SYNID0200852672,32.45166674913139,0.05439514987320648,0,Medium
SYNID0200704345,32.451558878692076,0.05439552288973365,0,Medium
SYNID0200523086,32.44781219287243,0.05440847894833256,0,Medium
SYNID0200798668,32.44444860839399,0.05442011024054727,0,Medium
SYNID0200121960,32.40748742812593,0.0545479221896909,0,Medium
SYNID0200940176,32.402034808061764,0.05456677737757415,0,Medium
SYNID0200903254,32.398657692673424,0.054578455459744046,0,Medium
SYNID0200748474,32.39492987058364,0.054591346287469256,0,Medium
SYNID0200195685,32.38971057514635,0.05460939463760739,0,Medium
SYNID0200220823,32.38376341029997,0.05462995996386,0,Medium
SYNID0200866695,32.375491516156245,0.054658564215833316,0,Medium
SYNID0200527585,32.374202138554416,0.054663022890130974,0,Medium
SYNID0200683911,32.347897931864246,0.054753982970500825,0,Medium
SYNID0200815574,32.33746728179023,0.05479005221144839,0,Medium
SYNID0200055964,32.325020023108664,0.05483309489520599,0,Medium
SYNID0200703884,32.31463773850629,0.054868996888106925,0,Medium
SYNID0200031567,32.31052005834185,0.05488323584703492,0,Medium
SYNID0200117149,32.309423443396675,0.05488702794708655,0,Medium
SYNID0200808226,32.30854808835856,0.05489005492925547,0,Medium
SYNID0200068446,32.307151400439345,0.054894884683175826,0,Medium
SYNID0200952927,32.303867648871986,0.05490623991277843,0,Medium
SYNID0200290475,32.30381564334744,0.05490641974814653,0,Medium
SYNID0200382514,32.29729592264414,0.05492896497546118,0,Medium
SYNID0200417317,32.28423130271965,0.05497414249753324,0,Medium
SYNID0200294820,32.27378534621811,0.05501026466818493,0,Medium
SYNID0200801021,32.27142221341796,0.05501843639341347,0,Medium
SYNID0200099974,32.239359333983764,0.05512930999338839,0,Medium
SYNID0200714343,32.23015776293054,0.05516112907283788,0,Medium
SYNID0200494607,32.22790017310783,0.05516893582991422,0,Medium
SYNID0200969026,32.225681736195455,0.05517660719602768,0,Medium
SYNID0200277753,32.21959030428896,0.05519767139850712,0,Medium
SYNID0200515456,32.20847651574189,0.055236102935765086,0,Medium
SYNID0200632612,32.193662340206906,0.05528733043002665,0,Medium
SYNID0200746714,32.19353912501683,0.05528775650877993,0,Medium
SYNID0200989524,32.142104949004136,0.05546561615073675,0,Medium
SYNID0200680099,32.121448738578835,0.05553704543132876,0,Medium
SYNID0200663008,32.11640278451128,0.05555449436612969,0,Medium
SYNID0200184962,32.11373533344465,0.055563718425469755,0,Medium
SYNID0200766106,32.10281789034349,0.05560147099917828,0,Medium
SYNID0200139183,32.09070476415627,0.055643358251072916,0,Medium
SYNID0200240300,32.08945385854483,0.05564768388903235,0,Medium
SYNID0200833574,32.08178271200963,0.055674210752723385,0,Medium
SYNID0200121569,32.074124234374466,0.0557006938072937,0,Medium
SYNID0200552441,32.062989191719794,0.055739198841363746,0,Medium
SYNID0200183900,32.05702169121275,0.055759834488434246,0,Medium
SYNID0200063219,32.056777165961705,0.05576068005799467,0,Medium
SYNID0200547582,32.052836159487654,0.05577430807840372,0,Medium
SYNID0200553953,32.0433107170395,0.055807247106782254,0,Medium
SYNID0200421566,32.030232381124186,0.05585247205882027,0,Medium
SYNID0200969646,32.02578599268166,0.05586784769264386,0,Medium
SYNID0200681848,32.02056358119317,0.05588590681810285,0,Medium
SYNID0200130076,32.0108246589391,0.05591958406073483,0,Medium
SYNID0200780279,32.00719744483529,0.055932126985533404,0,Medium
SYNID0200606632,31.99843111533893,0.055962440997468055,0,Medium
SYNID0200808348,31.992312948962592,0.05598359764788002,0,Medium
SYNID0200158194,31.972763193943848,0.056051200800054934,0,Medium
SYNID0200789134,31.965816607596462,0.056075222130935465,0,Medium
SYNID0200072767,31.961845478303225,0.05608895431620631,0,Medium
SYNID0200000024,31.961519839580543,0.05609008037656371,0,Medium
SYNID0200851486,31.96076891717495,0.05609267707005722,0,Medium
SYNID0200387325,31.960365241897797,0.056094072981216436,0,Medium
SYNID0200528587,31.943669459947525,0.05615180708002132,0,Medium
SYNID0200756011,31.94344145497413,0.05615259552237767,0,Medium
SYNID0200174558,31.912785103250666,0.056258605342383194,0,Medium
SYNID0200227629,31.908547100504833,0.05627326037740893,0,Medium
SYNID0200153534,31.89396818647312,0.05632367433619695,0,Medium
SYNID0200151873,31.888216660288528,0.05634356314296318,0,Medium
SYNID0200772597,31.884982854160835,0.0563547456609817,0,Medium
SYNID0200605722,31.8731855731893,0.05639554071851588,0,Medium
SYNID0200810000,31.8661805771039,0.0564197640305672,0,Medium
SYNID0200674049,31.851507394495847,0.05647050397057113,0,Medium
SYNID0200747322,31.85089349641811,0.05647262683324278,0,Medium
SYNID0200988692,31.833709897661016,0.05653204780504395,0,Medium
SYNID0200884549,31.8334868237553,0.05653281919574321,0,Medium
SYNID0200786644,31.826154008180623,0.0565581761092539,0,Medium
SYNID0200728375,31.819461252964906,0.056581319690791554,0,Medium
SYNID0200101140,31.805948161052772,0.0566280480312753,0,Medium
SYNID0200434718,31.79665286507106,0.05666019121200366,0,Medium
SYNID0200616195,31.79561480849785,0.05666378081690754,0,Medium
SYNID0200733901,31.795599975051502,0.05666383211104037,0,Medium
SYNID0200320011,31.794694029093446,0.05666696487676587,0,Medium
SYNID0200892257,31.79121700228571,0.05667898845313163,0,Medium
SYNID0200821111,31.774634250209928,0.056736331694056286,0,Medium
SYNID0200871149,31.739523504922282,0.056857744829636736,0,Medium
SYNID0200298809,31.735630591235964,0.05687120654494149,0,Medium
SYNID0200915598,31.73149488355889,0.05688550784309976,0,Medium
SYNID0200672357,31.7249315593665,0.05690820385150119,0,Medium
SYNID0200531138,31.721506110533603,0.056920049070967926,0,Medium
SYNID0200120013,31.708248248883418,0.05696589482390918,0,Medium
SYNID0200173469,31.70585269258114,0.05697417866977278,0,Medium
SYNID0200478840,31.699713908919062,0.056995406614863575,0,Medium
SYNID0200658963,31.695003668213424,0.057011694651153466,0,Medium
SYNID0200158972,31.687138536740886,0.05703889231574333,0,Medium
SYNID0200757882,31.684964128731487,0.05704641142968664,0,Medium
SYNID0200771373,31.678956429845226,0.05706718608295669,0,Medium
SYNID0200915723,31.677490016943317,0.05707225694622142,0,Medium
SYNID0200849456,31.66807264404238,0.057104822269556654,0,Medium
SYNID0200644861,31.66408672224062,0.05711860560739712,0,Medium
SYNID0200360213,31.65074513800462,0.05716474087346546,0,Medium
SYNID0200708188,31.640764336505356,0.05719925453575614,0,Medium
SYNID0200095593,31.638426258474237,0.05720733962146607,0,Medium
SYNID0200415787,31.636150815141065,0.05721520811607228,0,Medium
SYNID0200440428,31.625245611402597,0.05725291836600244,0,Medium
SYNID0200252205,31.614940098239334,0.057288554882876874,0,Medium
SYNID0200389764,31.61096430844252,0.05730230318419277,0,Medium
SYNID0200432451,31.609544214587398,0.057307213875958385,0,Medium
SYNID0200781244,31.607874102030173,0.05731298913366606,0,Medium
SYNID0200836509,31.601346288895314,0.05733556234465015,0,Medium
SYNID0200790050,31.5995882244458,0.0573416417404482,0,Medium
SYNID0200039887,31.596259629074723,0.0573531520401519,0,Medium
SYNID0200756786,31.590979875288546,0.057371409455567624,0,Medium
SYNID0200859512,31.580565507069387,0.057407422393778385,0,Medium
SYNID0200956125,31.57741115010374,0.05741833017619091,0,Medium
SYNID0200106681,31.536260742060513,0.05756062849626392,0,Medium
SYNID0200428466,31.523737048540013,0.05760393549208287,0,Medium
SYNID0200931721,31.511385808358238,0.05764664614338039,0,Medium
SYNID0200769087,31.504719308237966,0.057669698934664615,0,Medium
SYNID0200796729,31.499982732346517,0.05768607803816084,0,Medium
SYNID0200020659,31.479814622440617,0.057755819464677005,0,Medium
SYNID0200425834,31.46860220922258,0.05779459204654824,0,Medium
SYNID0200451088,31.46720248901871,0.05779943228612433,0,Medium
SYNID0200166526,31.452311086919764,0.057850926830236404,0,Medium
SYNID0200706639,31.44861828521168,0.05786369655730378,0,Medium
SYNID0200701111,31.43945870857611,0.05789537041984366,0,Medium
SYNID0200782387,31.4269138151908,0.05793875072490284,0,Medium
SYNID0200741532,31.42681252535444,0.057939100985671566,0,Medium
SYNID0200944404,31.425685649787827,0.05794299772710587,0,Medium
SYNID0200635658,31.417033887592424,0.057972915564731775,0,Medium
SYNID0200586680,31.404831327490413,0.05801511207955812,0,Medium
SYNID0200174508,31.38579605781223,0.0580809361388116,0,Medium
SYNID0200139851,31.38039506564533,0.0580996127971638,0,Medium
SYNID0200814187,31.372516313093726,0.05812685756351427,0,Medium
SYNID0200812851,31.355671950728695,0.058185105454148234,0,Medium
SYNID0200293954,31.347241294163812,0.058214258707380506,0,Medium
SYNID0200760211,31.339623495818277,0.058240601092760635,0,Medium
SYNID0200847930,31.337988016226134,0.05824625658949911,0,Medium
SYNID0200310166,31.32923634102927,0.05827651992679167,0,Medium
SYNID0200964994,31.306119735670826,0.05835645726556221,0,Medium
SYNID0200661417,31.3012331204645,0.05837335520577153,0,Medium
SYNID0200315189,31.296388881696046,0.05839010660804339,0,Medium
SYNID0200753953,31.2941112828106,0.05839798255656031,0,Medium
SYNID0200772692,31.28632122652377,0.05842492061077659,0,Medium
SYNID0200044972,31.272368758236507,0.058473168316997726,0,Medium
SYNID0200572081,31.272180344455105,0.058473819852811026,0,Medium
SYNID0200906599,31.24791944548311,0.05855771416471067,0,Medium
SYNID0200576347,31.238938065851194,0.05858877182110661,0,Medium
SYNID0200483555,31.23218859107803,0.05861211153916207,0,Medium
SYNID0200659130,31.226027719425907,0.058633415864634664,0,Medium
SYNID0200088257,31.21724601093858,0.058663783057198216,0,Medium
SYNID0200099471,31.21248704204446,0.05868023959581142,0,Medium
SYNID0200559218,31.202498297367384,0.05871478072565134,0,Medium
SYNID0200874949,31.190056591273173,0.05875780420853366,0,Medium
SYNID0200397490,31.189490017665992,0.0587597634229457,0,Medium
SYNID0200040092,31.186593239521116,0.0587697804964874,0,Medium
SYNID0200288153,31.18108177976488,0.058788839152324746,0,Medium
SYNID0200281819,31.17954693350037,0.05879414665850502,0,Medium
SYNID0200955064,31.17796146702908,0.05879962920961751,0,Medium
SYNID0200507823,31.174973919744268,0.05880996016330625,0,Medium
SYNID0200739109,31.171192134131527,0.058823037597168004,0,Medium
SYNID0200918446,31.160019979962613,0.058861670963042845,0,Medium
SYNID0200152023,31.156524229994677,0.058873759284191696,0,Medium
SYNID0200557085,31.146693331914996,0.05890775457969588,0,Medium
SYNID0200513190,31.11296677186161,0.05902438119570408,0,Medium
SYNID0200479737,31.07557367393768,0.05915368671829602,0,Medium
SYNID0200219491,31.06342349065278,0.05919570211382269,0,Medium
SYNID0200488305,31.04879637920828,0.05924628273950899,0,Medium
SYNID0200719853,31.032711390511945,0.0593019047121387,0,Medium
SYNID0200431313,31.031822982206798,0.059304976832571354,0,Medium
SYNID0200928915,31.025109618809786,0.05932819167730463,0,Medium
SYNID0200325930,31.02324787014306,0.059334629613652545,0,Medium
SYNID0200914684,31.012139566807136,0.05937304218302253,0,Medium
SYNID0200311061,31.01160748592476,0.05937488212141695,0,Medium
SYNID0200448127,30.993003220934646,0.059439215764269415,0,Medium
SYNID0200507304,30.992301935777533,0.059441640811905505,0,Medium
SYNID0200865948,30.975769332378245,0.05949881063845208,0,Medium
SYNID0200269367,30.973620741830842,0.05950624047548064,0,Medium
SYNID0200913059,30.970521295406826,0.05951695837696125,0,Medium
SYNID0200321820,30.965969348205544,0.059532699033508885,0,Medium
SYNID0200620221,30.960230233358093,0.059552544921808226,0,Medium
SYNID0200162855,30.955739372107345,0.05956807434282857,0,Medium
SYNID0200871968,30.947912692924437,0.05959513903920555,0,Medium
SYNID0200610768,30.93737642367127,0.0596315735118112,0,Medium
SYNID0200842073,30.92296546339816,0.0596814066856487,0,Medium
SYNID0200632846,30.919051928835703,0.0596949397080479,0,Medium
SYNID0200372068,30.89396491968379,0.05978169071314665,0,Medium
SYNID0200973220,30.887075447796644,0.0598055145419335,0,Medium
SYNID0200202347,30.883117029006254,0.059819202774220925,0,Medium
SYNID0200542742,30.875112011441953,0.05984688416562678,0,Medium
SYNID0200430676,30.875106944229508,0.05984690168807316,0,Medium
SYNID0200121525,30.871491841980827,0.059859402730015165,0,Medium
SYNID0200833181,30.864012647150744,0.05988526582373471,0,Medium
SYNID0200937154,30.85955860641947,0.05990066791921167,0,Medium
SYNID0200734798,30.84863727327834,0.059938433944698166,0,Medium
SYNID0200859603,30.82925542685505,0.06000545646809696,0,Medium
SYNID0200570616,30.829106866188443,0.06000597019163684,0,Medium
SYNID0200324147,30.82763780007999,0.06001105022970327,0,Medium
SYNID0200880706,30.823650943988223,0.06002483679832332,0,Medium
SYNID0200815562,30.817119209976518,0.06004742356771947,0,Medium
SYNID0200527251,30.81235499734305,0.06006389823920999,0,Medium
SYNID0200890020,30.81228682988324,0.06006413396263233,0,Medium
SYNID0200169025,30.80817107067203,0.06007836627889429,0,Medium
SYNID0200493584,30.80665276720513,0.06008361657999639,0,Medium
SYNID0200600541,30.781855583809165,0.060169365366158634,0,Medium
SYNID0200875019,30.77472708663593,0.06019401574559913,0,Medium
SYNID0200328377,30.771253310001306,0.06020602808284975,0,Medium
SYNID0200541104,30.743066750956526,0.0603034973472249,0,Medium
SYNID0200601216,30.732081375759073,0.06034148483046753,0,Medium
SYNID0200792648,30.728833618847688,0.06035271559036692,0,Medium
SYNID0200550078,30.72397121605048,0.0603695298039425,0,Medium
SYNID0200717043,30.718636305477514,0.06038797795180717,0,Medium
SYNID0200627315,30.70704964338323,0.060428044688193794,0,Medium
SYNID0200661216,30.701665552548416,0.06044666290165379,0,Medium
SYNID0200996077,30.675501013672058,0.06053714001001392,0,Medium
SYNID0200403918,30.674074057682194,0.06054207443107634,0,Medium
SYNID0200279396,30.665169797313894,0.06057286540866691,0,Medium
SYNID0200252997,30.65073158962384,0.06062279280421062,0,Medium
SYNID0200431387,30.6465981297852,0.06063708632933218,0,Medium
SYNID0200547839,30.61641719971376,0.06074145213884968,0,Medium
SYNID0200570600,30.606624940656523,0.06077531382041795,0,Medium
SYNID0200954599,30.59791838580165,0.06080542113133869,0,Medium
SYNID0200723447,30.59643454797768,0.060810552250072425,0,Medium
SYNID0200191061,30.594893519208266,0.06081588113538605,0,Medium
SYNID0200209638,30.593847522236135,0.06081949819822974,0,Medium
SYNID0200318979,30.59158956321848,0.06082730623198407,0,Medium
SYNID0200032724,30.568307149246568,0.060907816937782355,0,Medium
SYNID0200628638,30.565093953276175,0.060918928185772214,0,Medium
SYNID0200416565,30.54172975074884,0.06099972171681067,0,Medium
SYNID0200291604,30.53810044053161,0.061012271889980096,0,Medium
SYNID0200107067,30.525475088339544,0.0610559304220018,0,Medium
SYNID0200529088,30.500390032620373,0.0611426746721202,0,Medium
SYNID0200283190,30.499365724282182,0.061146216735557535,0,Medium
SYNID0200981086,30.495218068030475,0.061160559351947585,0,Medium
SYNID0200009106,30.49487595324701,0.06116174238660688,0,Medium
SYNID0200875793,30.490409804877167,0.061177186350359514,0,Medium
SYNID0200254309,30.485678083265803,0.061193548667730524,0,Medium
SYNID0200022981,30.474647894738407,0.06123169111569576,0,Medium
SYNID0200752565,30.472050819663462,0.06124067181449905,0,Medium
SYNID0200283824,30.470974708008253,0.06124439301406981,0,Medium
SYNID0200732287,30.45701350310893,0.06129267093153984,0,Medium
SYNID0200103945,30.451924765032146,0.061310267813662056,0,Medium
SYNID0200042053,30.446754545012812,0.06132814646075557,0,Medium
SYNID0200534136,30.435394815748378,0.06136742846226367,0,Medium
SYNID0200345009,30.43336816519269,0.061374436630181384,0,Medium
SYNID0200831626,30.43331694947362,0.06137461373439812,0,Medium
SYNID0200243928,30.43252561402218,0.061377350176409495,0,Medium
SYNID0200389271,30.427372981429418,0.06139516800609257,0,Medium
SYNID0200692620,30.41795858370375,0.0614277230412566,0,Medium
SYNID0200035881,30.41302375053363,0.06144478771942968,0,Medium
SYNID0200575557,30.39047458320198,0.06152276285462077,0,Medium
SYNID0200362585,30.389440219408257,0.06152633968987442,0,Medium
SYNID0200320704,30.38294981902361,0.06154878352737819,0,Medium
SYNID0200525315,30.3770352636381,0.061569236089949464,0,Medium
SYNID0200515886,30.35646340850622,0.06164037366950825,0,Medium
SYNID0200634514,30.344203961758716,0.061682766898643715,0,Medium
SYNID0200064299,30.339837668603327,0.06169786556255746,0,Medium
SYNID0200990746,30.325736437656694,0.06174662769081046,0,Medium
SYNID0200888758,30.320373351094997,0.06176517327138731,0,Medium
SYNID0200325171,30.309726583916643,0.061801989846379635,0,Medium
SYNID0200679507,30.30884417134813,0.06180504123352454,0,Medium
SYNID0200935983,30.305210743345683,0.06181760564601618,0,Medium
SYNID0200846764,30.299339832093118,0.061837907286953986,0,Medium
SYNID0200790323,30.294516830100196,0.06185458525234816,0,Medium
SYNID0200532469,30.271165144354356,0.06193533550029262,0,Medium
SYNID0200188183,30.259950738452883,0.061974114972873307,0,Medium
SYNID0200500737,30.258504547981335,0.06197911590687111,0,Medium
SYNID0200036910,30.245457026769405,0.062024234301508274,0,Medium
SYNID0200169158,30.238865619253435,0.06204702742218532,0,Medium
SYNID0200253309,30.217103139078134,0.06212228218919308,0,Medium
SYNID0200808542,30.20547790711104,0.06216248230039584,0,Medium
SYNID0200715391,30.20344998741466,0.06216949485700851,0,Medium
SYNID0200966907,30.201164297381204,0.062177398784756366,0,Medium
SYNID0200123183,30.19339871052758,0.062204252223548306,0,Medium
SYNID0200834867,30.19048264922266,0.062214335978355406,0,Medium
SYNID0200967974,30.189143537897962,0.0622189666321194,0,Medium
SYNID0200742027,30.167746547594277,0.06229295753329428,0,Medium
SYNID0200241143,30.14963251722754,0.062355595942328534,0,Medium
SYNID0200499729,30.133400356342406,0.06241172683713481,0,Medium
SYNID0200318616,30.125167960423152,0.06244019450404725,0,Medium
SYNID0200718284,30.123983776722667,0.062444289417299625,0,Medium
SYNID0200275737,30.123830696304072,0.062444818770164834,0,Medium
SYNID0200388147,30.11377320619191,0.062479597622068506,0,Medium
SYNID0200700492,30.110667984917654,0.062490335493010585,0,Medium
SYNID0200971814,30.10706391113127,0.06250279839847395,0,Medium
SYNID0200539140,30.10606024632016,0.06250626907648976,0,Medium
SYNID0200987648,30.103688325235854,0.06251447119164955,0,Medium
SYNID0200892021,30.100725498392908,0.06252471666192472,0,Medium
SYNID0200685828,30.099773699480178,0.06252800798740044,0,Medium
SYNID0200049628,30.096316891605124,0.06253996164659426,0,Medium
SYNID0200095008,30.09128668490891,0.0625573561269051,0,Medium
SYNID0200868523,30.07232506941556,0.06262292548961323,0,Medium
SYNID0200934424,30.070119071151574,0.0626305538428174,0,Medium
SYNID0200119824,30.06859668777829,0.0626358182522565,0,Medium
SYNID0200873356,30.059972518836986,0.06266564067226954,0,Medium
SYNID0200745865,30.059409456630917,0.0626675877442387,0,Medium
SYNID0200846076,30.056446920653553,0.06267783220869921,0,Medium
SYNID0200351449,30.0475101440674,0.06270873562753632,0,Medium
SYNID0200981723,30.042081671165572,0.06272750731440951,0,Medium
SYNID0200438647,30.033266537566394,0.06275799009117966,0,Medium
SYNID0200041616,30.02689037800668,0.06278003888333045,0,Medium
SYNID0200483509,30.02524305010338,0.0627857353515891,0,Medium
SYNID0200095007,30.018391775883988,0.06280942709264681,0,Medium
SYNID0200115228,29.99753060856884,0.06288156511520515,0,Medium
SYNID0200750495,29.9883777998583,0.06291321557422591,0,Medium
SYNID0200644002,29.986085150087575,0.06292114356878059,0,Medium
SYNID0200900445,29.984532252768886,0.06292651349559791,0,Medium
SYNID0200540916,29.983563070793572,0.06292986493179237,0,Medium
SYNID0200187421,29.979120391770174,0.06294522773842576,0,Medium
SYNID0200176428,29.978127625494487,0.0629486607292507,0,Medium
SYNID0200285633,29.977801709629368,0.06294978774796806,0,Medium
SYNID0200228269,29.971539370585084,0.06297144294819823,0,Medium
SYNID0200418369,29.969231369246568,0.06297942402855233,0,Medium
SYNID0200055683,29.965501977437903,0.0629923202843734,0,Medium
SYNID0200374186,29.96006949521136,0.06301110583551184,0,Medium
SYNID0200823997,29.945871880211737,0.06306020126030976,0,Medium
SYNID0200711222,29.93440364636597,0.06309985847121136,0,Medium
SYNID0200770028,29.9336486775107,0.0631024691573484,0,Medium
SYNID0200413606,29.931669121098967,0.06310931447347706,0,Medium
SYNID0200787523,29.908140822325816,0.06319067545016721,0,Low
SYNID0200188047,29.906475205128235,0.06319643516289841,0,Low
SYNID0200108889,29.90395695740088,0.06320514327633325,0,Low
SYNID0200437472,29.900876066659023,0.06321579701217067,0,Low
SYNID0200617860,29.885572775940005,0.0632687158692235,0,Low
SYNID0200179430,29.870401731082858,0.06332117741941412,0,Low
SYNID0200204423,29.86280685809998,0.06334744052877372,0,Low
SYNID0200183239,29.853245997391664,0.06338050203367585,0,Low
SYNID0200443802,29.85313463487498,0.06338088712582429,0,Low
SYNID0200896648,29.850067962473158,0.06339149169456965,0,Low
SYNID0200223705,29.819793543979088,0.06349618078752756,0,Low
SYNID0200779102,29.818827775372927,0.06349952042027412,0,Low
SYNID0200366349,29.81581625012438,0.06350993428988327,0,Low
SYNID0200908337,29.806506105747133,0.06354212881643884,0,Low
SYNID0200420845,29.78791619880528,0.06360641280908746,0,Low
SYNID0200718495,29.785993949611903,0.06361305995656391,0,Low
SYNID0200634454,29.781687579921037,0.0636279514048329,0,Low
SYNID0200039090,29.775178016843302,0.06365046150702675,0,Low
SYNID0200423077,29.76740711917234,0.063677333310652,0,Low
SYNID0200186157,29.767289362653422,0.06367774051329267,0,Low
SYNID0200729207,29.762319543112696,0.06369492617451306,0,Low
SYNID0200712083,29.75706295582947,0.06371310348004389,0,Low
SYNID0200991884,29.752588760650283,0.0637285752697041,0,Low
SYNID0200785948,29.744837319309923,0.06375537979323931,0,Low
SYNID0200826226,29.73558627506242,0.06378736995124595,0,Low
SYNID0200825850,29.731839980199595,0.06380032465791419,0,Low
SYNID0200431207,29.730550703772657,0.06380478298234854,0,Low
SYNID0200051813,29.729998029175785,0.06380669413391232,0,Low
SYNID0200474394,29.71796894074379,0.06384829078282245,0,Low
SYNID0200855488,29.704179934821756,0.06389597323535418,0,Low
SYNID0200695240,29.688767473127495,0.06394926960619401,0,Low
SYNID0200286796,29.683564083731795,0.06396726295315952,0,Low
SYNID0200302784,29.679817510190173,0.06398021862350045,0,Low
SYNID0200565080,29.673118971145982,0.06400338220554636,0,Low
SYNID0200153572,29.67011569439071,0.06401376755182386,0,Low
SYNID0200071974,29.662369936632782,0.06404055242150214,0,Low
SYNID0200667023,29.652989165129217,0.06407299117701931,0,Low
SYNID0200795010,29.64968751149572,0.06408440831205758,0,Low
SYNID0200249262,29.63247698084787,0.06414392241447381,0,Low
SYNID0200848282,29.626972367191627,0.0641629573964626,0,Low
SYNID0200590620,29.621590939297306,0.06418156640146083,0,Low
SYNID0200991900,29.616515920112693,0.06419911584358423,0,Low
SYNID0200802524,29.613523018132835,0.06420946531383565,0,Low
SYNID0200223918,29.613281410528867,0.06421030079415763,0,Low
SYNID0200257709,29.60764663728511,0.0642297858686613,0,Low
SYNID0200907538,29.603950268349905,0.06424256793121819,0,Low
SYNID0200835170,29.602539388093337,0.0642474467623132,0,Low
SYNID0200200283,29.5963664813969,0.06426879270503016,0,Low
SYNID0200099433,29.596041080909714,0.064269917941568,0,Low
SYNID0200192843,29.58779652494827,0.06429842765796812,0,Low
SYNID0200950641,29.58766265395121,0.06429889058455607,0,Low
SYNID0200912743,29.56589472615954,0.06437416418944891,0,Low
SYNID0200968921,29.565824751526566,0.06437440616208523,0,Low
SYNID0200182683,29.56118905001146,0.06439043644147557,0,Low
SYNID0200456652,29.55773802770481,0.06440237009414446,0,Low
SYNID0200446717,29.545423634638713,0.06444495332792877,0,Low
SYNID0200391313,29.541951702506616,0.06445695928688028,0,Low
SYNID0200597246,29.53756420628881,0.06447213127109158,0,Low
SYNID0200324307,29.522687625467423,0.06452357456315055,0,Low
SYNID0200085043,29.510207100175254,0.06456673228301663,0,Low
SYNID0200267468,29.50681991776999,0.06457844517698219,0,Low
SYNID0200861776,29.499754857165463,0.06460287619244581,0,Low
SYNID0200010153,29.489391932158387,0.06463871123976783,0,Low
SYNID0200025474,29.487091426785014,0.06464666639903638,0,Low
SYNID0200281343,29.474094731195656,0.06469160903841248,0,Low
SYNID0200353380,29.468712162859802,0.06471022198706333,0,Low
SYNID0200421328,29.463404156392595,0.06472857710039359,0,Low
SYNID0200280170,29.461209294533127,0.06473616694385437,0,Low
SYNID0200923114,29.432816945171645,0.06483434783219016,0,Low
SYNID0200365748,29.4169757682954,0.06488912670230734,0,Low
SYNID0200435324,29.412415907350514,0.06490489472462058,0,Low
SYNID0200528962,29.411128198969706,0.06490934762674344,0,Low
SYNID0200889413,29.410018974798067,0.06491318332956425,0,Low
SYNID0200427416,29.39968812577264,0.06494890745797877,0,Low
SYNID0200409834,29.395914104987195,0.06496195804102828,0,Low
SYNID0200983610,29.392395830212767,0.06497412425307242,0,Low
SYNID0200472572,29.390200371805395,0.06498171615939885,0,Low
SYNID0200753047,29.37688321508987,0.0650277669549773,0,Low
SYNID0200722317,29.340411017218784,0.06515388800050798,0,Low
SYNID0200681677,29.324662031915913,0.06520834807169607,0,Low
SYNID0200684523,29.317372312467914,0.06523355595858177,0,Low
SYNID0200581648,29.30687388181359,0.06526985958512038,0,Low
SYNID0200499095,29.30208727493379,0.0652864116960285,0,Low
SYNID0200360379,29.29744538561559,0.06530246337287338,0,Low
SYNID0200449318,29.276077792797068,0.06537635261739522,0,Low
SYNID0200307526,29.27252289129647,0.06538864548484452,0,Low
SYNID0200361856,29.26731789707149,0.06540664438131782,0,Low
SYNID0200130774,29.261836031383158,0.06542560070071801,0,Low
SYNID0200062699,29.247960178052953,0.06547358347202842,0,Low
SYNID0200782247,29.24624009442795,0.06547953152994235,0,Low
SYNID0200489818,29.24153818418673,0.06549579075944395,0,Low
SYNID0200010703,29.23931866342113,0.0655034658735274,0,Low
SYNID0200197967,29.238821749214885,0.0655051842053771,0,Low
SYNID0200914758,29.22269285782339,0.06556095799374972,0,Low
SYNID0200827020,29.219726041394054,0.0655712172600349,0,Low
SYNID0200586783,29.211943241731113,0.0655981302208089,0,Low
SYNID0200681303,29.205384043410902,0.06562081196192338,0,Low
SYNID0200894425,29.198319131747198,0.06564524246234887,0,Low
SYNID0200161875,29.194684610751374,0.06565781065441717,0,Low
SYNID0200447936,29.19182079608879,0.06566771374006963,0,Low
SYNID0200457944,29.18932217351733,0.06567635398961569,0,Low
SYNID0200231183,29.185367637028055,0.06569002879688612,0,Low
SYNID0200965343,29.179491989278798,0.06571034681665355,0,Low
SYNID0200324513,29.178952069931157,0.06571221386050069,0,Low
SYNID0200502169,29.178728009587264,0.06571298866230818,0,Low
SYNID0200572685,29.17778750910655,0.06571624091774858,0,Low
SYNID0200512824,29.17624829516035,0.06572156352739433,0,Low
SYNID0200927212,29.17451458754929,0.06572755869712127,0,Low
SYNID0200368031,29.174283543763043,0.0657283576477079,0,Low
SYNID0200788530,29.155548988848555,0.06579314183378077,0,Low
SYNID0200942495,29.153589901505036,0.06579991636776755,0,Low
SYNID0200590184,29.14911969051054,0.06581537438009688,0,Low
SYNID0200307787,29.14744918462297,0.06582115099794289,0,Low
SYNID0200631159,29.139855185005768,0.06584741108719955,0,Low
SYNID0200582794,29.139203507139552,0.06584966459257169,0,Low
SYNID0200038754,29.124775191321937,0.06589955778197026,0,Low
SYNID0200604188,29.122020619936,0.0659090831038171,0,Low
SYNID0200751878,29.11591360836415,0.06593020118085846,0,Low
SYNID0200716281,29.10498483762884,0.06596799292558342,0,Low
SYNID0200490486,29.099354502601795,0.06598746265271116,0,Low
SYNID0200321808,29.09456209468727,0.06600403482362682,0,Low
SYNID0200897197,29.094206934409232,0.06600526296967263,0,Low
SYNID0200573790,29.091516474643768,0.06601456659321014,0,Low
SYNID0200422014,29.08492504039447,0.06603735980633119,0,Low
SYNID0200247951,29.079939220486338,0.06605460079690334,0,Low
SYNID0200168986,29.07867626958152,0.06605896808754846,0,Low
SYNID0200544100,29.076122863786424,0.06606779777776017,0,Low
SYNID0200578654,29.05864536272093,0.0661282350652369,0,Low
SYNID0200280563,29.042420214341377,0.06618434171076326,0,Low
SYNID0200255716,29.042382705136276,0.06618447141778505,0,Low
SYNID0200919687,29.0274168998386,0.06623622324853634,0,Low
SYNID0200007051,29.020230408023895,0.06626107417374166,0,Low
SYNID0200366685,29.005064095796385,0.06631351935847496,0,Low
SYNID0200313956,28.987584109360146,0.06637396524037636,0,Low
SYNID0200082862,28.98232681078273,0.06639214500556612,0,Low
SYNID0200549394,28.972704184040204,0.06642542009772834,0,Low
SYNID0200438486,28.970196458019352,0.06643409182704862,0,Low
SYNID0200021784,28.96913169142554,0.06643777379533944,0,Low
SYNID0200356062,28.96913169142554,0.06643777379533944,0,Low
SYNID0200600447,28.96913169142554,0.06643777379533944,0,Low
SYNID0200125719,28.968339594869718,0.06644051286925362,0,Low
SYNID0200355183,28.963362625798815,0.06645772325358568,0,Low
SYNID0200256421,28.956466672822955,0.06648156949401024,0,Low
SYNID0200470802,28.95517103105671,0.06648604982982026,0,Low
SYNID0200967153,28.949332039487153,0.06650624109233205,0,Low
SYNID0200261259,28.947774736017042,0.06651162625564339,0,Low
SYNID0200478813,28.938790411485737,0.06654269409551639,0,Low
SYNID0200996274,28.93735597776963,0.06654765437459415,0,Low
SYNID0200458593,28.93229133791709,0.0665651679249345,0,Low
SYNID0200822796,28.927915760931274,0.06658029869238102,0,Low
SYNID0200135270,28.90714701174785,0.06665211713257035,0,Low
SYNID0200984856,28.905269925011094,0.06665860810804236,0,Low
SYNID0200324852,28.90124612464714,0.06667252243014332,0,Low
SYNID0200448741,28.896699906713906,0.06668824327485295,0,Low
SYNID0200339416,28.87831222504467,0.06675182797148149,0,Low
SYNID0200888192,28.87794682540336,0.06675309152529751,0,Low
SYNID0200500365,28.866622975727818,0.06679224945500495,0,Low
SYNID0200904892,28.861541264459255,0.06680982203838864,0,Low
SYNID0200809978,28.852987370106433,0.06683940144851769,0,Low
SYNID0200142914,28.845883406580043,0.06686396699048275,0,Low
SYNID0200938254,28.84454805761831,0.06686858463397649,0,Low
SYNID0200718506,28.840185856491026,0.06688366914763627,0,Low
SYNID0200743198,28.83818047624712,0.06689060376270778,0,Low
SYNID0200304685,28.836675916694492,0.0668958065372845,0,Low
SYNID0200835653,28.835939387718245,0.0668983534582262,0,Low
SYNID0200198082,28.826153774942984,0.06693219215691765,0,Low
SYNID0200350827,28.81470193945189,0.06697179266222547,0,Low
SYNID0200850670,28.794631270008512,0.0670411971391272,0,Low
SYNID0200672463,28.79058362937957,0.06705519390098563,0,Low
SYNID0200507338,28.790569463355478,0.06705524288716891,0,Low
SYNID0200026241,28.78437503621974,0.0670766632476743,0,Low
SYNID0200103388,28.782681580782697,0.067082519225179,0,Low
SYNID0200055689,28.779555199433965,0.0670933302677661,0,Low
SYNID0200392454,28.776949150604665,0.06710234199785753,0,Low
SYNID0200824166,28.766400302991066,0.06713881996649745,0,Low
SYNID0200399813,28.756210291287037,0.06717405707873908,0,Low
SYNID0200963980,28.755661049364154,0.06717595636009877,0,Low
SYNID0200988755,28.753098559060405,0.06718481746458754,0,Low
SYNID0200120214,28.742333469089573,0.06722204320039737,0,Low
SYNID0200405084,28.742263307167935,0.06722228582067885,0,Low
SYNID0200411616,28.73566828589552,0.06724509143774404,0,Low
SYNID0200953827,28.717770999276382,0.06730698034579796,0,Low
SYNID0200681277,28.70410124869083,0.06735425041277027,0,Low
SYNID0200839941,28.695530645121746,0.06738388760345404,0,Low
SYNID0200571528,28.686249256557396,0.06741598269226251,0,Low
SYNID0200767794,28.686244384546303,0.06741599953970162,0,Low
SYNID0200227177,28.685301901814768,0.06741925864977544,0,Low
SYNID0200705454,28.68365847372167,0.06742494163247059,0,Low
SYNID0200636404,28.682651567994007,0.06742842351759232,0,Low
SYNID0200828516,28.68220734627708,0.06742995963854626,0,Low
SYNID0200271809,28.66993477182226,0.06747239826336032,0,Low
SYNID0200456280,28.66564618782188,0.06748722820862124,0,Low
SYNID0200768662,28.66522815325827,0.06748867377426598,0,Low
SYNID0200257758,28.66500265601294,0.06748945354488595,0,Low
SYNID0200989128,28.65651493634536,0.06751880412261724,0,Low
SYNID0200005824,28.64982041441309,0.06754195381346972,0,Low
SYNID0200804701,28.63724268787194,0.06758544765574859,0,Low
SYNID0200311512,28.626778533149626,0.06762163275594019,0,Low
SYNID0200158031,28.623876649624062,0.06763166748391425,0,Low
SYNID0200177927,28.623266071901707,0.06763377886478011,0,Low
SYNID0200444895,28.614548653820073,0.06766392374079416,0,Low
SYNID0200778272,28.611883417729914,0.06767314014073433,0,Low
SYNID0200694970,28.607832752418588,0.0676871473619598,0,Low
SYNID0200325551,28.597772289344988,0.06772193649437924,0,Low
SYNID0200993444,28.594397599287436,0.06773360618974295,0,Low
SYNID0200288307,28.582499318439705,0.06777475050536214,0,Low
SYNID0200313389,28.57026913088998,0.06781704255604304,0,Low
SYNID0200069592,28.56774529258934,0.0678257700017087,0,Low
SYNID0200165806,28.56773142220186,0.06782581796557907,0,Low
SYNID0200424433,28.55988022776734,0.06785296743582064,0,Low
SYNID0200829535,28.556610532935448,0.06786427405716061,0,Low
SYNID0200339918,28.55558972462308,0.06786780401749087,0,Low
SYNID0200449625,28.54598912075202,0.06790100295445167,0,Low
SYNID0200546200,28.545042427836265,0.0679042766233639,0,Low
SYNID0200058698,28.52624077439687,0.06796929283647679,0,Low
SYNID0200575256,28.526033815526674,0.06797000850130136,0,Low
SYNID0200756791,28.519428160054268,0.06799285089148416,0,Low
SYNID0200460399,28.519428160054268,0.06799285089148416,0,Low
SYNID0200197715,28.50763006146998,0.0680336487763274,0,Low
SYNID0200577002,28.503227742622023,0.06804887201726906,0,Low
SYNID0200489210,28.4859425087749,0.06810864444372788,0,Low
SYNID0200848881,28.481621476773338,0.06812358659434176,0,Low
SYNID0200008622,28.479239074483228,0.06813182495356446,0,Low
SYNID0200025037,28.466690534261623,0.06817521786940206,0,Low
SYNID0200994271,28.46537926708021,0.06817975223797712,0,Low
SYNID0200025657,28.461132150324,0.06819443878929704,0,Low
SYNID0200243358,28.458691613660772,0.06820287817747733,0,Low
SYNID0200596349,28.44931085939983,0.06823531687336942,0,Low
SYNID0200913521,28.443454735679715,0.06825556737894489,0,Low
SYNID0200046967,28.4406028763894,0.06826542912285932,0,Low
SYNID0200888079,28.436632746859452,0.06827915785094363,0,Low
SYNID0200903418,28.43466886549926,0.06828594896266443,0,Low
SYNID0200300966,28.434211528055016,0.06828753043787006,0,Low
SYNID0200757410,28.433474954376774,0.0682900775133915,0,Low
SYNID0200257325,28.432345322763805,0.06829398378524809,0,Low
SYNID0200598099,28.4268955071728,0.0683128292752489,0,Low
SYNID0200677245,28.4268955071728,0.0683128292752489,0,Low
SYNID0200178272,28.4268955071728,0.0683128292752489,0,Low
SYNID0200198937,28.4268955071728,0.0683128292752489,0,Low
SYNID0200330960,28.4268955071728,0.0683128292752489,0,Low
SYNID0200015258,28.4268955071728,0.0683128292752489,0,Low
SYNID0200315921,28.4268776428534,0.06831289105015614,0,Low
SYNID0200711066,28.42078650125164,0.06833395424876032,0,Low
SYNID0200798374,28.417488807184345,0.06834535769159855,0,Low
SYNID0200639724,28.411319648181134,0.0683666906747733,0,Low
SYNID0200423289,28.393419787442514,0.06842858848414546,0,Low
SYNID0200170670,28.390950746451356,0.06843712644043654,0,Low
SYNID0200392862,28.38764354852946,0.06844856274765226,0,Low
SYNID0200160447,28.38367084635411,0.06846230037195744,0,Low
SYNID0200276415,28.35771609894092,0.06855205202037212,0,Low
SYNID0200463729,28.35118238894353,0.0685746456227368,0,Low
SYNID0200119386,28.3502435522785,0.06857789212469412,0,Low
SYNID0200322194,28.34424315912586,0.06859864151470019,0,Low
SYNID0200703729,28.34372393657382,0.06860043698892299,0,Low
SYNID0200460204,28.334159963639358,0.06863350925591893,0,Low
SYNID0200054795,28.302550117283932,0.0687428162652059,0,Low
SYNID0200445689,28.277963266131355,0.06882783772140194,0,Low
SYNID0200219097,28.277963266131355,0.06882783772140194,0,Low
SYNID0200704763,28.277963266131355,0.06882783772140194,0,Low
SYNID0200992764,28.277963266131355,0.06882783772140194,0,Low
SYNID0200523906,28.26801577396851,0.06886223619983806,0,Low
SYNID0200935695,28.260493146225194,0.06888824948479222,0,Low
SYNID0200458500,28.25142568162074,0.06891960482346055,0,Low
SYNID0200916788,28.231474737926725,0.06898859528811274,0,Low
SYNID0200382733,28.231067742706042,0.06899000267965355,0,Low
SYNID0200660877,28.21988110266835,0.06902868613773622,0,Low
SYNID0200204089,28.219801692785346,0.06902896073751508,0,Low
SYNID0200674884,28.193067769920745,0.06912140677859924,0,Low
SYNID0200249077,28.169262691430074,0.06920372486095872,0,Low
SYNID0200423503,28.159372983022912,0.06923792352287411,0,Low
SYNID0200712821,28.153294036866786,0.06925894454956533,0,Low
SYNID0200467783,28.15050079164824,0.06926860360572179,0,Low
SYNID0200938007,28.145230427578976,0.06928682855144874,0,Low
SYNID0200239671,28.145177613959415,0.0692870111812135,0,Low
SYNID0200624775,28.1309125805085,0.06933633973935849,0,Low
SYNID0200074591,28.130078525376646,0.06933922390624175,0,Low
SYNID0200654888,28.124528918030098,0.0693584144766402,0,Low
SYNID0200152723,28.118887452304328,0.06937792269378068,0,Low
SYNID0200684846,28.11696122001886,0.06938458361480981,0,Low
SYNID0200938946,28.113035440134617,0.06939815898159396,0,Low
SYNID0200547399,28.11016584808583,0.06940808204547727,0,Low
SYNID0200257028,28.107617813686247,0.069416893161376,0,Low
SYNID0200341404,28.107090689476152,0.0694187159595725,0,Low
SYNID0200888730,28.09541938316508,0.06945907539609081,0,Low
SYNID0200563805,28.08929674115107,0.06948024752328058,0,Low
SYNID0200631635,28.0781111072433,0.06951892750216088,0,Low
SYNID0200487040,28.077584030920587,0.06952075013476255,0,Low
SYNID0200219439,28.07047734368107,0.06954532509534145,0,Low
SYNID0200646302,28.06797609005956,0.06955397444307193,0,Low
SYNID0200983660,28.061512519940877,0.06957632550137971,0,Low
SYNID0200758360,28.059062156600888,0.06958479887025815,0,Low
SYNID0200401533,28.056240604840745,0.06959455581057927,0,Low
SYNID0200118301,28.054520984294943,0.06960050226716297,0,Low
SYNID0200988552,28.04864020735648,0.06962083802369273,0,Low
SYNID0200454749,28.007329536738244,0.06976369053256432,0,Low
SYNID0200241691,28.004169110523826,0.06977461930246992,0,Low
SYNID0200695399,27.994584127203975,0.06980776422348528,0,Low
SYNID0200047398,27.993182970830745,0.06981260942934231,0,Low
SYNID0200777078,27.98643796310594,0.06983593370032187,0,Low
SYNID0200572715,27.984860027357698,0.06984139021015578,0,Low
SYNID0200286084,27.967189884961932,0.06990249365233131,0,Low
SYNID0200324940,27.96494355475232,0.06991026147360835,0,Low
SYNID0200190138,27.96273738380304,0.06991789042395913,0,Low
SYNID0200277014,27.962528221646863,0.06991861370775782,0,Low
SYNID0200481673,27.958052302444255,0.06993409145909979,0,Low
SYNID0200057310,27.957157907392467,0.06993718428173273,0,Low
SYNID0200866292,27.943252137026136,0.06998527050630604,0,Low
SYNID0200472087,27.937912815110046,0.07000373390861764,0,Low
SYNID0200881635,27.93525496144738,0.07001292478008603,0,Low
SYNID0200630639,27.927006802823087,0.07004144695451259,0,Low
SYNID0200739402,27.91052300821881,0.07009844799999804,0,Low
SYNID0200485276,27.907977438360916,0.07010725059349909,0,Low
SYNID0200596443,27.894639252194484,0.07015337410902561,0,Low
SYNID0200828021,27.89260063644547,0.07016042365264263,0,Low
SYNID0200011153,27.868238150032877,0.07024466925442796,0,Low
SYNID0200295139,27.867363694136472,0.07024769312736029,0,Low
SYNID0200173660,27.8671951219206,0.0702482760509392,0,Low
SYNID0200500273,27.859699333228534,0.07027419652631778,0,Low
SYNID0200019185,27.855195792034987,0.07028976979464474,0,Low
SYNID0200515081,27.84954524420737,0.07030930941773955,0,Low
SYNID0200333819,27.826960115415414,0.07038740890784306,0,Low
SYNID0200563149,27.81492910990216,0.07042901218602993,0,Low
SYNID0200798062,27.8142556427644,0.07043134103881377,0,Low
SYNID0200904349,27.814024207223834,0.07043214134408882,0,Low
SYNID0200042609,27.80816910097546,0.07045238833124184,0,Low
SYNID0200882494,27.799382544749538,0.07048277228731009,0,Low
SYNID0200866476,27.795544823322484,0.07049604314750191,0,Low
SYNID0200313032,27.78368810014764,0.07053704375647712,0,Low
SYNID0200986822,27.78281999505642,0.07054004566829286,0,Low
SYNID0200246401,27.77937138514815,0.07055197097887589,0,Low
SYNID0200933720,27.77420925231167,0.07056982166045,0,Low
SYNID0200312324,27.76870703220483,0.07058884836553281,0,Low
SYNID0200444703,27.76597051589147,0.07059831125284693,0,Low
SYNID0200534513,27.761858298104276,0.07061253132284667,0,Low
SYNID0200801153,27.758430760451578,0.07062438376546287,0,Low
SYNID0200739065,27.758298303969006,0.07062484180065254,0,Low
SYNID0200625186,27.756695990323102,0.07063038260938043,0,Low
SYNID0200042133,27.754005323625407,0.07063968694849065,0,Low
SYNID0200447731,27.74460008323182,0.07067221031755383,0,Low
SYNID0200586682,27.72421777082514,0.07074269245740594,0,Low
SYNID0200242714,27.72239404635698,0.07074899890588204,0,Low
SYNID0200097905,27.71821820404361,0.07076343898981652,0,Low
SYNID0200503926,27.713154922868263,0.07078094784184424,0,Low
SYNID0200213891,27.711682898733866,0.07078603810877943,0,Low
SYNID0200676840,27.706706979328118,0.07080324486336403,0,Low
SYNID0200099069,27.701464425962076,0.07082137363953794,0,Low
SYNID0200159661,27.701074667069665,0.07082272142776802,0,Low
SYNID0200146837,27.692656684109398,0.07085183085561114,0,Low
SYNID0200752486,27.687850008532823,0.07086845236417466,0,Low
SYNID0200765611,27.68386674611813,0.07088222650584114,0,Low
SYNID0200405989,27.665879713197597,0.07094442575706122,0,Low
SYNID0200245116,27.66558236444553,0.07094545399055652,0,Low
SYNID0200618201,27.663768037494048,0.0709517279423722,0,Low
SYNID0200700793,27.65641761593539,0.07097714573746494,0,Low
SYNID0200417459,27.634576165589774,0.07105267358372286,0,Low
SYNID0200669879,27.620907790882747,0.07109993889290023,0,Low
SYNID0200655331,27.61977469688965,0.07110385713768491,0,Low
SYNID0200431677,27.609947956309703,0.0711378380565339,0,Low
SYNID0200730548,27.609264239266608,0.07114020235354246,0,Low
SYNID0200653126,27.60459822674903,0.07115633744853334,0,Low
SYNID0200520764,27.602175241894287,0.07116471614247072,0,Low
SYNID0200851304,27.599736841884024,0.07117314814209419,0,Low
SYNID0200429891,27.59800016284464,0.07117915358703536,0,Low
SYNID0200398061,27.591313580605906,0.07120227582238725,0,Low
SYNID0200062673,27.573549726102282,0.07126370332150783,0,Low
SYNID0200097443,27.56909322783177,0.07127911391516795,0,Low
SYNID0200077759,27.551215268728974,0.07134093598857216,0,Low
SYNID0200124670,27.539059383159838,0.0713829711026267,0,Low
SYNID0200041757,27.527227723324664,0.07142388504244601,0,Low
SYNID0200238868,27.520365376828885,0.07144761507149172,0,Low
SYNID0200404228,27.5130680000116,0.0714728494375993,0,Low
SYNID0200506546,27.512989564265617,0.0714731206688074,0,Low
SYNID0200115398,27.490137539133762,0.07155214308781022,0,Low
SYNID0200794031,27.489337893576142,0.07155490826621097,0,Low
SYNID0200595791,27.4819882754618,0.07158032328298919,0,Low
SYNID0200291257,27.476443947637296,0.07159949559677359,0,Low
SYNID0200555877,27.470793057377957,0.07161903640399903,0,Low
SYNID0200910944,27.46228105997507,0.07164847093426235,0,Low
SYNID0200668734,27.462012556221545,0.07164939942160614,0,Low
SYNID0200074025,27.4573121173037,0.07166565356326404,0,Low
SYNID0200338768,27.45074213975293,0.07168837257901256,0,Low
SYNID0200363350,27.437260955757946,0.0717349905817567,0,Low
SYNID0200642440,27.43619040507284,0.07173869255146459,0,Low
SYNID0200882424,27.42387863055853,0.07178126673028351,0,Low
SYNID0200149488,27.422625850175955,0.07178559885121105,0,Low
SYNID0200518515,27.409781688827444,0.07183001402640737,0,Low
SYNID0200313031,27.404493321124676,0.07184830122879043,0,Low
SYNID0200357738,27.38525619973157,0.07191482329229959,0,Low
SYNID0200162060,27.371002546064485,0.07196411249909429,0,Low
SYNID0200031989,27.358409833885286,0.07200765816178567,0,Low
SYNID0200549975,27.35119613399439,0.0720326031726567,0,Low
SYNID0200588105,27.34291072538978,0.07206125415770442,0,Low
SYNID0200433501,27.337699901169433,0.07207927321433133,0,Low
SYNID0200626866,27.32430702552873,0.07212558584633771,0,Low
SYNID0200688715,27.319530314459087,0.07214210373748403,0,Low
SYNID0200640263,27.31206992199804,0.07216790181251592,0,Low
SYNID0200330445,27.303655931552747,0.07219699743422198,0,Low
SYNID0200460334,27.300618225143932,0.07220750183841634,0,Low
SYNID0200008489,27.29538495193924,0.07222559852374516,0,Low
SYNID0200647869,27.291886023764103,0.07223769783515066,0,Low
SYNID0200579424,27.286717637656224,0.07225557014056905,0,Low
SYNID0200491134,27.282767814956983,0.0722692286475296,0,Low
SYNID0200680728,27.27455427251034,0.07229763111903798,0,Low
SYNID0200040263,27.252714479866384,0.07237315323295512,0,Low
SYNID0200518057,27.243656660269803,0.07240447521913723,0,Low
SYNID0200555367,27.243268324692618,0.07240581808553603,0,Low
SYNID0200851528,27.24139791757989,0.07241228596283422,0,Low
SYNID0200547138,27.23269386851712,0.0724423846087131,0,Low
SYNID0200415858,27.21540270664841,0.07250217753430072,0,Low
SYNID0200534905,27.194385844753853,0.07257485394950564,0,Low
SYNID0200096631,27.189348304958777,0.0725922737877096,0,Low
SYNID0200830097,27.184970394811575,0.07260741262324005,0,Low
SYNID0200353800,27.171807745840997,0.07265292913025151,0,Low
SYNID0200589267,27.171582370092096,0.07265370848073621,0,Low
SYNID0200060564,27.16578885466366,0.07267374248652098,0,Low
SYNID0200424498,27.164372023187425,0.07267864189696382,0,Low
SYNID0200318610,27.142298644677776,0.07275497175199125,0,Low
SYNID0200619829,27.14123855789941,0.07275863753745648,0,Low
SYNID0200075093,27.13659004347668,0.07277471212394648,0,Low
SYNID0200680572,27.101220751001506,0.07289701931701492,0,Low
SYNID0200842426,27.09592682848173,0.07291532572798343,0,Low
SYNID0200648568,27.094679021120694,0.07291964065217721,0,Low
SYNID0200654452,27.092617796380853,0.07292676837779938,0,Low
SYNID0200601997,27.0888651619796,0.0729397450066237,0,Low
SYNID0200956829,27.08866070686101,0.0729404520134625,0,Low
SYNID0200191601,27.086483765196153,0.07294797988879925,0,Low
SYNID0200892556,27.07383416730868,0.07299172226255884,0,Low
SYNID0200231433,27.05795411507622,0.07304663556385532,0,Low
SYNID0200662480,27.05689405167583,0.07305030126847939,0,Low
SYNID0200031404,27.05159784123285,0.07306861559109795,0,Low
SYNID0200445595,27.04773661457032,0.07308196773251346,0,Low
SYNID0200497755,27.040337881274453,0.07310755258983892,0,Low
SYNID0200328163,27.026031817888676,0.07315702302970711,0,Low
SYNID0200872820,27.004023741276463,0.07323312707044144,0,Low
SYNID0200538929,27.003465293113294,0.0732350581870268,0,Low
SYNID0200986726,26.997119901683234,0.07325700058282891,0,Low
SYNID0200705759,26.984894617842194,0.07329927567646027,0,Low
SYNID0200443853,26.97267872077443,0.07334151831058194,0,Low
SYNID0200623085,26.966116579932926,0.07336421022695,0,Low
SYNID0200758351,26.957776685518432,0.07339304962420512,0,Low
SYNID0200964318,26.95055504514249,0.07341802209331377,0,Low
SYNID0200070254,26.947682664945418,0.07342795479862801,0,Low
SYNID0200140504,26.94198441204165,0.07344765938611852,0,Low
SYNID0200776088,26.93465708306736,0.07347299732693718,0,Low
SYNID0200356468,26.92822176231863,0.07349525069878016,0,Low
SYNID0200683926,26.915733287198748,0.07353843590919085,0,Low
SYNID0200466730,26.908950198627757,0.07356189186392997,0,Low
SYNID0200127790,26.89201691653708,0.07362044723942696,0,Low
SYNID0200752122,26.886017719186313,0.07364119249434409,0,Low
SYNID0200213552,26.84705512227865,0.07377592535239541,0,Low
SYNID0200643031,26.837419903534176,0.07380924398776434,0,Low
SYNID0200672090,26.829513248663126,0.0738365852404772,0,Low
SYNID0200684273,26.82872818045733,0.0738393000103213,0,Low
SYNID0200383100,26.821223553328675,0.0738652510490585,0,Low
SYNID0200771463,26.81538514244554,0.0738854403035537,0,Low
SYNID0200336976,26.81018678996608,0.07390341623283725,0,Low
SYNID0200454122,26.80040852261574,0.073937229531012,0,Low
SYNID0200968058,26.787019556116142,0.07398352864518859,0,Low
SYNID0200610215,26.780780742898635,0.07400510249299025,0,Low
SYNID0200672316,26.780083435225038,0.07400751378646814,0,Low
SYNID0200094201,26.768600698527475,0.07404722114830492,0,Low
SYNID0200014318,26.763254403508906,0.07406570866364032,0,Low
SYNID0200840178,26.763032148535462,0.07406647722246762,0,Low
SYNID0200649823,26.75317477115322,0.0741005640835346,0,Low
SYNID0200044707,26.748558369482797,0.07411652762396398,0,Low
SYNID0200537727,26.736970554548616,0.07415659834687682,0,Low
SYNID0200570211,26.731548016520758,0.07417534951092569,0,Low
SYNID0200593995,26.73026996279087,0.07417976902721662,0,Low
SYNID0200498963,26.72635276388132,0.0741933147209467,0,Low
SYNID0200632572,26.71703616168221,0.07422553157868306,0,Low
SYNID0200522911,26.715972713974057,0.07422920898626056,0,Low
SYNID0200874179,26.714606369464697,0.07423393381251547,0,Low
SYNID0200091324,26.70741846305049,0.07425878962941307,0,Low
SYNID0200736233,26.701081848831247,0.07428070167357559,0,Low
SYNID0200523887,26.695894530507854,0.0742986394466914,0,Low
SYNID0200803649,26.68205391512479,0.07434650036500157,0,Low
SYNID0200731571,26.679912819130518,0.07435390428582733,0,Low
SYNID0200178454,26.678089160461003,0.07436021050677138,0,Low
SYNID0200414389,26.669012131277718,0.0743915989198019,0,Low
SYNID0200576370,26.65312050550184,0.07444655224247032,0,Low
SYNID0200715273,26.637701117402674,0.07449987256485352,0,Low
SYNID0200797854,26.631110816133727,0.07452266186012274,0,Low
SYNID0200900898,26.627770297788512,0.07453421338953159,0,Low
SYNID0200383011,26.625746753951816,0.07454121081439924,0,Low
SYNID0200320026,26.622841066993924,0.07455125869466162,0,Low
SYNID0200433769,26.617720571105856,0.0745689653954566,0,Low
SYNID0200332515,26.61735250032112,0.07457023818610015,0,Low
SYNID0200097251,26.613886703201377,0.07458222293014777,0,Low
SYNID0200217757,26.603973703053896,0.07461650213501952,0,Low
SYNID0200223780,26.601116874207243,0.07462638106368502,0,Low
SYNID0200341956,26.59395891173411,0.07465113333428225,0,Low
SYNID0200933337,26.593241070960506,0.07465361563132428,0,Low
SYNID0200587811,26.58474267832124,0.07468300311624587,0,Low
SYNID0200192852,26.574401829987515,0.07471876182231929,0,Low
SYNID0200444046,26.56746340378874,0.07474275493536447,0,Low
SYNID0200059266,26.56491805692526,0.0747515567577497,0,Low
SYNID0200684919,26.560903412741542,0.07476543941773289,0,Low
SYNID0200915940,26.560175776781772,0.07476795558657845,0,Low
SYNID0200285709,26.546689802454342,0.07481459015431652,0,Low
SYNID0200241190,26.54313127124483,0.07482689557331768,0,Low
SYNID0200126527,26.51934389172941,0.07490915245253082,0,Low
SYNID0200262872,26.506821999498335,0.0749524532194818,0,Low
SYNID0200861243,26.50236259143008,0.07496787387523729,0,Low
SYNID0200489089,26.49145532476953,0.0750055912587625,0,Low
SYNID0200290267,26.48465801296931,0.07502909639750055,0,Low
SYNID0200749013,26.475425970789253,0.07506102084626143,0,Low
SYNID0200224060,26.46156700857526,0.07510894520800615,0,Low
SYNID0200195329,26.46125000575969,0.07511004140535288,0,Low
SYNID0200830497,26.45748733028209,0.07512305275627024,0,Low
SYNID0200001746,26.449612780600628,0.07515028298907439,0,Low
SYNID0200155382,26.44570557593549,0.0751637941226565,0,Low
SYNID0200825079,26.441321234803,0.07517895519656675,0,Low
SYNID0200264757,26.43809832692886,0.07519010002836912,0,Low
SYNID0200414006,26.436475685317525,0.07519571113130474,0,Low
SYNID0200287433,26.4217181821985,0.07524674265206399,0,Low
SYNID0200938639,26.41102878589834,0.0752837066387761,0,Low
SYNID0200382671,26.406592805508858,0.07529904628149936,0,Low
SYNID0200985503,26.403064166023004,0.07531124833476827,0,Low
SYNID0200150511,26.398061329624547,0.07532854816845042,0,Low
SYNID0200617281,26.388043196100167,0.0753631909250736,0,Low
SYNID0200971420,26.379865851426025,0.07539146822450077,0,Low
SYNID0200927739,26.37752679664418,0.07539955668781967,0,Low
SYNID0200902049,26.375174341027176,0.07540769149129462,0,Low
SYNID0200812390,26.372436598072515,0.0754171586203406,0,Low
SYNID0200340685,26.358258774086377,0.07546618560771334,0,Low
SYNID0200744055,26.35680388437106,0.07547121662374029,0,Low
SYNID0200023676,26.352023388285968,0.07548774760348925,0,Low
SYNID0200350765,26.341840431992612,0.07552296031808492,0,Low
SYNID0200158022,26.34164800101895,0.07552362574536947,0,Low
SYNID0200664560,26.314789256082523,0.07561650342181214,0,Low
SYNID0200772329,26.313005087045525,0.07562267308740633,0,Low
SYNID0200139108,26.311520651046163,0.07562780627463361,0,Low
SYNID0200528443,26.310765812690963,0.07563041650950075,0,Low
SYNID0200490451,26.3053792391634,0.07564904330812489,0,Low
SYNID0200925472,26.277730395535258,0.07574465314985751,0,Low
SYNID0200323285,26.276445761170734,0.07574909542201647,0,Low
SYNID0200253246,26.26528244568543,0.07578769822367848,0,Low
SYNID0200227680,26.265110093839983,0.07578829421723565,0,Low
SYNID0200945327,26.25939000361993,0.0758080743182768,0,Low
SYNID0200274956,26.25223821611682,0.07583280523579633,0,Low
SYNID0200918325,26.23880617751106,0.07587925329353484,0,Low
SYNID0200521608,26.23753867917383,0.07588363630922434,0,Low
SYNID0200660653,26.23489735735035,0.07589277001350886,0,Low
SYNID0200786667,26.23178448611975,0.07590353433803881,0,Low
SYNID0200993733,26.231203166858954,0.07590554454299597,0,Low
SYNID0200382710,26.218564384152458,0.0759492495178048,0,Low
SYNID0200941852,26.209456075149276,0.07598074609661143,0,Low
SYNID0200790286,26.203171977942137,0.0760024765366793,0,Low
SYNID0200156110,26.201690447570783,0.07600759967623016,0,Low
SYNID0200320876,26.200122423101078,0.07601302191281256,0,Low
SYNID0200571293,26.181896580026,0.07607604697076031,0,Low
SYNID0200664717,26.181640732559547,0.0760769316925991,0,Low
SYNID0200230685,26.17345947079212,0.07610522253735474,0,Low
SYNID0200858129,26.17316398243886,0.07610624433758151,0,Low
SYNID0200689325,26.16891937121257,0.07612092222476624,0,Low
SYNID0200725818,26.156065214682357,0.07616537196335166,0,Low
SYNID0200080155,26.15455814917253,0.0761705834035411,0,Low
SYNID0200217850,26.14405838888384,0.07620689162796213,0,Low
SYNID0200184021,26.139789825837667,0.0762216523406617,0,Low
SYNID0200698502,26.11901599398015,0.07629348835676386,0,Low
SYNID0200693650,26.110262504798904,0.07632375796682361,0,Low
SYNID0200316364,26.095280018478338,0.07637556748063679,0,Low
SYNID0200544535,26.089424741795806,0.07639581505715198,0,Low
SYNID0200174978,26.088367774315678,0.07639947005606806,0,Low
SYNID0200974255,26.085041801290455,0.07641097128768648,0,Low
SYNID0200242354,26.07870809571735,0.07643287327373588,0,Low
SYNID0200354047,26.074732926667032,0.07644661942850722,0,Low
SYNID0200012646,26.071435740914154,0.07645802111359162,0,Low
SYNID0200457219,26.065619261749184,0.07647813452809399,0,Low
SYNID0200262908,26.063996865878647,0.07648374478125669,0,Low
SYNID0200397010,26.06062684507059,0.07649539833033192,0,Low
SYNID0200559193,26.055145990350486,0.07651435115379884,0,Low
SYNID0200281851,26.043415623869606,0.07655491482068438,0,Low
SYNID0200817510,26.04211777003196,0.07655940280584855,0,Low
SYNID0200869917,26.025720492544078,0.07661610467470598,0,Low
SYNID0200494499,26.020544389879905,0.07663400366401524,0,Low
SYNID0200307610,26.01460680261028,0.07665453587095877,0,Low
SYNID0200597295,25.997589220820213,0.07671338275524453,0,Low
SYNID0200169759,25.99575019665163,0.07671974211016241,0,Low
SYNID0200378061,25.994549436234816,0.07672389434578408,0,Low
SYNID0200618521,25.986540172046745,0.0767515904220365,0,Low
SYNID0200853836,25.97655727997878,0.07678611131352436,0,Low
SYNID0200611270,25.975857073700222,0.07678853263039292,0,Low
SYNID0200308504,25.975303778900464,0.07679044592662143,0,Low
SYNID0200512606,25.97330607246291,0.07679735400563159,0,Low
SYNID0200808138,25.970817118152922,0.07680596082228036,0,Low
SYNID0200022992,25.953938436261087,0.07686432739001237,0,Low
SYNID0200293659,25.951701364776515,0.07687206319457118,0,Low
SYNID0200015077,25.946237504526565,0.07689095725107398,0,Low
SYNID0200821502,25.94568202183959,0.07689287811302759,0,Low
SYNID0200094936,25.94522875579793,0.07689444550930241,0,Low
SYNID0200424061,25.931737830174878,0.07694109719864589,0,Low
SYNID0200578371,25.92575054874377,0.0769618012482523,0,Low
SYNID0200873261,25.92283044057494,0.07697189899713536,0,Low
SYNID0200529142,25.913939265277094,0.07700264472648582,0,Low
SYNID0200607748,25.911265798584378,0.07701188958789146,0,Low
SYNID0200183042,25.900906273898016,0.07704771287688716,0,Low
SYNID0200872864,25.89723452749511,0.07706040979460227,0,Low
SYNID0200889730,25.88866119175841,0.07709005643313555,0,Low
SYNID0200087369,25.869894452062407,0.0771549519143464,0,Low
SYNID0200256171,25.865443848114143,0.07717034212541024,0,Low
SYNID0200041436,25.862309773106297,0.07718117977270966,0,Low
SYNID0200838627,25.85382106377939,0.07721053377268794,0,Low
SYNID0200412598,25.852954611464934,0.07721352996919323,0,Low
SYNID0200392546,25.839402722528206,0.07726039246998512,0,Low
SYNID0200918482,25.837407928244968,0.07726729047875086,0,Low
SYNID0200862207,25.834422953420034,0.07727761253686027,0,Low
SYNID0200697291,25.83436438583546,0.07727781506386527,0,Low
SYNID0200688581,25.821716013144734,0.0773215532008883,0,Low
SYNID0200894002,25.80497405788954,0.07737944696721616,0,Low
SYNID0200617351,25.803842747456727,0.07738335904444033,0,Low
SYNID0200788282,25.802968485835645,0.0773863822455676,0,Low
SYNID0200507354,25.80006669341545,0.07739641665849883,0,Low
SYNID0200361177,25.799552758596406,0.07739819384771407,0,Low
SYNID0200156698,25.79906385542127,0.0773998844773775,0,Low
SYNID0200868799,25.79235907427764,0.07742306964463497,0,Low
SYNID0200616662,25.789965845606883,0.07743134544153696,0,Low
SYNID0200863038,25.784461970315398,0.07745037787025666,0,Low
SYNID0200022272,25.772422711783097,0.07749200968742531,0,Low
SYNID0200569437,25.770976122359624,0.0774970120010009,0,Low
SYNID0200508387,25.769415302317892,0.07750240932463476,0,Low
SYNID0200983500,25.768323576358977,0.07750618451854707,0,Low
SYNID0200242868,25.76621348105176,0.0775134812388395,0,Low
SYNID0200291547,25.76126276336977,0.07753060084573532,0,Low
SYNID0200207410,25.75196663448857,0.07756274690663434,0,Low
SYNID0200442608,25.75083987570808,0.07756664324422163,0,Low
SYNID0200464705,25.747769413034177,0.07757726091974709,0,Low
SYNID0200241668,25.73045022797635,0.07763715074966504,0,Low
SYNID0200310099,25.725646901452723,0.07765376067718643,0,Low
SYNID0200609350,25.724291903336866,0.07765844626755497,0,Low
SYNID0200125123,25.724010550836436,0.07765941918593083,0,Low
SYNID0200144067,25.719359011581005,0.07767550423230768,0,Low
SYNID0200315349,25.713801693045284,0.07769472146803746,0,Low
SYNID0200990651,25.71270192115154,0.07769852448483328,0,Low
SYNID0200080373,25.70429940283446,0.0777275804358617,0,Low
SYNID0200808455,25.69686601294212,0.07775328513587382,0,Low
SYNID0200952905,25.69393821420594,0.07776340947877786,0,Low
SYNID0200253385,25.693095276414084,0.07776632436194453,0,Low
SYNID0200649193,25.687132263224367,0.07778694449184892,0,Low
SYNID0200601172,25.677898007335315,0.07781887659562675,0,Low
SYNID0200458921,25.670556461110753,0.0778442636997691,0,Low
SYNID0200729381,25.665922352885428,0.07786028846955528,0,Low
SYNID0200028424,25.66450390852373,0.07786519345736426,0,Low
SYNID0200616355,25.6619030800388,0.07787418713547833,0,Low
SYNID0200566282,25.659342696901078,0.07788304095337628,0,Low
SYNID0200810966,25.65366563066691,0.07790267227725567,0,Low
SYNID0200561222,25.649543519794413,0.07791692655759463,0,Low
SYNID0200544532,25.63144058387979,0.07797952660195712,0,Low
SYNID0200817020,25.6297785096321,0.07798527406314959,0,Low
SYNID0200151980,25.629323918154217,0.0779868460427896,0,Low
SYNID0200921619,25.628988366077678,0.077988006383575,0,Low
SYNID0200508384,25.62144978841655,0.07801407482342598,0,Low
SYNID0200538807,25.61679692742006,0.07803016444039013,0,Low
SYNID0200025988,25.612426148351048,0.07804527861661598,0,Low
SYNID0200838085,25.61029859675985,0.0780526357008271,0,Low
SYNID0200657764,25.60196522775828,0.07808145253317117,0,Low
SYNID0200113473,25.598859169562296,0.07809219329819284,0,Low
SYNID0200372731,25.595024036274268,0.07810545520858675,0,Low
SYNID0200936042,25.585630734112097,0.07813793729518503,0,Low
SYNID0200510094,25.580533740579465,0.07815556272471552,0,Low
SYNID0200402255,25.57730028221814,0.07816674404015617,0,Low
SYNID0200722958,25.572179916088352,0.07818445029224635,0,Low
SYNID0200752866,25.568784814742983,0.07819619056994703,0,Low
SYNID0200440688,25.55994176875939,0.0782267698678843,0,Low
SYNID0200376859,25.55766693523696,0.07823463625376187,0,Low
SYNID0200924086,25.55663688460914,0.07823819817406591,0,Low
SYNID0200755512,25.551586561619086,0.07825566221662306,0,Low
SYNID0200377359,25.548157822683308,0.07826751881328226,0,Low
SYNID0200542009,25.541113748119464,0.07829187725891057,0,Low
SYNID0200877761,25.516958728039747,0.0783754054410628,0,Low
SYNID0200822821,25.51585842359449,0.07837921029942446,0,Low
SYNID0200470681,25.512035673563595,0.07839242938845231,0,Low
SYNID0200075942,25.50485120216139,0.07841727332706094,0,Low
SYNID0200965026,25.491463516971642,0.07846356801046156,0,Low
SYNID0200516398,25.4896463890101,0.07846985164818426,0,Low
SYNID0200450861,25.481640124777506,0.07849753735057541,0,Low
SYNID0200537927,25.462888172771,0.07856238169588087,0,Low
SYNID0200655413,25.462135963176006,0.07856498284048186,0,Low
SYNID0200503663,25.45059159351525,0.0786049033294185,0,Low
SYNID0200675977,25.447264998116832,0.07861640671320658,0,Low
SYNID0200735801,25.44571296832164,0.07862177364012324,0,Low
SYNID0200130884,25.444275400179873,0.07862674475806086,0,Low
SYNID0200313921,25.435879283838826,0.07865577857102363,0,Low
SYNID0200921828,25.434079373677314,0.07866200266950635,0,Low
SYNID0200918135,25.428969373852514,0.07867967307486123,0,Low
SYNID0200999158,25.425606429576884,0.07869130215325137,0,Low
SYNID0200832705,25.424582913999117,0.07869484147531913,0,Low
SYNID0200869622,25.421849974698162,0.0787042919933062,0,Low
SYNID0200053682,25.41402665138645,0.07873134508506352,0,Low
SYNID0200684199,25.413181300744213,0.07873426831187907,0,Low
SYNID0200775298,25.410098579491958,0.07874492837763075,0,Low
SYNID0200941063,25.3961843270189,0.07879304393337222,0,Low
SYNID0200446904,25.383150956509844,0.07883811339480695,0,Low
SYNID0200674131,25.3736197760612,0.07887107226522033,0,Low
SYNID0200744171,25.369360869916846,0.07888579958430436,0,Low
SYNID0200147848,25.354902212686007,0.07893579769446402,0,Low
SYNID0200547094,25.346122695635408,0.07896615730902823,0,Low
SYNID0200900452,25.345406293296534,0.07896863463195564,0,Low
SYNID0200832583,25.345314315342588,0.07896895269218768,0,Low
SYNID0200753204,25.34286391285967,0.07897742619642256,0,Low
SYNID0200280245,25.340515243420224,0.0789855479072763,0,Low
SYNID0200459483,25.337646138175888,0.07899546928778733,0,Low
SYNID0200983378,25.333832429460557,0.07900865711190003,0,Low
SYNID0200169552,25.327447860126206,0.07903073498509422,0,Low
SYNID0200049964,25.322894283227264,0.07904648127714464,0,Low
SYNID0200757225,25.313179060656463,0.07908007656615146,0,Low
SYNID0200206544,25.308567537438552,0.07909602323686726,0,Low
SYNID0200914537,25.299779586922888,0.07912641201439652,0,Low
SYNID0200886076,25.299467780565813,0.07912749024236337,0,Low
SYNID0200221689,25.296045599441264,0.07913932416207803,0,Low
SYNID0200528299,25.288273858215117,0.07916619888272142,0,Low
SYNID0200176537,25.27605589057137,0.07920844867690535,0,Low
SYNID0200573765,25.27201332010025,0.07922242790613226,0,Low
SYNID0200481119,25.262430066960672,0.07925556684417545,0,Low
SYNID0200951869,25.261120957468208,0.07926009375145115,0,Low
SYNID0200278398,25.260292968155444,0.07926295694270119,0,Low
SYNID0200683815,25.251253955503486,0.07929421389437324,0,Low
SYNID0200219426,25.248853644569973,0.07930251418177581,0,Low
SYNID0200752913,25.247737659074083,0.07930637326529022,0,Low
SYNID0200034787,25.24512497155885,0.07931540795199132,0,Low
SYNID0200603722,25.232404270847496,0.07935939619967713,0,Low
SYNID0200389230,25.2282536478617,0.07937374907504874,0,Low
SYNID0200925637,25.21783813064758,0.07940976598648991,0,Low
SYNID0200439048,25.215903365877562,0.07941645641289397,0,Low
SYNID0200609730,25.21584894762487,0.07941664459148823,0,Low
SYNID0200643591,25.20566747110116,0.07945185218903295,0,Low
SYNID0200139310,25.20080410976418,0.07946866971724392,0,Low
SYNID0200557780,25.20062068039366,0.07946930401693908,0,Low
SYNID0200066271,25.199593225934052,0.07947285695968026,0,Low
SYNID0200324102,25.19606241250259,0.07948506653046411,0,Low
SYNID0200006806,25.195394271134596,0.07948737696670904,0,Low
SYNID0200533476,25.190741566565073,0.07950346604274794,0,Low
SYNID0200813758,25.185546920169106,0.07952142915637594,0,Low
SYNID0200616929,25.183518973279128,0.07952844180702423,0,Low
SYNID0200349508,25.183032463702915,0.07953012415961042,0,Low
SYNID0200523924,25.17971946711311,0.07954158051864924,0,Low
SYNID0200352243,25.169758988870434,0.07957602390301538,0,Low
SYNID0200744344,25.169670745319834,0.07957632904966166,0,Low
SYNID0200625723,25.167010887037712,0.07958552685311432,0,Low
SYNID0200086967,25.159450913666117,0.0796116692794408,0,Low
SYNID0200995123,25.148232222011977,0.07965046357217598,0,Low
SYNID0200761410,25.133774205556747,0.07970045946653032,0,Low
SYNID0200674592,25.132859073828076,0.07970362399669728,0,Low
SYNID0200628534,25.129828772674454,0.07971410279348157,0,Low
SYNID0200533256,25.10497146028515,0.07980005950600827,0,Low
SYNID0200591017,25.10389033113318,0.07980379805610832,0,Low
SYNID0200594465,25.098979757962933,0.07982077884307859,0,Low
SYNID0200307935,25.093382379511066,0.07984013460620193,0,Low
SYNID0200207466,25.080537801907532,0.07988455122081023,0,Low
SYNID0200129244,25.080425050106594,0.0798849411171107,0,Low
SYNID0200374190,25.07929920270036,0.07988883430316118,0,Low
SYNID0200293715,25.068099715760777,0.07992756218589586,0,Low
SYNID0200080902,25.067096962225822,0.0799310297127141,0,Low
SYNID0200369598,25.066277071221535,0.07993386489997228,0,Low
SYNID0200948439,25.052955815739697,0.07997992986910546,0,Low
SYNID0200878684,25.05194579231509,0.07998342253523905,0,Low
SYNID0200059640,25.03941763479063,0.08002674496760637,0,Low
SYNID0200600546,25.018728798412717,0.08009828706890826,0,Low
SYNID0200872543,25.017399211787477,0.08010288478621314,0,Low
SYNID0200751721,24.99508885155606,0.08018003412523839,0,Low
SYNID0200475240,24.99413193565346,0.08018334314529107,0,Low
SYNID0200929636,24.985712503612387,0.08021245758406298,0,Low
SYNID0200691469,24.98238867187818,0.08022395141108618,0,Low
SYNID0200513254,24.9780221181833,0.0802390509759468,0,Low
SYNID0200932761,24.976794368238593,0.08024329654149304,0,Low
SYNID0200155221,24.96594703017849,0.08028080669161342,0,Low
SYNID0200740142,24.955415719623264,0.08031722401701641,0,Low
SYNID0200861750,24.95152859192918,0.08033066572433062,0,Low
SYNID0200092834,24.946571159160836,0.08034780855202917,0,Low
SYNID0200600262,24.946346216508225,0.0803485864048647,0,Low
SYNID0200065920,24.9374895024357,0.08037921296712291,0,Low
SYNID0200514506,24.92999055606224,0.08040514436177981,0,Low
SYNID0200290513,24.928573280120492,0.08041004530918666,0,Low
SYNID0200788836,24.922014633312074,0.08043272514317057,0,Low
SYNID0200154998,24.919795229179307,0.08044039985393708,0,Low
SYNID0200487781,24.913794115372973,0.0804611517359673,0,Low
SYNID0200041972,24.912234660060022,0.0804665443403621,0,Low
SYNID0200328843,24.90361040045993,0.0804963670738737,0,Low
SYNID0200804903,24.903454313986867,0.08049690682169053,0,Low
SYNID0200163954,24.90339561188348,0.08049710981386227,0,Low
SYNID0200885888,24.89351507931285,0.08053127674568833,0,Low
SYNID0200132369,24.88165267678531,0.08057229699389401,0,Low
SYNID0200781620,24.87962159903358,0.08057932047107813,0,Low
SYNID0200547467,24.877711873594937,0.08058592431134709,0,Low
SYNID0200224400,24.87271670496503,0.08060319762984663,0,Low
SYNID0200699762,24.870120970200944,0.08061217369384815,0,Low
SYNID0200960414,24.8627663489168,0.08063760601161296,0,Low
SYNID0200806779,24.859268967585116,0.08064969997402593,0,Low
SYNID0200480063,24.859180043706978,0.0806500074732483,0,Low
SYNID0200590188,24.856312844332436,0.08065992226325192,0,Low
SYNID0200052059,24.852811197297424,0.08067203097648867,0,Low
SYNID0200264246,24.84927430348806,0.0806842615732502,0,Low
SYNID0200345796,24.841180461003606,0.0807122501216812,0,Low
SYNID0200935847,24.83709157887544,0.08072638949685346,0,Low
SYNID0200346658,24.82946891916612,0.08075274869285426,0,Low
SYNID0200361513,24.798706053264098,0.08085912683943036,0,Low
SYNID0200005514,24.79476455790761,0.08087275655039738,0,Low
SYNID0200125002,24.789396496922112,0.080891319332557,0,Low
SYNID0200539192,24.785714386937503,0.08090405208759027,0,Low
SYNID0200317173,24.78372663629738,0.08091092573940234,0,Low
SYNID0200655172,24.76837285874579,0.0809640191801787,0,Low
SYNID0200890192,24.762322713446533,0.08098494061336053,0,Low
SYNID0200852823,24.76104773891763,0.08098934948175884,0,Low
SYNID0200904012,24.76033712925513,0.08099180677358192,0,Low
SYNID0200644341,24.754808789284507,0.08101092380128638,0,Low
SYNID0200847068,24.75460669908575,0.08101162263022038,0,Low
SYNID0200304932,24.75402995845702,0.08101361700224458,0,Low
SYNID0200820059,24.746615637672214,0.08103925576118598,0,Low
SYNID0200532795,24.745885633265328,0.08104178012013369,0,Low
SYNID0200674969,24.741925827262552,0.08105547314940859,0,Low
SYNID0200497821,24.741811541841944,0.08105586834897366,0,Low
SYNID0200562299,24.731354681474542,0.08109202822524891,0,Low
SYNID0200345407,24.728700174761993,0.0811012075229468,0,Low
SYNID0200452952,24.728512564970707,0.0811018562785582,0,Low
SYNID0200816489,24.72373227673834,0.08111838653955139,0,Low
SYNID0200522659,24.71823531157485,0.08113739507301337,0,Low
SYNID0200115296,24.7171342527693,0.08114120253995677,0,Low
SYNID0200936901,24.702802382159238,0.08119076222133764,0,Low
SYNID0200989358,24.697555544791587,0.08120890581161089,0,Low
SYNID0200719678,24.683986706761296,0.08125582692245442,0,Low
SYNID0200840267,24.680235960921248,0.0812687970206245,0,Low
SYNID0200123485,24.669666086532935,0.08130534769995823,0,Low
SYNID0200874682,24.663081931601003,0.08132811574116283,0,Low
SYNID0200876558,24.66045622015731,0.08133719546467472,0,Low
SYNID0200057137,24.660111535010337,0.08133838738766408,0,Low
SYNID0200646558,24.655907717812322,0.08135292420889179,0,Low
SYNID0200980603,24.651844994279802,0.0813669731275074,0,Low
SYNID0200704263,24.650222376230268,0.0813725841489662,0,Low
SYNID0200737941,24.644258764093447,0.08139320635003272,0,Low
SYNID0200744898,24.632935904292133,0.08143236085675004,0,Low
SYNID0200226728,24.628826237853495,0.0814465721041735,0,Low
SYNID0200056757,24.62553179677094,0.08145796429817398,0,Low
SYNID0200119448,24.61635952156273,0.08148968207244256,0,Low
SYNID0200565832,24.614766286389237,0.08149519148776674,0,Low
SYNID0200800503,24.612631912170016,0.08150257216466023,0,Low
SYNID0200971324,24.611983930950732,0.0815048128870085,0,Low
SYNID0200617513,24.606513081903017,0.08152373111080946,0,Low
SYNID0200285286,24.59847558757726,0.08155152480702144,0,Low
SYNID0200231017,24.589148935098503,0.08158377641867587,0,Low
SYNID0200264063,24.585111291534716,0.08159773861063219,0,Low
SYNID0200594668,24.581984632327607,0.08160855061405498,0,Low
SYNID0200357091,24.57837833031576,0.0816210212247333,0,Low
SYNID0200872902,24.577029800789706,0.08162568444668544,0,Low
SYNID0200199099,24.574227891067032,0.0816353734647412,0,Low
SYNID0200477792,24.572593023502797,0.08164102684508406,0,Low
SYNID0200404293,24.5699701214275,0.08165009685378577,0,Low
SYNID0200092876,24.560623089911573,0.08168241893625428,0,Low
SYNID0200789151,24.55577799223723,0.08169917330862708,0,Low
SYNID0200774321,24.55512130172826,0.08170144414774333,0,Low
SYNID0200691500,24.55447140013808,0.08170369151074391,0,Low
SYNID0200570879,24.553083172171377,0.0817084920101055,0,Low
SYNID0200470918,24.550499741020722,0.08171742552814926,0,Low
SYNID0200491361,24.544922588916872,0.08173671134845839,0,Low
SYNID0200108752,24.54215838118913,0.08174626999282414,0,Low
SYNID0200294747,24.525308654288118,0.08180453643405078,0,Low
SYNID0200434993,24.518593739557435,0.08182775664330377,0,Low
SYNID0200795055,24.516621948724552,0.08183457510602132,0,Low
SYNID0200211681,24.51625170981963,0.08183585539403548,0,Low
SYNID0200437893,24.512101916707874,0.08185020539969845,0,Low
SYNID0200339597,24.511966526690234,0.08185067357906728,0,Low
SYNID0200191293,24.505522479964384,0.08187295712538345,0,Low
SYNID0200093427,24.505364606260404,0.08187350305345387,0,Low
SYNID0200097212,24.499566179275163,0.08189355404342702,0,Low
SYNID0200585983,24.49571193193701,0.08190688205030339,0,Low
SYNID0200701511,24.49214962849064,0.08191920051371876,0,Low
SYNID0200113347,24.480973063551456,0.08195784913205961,0,Low
SYNID0200309461,24.4753782627961,0.08197719598149533,0,Low
SYNID0200839040,24.469982549215455,0.08199585438646945,0,Low
SYNID0200408145,24.469603290312858,0.0819971658656814,0,Low
SYNID0200301160,24.46756335641948,0.08200421996744833,0,Low
SYNID0200364461,24.451468251726194,0.08205987692124689,0,Low
SYNID0200865084,24.450865032641488,0.08206196285590639,0,Low
SYNID0200566608,24.446182941125848,0.08207815355215425,0,Low
SYNID0200007833,24.443701319677295,0.08208673501173092,0,Low
SYNID0200220850,24.436550482330578,0.0821114626436048,0,Low
SYNID0200971699,24.416808710752257,0.08217972979001825,0,Low
SYNID0200310854,24.415997872508527,0.08218253367278444,0,Low
SYNID0200453886,24.413888119299834,0.08218982921009843,0,Low
SYNID0200388614,24.410462144082157,0.0822016762498064,0,Low
SYNID0200706712,24.409853471405675,0.08220378104301396,0,Low
SYNID0200852115,24.393086309954363,0.08226176197249607,0,Low
SYNID0200616163,24.38813031151976,0.08227889984026127,0,Low
SYNID0200615354,24.38429554692841,0.0822921604757002,0,Low
SYNID0200451382,24.380658055914882,0.0823047389381048,0,Low
SYNID0200223485,24.374989200332884,0.08232434186950727,0,Low
SYNID0200480606,24.37155259270484,0.08233622567614429,0,Low
SYNID0200774478,24.371447682956763,0.08233658845458613,0,Low
SYNID0200314902,24.368860986985297,0.08234553326239685,0,Low
SYNID0200170006,24.367727201142372,0.08234945389960174,0,Low
SYNID0200803199,24.367519818447388,0.08235017103001457,0,Low
SYNID0200203652,24.367508639270806,0.08235020968766399,0,Low
SYNID0200485957,24.363337725559965,0.08236463272846589,0,Low
SYNID0200565635,24.360165639546274,0.08237560181801662,0,Low
SYNID0200983390,24.356339135265134,0.08238883388926088,0,Low
SYNID0200864828,24.35379896514982,0.08239761781042465,0,Low
SYNID0200430787,24.350929021787994,0.08240754208915024,0,Low
SYNID0200076556,24.348832238949292,0.08241479277485891,0,Low
SYNID0200127022,24.344356012608415,0.08243027158828659,0,Low
SYNID0200157766,24.342596329655418,0.08243635658087789,0,Low
SYNID0200145318,24.33003615976188,0.08247978971218012,0,Low
SYNID0200981108,24.317860669665876,0.08252189261878817,0,Low
SYNID0200355307,24.31741906700106,0.0825234196830466,0,Low
SYNID0200886648,24.30021371197571,0.08258291588813393,0,Low
SYNID0200419461,24.29289595066578,0.08260822074392066,0,Low
SYNID0200526730,24.28934928306251,0.08262048513851117,0,Low
SYNID0200978038,24.286630524954695,0.0826298866178603,0,Low
SYNID0200978675,24.285809823113038,0.08263272460899823,0,Low
SYNID0200909328,24.267908712062443,0.08269462674195555,0,Low
SYNID0200527213,24.265907285666604,0.08270154768460036,0,Low
SYNID0200293899,24.25997211061982,0.08272207155006506,0,Low
SYNID0200447884,24.247925082274644,0.0827637302352861,0,Low
SYNID0200655075,24.230662504479394,0.08282342431700246,0,Low
SYNID0200790200,24.2287220833893,0.08283013430299008,0,Low
SYNID0200455731,24.22783073689023,0.08283321658371223,0,Low
SYNID0200227891,24.211773443452525,0.0828887427859969,0,Low
SYNID0200396592,24.18909890203654,0.08296715146540856,0,Low
SYNID0200242122,24.18690124379008,0.08297475097878976,0,Low
SYNID0200780381,24.180968771298772,0.08299526549880387,0,Low
SYNID0200340208,24.166137829240885,0.08304655097178681,0,Low
SYNID0200505910,24.165211966202325,0.08304975261087788,0,Low
SYNID0200328282,24.16282341186111,0.08305801224392456,0,Low
SYNID0200872519,24.15946015110167,0.08306964241671733,0,Low
SYNID0200412959,24.158171364208574,0.08307409904834118,0,Low
SYNID0200827958,24.155348885739407,0.0830838591932268,0,Low
SYNID0200742665,24.146579168684774,0.08311418491935518,0,Low
SYNID0200724296,24.140254922972577,0.0831360541931575,0,Low
SYNID0200349589,24.131112025812552,0.08316767037798622,0,Low
SYNID0200620797,24.128064537193257,0.08317820860911412,0,Low
SYNID0200048358,24.12715549768622,0.08318135207234773,0,Low
SYNID0200246049,24.121180141930978,0.0832020148829064,0,Low
SYNID0200374708,24.117530877106176,0.0832146340592102,0,Low
SYNID0200339329,24.10929664064533,0.08324310809072483,0,Low
SYNID0200717878,24.107292667062428,0.08325003784155544,0,Low
SYNID0200467805,24.105335792421723,0.08325680472400465,0,Low
SYNID0200113655,24.103989113235862,0.083261461547471,0,Low
SYNID0200337102,24.10310836066866,0.08326450719432293,0,Low
SYNID0200810782,24.100883659141147,0.0832722002235074,0,Low
SYNID0200235456,24.09308544794479,0.08329916647744223,0,Low
SYNID0200883538,24.091311698663066,0.08330530011146975,0,Low
SYNID0200755030,24.087581262593147,0.08331819997835155,0,Low
SYNID0200846104,24.084567456094817,0.08332862173653405,0,Low
SYNID0200466225,24.083838479350252,0.08333114254182022,0,Low
SYNID0200791764,24.078509322303457,0.08334957079396216,0,Low
SYNID0200131631,24.077747813052394,0.08335220409682109,0,Low
SYNID0200774950,24.068152655642983,0.08338538419988983,0,Low
SYNID0200517953,24.066794691657584,0.08339008004625031,0,Low
SYNID0200921473,24.066554311329924,0.08339091128264459,0,Low
SYNID0200713264,24.061717646403846,0.08340763649453103,0,Low
SYNID0200907445,24.058655152947765,0.08341822661246079,0,Low
SYNID0200629137,24.051531958222306,0.08344285865600992,0,Low
SYNID0200212350,24.05110479541055,0.08344433578718313,0,Low
SYNID0200532213,24.045154801208405,0.08346491089736235,0,Low
SYNID0200521239,24.032760334637867,0.08350777102573181,0,Low
SYNID0200489546,24.031257755236094,0.0835129669529368,0,Low
SYNID0200433791,24.029719605349612,0.08351828588305865,0,Low
SYNID0200483995,24.021120324524606,0.08354802223983909,0,Low
SYNID0200154776,23.995065690840025,0.0836381192954877,0,Low
SYNID0200018020,23.98961618136462,0.0836569637269392,0,Low
SYNID0200019334,23.98758656456282,0.08366398215215104,0,Low
SYNID0200770329,23.986028522533964,0.08366936986940227,0,Low
SYNID0200522476,23.983799055227603,0.08367707937867419,0,Low
SYNID0200021454,23.975181657843724,0.08370687838260726,0,Low
SYNID0200159057,23.968657021931797,0.08372944060673831,0,Low
SYNID0200172520,23.963554809349333,0.08374708408376963,0,Low
SYNID0200567304,23.960845450379384,0.08375645306085228,0,Low
SYNID0200620515,23.9575737458449,0.083767766631754,0,Low
SYNID0200118413,23.950908353858576,0.0837908155911054,0,Low
SYNID0200452685,23.947374429388663,0.08380303591987603,0,Low
SYNID0200422690,23.947047102426392,0.08380416781817451,0,Low
SYNID0200999482,23.942664526433706,0.08381932278822235,0,Low
SYNID0200153055,23.932982644071938,0.08385280278661694,0,Low
SYNID0200896467,23.926777395576877,0.08387426056743785,0,Low
SYNID0200377317,23.924265911830982,0.08388294529099044,0,Low
SYNID0200929835,23.920165484049136,0.08389712459109178,0,Low
SYNID0200570603,23.91857929718557,0.08390260963332441,0,Low
SYNID0200060612,23.916797719704146,0.08390877033730626,0,Low
SYNID0200277097,23.91442993389471,0.08391695815266453,0,Low
SYNID0200058125,23.90689436899006,0.08394301617438832,0,Low
SYNID0200248306,23.906139395798697,0.0839456268755196,0,Low
SYNID0200143362,23.90079548676635,0.08396410614010252,0,Low
SYNID0200482923,23.89240198257564,0.08399313092023614,0,Low
SYNID0200214322,23.889105887653695,0.08400452883322163,0,Low
SYNID0200537412,23.88715052898778,0.08401129047342232,0,Low
SYNID0200080216,23.862803934199743,0.08409548112188919,0,Low
SYNID0200367458,23.858362805188637,0.08411083856857221,0,Low
SYNID0200460096,23.84238771426674,0.0841660805141396,0,Low
SYNID0200446851,23.839423513454236,0.08417633073560848,0,Low
SYNID0200860592,23.83088701847082,0.08420584997862973,0,Low
SYNID0200581943,23.82849117867038,0.08421413480483142,0,Low
SYNID0200308177,23.82322762332644,0.08423233620595161,0,Low
SYNID0200426529,23.82105576665879,0.08423984649734217,0,Low
SYNID0200149656,23.807455253333426,0.084286877141517,0,Low
SYNID0200832632,23.805813686020528,0.0842925536896248,0,Low
SYNID0200082968,23.787624538124213,0.08435545185545795,0,Low
SYNID0200381222,23.786525771064806,0.08435925139753153,0,Low
SYNID0200436086,23.782471704395967,0.08437327038066855,0,Low
SYNID0200958492,23.778902164326073,0.08438561386836485,0,Low
SYNID0200505367,23.775176856122357,0.08439849600305926,0,Low
SYNID0200113545,23.774292035081146,0.084401555718715,0,Low
SYNID0200290455,23.769086001849022,0.08441955820808028,0,Low
SYNID0200569846,23.743339567271953,0.08450858950964935,0,Low
SYNID0200358768,23.74332597318609,0.08450863651806734,0,Low
SYNID0200434084,23.742663254274206,0.08451092820343148,0,Low
SYNID0200408351,23.73025696400058,0.0845538292182263,0,Low
SYNID0200068741,23.72666416289884,0.0845662531426889,0,Low
SYNID0200078719,23.72563658865371,0.08456980649964901,0,Low
SYNID0200778730,23.72550149064141,0.0845702736692619,0,Low
SYNID0200570223,23.725206846798503,0.08457129254916756,0,Low
SYNID0200894351,23.717394329426607,0.08459830827393011,0,Low
SYNID0200201259,23.709475242539707,0.08462569251661695,0,Low
SYNID0200231330,23.70822370475461,0.0846300203406361,0,Low
SYNID0200197671,23.70661335997498,0.08463558892106521,0,Low
SYNID0200647137,23.6853838211669,0.08470900077411758,0,Low
SYNID0200301402,23.68081272311399,0.08472480765440743,0,Low
SYNID0200224430,23.677051281959248,0.08473781473703007,0,Low
SYNID0200511003,23.66957719667158,0.08476366016192599,0,Low
SYNID0200603116,23.668723633314574,0.08476661178835093,0,Low
SYNID0200719610,23.668168563208138,0.08476853122359895,0,Low
SYNID0200713131,23.665812800127277,0.08477667746430073,0,Low
SYNID0200381139,23.66512080069177,0.08477907040186433,0,Low
SYNID0200812038,23.665009753583337,0.08477945440332946,0,Low
SYNID0200150010,23.658548109342764,0.08480179880194094,0,Low
SYNID0200792092,23.657158404056,0.0848066044098828,0,Low
SYNID0200635226,23.655079041838597,0.08481379485499452,0,Low
SYNID0200290070,23.652538158226726,0.084822581243433,0,Low
SYNID0200361107,23.651557226244034,0.08482597331121267,0,Low
SYNID0200365245,23.649713188407237,0.08483235000342071,0,Low
SYNID0200237656,23.648530018944225,0.08483644140943475,0,Low
SYNID0200517512,23.644053488813913,0.08485192127336783,0,Low
SYNID0200854405,23.643787676471064,0.08485284045379982,0,Low
SYNID0200513104,23.643662565822297,0.08485327308705887,0,Low
SYNID0200637433,23.641629009843893,0.08486030513396342,0,Low
SYNID0200015836,23.632824845997696,0.08489074997727203,0,Low
SYNID0200484478,23.63188715966265,0.08489399250138241,0,Low
SYNID0200951276,23.631557988965856,0.08489513077532423,0,Low
SYNID0200576980,23.62647126257311,0.08491272070103284,0,Low
SYNID0200513955,23.626051740689014,0.08491417140983937,0,Low
SYNID0200157876,23.612499296043666,0.08496103583227449,0,Low
SYNID0200376504,23.612409625898064,0.08496134591209353,0,Low
SYNID0200027516,23.60937839529276,0.08497182792292646,0,Low
SYNID0200954331,23.60266854978607,0.08499503060277713,0,Low
SYNID0200073933,23.6008680697995,0.08500125667171782,0,Low
SYNID0200763301,23.598345901906857,0.08500997834110413,0,Low
SYNID0200064688,23.59452588390756,0.08502318798275282,0,Low
SYNID0200245884,23.590863663211884,0.08503585196052393,0,Low
SYNID0200479478,23.588358410212237,0.08504451513812433,0,Low
SYNID0200190132,23.58831653446824,0.08504465994465982,0,Low
SYNID0200047756,23.58792167811112,0.08504602535994876,0,Low
SYNID0200765906,23.58761340982832,0.08504709135323679,0,Low
SYNID0200928884,23.5824654085975,0.08506489316764676,0,Low
SYNID0200419862,23.579644285865847,0.08507464862438519,0,Low
SYNID0200653793,23.57679279023707,0.08508450911075616,0,Low
SYNID0200119433,23.573882238939703,0.08509457381192914,0,Low
SYNID0200748233,23.566859568088994,0.0851188582434087,0,Low
SYNID0200887590,23.56507159200238,0.08512504107379981,0,Low
SYNID0200058992,23.562832675108446,0.08513278325979357,0,Low
SYNID0200110937,23.56221698374069,0.08513491232367121,0,Low
SYNID0200818912,23.55888008736324,0.08514645132829712,0,Low
SYNID0200059954,23.552573484158483,0.08516825959421909,0,Low
SYNID0200402842,23.53753813364217,0.08522025191268973,0,Low
SYNID0200737517,23.52583712130486,0.08526071407279767,0,Low
SYNID0200273634,23.521523125386167,0.08527563189260123,0,Low
SYNID0200774893,23.518311913745663,0.08528673627876826,0,Low
SYNID0200331738,23.517871214428556,0.08528826021924574,0,Low
SYNID0200316062,23.517809955399642,0.08528847205327894,0,Low
SYNID0200595180,23.51709633867325,0.08529093974354424,0,Low
SYNID0200675830,23.517011851058566,0.08529123190214505,0,Low
SYNID0200437253,23.5090122436048,0.08531889458536118,0,Low
SYNID0200668479,23.505342510675188,0.0853315845404754,0,Low
SYNID0200044448,23.504286027327822,0.08533523786525793,0,Low
SYNID0200082222,23.50364520776836,0.08533745382255015,0,Low
SYNID0200847041,23.50327406225797,0.08533873724561064,0,Low
SYNID0200815708,23.500444566494245,0.0853485216563365,0,Low
SYNID0200430184,23.469161003917613,0.08545670037465875,0,Low
SYNID0200098894,23.45630016035801,0.08550117323702577,0,Low
SYNID0200059448,23.453394126714556,0.08551122231612857,0,Low
SYNID0200630634,23.449747143523336,0.08552383360253185,0,Low
SYNID0200316329,23.447105132439866,0.0855329696902809,0,Low
SYNID0200046628,23.443729220426256,0.08554464361117486,0,Low
SYNID0200565834,23.442138806601978,0.08555014327025912,0,Low
SYNID0200602416,23.440917079244056,0.08555436800966965,0,Low
SYNID0200243131,23.43404649861208,0.08557812651240015,0,Low
SYNID0200287796,23.43167906076407,0.08558631312450604,0,Low
SYNID0200468229,23.431199523459423,0.08558797136694174,0,Low
SYNID0200412882,23.424863854510946,0.08560988014235316,0,Low
SYNID0200300765,23.42137626113093,0.08562194025797953,0,Low
SYNID0200501181,23.419973548344508,0.08562679084592129,0,Low
SYNID0200662594,23.41065415718734,0.08565901734788878,0,Low
SYNID0200342086,23.40884833758507,0.08566526188124768,0,Low
SYNID0200330879,23.405818022197,0.08567574072725476,0,Low
SYNID0200591903,23.401723411375293,0.08568989991227838,0,Low
SYNID0200643175,23.400865052900254,0.08569286812024585,0,Low
SYNID0200793099,23.385658314229943,0.08574545309982373,0,Low
SYNID0200041239,23.384192061219625,0.08575052341018252,0,Low
SYNID0200381579,23.380082469413438,0.08576473439952659,0,Low
SYNID0200588854,23.378110826055504,0.08577155235227502,0,Low
SYNID0200163985,23.37806962425649,0.08577169482830532,0,Low
SYNID0200676540,23.366069017713816,0.08581319298669748,0,Low
SYNID0200405702,23.36503060880162,0.08581678380999136,0,Low
SYNID0200517646,23.364053056868485,0.08582016418954247,0,Low
SYNID0200624138,23.34220959449323,0.0858956989934091,0,Low
SYNID0200356621,23.33716220805037,0.08591315288137114,0,Low
SYNID0200422945,23.331081769426078,0.08593417906902484,0,Low
SYNID0200790569,23.328249572367547,0.08594397282084187,0,Low
SYNID0200245293,23.326159245721602,0.08595120118100319,0,Low
SYNID0200642270,23.32141954289627,0.08596759109745267,0,Low
SYNID0200745631,23.316104350528413,0.08598597105966388,0,Low
SYNID0200474972,23.313630125112706,0.0859945269437214,0,Low
SYNID0200347829,23.299185600428288,0.08604447618346373,0,Low
SYNID0200278695,23.297906404535606,0.08604889964935941,0,Low
SYNID0200716044,23.291209179170014,0.08607205868869805,0,Low
SYNID0200467709,23.290114935578224,0.08607584258859763,0,Low
SYNID0200924860,23.27956730033347,0.08611231636485994,0,Low
SYNID0200119832,23.272373179291158,0.08613719367197309,0,Low
SYNID0200401854,23.270016928059675,0.0861453416007022,0,Low
SYNID0200083346,23.26485801277696,0.08616318115595906,0,Low
SYNID0200717636,23.263278707127842,0.08616864240291716,0,Low
SYNID0200013564,23.246516898721094,0.08622660482154398,0,Low
SYNID0200873133,23.23973385297922,0.0862500606281798,0,Low
SYNID0200047813,23.22794108126622,0.08629084009267507,0,Low
SYNID0200996762,23.22288852287971,0.08630831186524451,0,Low
SYNID0200639290,23.216802467293704,0.08632935747638038,0,Low
SYNID0200670833,23.193612260038268,0.08640954933088463,0,Low
SYNID0200781844,23.1930916446793,0.08641134962144087,0,Low
SYNID0200254397,23.187012515286476,0.08643237128176551,0,Low
SYNID0200092992,23.1758464576275,0.08647098356587801,0,Low
SYNID0200970725,23.17418803597519,0.0864767183963771,0,Low
SYNID0200050536,23.171247376658823,0.08648688721123277,0,Low
SYNID0200739370,23.166210272485145,0.08650430554305572,0,Low
SYNID0200956574,23.161465511595665,0.08652071295031671,0,Low
SYNID0200938648,23.16080758711063,0.08652298805652847,0,Low
SYNID0200413350,23.15982485696379,0.08652638634236887,0,Low
SYNID0200593427,23.159222485170755,0.08652846934708947,0,Low
SYNID0200153723,23.158036666384458,0.08653256991447689,0,Low
SYNID0200172422,23.156893300411653,0.08653652367981957,0,Low
SYNID0200211200,23.148436167916444,0.08656576848695341,0,Low
SYNID0200627772,23.143821257050654,0.0865817268721728,0,Low
SYNID0200048695,23.139154602542497,0.08659786418717036,0,Low
SYNID0200802779,23.135294451572094,0.08661121260883703,0,Low
SYNID0200963209,23.132672086860325,0.08662028075933292,0,Low
SYNID0200858260,23.123310922089754,0.0866526517146678,0,Low
SYNID0200586068,23.11772373015549,0.08667197225276152,0,Low
SYNID0200531948,23.103217094143925,0.08672213627378866,0,Low
SYNID0200588704,23.10148213674632,0.08672813576528382,0,Low
SYNID0200218882,23.100406516131148,0.08673185526683563,0,Low
SYNID0200912222,23.097279076847816,0.08674266996776597,0,Low
SYNID0200062723,23.087885150398556,0.08677515421315218,0,Low
SYNID0200086374,23.085756471064485,0.0867825151971039,0,Low
SYNID0200879542,23.0833720681355,0.08679076047454598,0,Low
SYNID0200849663,23.080675840287316,0.08680008404414286,0,Low
SYNID0200464009,23.080206939359684,0.0868017055059328,0,Low
SYNID0200538560,23.075413342348345,0.08681828178875128,0,Low
SYNID0200507776,23.062036790055913,0.08686453797453642,0,Low
SYNID0200190427,23.057155342326666,0.08688141804558375,0,Low
SYNID0200328590,23.046426857225587,0.08691851720156801,0,Low
SYNID0200850882,23.045809039411,0.0869206536187096,0,Low
SYNID0200798294,23.0411265995416,0.08693684551956654,0,Low
SYNID0200337032,23.03864967567656,0.08694541073487555,0,Low
SYNID0200832022,23.02768142757023,0.08698333899255006,0,Low
SYNID0200619837,23.023654951769046,0.08699726256632656,0,Low
SYNID0200835463,23.020130172713074,0.08700945127020931,0,Low
SYNID0200266712,23.018245867991794,0.08701596720550847,0,Low
SYNID0200472614,23.000939924690993,0.08707581124536334,0,Low
SYNID0200522994,22.999998537550955,0.0870790665668762,0,Low
SYNID0200271454,22.999350248347987,0.08708130835423361,0,Low
SYNID0200222317,22.994552853112744,0.08709789777132965,0,Low
SYNID0200270434,22.994364971001954,0.08709854746862328,0,Low
SYNID0200135714,22.989285760903087,0.08711611140294945,0,Low
SYNID0200497405,22.981729553509517,0.08714224080650479,0,Low
SYNID0200690329,22.978057661400918,0.08715493822807091,0,Low
SYNID0200664346,22.96719673489011,0.08719249536712287,0,Low
SYNID0200971024,22.964693516309445,0.0872011515096921,0,Low
SYNID0200527533,22.95039670625073,0.0872505899515083,0,Low
SYNID0200020404,22.939190331612526,0.0872893416519398,0,Low
SYNID0200541801,22.938780508173526,0.08729075882347392,0,Low
SYNID0200718022,22.938251674661565,0.08729258753244495,0,Low
SYNID0200258348,22.92645789781873,0.0873333704726843,0,Low
SYNID0200279095,22.925534094741337,0.08733656498841919,0,Low
SYNID0200571314,22.922744871911053,0.0873462101351366,0,Low
SYNID0200558541,22.921629480439137,0.0873500671645131,0,Low
SYNID0200626539,22.920596478248157,0.08735363929133755,0,Low
SYNID0200863793,22.919456699894514,0.08735758065067495,0,Low
SYNID0200414142,22.91541866128962,0.08737154420868543,0,Low
SYNID0200049338,22.913995700223957,0.08737646481527966,0,Low
SYNID0200600449,22.91333860541018,0.087378737052484,0,Low
SYNID0200250640,22.911684700830364,0.08738445626292346,0,Low
SYNID0200602279,22.91141439467859,0.08738539098296955,0,Low
SYNID0200859128,22.893321448186498,0.08744795648385817,0,Low
SYNID0200326333,22.891736223403772,0.08745343819921036,0,Low
SYNID0200681629,22.886427907597714,0.08747179438223596,0,Low
SYNID0200923233,22.883410715297586,0.08748222784853826,0,Low
SYNID0200731994,22.8821500731201,0.08748658715559254,0,Low
SYNID0200228129,22.87677579831801,0.08750517142516151,0,Low
SYNID0200273751,22.864981539708147,0.08754595603135368,0,Low
SYNID0200511598,22.864502989898572,0.0875476108590264,0,Low
SYNID0200216125,22.861506919985235,0.08755797128400788,0,Low
SYNID0200619086,22.84785963562129,0.08760516366267174,0,Low
SYNID0200702419,22.846106603757256,0.08761122565576362,0,Low
SYNID0200545891,22.84087208143061,0.0876293266605625,0,Low
SYNID0200657185,22.839959643066276,0.08763248187706191,0,Low
SYNID0200718267,22.836648567412315,0.08764393159349482,0,Low
SYNID0200196547,22.83583837420063,0.08764673324573691,0,Low
SYNID0200555315,22.832005384020604,0.08765998774525247,0,Low
SYNID0200628475,22.831141793323575,0.08766297404627016,0,Low
SYNID0200462548,22.83109824527075,0.08766312463565806,0,Low
SYNID0200595822,22.823930923981948,0.08768790926908743,0,Low
SYNID0200739720,22.821635424573966,0.08769584711770223,0,Low
SYNID0200871361,22.818814801051964,0.08770560084817114,0,Low
SYNID0200864253,22.80453249450695,0.08775498913676327,0,Low
SYNID0200294013,22.803463377028297,0.08775868615043597,0,Low
SYNID0200696991,22.802347009109667,0.08776254655637017,0,Low
SYNID0200280020,22.80190990848478,0.08776405805255166,0,Low
SYNID0200162571,22.797633353603654,0.0877788464010571,0,Low
SYNID0200882716,22.795043009242793,0.08778780382501689,0,Low
SYNID0200131828,22.79425332186556,0.08779053456797925,0,Low
SYNID0200746603,22.794086502947238,0.08779111142864632,0,Low
SYNID0200173289,22.792154144449253,0.08779779353414946,0,Low
SYNID0200057730,22.790446970698234,0.08780369694965356,0,Low
SYNID0200862962,22.78884094419381,0.08780925059746508,0,Low
SYNID0200146338,22.78740878210746,0.0878142030212356,0,Low
SYNID0200892138,22.78069187698538,0.08783743011327216,0,Low
SYNID0200165189,22.778589271075617,0.08784470093519015,0,Low
SYNID0200746837,22.774292130046337,0.08785956047070048,0,Low
SYNID0200649186,22.773907641344415,0.08786089003458508,0,Low
SYNID0200633604,22.76945595246058,0.08787628399736164,0,Low
SYNID0200139807,22.761909710172894,0.08790237894153019,0,Low
SYNID0200091246,22.76014235106096,0.08790849047831811,0,Low
SYNID0200332257,22.757540739984645,0.08791748686263717,0,Low
SYNID0200904554,22.75352024529173,0.0879313897537109,0,Low
SYNID0200137496,22.753025144535155,0.08793310181464242,0,Low
SYNID0200439592,22.752163578335058,0.08793608111493945,0,Low
SYNID0200229962,22.750999663755348,0.0879401059374692,0,Low
SYNID0200718302,22.74786312597892,0.08795095210103487,0,Low
SYNID0200799081,22.73871441471467,0.08798258839106554,0,Low
SYNID0200216400,22.73685447000508,0.08798902008932052,0,Low
SYNID0200819380,22.732660207632662,0.08800352386991278,0,Low
SYNID0200455319,22.730992996255498,0.08800928909532507,0,Low
SYNID0200360031,22.722973383842437,0.08803702095579208,0,Low
SYNID0200134695,22.72043508948765,0.08804579839056642,0,Low
SYNID0200140222,22.71960125889279,0.08804868178099962,0,Low
SYNID0200840433,22.714107574939028,0.0880676789680217,0,Low
SYNID0200085976,22.701791907604143,0.08811026660823396,0,Low
SYNID0200975820,22.70139745897541,0.08811163061359606,0,Low
SYNID0200459231,22.687899548538667,0.08815830645646078,0,Low
SYNID0200189954,22.685925288663523,0.088165133457139,0,Low
SYNID0200420371,22.682196820387084,0.08817802651938095,0,Low
SYNID0200337545,22.677495583914748,0.08819428341898633,0,Low
SYNID0200225466,22.674888093029377,0.08820330013571498,0,Low
SYNID0200440438,22.662421036064288,0.08824641128203758,0,Low
SYNID0200004651,22.662395808473978,0.08824649851917304,0,Low
SYNID0200453707,22.659277763810504,0.08825728073346017,0,Low
SYNID0200086080,22.653197401679424,0.08827830665659997,0,Low
SYNID0200275280,22.652497049892244,0.08828072847663809,0,Low
SYNID0200569666,22.643763529664415,0.08831092903395549,0,Low
SYNID0200663490,22.64368932711754,0.08831118562673956,0,Low
SYNID0200781598,22.6436206300012,0.08831142318171686,0,Low
SYNID0200405106,22.64291970010803,0.08831384700084843,0,Low
SYNID0200616089,22.64037787772411,0.08832263663556544,0,Low
SYNID0200602761,22.638946036597982,0.08832758794945389,0,Low
SYNID0200007554,22.621622994114816,0.08838749111836824,0,Low
SYNID0200257329,22.62030488541654,0.08839204914494336,0,Low
SYNID0200153738,22.618325997859582,0.08839889214816882,0,Low
SYNID0200795927,22.615951421284883,0.08840710344602787,0,Low
SYNID0200555443,22.60702741161702,0.08843796271679666,0,Low
SYNID0200730323,22.601648704395803,0.08845656231369348,0,Low
SYNID0200706718,22.59944125877675,0.08846419567185881,0,Low
SYNID0200813037,22.59402617819247,0.0884829210480299,0,Low
SYNID0200731446,22.589544045778446,0.08849842028468852,0,Low
SYNID0200985003,22.584209816288098,0.08851686607736603,0,Low
SYNID0200118050,22.567264545490904,0.08857546290987106,0,Low
SYNID0200524968,22.558078376839276,0.08860722872773757,0,Low
SYNID0200448654,22.55481606425399,0.08861850982123126,0,Low
SYNID0200798778,22.552197630701862,0.08862756437775715,0,Low
SYNID0200177011,22.548465972041182,0.08864046847236401,0,Low
SYNID0200631227,22.54773826690529,0.08864298488042094,0,Low
SYNID0200326758,22.544379094400135,0.08865460091600963,0,Low
SYNID0200237978,22.54376447570689,0.08865672627057336,0,Low
SYNID0200054348,22.54274639016091,0.08866024681556361,0,Low
SYNID0200095146,22.53786562224578,0.08867712453581028,0,Low
SYNID0200053093,22.537192637183885,0.08867945172157332,0,Low
SYNID0200437970,22.536758219430155,0.08868095394037273,0,Low
SYNID0200185495,22.534213149186122,0.0886897548062065,0,Low
SYNID0200036272,22.531071883627458,0.08870061731846718,0,Low
SYNID0200424187,22.52966264818496,0.08870549046178677,0,Low
SYNID0200668474,22.526280917710874,0.08871718450294663,0,Low
SYNID0200752103,22.52054941666213,0.08873700406269136,0,Low
SYNID0200032644,22.519122699858695,0.0887419376566459,0,Low
SYNID0200657105,22.517682008821755,0.08874691957357089,0,Low
SYNID0200434548,22.515253975896346,0.08875531572376227,0,Low
SYNID0200604131,22.512678000884662,0.0887642234584396,0,Low
SYNID0200103947,22.5119434242603,0.08876676362813857,0,Low
SYNID0200818158,22.511419821464965,0.08876857424926493,0,Low
SYNID0200639911,22.504494111364142,0.08879252338997878,0,Low
SYNID0200690396,22.499753360605958,0.08880891693018539,0,Low
SYNID0200212034,22.49537094366756,0.08882407135022269,0,Low
SYNID0200906624,22.489068315784902,0.08884586586946064,0,Low
SYNID0200176257,22.48881471836283,0.08884674281063454,0,Low
SYNID0200740406,22.488480742305033,0.08884789770153911,0,Low
SYNID0200401359,22.481672406854933,0.08887144096011446,0,Low
SYNID0200236590,22.477513884931867,0.08888582115005128,0,Low
SYNID0200728288,22.473092520041472,0.08890111025230446,0,Low
SYNID0200565743,22.47099748643334,0.08890835488916493,0,Low
SYNID0200673766,22.469036655183356,0.08891513545358914,0,Low
SYNID0200132229,22.463730319953314,0.0889334847877728,0,Low
SYNID0200397293,22.46330926564482,0.08893494079571068,0,Low
SYNID0200687620,22.462329367638375,0.08893832928799522,0,Low
SYNID0200464860,22.46085984828779,0.08894341089337526,0,Low
SYNID0200842864,22.453507335240566,0.08896883592084609,0,Low
SYNID0200923915,22.452692531355236,0.08897165351682107,0,Low
SYNID0200210352,22.448793945467376,0.08898513484662757,0,Low
SYNID0200773160,22.447486360666307,0.08898965648151269,0,Low
SYNID0200169106,22.43253184809464,0.08904136926196005,0,Low
SYNID0200379812,22.430111579939364,0.08904973856153686,0,Low
SYNID0200893694,22.423384182166615,0.08907300193721274,0,Low
SYNID0200072326,22.423252152375387,0.08907345849690157,0,Low
SYNID0200610128,22.421112041179356,0.08908085901229001,0,Low
SYNID0200953607,22.411305387173428,0.089114770471664,0,Low
SYNID0200503990,22.41107615206693,0.08911556316782687,0,Low
SYNID0200295536,22.393142201994483,0.08917757885828859,0,Low
SYNID0200603733,22.385512362102492,0.08920396288339755,0,Low
SYNID0200045961,22.38462870268241,0.08920701858216151,0,Low
SYNID0200515425,22.376042250620454,0.08923671057701416,0,Low
SYNID0200623947,22.375246909558946,0.08923946087044549,0,Low
SYNID0200976109,22.369126483386918,0.08926062533524243,0,Low
SYNID0200683608,22.36854442857977,0.08926263808372259,0,Low
SYNID0200615712,22.363183844710843,0.08928117500997512,0,Low
SYNID0200421298,22.357618767282776,0.08930041907599406,0,Low
SYNID0200377163,22.35716911093867,0.0893019739899164,0,Low
SYNID0200893325,22.355553953946377,0.08930755921100136,0,Low
SYNID0200763435,22.351818233352876,0.08932047735179255,0,Low
SYNID0200234613,22.351061684396743,0.08932309350192641,0,Low
SYNID0200054159,22.349030662632952,0.08933011678550395,0,Low
SYNID0200893653,22.348842719157563,0.08933076669499668,0,Low
SYNID0200287994,22.337035212470774,0.08937159711310616,0,Low
SYNID0200786688,22.33373438210967,0.08938301140126431,0,Low
SYNID0200930517,22.329723010992133,0.08939688274296803,0,Low
SYNID0200914127,22.32819024988083,0.08940218303867792,0,Low
SYNID0200706600,22.32575234347688,0.08941061333140826,0,Low
SYNID0200701399,22.323130271558327,0.08941968046942372,0,Low
SYNID0200005125,22.31234138364955,0.08945698849862388,0,Low
SYNID0200337829,22.29623561080971,0.08951268234292742,0,Low
SYNID0200734082,22.292198362308014,0.08952664316875703,0,Low
SYNID0200918173,22.28800400035111,0.08954114729371293,0,Low
SYNID0200815875,22.28100768821422,0.08956534057662618,0,Low
SYNID0200420648,22.273131570194113,0.08959257623275335,0,Low
SYNID0200523037,22.2728666752923,0.08959349224066959,0,Low
SYNID0200328322,22.247367114111036,0.08968166985278175,0,Low
SYNID0200097381,22.235464694002907,0.08972282848198443,0,Low
SYNID0200608818,22.2345153193868,0.08972611142423009,0,Low
SYNID0200056733,22.230968693902355,0.0897383756731735,0,Low
SYNID0200729716,22.2284173248831,0.089747198320204,0,Low
SYNID0200810254,22.227365719810717,0.08975083477588686,0,Low
SYNID0200490233,22.224605510271843,0.08976037959449518,0,Low
SYNID0200917808,22.223425845164964,0.0897644588824279,0,Low
SYNID0200325139,22.22157845928047,0.0897708471522019,0,Low
SYNID0200932050,22.213674066673587,0.08979818058199379,0,Low
SYNID0200869835,22.212344075997606,0.08980277969650818,0,Low
SYNID0200063661,22.21131009616138,0.08980635520403485,0,Low
SYNID0200704608,22.210563080350287,0.08980893838850473,0,Low
SYNID0200371146,22.205588912750084,0.08982613908533688,0,Low
SYNID0200775541,22.203816770175447,0.08983226716336312,0,Low
SYNID0200232228,22.200757852207524,0.08984284491723665,0,Low
SYNID0200080941,22.19915655486021,0.08984838221159885,0,Low
SYNID0200261369,22.197553849070434,0.08985392437636225,0,Low
SYNID0200339848,22.189490085236464,0.08988180891266706,0,Low
SYNID0200495642,22.188176843630053,0.0898863501088138,0,Low
SYNID0200033301,22.175938093174555,0.08992867177006636,0,Low
SYNID0200773949,22.175629309657033,0.08992973954503869,0,Low
SYNID0200222788,22.173429421706103,0.08993734676874926,0,Low
SYNID0200155031,22.173112915344845,0.08993844124935446,0,Low
SYNID0200567996,22.166492955688916,0.08996133310347654,0,Low
SYNID0200354813,22.16378564023454,0.08997069501407196,0,Low
SYNID0200756385,22.153159937359355,0.0900074387485969,0,Low
SYNID0200599186,22.1530340841375,0.09000787394967746,0,Low
SYNID0200082487,22.150419433823885,0.09001691542374535,0,Low
SYNID0200749030,22.148270726914703,0.09002434566315354,0,Low
SYNID0200326493,22.14722672431547,0.09002795582944562,0,Low
SYNID0200883292,22.143364616348936,0.09004131101841484,0,Low
SYNID0200319910,22.141070931887466,0.09004924259093539,0,Low
SYNID0200800375,22.128992535419695,0.09009100974728373,0,Low
SYNID0200235709,22.12633674893107,0.09010019347045378,0,Low
SYNID0200142709,22.125847201669067,0.09010188632737287,0,Low
SYNID0200561287,22.12306084867872,0.09011152155016922,0,Low
SYNID0200692999,22.114602776393205,0.09014076960710271,0,Low
SYNID0200211632,22.113175876935507,0.09014570383267662,0,Low
SYNID0200781248,22.111152655638996,0.09015270014219867,0,Low
SYNID0200463811,22.110384472559563,0.09015535652319001,0,Low
SYNID0200416890,22.10203309951402,0.09018423561360961,0,Low
SYNID0200580400,22.100276377799055,0.09019031036622477,0,Low
SYNID0200748601,22.09690453704997,0.09020197020866533,0,Low
SYNID0200926405,22.09668966287198,0.09020271324466445,0,Low
SYNID0200820055,22.094454525044473,0.09021044236262732,0,Low
SYNID0200496724,22.08662821939757,0.09023750576731487,0,Low
SYNID0200264094,22.073644814995212,0.0902824024456988,0,Low
SYNID0200169482,22.06982884659324,0.09029559808381937,0,Low
SYNID0200972471,22.055609942624205,0.09034476712598166,0,Low
SYNID0200155407,22.053634811825283,0.09035159713831875,0,Low
SYNID0200741137,22.05112310484459,0.0903602826338184,0,Low
SYNID0200519112,22.047520750976332,0.09037273959179615,0,Low
SYNID0200589004,22.047371223523943,0.09037325665848617,0,Low
SYNID0200734404,22.043697543542613,0.09038596026252527,0,Low
SYNID0200640067,22.042253148404033,0.09039095498825256,0,Low
SYNID0200833348,22.02976636685319,0.09043413434229292,0,Low
SYNID0200579269,22.013188191281664,0.09049146175764261,0,Low
SYNID0200471097,22.007433352597708,0.09051136201904847,0,Low
SYNID0200865064,21.99354832127601,0.09055937652790008,0,Low
SYNID0200303699,21.98985820376903,0.09057213697298638,0,Low
SYNID0200513510,21.989279202473345,0.09057413916240842,0,Low
SYNID0200238890,21.988421984250657,0.09057710342737746,0,Low
SYNID0200491566,21.986211592865143,0.09058474697201818,0,Low
SYNID0200528474,21.984454756851697,0.09059082211987807,0,Low
SYNID0200206892,21.975468018740113,0.09062189830592393,0,Low
SYNID0200264963,21.970125823812992,0.09064037164312228,0,Low
SYNID0200779849,21.968999712610643,0.09064426574138107,0,Low
SYNID0200968088,21.965091800017408,0.09065777932298213,0,Low
SYNID0200458163,21.95031891313136,0.0907088640408859,0,Low
SYNID0200152434,21.948386747693664,0.09071554547878558,0,Low
SYNID0200031873,21.947930621297722,0.09071712276618005,0,Low
SYNID0200736127,21.93754705427596,0.09075302919369371,0,Low
SYNID0200657746,21.935626371662295,0.09075967092392956,0,Low
SYNID0200504749,21.92772940695395,0.09078697866801055,0,Low
SYNID0200786262,21.926243252757068,0.0907921177967736,0,Low
SYNID0200279520,21.914385102195077,0.09083312334166083,0,Low
SYNID0200031604,21.91336108588733,0.0908366643952554,0,Low
SYNID0200159798,21.901206731247424,0.09087869421534889,0,Low
SYNID0200151389,21.89995232558698,0.09088303195649555,0,Low
SYNID0200997183,21.899112438005343,0.0908859362920198,0,Low
SYNID0200619180,21.894033407192495,0.090903499606374,0,Low
SYNID0200296526,21.891264157118776,0.09091307568719775,0,Low
SYNID0200906923,21.891122770319534,0.09091356460346783,0,Low
SYNID0200896434,21.888614547449762,0.09092223805089422,0,Low
SYNID0200808059,21.884898047491195,0.09093508972663217,0,Low
SYNID0200981558,21.883558275907205,0.09093972266357614,0,Low
SYNID0200313167,21.870335907914416,0.0909854456792698,0,Low
SYNID0200859695,21.866475687785922,0.09099879434008551,0,Low
SYNID0200966369,21.8652000517101,0.0910032054961164,0,Low
SYNID0200134555,21.864391086633447,0.09100600290146132,0,Low
SYNID0200354895,21.8615456812556,0.09101584232771365,0,Low
SYNID0200627574,21.853687028945696,0.09104301758732619,0,Low
SYNID0200044864,21.843385104053553,0.09107864169594088,0,Low
SYNID0200449588,21.8412454790144,0.09108604053019637,0,Low
SYNID0200923408,21.84031665840771,0.09108925239657306,0,Low
SYNID0200850438,21.83041267666882,0.09112350041574208,0,Low
SYNID0200483946,21.83039703801036,0.09112355449430248,0,Low
SYNID0200430982,21.82485370632807,0.09114272336342205,0,Low
SYNID0200350995,21.80511597175667,0.09121097654984506,0,Low
SYNID0200737320,21.8048608972714,0.091211858598711,0,Low
SYNID0200833591,21.80455384849389,0.09121292037494355,0,Low
SYNID0200600534,21.80082839768463,0.09122580300276867,0,Low
SYNID0200394542,21.800367755733607,0.09122739590497553,0,Low
SYNID0200785482,21.799835288184173,0.0912292371804666,0,Low
SYNID0200742291,21.797386427505792,0.09123770535313358,0,Low
SYNID0200647033,21.79526524493019,0.09124504041325643,0,Low
SYNID0200351849,21.790993214491657,0.09125981311621639,0,Low
SYNID0200871783,21.77818346483185,0.09130410929561833,0,Low
SYNID0200653607,21.77621391602275,0.09131092000540625,0,Low
SYNID0200655682,21.767239110053946,0.09134195493004177,0,Low
SYNID0200431741,21.76600876336063,0.09134620947515787,0,Low
SYNID0200564695,21.756676872652957,0.09137847920063452,0,Low
SYNID0200389360,21.748781709158926,0.09140578071610728,0,Low
SYNID0200491109,21.7470182763318,0.09141187867578238,0,Low
SYNID0200101468,21.736304169185143,0.0914489281127272,0,Low
SYNID0200759125,21.725489972098426,0.09148632366119325,0,Low
SYNID0200099702,21.723645448234205,0.0914927020340866,0,Low
SYNID0200794066,21.719437477387444,0.09150725321865277,0,Low
SYNID0200768361,21.715634383958466,0.09152040433505132,0,Low
SYNID0200755569,21.70755555221527,0.0915483409762628,0,Low
SYNID0200521124,21.70398809547009,0.09156067725981165,0,Low
SYNID0200285816,21.698016955070116,0.09158132549365039,0,Low
SYNID0200019105,21.697232194519703,0.0915840391996206,0,Low
SYNID0200380018,21.69630763683504,0.09158723632479127,0,Low
SYNID0200091594,21.69337903497862,0.09159736344488917,0,Low
SYNID0200618402,21.69195602780652,0.0916022842109197,0,Low
SYNID0200655767,21.691436396337096,0.09160408109918089,0,Low
SYNID0200249567,21.689348736555583,0.09161130023731145,0,Low
SYNID0200840331,21.679852258323702,0.09164413910728297,0,Low
SYNID0200067478,21.670849426674042,0.09167527094486527,0,Low
SYNID0200320176,21.66441734663362,0.09169751311032243,0,Low
SYNID0200021083,21.654256642356053,0.09173264887733446,0,Low
SYNID0200907530,21.64689357245547,0.09175811041045784,0,Low
SYNID0200711824,21.64239609227049,0.09177366271978638,0,Low
SYNID0200110574,21.63786858270794,0.09178931887085512,0,Low
SYNID0200841973,21.63418386018361,0.09180206066006402,0,Low
SYNID0200734657,21.63128192031709,0.0918120955828654,0,Low
SYNID0200784354,21.625317338104,0.09183272113846058,0,Low
SYNID0200416902,21.623539296692595,0.09183886961469434,0,Low
SYNID0200176533,21.615480996844774,0.09186673525650729,0,Low
SYNID0200684089,21.611107131569344,0.09188186010485061,0,Low
SYNID0200767599,21.605487711724816,0.09190129208722175,0,Low
SYNID0200126811,21.5972418536837,0.09192980630622,0,Low
SYNID0200222295,21.59692392024874,0.0919309057216533,0,Low
SYNID0200320789,21.584433854905576,0.09197409643106419,0,Low
SYNID0200761378,21.579832887610035,0.09199000659934681,0,Low
SYNID0200419090,21.57191185745879,0.09201739756185162,0,Low
SYNID0200994998,21.56704134442362,0.09203423982067127,0,Low
SYNID0200012399,21.562777454003953,0.09204898437540465,0,Low
SYNID0200196005,21.559013221182056,0.09206200111162649,0,Low
SYNID0200557302,21.555834040599848,0.0920729947342312,0,Low
SYNID0200422416,21.551874020305867,0.09208668850452617,0,Low
SYNID0200230698,21.55096668604495,0.09208982607101002,0,Low
SYNID0200125944,21.54964094862533,0.0920944104777423,0,Low
SYNID0200783806,21.543439895254902,0.09211585375180092,0,Low
SYNID0200837988,21.53453554062285,0.09214664505535602,0,Low
SYNID0200568088,21.529444701236056,0.09216424920381894,0,Low
SYNID0200021719,21.524945105082935,0.09217980883017607,0,Low
SYNID0200820582,21.52282307549999,0.0921871468192546,0,Low
SYNID0200503295,21.522543347655663,0.0921881141195614,0,Low
SYNID0200616135,21.512815588023027,0.09222175276179173,0,Low
SYNID0200901290,21.50508833513802,0.09224847364152544,0,Low
SYNID0200776782,21.49779705717625,0.09227368691775967,0,Low
SYNID0200082407,21.496208394705704,0.09227918052065381,0,Low
SYNID0200628864,21.494341037456753,0.09228563785150756,0,Low
SYNID0200006191,21.493695226539618,0.09228787106893999,0,Low
SYNID0200380649,21.49315649372534,0.09228973400974871,0,Low
SYNID0200747099,21.48917514927105,0.09230350151909839,0,Low
SYNID0200459567,21.487016083687116,0.09231096757885648,0,Low
SYNID0200584932,21.486439773860155,0.092312960461166,0,Low
SYNID0200480645,21.48603316975785,0.09231436650021746,0,Low
SYNID0200922449,21.47560162655954,0.09235043882959337,0,Low
SYNID0200266827,21.46779562754493,0.0923774320138433,0,Low
SYNID0200075641,21.452673389420944,0.0924297247901027,0,Low
SYNID0200647287,21.45246227822332,0.0924304548136966,0,Low
SYNID0200061424,21.448346606856532,0.09244468682619211,0,Low
SYNID0200014852,21.441277893743646,0.09246913047204819,0,Low
SYNID0200509456,21.438860004407225,0.09247749154565732,0,Low
SYNID0200046033,21.433076927605725,0.09249748945461711,0,Low
SYNID0200464625,21.41881305298021,0.09254681400553799,0,Low
SYNID0200994230,21.413743198713302,0.09256434558734972,0,Low
SYNID0200306637,21.413683229600043,0.09256455296084803,0,Low
SYNID0200047195,21.411238705593068,0.09257300613728325,0,Low
SYNID0200569844,21.41104995566191,0.09257365883550411,0,Low
SYNID0200558554,21.41091382615855,0.09257412957201833,0,Low
SYNID0200031324,21.40149872115994,0.09260668705293579,0,Low
SYNID0200534283,21.38921151004392,0.09264917629139863,0,Low
SYNID0200753213,21.38770464339804,0.09265438704391554,0,Low
SYNID0200083654,21.387407399838096,0.09265541491365592,0,Low
SYNID0200317657,21.38109356791571,0.09267724817652018,0,Low
SYNID0200040141,21.36720528314266,0.09272527393582308,0,Low
SYNID0200868477,21.366077167259018,0.09272917496627997,0,Low
SYNID0200574007,21.36242210855734,0.09274181417783944,0,Low
SYNID0200294102,21.356016902810733,0.09276396341185206,0,Low
SYNID0200931901,21.33851822824992,0.09282447391738319,0,Low
SYNID0200836953,21.3363437959792,0.09283199311522228,0,Low
SYNID0200699032,21.333990769837854,0.09284012989157331,0,Low
SYNID0200928763,21.329264358151043,0.09285647384719825,0,Low
SYNID0200616826,21.323202918364732,0.0928774343367737,0,Low
SYNID0200157454,21.31141813208262,0.09291818618760839,0,Low
SYNID0200809172,21.308141925063914,0.09292951532812344,0,Low
SYNID0200665466,21.294457585456083,0.0929768358440089,0,Low
SYNID0200049064,21.289844004949625,0.09299278962883895,0,Low
SYNID0200885292,21.284228197924115,0.09301220911806357,0,Low
SYNID0200024058,21.281364989998536,0.0930221101056164,0,Low
SYNID0200623494,21.28044964934472,0.09302527535824756,0,Low
SYNID0200988332,21.274395089589184,0.09304621205664165,0,Low
SYNID0200259405,21.26208388622273,0.09308878426042838,0,Low
SYNID0200479941,21.259407483731867,0.09309803927383892,0,Low
SYNID0200652197,21.258222692583058,0.09310213628765068,0,Low
SYNID0200148445,21.252955716659702,0.09312034951715187,0,Low
SYNID0200816798,21.251378908398003,0.0931258021281316,0,Low
SYNID0200137843,21.24241476191564,0.09315680019220884,0,Low
SYNID0200205500,21.24188542771099,0.09315863063257773,0,Low
SYNID0200759194,21.23765264698133,0.09317326760984501,0,Low
SYNID0200045737,21.237190449422464,0.09317486589135171,0,Low
SYNID0200155685,21.233846537335026,0.0931864291563384,0,Low
SYNID0200661387,21.223217095382132,0.09322318582061306,0,Low
SYNID0200032031,21.219642663431376,0.09323554622445823,0,Low
SYNID0200231084,21.216253289899463,0.09324726669535088,0,Low
SYNID0200041261,21.212322845079104,0.09326085819350782,0,Low
SYNID0200479155,21.204964086563557,0.09328630481783984,0,Low
SYNID0200789955,21.20440090897508,0.09328825228880194,0,Low
SYNID0200879756,21.20173628581985,0.09329746656921001,0,Low
SYNID0200129759,21.18859797373736,0.09334289891913883,0,Low
SYNID0200240136,21.188535300376994,0.09334311564393738,0,Low
SYNID0200454851,21.18685012193488,0.09334894299955154,0,Low
SYNID0200505540,21.185194395371298,0.09335466851042012,0,Low
SYNID0200459521,21.18491327754955,0.09335564061727591,0,Low
SYNID0200317977,21.18112241558774,0.09336874943719886,0,Low
SYNID0200283582,21.179198569964544,0.09337540210513773,0,Low
SYNID0200886132,21.174726161526998,0.09339086771623628,0,Low
SYNID0200976232,21.17168555714849,0.09340138214162458,0,Low
SYNID0200880505,21.164560981413437,0.0934260189607119,0,Low
SYNID0200136406,21.150360719674456,0.09347512353794796,0,Low
SYNID0200758680,21.14699365922057,0.09348676685010343,0,Low
SYNID0200609471,21.13473155211351,0.09352916927877575,0,Low
SYNID0200123713,21.1342930417683,0.09353068564977729,0,Low
SYNID0200381708,21.132362303994203,0.09353736215080899,0,Low
SYNID0200340495,21.129960713377166,0.09354566686336369,0,Low
SYNID0200899717,21.122993996679455,0.09356975780509791,0,Low
SYNID0200308093,21.11512741250473,0.09359696049313931,0,Low
SYNID0200380699,21.109711416115722,0.09361568903616779,0,Low
SYNID0200366672,21.105462587298067,0.0936303815078049,0,Low
SYNID0200458226,21.101589530967622,0.09364377455627215,0,Low
SYNID0200164363,21.096936471147224,0.09365986486077038,0,Low
SYNID0200978930,21.092505112466903,0.0936751885215999,0,Low
SYNID0200515363,21.090478990584742,0.09368219486136187,0,Low
SYNID0200942716,21.08194961778678,0.09371168947582964,0,Low
SYNID0200806411,21.073833134856322,0.09373975631503795,0,Low
SYNID0200301113,21.073216416207547,0.09374188893125857,0,Low
SYNID0200948843,21.07033115726088,0.09375186617135434,0,Low
SYNID0200151597,21.058134171594936,0.09379404340975245,0,Low
SYNID0200951074,21.053272144827837,0.093810856323014,0,Low
SYNID0200021432,21.048770742016305,0.09382642219680509,0,Low
SYNID0200219194,21.04867462727029,0.09382675456208511,0,Low
SYNID0200592205,21.0408372542025,0.09385385623797032,0,Low
SYNID0200172173,21.0297759153857,0.09389210640379458,0,Low
SYNID0200300480,21.02825999515749,0.09389734846364517,0,Low
SYNID0200147283,21.017774890577403,0.09393360600855138,0,Low
SYNID0200067686,21.00943566076421,0.09396244310761181,0,Low
SYNID0200502869,21.004882314813585,0.09397818860104179,0,Low
SYNID0200764565,21.001854931376705,0.09398865730834677,0,Low
SYNID0200183739,20.998798693025396,0.09399922579609243,0,Low
SYNID0200214569,20.995057642907092,0.09401216236640747,0,Low
SYNID0200291635,20.970091622847484,0.09409849499061035,0,Low
SYNID0200222279,20.96644366011326,0.09411110966427833,0,Low
SYNID0200860831,20.962750012412844,0.09412388231679147,0,Low
SYNID0200441293,20.962179340919473,0.09412585570171478,0,Low
SYNID0200849599,20.961063720183564,0.09412971352388733,0,Low
SYNID0200475642,20.96065109818476,0.09413114037285547,0,Low
SYNID0200847444,20.96013019336593,0.09413294166436537,0,Low
SYNID0200332372,20.950598790384905,0.09416590130429686,0,Low
SYNID0200773252,20.94965282550839,0.09416917245564571,0,Low
SYNID0200677857,20.935778799041994,0.09421714890965177,0,Low
SYNID0200338074,20.935685759996307,0.09421747063914443,0,Low
SYNID0200033993,20.932964269138328,0.09422688156835751,0,Low
SYNID0200005828,20.92723419756394,0.09424669618497267,0,Low
SYNID0200471023,20.925710427876112,0.0942519653882945,0,Low
SYNID0200248707,20.92183280967638,0.09426537421172893,0,Low
SYNID0200578714,20.916555141231314,0.0942836244160245,0,Low
SYNID0200624689,20.912308716437106,0.0942983085745363,0,Low
SYNID0200608686,20.911903126929133,0.09429971110511542,0,Low
SYNID0200675156,20.91071484915065,0.09430382017571032,0,Low
SYNID0200644042,20.909123525604638,0.09430932298061695,0,Low
SYNID0200613373,20.904927176240033,0.09432383397803878,0,Low
SYNID0200800139,20.893026062700848,0.09436498808911942,0,Low
SYNID0200201828,20.88397927517953,0.09439627192632921,0,Low
SYNID0200062836,20.882482885935143,0.09440144644793852,0,Low
SYNID0200620151,20.868243058394466,0.09445068784391786,0,Low
SYNID0200253864,20.866822632213065,0.09445559968486944,0,Low
SYNID0200634975,20.86181119576631,0.09447292925756229,0,Low
SYNID0200816677,20.85840294642505,0.09448471500109956,0,Low
SYNID0200802045,20.853698120741072,0.09450098431221704,0,Low
SYNID0200744900,20.850440181733624,0.09451225028185634,0,Low
SYNID0200273234,20.84920296648062,0.09451652857848675,0,Low
SYNID0200141350,20.84403338198375,0.09453440502794036,0,Low
SYNID0200192433,20.843764646504592,0.09453533431659256,0,Low
SYNID0200465801,20.837550808832482,0.09455682179883135,0,Low
SYNID0200244024,20.834336470252364,0.09456793699797145,0,Low
SYNID0200638772,20.833684583850307,0.09457019122446159,0,Low
SYNID0200120412,20.830798565477934,0.09458017109065531,0,Low
SYNID0200104356,20.830215740937074,0.09458218650087857,0,Low
SYNID0200879140,20.821599931614404,0.09461198001328791,0,Low
SYNID0200143719,20.821279897395907,0.09461308669324137,0,Low
SYNID0200522835,20.818168156820573,0.09462384710795968,0,Low
SYNID0200657044,20.817460877706324,0.09462629288273,0,Low
SYNID0200581005,20.814599869560602,0.0946361862634329,0,Low
SYNID0200750084,20.80345600687083,0.09467472179722913,0,Low
SYNID0200832058,20.80128219300757,0.09468223885661209,0,Low
SYNID0200206435,20.79040448558503,0.09471985402414207,0,Low
SYNID0200558187,20.789084547306224,0.09472441837741596,0,Low
SYNID0200783074,20.788892873776305,0.0947250811854562,0,Low
SYNID0200559552,20.78490820370468,0.09473886019480748,0,Low
SYNID0200102442,20.774191417317887,0.09477591889657833,0,Low
SYNID0200040644,20.772576925997836,0.09478150181576528,0,Low
SYNID0200597812,20.77226361816234,0.09478258523585215,0,Low
SYNID0200803874,20.7702513518041,0.09478954366314202,0,Low
SYNID0200509401,20.75814358169426,0.09483141239369386,0,Low
SYNID0200637163,20.755171355902363,0.09484169036558227,0,Low
SYNID0200015286,20.753555073572247,0.09484727947809113,0,Low
SYNID0200298855,20.75303881566295,0.09484906470056426,0,Low
SYNID0200667439,20.75108075954745,0.09485583566855932,0,Low
SYNID0200469102,20.749752209923603,0.09486042979990811,0,Low
SYNID0200903250,20.749340327452675,0.0948618540915851,0,Low
SYNID0200722765,20.744501193432747,0.09487858784161063,0,Low
SYNID0200361884,20.743863328133887,0.09488079358305468,0,Low
SYNID0200850613,20.73960713887969,0.09489551150711872,0,Low
SYNID0200993031,20.731588331332883,0.09492324058435414,0,Low
SYNID0200952158,20.730364005931417,0.09492747430781245,0,Low
SYNID0200187014,20.71673121336214,0.0949746165737767,0,Low
SYNID0200506862,20.71666763383304,0.09497483643211135,0,Low
SYNID0200847921,20.707604896519463,0.09500617542378381,0,Low
SYNID0200112372,20.700315007602313,0.09503138389669469,0,Low
SYNID0200558412,20.699514438042854,0.09503415227029849,0,Low
SYNID0200937322,20.694294637221226,0.09505220236805823,0,Low
SYNID0200791465,20.69071465516834,0.09506458196418477,0,Low
SYNID0200441116,20.690670881102083,0.09506473333512827,0,Low
SYNID0200329063,20.681854113859,0.09509522176104734,0,Low
SYNID0200569637,20.680809669531424,0.09509883345483827,0,Low
SYNID0200012310,20.67508478816191,0.09511863012369859,0,Low
SYNID0200588703,20.671361408193327,0.09513150559054612,0,Low
SYNID0200380426,20.665727408080127,0.09515098799156041,0,Low
SYNID0200672172,20.655631830258624,0.0951858985509565,0,Low
SYNID0200335870,20.65435175873558,0.09519032504478642,0,Low
SYNID0200931816,20.650691207048936,0.09520298325111581,0,Low
SYNID0200225588,20.647208135029636,0.09521502773185386,0,Low
SYNID0200026502,20.644101081077864,0.0952257719402041,0,Low
SYNID0200898558,20.635754427698885,0.09525463470999274,0,Low
SYNID0200718828,20.63555389358995,0.09525532815796023,0,Low
SYNID0200186043,20.632905665797914,0.09526448574311908,0,Low
SYNID0200581279,20.63144208834038,0.09526954680140276,0,Low
SYNID0200133252,20.627015839759604,0.09528485279148208,0,Low
SYNID0200099738,20.62557403777343,0.09528983855007517,0,Low
SYNID0200426122,20.62395965431884,0.09529542109626282,0,Low
SYNID0200541745,20.621970483122908,0.09530229966036408,0,Low
SYNID0200893974,20.617684505130168,0.09531712059403735,0,Low
SYNID0200287943,20.602034421131297,0.09537123866401376,0,Low
SYNID0200134879,20.598049062986433,0.09538502005272581,0,Low
SYNID0200880065,20.579914937487647,0.09544772795082879,0,Low
SYNID0200685132,20.578105331678252,0.09545398557691115,0,Low
SYNID0200611939,20.575064345554388,0.09546450132237683,0,Low
SYNID0200026135,20.570329689303836,0.09548087378774506,0,Low
SYNID0200469749,20.5535272800086,0.09553897660445054,0,Low
SYNID0200781560,20.55084202361072,0.09554826223471652,0,Low
SYNID0200869861,20.5361888579563,0.09559893295599309,0,Low
SYNID0200925837,20.52639377504143,0.0956328044024754,0,Low
SYNID0200840878,20.52574947762141,0.09563503238622711,0,Low
SYNID0200689333,20.515782629632923,0.09566949779720663,0,Low
SYNID0200389596,20.51359293696657,0.09567706976557133,0,Low
SYNID0200747934,20.501942171220218,0.09571735817271249,0,Low
SYNID0200268801,20.501442845062286,0.09571908484510339,0,Low
SYNID0200161495,20.49866129463584,0.09572870346060935,0,Low
SYNID0200005510,20.494739161221304,0.09574226621788273,0,Low
SYNID0200961262,20.489542423163577,0.09576023656448773,0,Low
SYNID0200035208,20.48903640130039,0.09576198639066141,0,Low
SYNID0200203304,20.488112148439743,0.09576518246174909,0,Low
SYNID0200771278,20.486262293787558,0.0957715792685343,0,Low
SYNID0200952696,20.480187613610372,0.09579258554344866,0,Low
SYNID0200106499,20.476047005671614,0.09580690378673673,0,Low
SYNID0200844910,20.474242564875475,0.09581314355217702,0,Low
SYNID0200632301,20.474056437524787,0.0958137871815013,0,Low
SYNID0200718092,20.473746348304505,0.0958148594716004,0,Low
SYNID0200109352,20.45767432644966,0.09587043660482636,0,Low
SYNID0200560230,20.455862357410375,0.0958767024029697,0,Low
SYNID0200355137,20.451647653259403,0.09589127687133603,0,Low
SYNID0200153344,20.449059209875635,0.09590022772170737,0,Low
SYNID0200684593,20.439235160203427,0.09593419933538372,0,Low
SYNID0200018308,20.431662277085838,0.09596038640367743,0,Low
SYNID0200490974,20.417128332038875,0.09601064485948774,0,Low
SYNID0200729849,20.407807518936956,0.0960428762785474,0,Low
SYNID0200448899,20.402028304238137,0.0960628608323365,0,Low
SYNID0200415799,20.399406856072478,0.09607192581341129,0,Low
SYNID0200822674,20.397747918985022,0.09607766242628774,0,Low
SYNID0200167483,20.397396535750268,0.09607887751129868,0,Low
SYNID0200385191,20.39514019786773,0.09608667993915954,0,Low
SYNID0200585503,20.379941079839526,0.09613923856651829,0,Low
SYNID0200916708,20.376728795286507,0.09615034666282224,0,Low
SYNID0200231355,20.372287125579426,0.09616570597923468,0,Low
SYNID0200367874,20.369910557555727,0.09617392416353449,0,Low
SYNID0200057157,20.36872601564997,0.09617802031546252,0,Low
SYNID0200546845,20.367101509182326,0.09618363786708073,0,Low
SYNID0200987151,20.366071165714768,0.09618720080002607,0,Low
SYNID0200901424,20.363961775315982,0.09619449508274158,0,Low
SYNID0200604691,20.362473933572435,0.09619964004704956,0,Low
SYNID0200690642,20.362404227568522,0.09619988109076522,0,Low
SYNID0200569173,20.3559380621137,0.09622224112375855,0,Low
SYNID0200102649,20.352993021451407,0.09623242508933066,0,Low
SYNID0200945958,20.35216679909468,0.09623528217043775,0,Low
SYNID0200288491,20.35175698138224,0.09623669932216938,0,Low
SYNID0200454684,20.342644372950573,0.09626821076842157,0,Low
SYNID0200404057,20.339508848367664,0.09627905342835891,0,Low
SYNID0200745897,20.334863921929877,0.09629511560757875,0,Low
SYNID0200854925,20.32770624618566,0.09631986688666594,0,Low
SYNID0200704943,20.32663409555214,0.09632357438900357,0,Low
SYNID0200397761,20.320916077081524,0.09634334732592464,0,Low
SYNID0200494235,20.31995228701637,0.09634668011686637,0,Low
SYNID0200064460,20.3044320642384,0.09640034912608114,0,Low
SYNID0200318188,20.288334307931045,0.09645601524917463,0,Low
SYNID0200105651,20.287012035795794,0.09646058767293597,0,Low
SYNID0200284206,20.286075778649085,0.09646382525490582,0,Low
SYNID0200558590,20.278000761784828,0.09649174870424654,0,Low
SYNID0200931773,20.27773947620355,0.09649265223111403,0,Low
SYNID0200280280,20.276865905745662,0.09649567304219547,0,Low
SYNID0200150266,20.268961759998334,0.09652300561834576,0,Low
SYNID0200749709,20.26324365804294,0.09654277884395762,0,Low
SYNID0200881005,20.250886256994633,0.0965855107995629,0,Low
SYNID0200784501,20.25006759770089,0.09658834172755976,0,Low
SYNID0200303635,20.240931875871617,0.09661993310005829,0,Low
SYNID0200694383,20.240656005743137,0.09662088706036409,0,Low
SYNID0200265429,20.240215128590766,0.09662241161579682,0,Low
SYNID0200348958,20.239593251677523,0.09662456206932218,0,Low
SYNID0200306001,20.238629453249988,0.09662789488918105,0,Low
SYNID0200045625,20.232893612231827,0.09664772945656208,0,Low
SYNID0200252859,20.227288004038112,0.09666711367817454,0,Low
SYNID0200099923,20.22543240312854,0.09667353035554699,0,Low
SYNID0200654155,20.219463824472484,0.09669416973086226,0,Low
SYNID0200872213,20.21846248391721,0.09669763237158957,0,Low
SYNID0200064620,20.21831420900446,0.09669814510699115,0,Low
SYNID0200505232,20.210433024960388,0.09672539828145493,0,Low
SYNID0200115422,20.20572995000825,0.09674166153853281,0,Low
SYNID0200910723,20.201624756123532,0.0967558573198421,0,Low
SYNID0200373576,20.194780551885362,0.09677952461286882,0,Low
SYNID0200446830,20.186022764301303,0.09680980908682735,0,Low
SYNID0200258337,20.184582226325364,0.09681479047446662,0,Low
SYNID0200074304,20.178921934462156,0.096834363792486,0,Low
SYNID0200598051,20.178542939058634,0.09683567436051682,0,Low
SYNID0200198016,20.175350557452514,0.09684671363232927,0,Low
SYNID0200216459,20.173885494093817,0.09685177982886672,0,Low
SYNID0200470576,20.16656403247,0.09687709748035767,0,Low
SYNID0200595046,20.163380745461033,0.09688810530300696,0,Low
SYNID0200459166,20.157815596523616,0.0969073496163056,0,Low
SYNID0200960926,20.15656365127755,0.09691167884932683,0,Low
SYNID0200684386,20.15296953004899,0.0969241073387947,0,Low
SYNID0200040590,20.151784505196776,0.09692820516075401,0,Low
SYNID0200177979,20.14560153727098,0.09694958589525321,0,Low
SYNID0200414099,20.143045708298533,0.09695842396482451,0,Low
SYNID0200409620,20.142394560281737,0.09696067563797467,0,Low
SYNID0200748848,20.141718775905986,0.09696301250377926,0,Low
SYNID0200701990,20.133244448295493,0.09699231677170911,0,Low
SYNID0200268313,20.13204304096283,0.09699647124436905,0,Low
SYNID0200861950,20.124031160799678,0.0970241763666766,0,Low
SYNID0200912854,20.123982082330265,0.09702434608027316,0,Low
SYNID0200510325,20.11890655563043,0.09704189727738677,0,Low
SYNID0200670628,20.114247502385133,0.09705800830717876,0,Low
SYNID0200363029,20.113834224570635,0.09705943742396089,0,Low
SYNID0200769225,20.11133259385532,0.09706808807568368,0,Low
SYNID0200712503,20.109539134719544,0.09707428986648664,0,Low
SYNID0200433721,20.108628463360876,0.09707743897267146,0,Low
SYNID0200349113,20.10743466258122,0.09708156714183247,0,Low
SYNID0200737306,20.106076308026818,0.09708626433878254,0,Low
SYNID0200445639,20.100556913897584,0.09710535043172203,0,Low
SYNID0200293690,20.09476094845688,0.09712539290966166,0,Low
SYNID0200642913,20.09468597493079,0.09712565216849578,0,Low
SYNID0200586748,20.081176327652358,0.09717236859741868,0,Low
SYNID0200008911,20.079638238301143,0.09717768731820925,0,Low
SYNID0200292074,20.072581175462453,0.09720209067735797,0,Low
SYNID0200568690,20.067479002595142,0.09721973401705408,0,Low
SYNID0200957785,20.065194327770428,0.09722763443420496,0,Low
SYNID0200173101,20.06127968721638,0.09724117128112869,0,Low
SYNID0200090327,20.061186996175,0.09724149180722069,0,Low
SYNID0200920003,20.058410265014466,0.09725109375768065,0,Low
SYNID0200756716,20.05736001606695,0.09725472552387682,0,Low
SYNID0200760044,20.04774020426911,0.09728799088194601,0,Low
SYNID0200129649,20.04706922109981,0.0972903111451543,0,Low
SYNID0200701195,20.046475391546824,0.0972923646107654,0,Low
SYNID0200785989,20.044960717727637,0.09729760236052726,0,Low
SYNID0200931442,20.03963903615168,0.09731600476245306,0,Low
SYNID0200607379,20.03313914254852,0.09733848142755469,0,Low
SYNID0200693227,20.02444972167753,0.0973685294890721,0,Low
SYNID0200633993,20.006557789046592,0.09743039988300761,0,Low
SYNID0200598892,19.99970095949412,0.09745411083443534,0,Low
SYNID0200970290,19.99374552861467,0.09747470474467229,0,Low
SYNID0200523004,19.993564864820424,0.09747532948099064,0,Low
SYNID0200888467,19.987934820977433,0.09749479820120244,0,Low
SYNID0200059735,19.98752765469846,0.09749620618426369,0,Low
SYNID0200082908,19.985681682978946,0.097502589563848,0,Low
SYNID0200825767,19.982426003671645,0.09751384771943272,0,Low
SYNID0200454116,19.980898866159148,0.09751912856870937,0,Low
SYNID0200734325,19.978131698728244,0.09752869744774367,0,Low
SYNID0200121318,19.97517806610532,0.0975389111243593,0,Low
SYNID0200270022,19.96876675412633,0.09756108147375453,0,Low
SYNID0200293748,19.96387871290235,0.09757798434514015,0,Low
SYNID0200705705,19.954158239539176,0.09761159779141365,0,Low
SYNID0200565436,19.95301783117477,0.09761554132933148,0,Low
SYNID0200110725,19.952194122260885,0.09761838971894043,0,Low
SYNID0200839535,19.94106123652994,0.09765688729435729,0,Low
SYNID0200960566,19.92391126520691,0.09771619198232062,0,Low
SYNID0200928083,19.920244644499526,0.09772887117535456,0,Low
SYNID0200488877,19.91989918649691,0.09773006577088267,0,Low
SYNID0200711680,19.91820129905128,0.09773593707429556,0,Low
SYNID0200451575,19.911942041567947,0.09775758161847231,0,Low
SYNID0200106281,19.90590697823577,0.09777845089813536,0,Low
SYNID0200862294,19.904632727835814,0.09778285726249208,0,Low
SYNID0200975130,19.88590301481343,0.09784762470527747,0,Low
SYNID0200420390,19.879225502954494,0.09787071557520993,0,Low
SYNID0200037228,19.874811628101472,0.09788597877687583,0,Low
SYNID0200020757,19.873331924086227,0.097891095600878,0,Low
SYNID0200245347,19.871854403230184,0.09789620487550454,0,Low
SYNID0200969429,19.871004471098438,0.0978991439451341,0,Low
SYNID0200139159,19.86730736579945,0.09791192855404068,0,Low
SYNID0200978606,19.861651266013226,0.09793148737583657,0,Low
SYNID0200910385,19.858768374620453,0.09794145642891894,0,Low
SYNID0200557969,19.857021225392803,0.09794749807982434,0,Low
SYNID0200086946,19.855310595195345,0.09795341344773778,0,Low
SYNID0200770417,19.83845093320934,0.0980117142445388,0,Low
SYNID0200468541,19.830657515084784,0.09803866392400701,0,Low
SYNID0200980954,19.830611961489478,0.09803882144857101,0,Low
SYNID0200647571,19.81737446198243,0.09808459678911785,0,Low
SYNID0200315027,19.814463331454196,0.09809466349327411,0,Low
SYNID0200867542,19.81341018765331,0.09809830526988794,0,Low
SYNID0200305581,19.803234359465925,0.09813349333545696,0,Low
SYNID0200153549,19.79786056991083,0.09815207592703934,0,Low
SYNID0200701746,19.786590684847614,0.09819104724684319,0,Low
SYNID0200514840,19.78297304810555,0.09820355705307621,0,Low
SYNID0200916267,19.770320117143562,0.0982473109526244,0,Low
SYNID0200473199,19.766933614193146,0.09825902149703164,0,Low
SYNID0200313633,19.760799878858258,0.09828023198498137,0,Low
SYNID0200612569,19.758151138446873,0.09828939134278053,0,Low
SYNID0200310471,19.7575548590063,0.09829145328011535,0,Low
SYNID0200567148,19.746327867624245,0.09833027627335184,0,Low
SYNID0200671409,19.72912329311863,0.09838976977939795,0,Low
SYNID0200361927,19.722039724551298,0.09841426479549098,0,Low
SYNID0200964816,19.721461234679158,0.09841626521640778,0,Low
SYNID0200197281,19.720532051964593,0.09841947833495535,0,Low
SYNID0200277219,19.71954576914574,0.09842288890595363,0,Low
SYNID0200675314,19.71499093384825,0.09843863954955262,0,Low
SYNID0200512713,19.708941533842353,0.09845955840550624,0,Low
SYNID0200871205,19.706052350427715,0.0984695492164322,0,Low
SYNID0200352682,19.704344055213443,0.09847545650996192,0,Low
SYNID0200471899,19.698213133539586,0.09849665726825751,0,Low
SYNID0200136240,19.69575574402833,0.0985051549336719,0,Low
SYNID0200718540,19.689072442842257,0.09852826582312701,0,Low
SYNID0200672275,19.68262320048539,0.09855056733596163,0,Low
SYNID0200017939,19.677562548970275,0.09856806709461091,0,Low
SYNID0200859452,19.67492096950518,0.09857720168982143,0,Low
SYNID0200420504,19.67261769123048,0.09858516643779686,0,Low
SYNID0200779971,19.655480263321063,0.0986444277505722,0,Low
SYNID0200738817,19.65440380351587,0.09864815015404738,0,Low
SYNID0200342736,19.65385274269456,0.09865005572516705,0,Low
SYNID0200261617,19.649200977819525,0.09866614155173764,0,Low
SYNID0200189987,19.648559274614822,0.09866836056467959,0,Low
SYNID0200108095,19.64842363520494,0.09866882960644807,0,Low
SYNID0200566344,19.6458731369403,0.09867764924240469,0,Low
SYNID0200355403,19.645577589373246,0.09867867124739305,0,Low
SYNID0200740570,19.637104747945404,0.09870797037609574,0,Low
SYNID0200225715,19.631335676506904,0.09872791985443913,0,Low
SYNID0200169287,19.627654615299292,0.09874064898279622,0,Low
SYNID0200312500,19.62623868990739,0.09874554525999485,0,Low
SYNID0200182066,19.618913638124756,0.09877087532627321,0,Low
SYNID0200680633,19.618502373806862,0.09877229748037386,0,Low
SYNID0200063732,19.611730379773437,0.09879571507014573,0,Low
SYNID0200508409,19.59874713036956,0.09884061121254412,0,Low
SYNID0200034232,19.59847615661919,0.09884154824114955,0,Low
SYNID0200275061,19.595511090844965,0.09885180145366046,0,Low
SYNID0200807390,19.592596776360637,0.09886187916795308,0,Low
SYNID0200017467,19.59017711682255,0.09887024636292857,0,Low
SYNID0200649145,19.588712089790835,0.09887531243384712,0,Low
SYNID0200500709,19.584737352791233,0.0988890570945849,0,Low
SYNID0200544460,19.578246841142516,0.0989115013168404,0,Low
SYNID0200005997,19.575879875112804,0.09891968629739623,0,Low
SYNID0200072882,19.573268282397837,0.09892871719827245,0,Low
SYNID0200470190,19.568254638850554,0.09894605440313015,0,Low
SYNID0200386089,19.567243840127688,0.09894954975024906,0,Low
SYNID0200505869,19.56690277039583,0.09895072917111458,0,Low
SYNID0200627274,19.552379496524836,0.09900095072594417,0,Low
SYNID0200797682,19.550574249451294,0.09900719327949581,0,Low
SYNID0200472811,19.54669176511856,0.09902061893004288,0,Low
SYNID0200170647,19.543468996133658,0.09903176328156554,0,Low
SYNID0200333546,19.54308725816843,0.09903308333338867,0,Low
SYNID0200225729,19.53946210747093,0.09904561912291776,0,Low
SYNID0200688476,19.530803104493582,0.09907556199920442,0,Low
SYNID0200713505,19.52936248576143,0.09908054366609909,0,Low
SYNID0200689691,19.5265640685976,0.09909022060686862,0,Low
SYNID0200597884,19.51775709475073,0.09912067516717382,0,Low
SYNID0200243103,19.516915101842397,0.09912358678292849,0,Low
SYNID0200557254,19.515525710705393,0.09912839130453888,0,Low
SYNID0200127585,19.507087188846217,0.09915757175599876,0,Low
SYNID0200390663,19.50701435393892,0.09915782361947822,0,Low
SYNID0200335154,19.50277477734353,0.09917248409688373,0,Low
SYNID0200813099,19.495888345437347,0.09919629741340097,0,Low
SYNID0200358976,19.493009774306636,0.09920625152699519,0,Low
SYNID0200787993,19.48990699521262,0.09921698095286557,0,Low
SYNID0200696497,19.486815356133093,0.09922767185650927,0,Low
SYNID0200519269,19.483960700923056,0.0992375432687283,0,Low
SYNID0200370967,19.483493760819584,0.09923915794997834,0,Low
SYNID0200823285,19.470124660622115,0.09928538836638123,0,Low
SYNID0200186006,19.46865810654069,0.09929045971784545,0,Low
SYNID0200797714,19.46853364245677,0.09929089011527997,0,Low
SYNID0200774047,19.459288303154455,0.09932286054555717,0,Low
SYNID0200291416,19.45879244522434,0.09932457522479865,0,Low
SYNID0200209617,19.436981408192878,0.09939999790166171,0,Low
SYNID0200289804,19.43581465157746,0.0994040325519654,0,Low
SYNID0200847807,19.42544065897264,0.09943990587109663,0,Low
SYNID0200830189,19.419885057160542,0.09945911717038741,0,Low
SYNID0200224179,19.41860901717592,0.09946352972313699,0,Low
SYNID0200661415,19.410005674923205,0.0994932801243551,0,Low
SYNID0200988140,19.409286883007038,0.09949576571045293,0,Low
SYNID0200400969,19.402497928919182,0.09951924194817918,0,Low
SYNID0200447540,19.402121614438947,0.09952054324556364,0,Low
SYNID0200073350,19.399442090639603,0.09952980905247477,0,Low
SYNID0200144159,19.3944645183152,0.09954702152286049,0,Low
SYNID0200745394,19.39023291705192,0.09956165442152703,0,Low
SYNID0200467414,19.3894787895696,0.09956426219819214,0,Low
SYNID0200648114,19.3891747014404,0.0995653137364878,0,Low
SYNID0200197694,19.372061050348893,0.09962449282890601,0,Low
SYNID0200760642,19.364685699514023,0.09964999682956255,0,Low
SYNID0200986723,19.36347690190205,0.09965417685784589,0,Low
SYNID0200351378,19.360909696980016,0.09966305426550864,0,Low
SYNID0200265685,19.352367777852763,0.09969259226524685,0,Low
SYNID0200469011,19.350221882821355,0.09970001278116741,0,Low
SYNID0200577175,19.349600144625636,0.09970216275500687,0,Low
SYNID0200412852,19.342699767255112,0.09972602429501065,0,Low
SYNID0200767812,19.341706688462008,0.09972945836652242,0,Low
SYNID0200644918,19.341156589227,0.09973136061247179,0,Low
SYNID0200019013,19.333839646265847,0.09975666263840427,0,Low
SYNID0200224495,19.330148182332564,0.09976942773943959,0,Low
SYNID0200647488,19.32620578825688,0.09978306055818215,0,Low
SYNID0200802480,19.326177940860482,0.09978315685462036,0,Low
SYNID0200139252,19.325903835862565,0.09978410471109572,0,Low
SYNID0200582957,19.324083633780383,0.09979039897914321,0,Low
SYNID0200350193,19.319168207208527,0.0998073965492009,0,Low
SYNID0200446227,19.315933990307926,0.09981858048767422,0,Low
SYNID0200015647,19.310414907435838,0.09983766550428491,0,Low
SYNID0200036170,19.30395139730773,0.09986001635514496,0,Low
SYNID0200542726,19.291635667527625,0.0999026042112931,0,Low
SYNID0200404187,19.291215664090654,0.09990405658531193,0,Low
SYNID0200826890,19.288882789078574,0.09991212367895558,0,Low
SYNID0200128616,19.284698471305134,0.09992659307107404,0,Low
SYNID0200029730,19.279340201748116,0.09994512199442424,0,Low
SYNID0200654336,19.27888370902568,0.09994670054857757,0,Low
SYNID0200357420,19.276070707024203,0.09995642792378978,0,Low
SYNID0200709633,19.273328438388436,0.09996591070266403,0,Low
SYNID0200955272,19.267200432604103,0.09998710137779881,0,Low
SYNID0200653489,19.260884181331658,0.10000894300678786,0,Low
SYNID0200925404,19.260790285107166,0.10000926770040919,0,Low
SYNID0200106525,19.25972718326081,0.10001294391199483,0,Low
SYNID0200326750,19.253793561248365,0.1000334624070589,0,Low
SYNID0200065550,19.25348306566739,0.10003453610235535,0,Low
SYNID0200568540,19.25266724852616,0.10003735720217438,0,Low
SYNID0200250361,19.250726061659684,0.1000440698362206,0,Low
SYNID0200856923,19.246380627712558,0.10005909636888621,0,Low
SYNID0200795380,19.240949732888414,0.10007787643077909,0,Low
SYNID0200731243,19.237216403490233,0.10009078630280471,0,Low
SYNID0200742718,19.236331695153044,0.10009384562872936,0,Low
SYNID0200040565,19.221399453956437,0.10014548139464863,0,Low
SYNID0200147402,19.218662852923053,0.10015494457492502,0,Low
SYNID0200102769,19.213561750893444,0.10017258421165892,0,Low
SYNID0200331793,19.21329369510814,0.10017351114992634,0,Low
SYNID0200355509,19.212666072044712,0.10017568147366823,0,Low
SYNID0200948908,19.206807694539,0.10019593977284574,0,Low
SYNID0200495051,19.2019658920771,0.10021268275035716,0,Low
SYNID0200016597,19.191947161119266,0.10024732757290827,0,Low
SYNID0200454563,19.189582791146275,0.10025550357628676,0,Low
SYNID0200833256,19.184783321768087,0.10027210016577964,0,Low
SYNID0200078093,19.184233992754162,0.10027399974830059,0,Low
SYNID0200016252,19.182947574560547,0.1002784481889496,0,Low
SYNID0200568097,19.172306185069996,0.10031524616787019,0,Low
SYNID0200359613,19.16792102324331,0.10033041007974514,0,Low
SYNID0200286563,19.167484533282536,0.10033191946424702,0,Low
SYNID0200419928,19.166471661313167,0.10033542198066286,0,Low
SYNID0200009533,19.162904691437987,0.10034775658061279,0,Low
SYNID0200211973,19.155296904922015,0.10037406434503543,0,Low
SYNID0200398341,19.15432213380712,0.10037743510850294,0,Low
SYNID0200164277,19.152218951907372,0.10038470792219722,0,Low
SYNID0200960181,19.148022263966755,0.10039922009041663,0,Low
SYNID0200074174,19.14670589769954,0.1004037720916563,0,Low
SYNID0200961083,19.145339256121247,0.10040849794517709,0,Low
SYNID0200044425,19.144146341999885,0.1004126230482692,0,Low
SYNID0200977956,19.140185985273522,0.10042631798194906,0,Low
SYNID0200846234,19.13511029354546,0.10044386974973113,0,Low
SYNID0200531526,19.132873538075902,0.10045160446150841,0,Low
SYNID0200551119,19.130935407078468,0.10045830652834398,0,Low
SYNID0200699600,19.118957030965493,0.10049972781379729,0,Low
SYNID0200810328,19.113766571454217,0.10051767644915677,0,Low
SYNID0200522455,19.099485504813913,0.10056706045015212,0,Low
SYNID0200457250,19.09531073998484,0.10058149680814044,0,Low
SYNID0200473592,19.080788612568185,0.10063171439852509,0,Low
SYNID0200503560,19.071944413829584,0.10066229768269502,0,Low
SYNID0200658361,19.066902989594286,0.100679730953313,0,Low
SYNID0200673127,19.053864824698326,0.10072481699376201,0,Low
SYNID0200568130,19.053270157908315,0.100726873354543,0,Low
SYNID0200158410,19.044707508502363,0.10075648303969026,0,Low
SYNID0200395145,19.043195523204712,0.10076171149253099,0,Low
SYNID0200471153,19.04128968777147,0.1007683018811415,0,Low
SYNID0200032503,19.033751176974537,0.10079437008977576,0,Low
SYNID0200451810,19.030866952644935,0.10080434375216046,0,Low
SYNID0200286579,19.02799144761287,0.10081428726316999,0,Low
SYNID0200882034,19.026067440224658,0.10082094049049312,0,Low
SYNID0200743903,19.006341235704106,0.10088915380594171,0,Low
SYNID0200146088,19.001714951829868,0.10090515151908208,0,Low
SYNID0200655937,18.99765463066089,0.10091919213031236,0,Low
SYNID0200011553,18.996486067963023,0.10092323302605832,0,Low
SYNID0200007973,18.990799599315032,0.10094289686353247,0,Low
SYNID0200062233,18.986975340288428,0.10095612117067515,0,Low
SYNID0200754072,18.984845623789685,0.10096348574114755,0,Low
SYNID0200872077,18.975667570588698,0.10099522349574452,0,Low
SYNID0200817651,18.969176256748085,0.10101767049198368,0,Low
SYNID0200216718,18.960272493435937,0.10104845975075155,0,Low
SYNID0200755574,18.955224523699883,0.10106591565574441,0,Low
SYNID0200259916,18.953672758973887,0.10107128166605045,0,Low
SYNID0200548113,18.953381255764526,0.10107228968562937,0,Low
SYNID0200525752,18.9531914920841,0.10107294588940036,0,Low
SYNID0200496934,18.952260869783945,0.10107616398604219,0,Low
SYNID0200677381,18.946410844310954,0.10109639340384813,0,Low
SYNID0200922700,18.945479225282273,0.10109961494718228,0,Low
SYNID0200058288,18.9435230934397,0.10110637926103178,0,Low
SYNID0200127890,18.94342523226814,0.1011067176654602,0,Low
SYNID0200707863,18.937025100226194,0.10112884935457633,0,Low
SYNID0200723568,18.930711255919668,0.101150682660265,0,Low
SYNID0200217750,18.930693775260995,0.1011507431084715,0,Low
SYNID0200994231,18.923957693319153,0.10117403651404822,0,Low
SYNID0200107823,18.915833536122072,0.10120212989090949,0,Low
SYNID0200935242,18.912784269906215,0.10121267426897534,0,Low
SYNID0200394579,18.909937882177157,0.10122251709220315,0,Low
SYNID0200079624,18.908615131170237,0.10122709117190515,0,Low
SYNID0200908151,18.90507480188542,0.10123933364855825,0,Low
SYNID0200244865,18.902269130158754,0.10124903567564292,0,Low
SYNID0200606438,18.900416190337285,0.10125544315095919,0,Low
SYNID0200496442,18.89491149102704,0.10127447842913995,0,Low
SYNID0200421207,18.892668885075466,0.10128223337191378,0,Low
SYNID0200918152,18.89100462232365,0.10128798840096465,0,Low
SYNID0200838164,18.88983784257119,0.10129202313127633,0,Low
SYNID0200124402,18.88670750226752,0.10130284786394972,0,Low
SYNID0200994336,18.88629143856737,0.1013042866143386,0,Low
SYNID0200045773,18.88402696327051,0.10131211718141953,0,Low
SYNID0200012890,18.870618121584236,0.10135848502409261,0,Low
SYNID0200497561,18.852436189171684,0.10142135823874626,0,Low
SYNID0200760931,18.83846198121982,0.10146968112083804,0,Low
SYNID0200780497,18.835315060965986,0.10148056318706333,0,Low
SYNID0200482025,18.83140501550481,0.10149408414413258,0,Low
SYNID0200424966,18.830962244069433,0.10149561525000556,0,Low
SYNID0200654731,18.822330099847036,0.10152546524858114,0,Low
SYNID0200195223,18.81960972112345,0.10153487233202785,0,Low
SYNID0200257574,18.818520116056998,0.10153864019188324,0,Low
SYNID0200911269,18.817384070373436,0.10154256864362854,0,Low
SYNID0200188925,18.815283271307866,0.10154983321747013,0,Low
SYNID0200491836,18.814830147790616,0.10155140012089481,0,Low
SYNID0200076578,18.81078565619795,0.10156538599336978,0,Low
SYNID0200224264,18.808391086440604,0.101573666427756,0,Low
SYNID0200370809,18.80460626571242,0.10158675435706238,0,Low
SYNID0200665753,18.803853819908884,0.10158935631847371,0,Low
SYNID0200648988,18.803049976335256,0.10159213601363515,0,Low
SYNID0200646634,18.80091500570194,0.1015995187529316,0,Low
SYNID0200657735,18.787458817225854,0.1016460503210444,0,Low
SYNID0200692288,18.786778234368043,0.10164840378002432,0,Low
SYNID0200512897,18.785328975601036,0.10165341532420341,0,Low
SYNID0200991232,18.78490963846218,0.10165486539415997,0,Low
SYNID0200018603,18.776718163398073,0.10168319155654743,0,Low
SYNID0200944596,18.776339869804133,0.10168449969771715,0,Low
SYNID0200727663,18.771207073982076,0.10170224893174634,0,Low
SYNID0200111202,18.766288734668997,0.10171925657407799,0,Low
SYNID0200293434,18.764026645556353,0.10172707888972177,0,Low
SYNID0200093306,18.762484815279528,0.10173241054665211,0,Low
SYNID0200444867,18.758965391885166,0.10174458073062981,0,Low
SYNID0200711055,18.758810011655154,0.10174511803625458,0,Low
SYNID0200067140,18.75872610905073,0.10174540817188693,0,Low
SYNID0200226775,18.758117556683896,0.10174751254906311,0,Low
SYNID0200502632,18.754046753399653,0.10176158940750124,0,Low
SYNID0200043496,18.749418730754268,0.10177759313332108,0,Low
SYNID0200712082,18.745939388261963,0.10178962471733582,0,Low
SYNID0200600003,18.740593751190115,0.10180810995748812,0,Low
SYNID0200367844,18.736734578690655,0.1018214549955973,0,Low
SYNID0200179602,18.736163341465495,0.101823430336824,0,Low
SYNID0200031130,18.73290918741166,0.10183468321807448,0,Low
SYNID0200403598,18.728082053709024,0.10185137547094186,0,Low
SYNID0200391957,18.72558658244164,0.1018600048232624,0,Low
SYNID0200359744,18.722457616218907,0.10187082480435694,0,Low
SYNID0200765574,18.71997928438657,0.10187939488842401,0,Low
SYNID0200087608,18.715794707116874,0.10189386517788185,0,Low
SYNID0200436911,18.70358872823819,0.10193607351485529,0,Low
SYNID0200611182,18.70012739775413,0.10194804281325404,0,Low
SYNID0200071381,18.69966850932927,0.10194962965175852,0,Low
SYNID0200118091,18.692346042793037,0.1019749507782417,0,Low
SYNID0200724816,18.68265867469584,0.10200844974633727,0,Low
SYNID0200304852,18.68226032525557,0.10200982724072549,0,Low
SYNID0200099071,18.679528117944688,0.10201927522748716,0,Low
SYNID0200309539,18.665354587386286,0.10206828736816498,0,Low
SYNID0200417335,18.663269107293445,0.10207549896892104,0,Low
SYNID0200098097,18.659250594576044,0.10208939500631337,0,Low
SYNID0200037490,18.658705009928216,0.10209128164079734,0,Low
SYNID0200113720,18.653406523527703,0.10210960383368861,0,Low
SYNID0200078974,18.652798319474,0.10211170700639621,0,Low
SYNID0200953796,18.652736014925665,0.10211192245584089,0,Low
SYNID0200356953,18.652113677118635,0.10211407450313931,0,Low
SYNID0200858295,18.651924801591516,0.10211472763567164,0,Low
SYNID0200250352,18.644662197886884,0.10213984175617902,0,Low
SYNID0200828428,18.63995114159399,0.10215613261277379,0,Low
SYNID0200035832,18.63699600963868,0.10216635147408842,0,Low
SYNID0200036380,18.626493637625146,0.10220266872986722,0,Low
SYNID0200099634,18.625314648115342,0.10220674568158183,0,Low
SYNID0200857492,18.62355309563571,0.10221283713900575,0,Low
SYNID0200240382,18.60974458908362,0.10226058702481527,0,Low
SYNID0200007602,18.60452519190433,0.10227863572677776,0,Low
SYNID0200915843,18.60031892090639,0.10229318103325807,0,Low
SYNID0200766607,18.598146585399036,0.10230069298047878,0,Low
SYNID0200445659,18.588619631235503,0.10233363723637678,0,Low
SYNID0200444584,18.585390932964696,0.10234480209140023,0,Low
SYNID0200834656,18.581776279543387,0.10235730158129491,0,Low
SYNID0200495542,18.574538109602358,0.10238233120972362,0,Low
SYNID0200670754,18.57328073744512,0.10238667920903127,0,Low
SYNID0200009420,18.572670398637527,0.10238878976372867,0,Low
SYNID0200277250,18.565308553560588,0.10241424706140567,0,Low
SYNID0200257640,18.562746756015372,0.10242310577033192,0,Low
SYNID0200913994,18.557904501899564,0.10243985030966485,0,Low
SYNID0200903301,18.55222463955954,0.10245949130249249,0,Low
SYNID0200708390,18.547244780337703,0.10247671168098116,0,Low
SYNID0200659100,18.54149070844249,0.10249660929082766,0,Low
SYNID0200349831,18.539633937623464,0.10250303001375294,0,Low
SYNID0200459990,18.53825076544216,0.10250781303018291,0,Low
SYNID0200440779,18.531991252596317,0.10252945845740452,0,Low
SYNID0200359095,18.531991252596317,0.10252945845740452,0,Low
SYNID0200399150,18.531991252596317,0.10252945845740452,0,Low
SYNID0200071594,18.524609505374706,0.1025549845767989,0,Low
SYNID0200689353,18.52441877705988,0.10255564411628054,0,Low
SYNID0200162036,18.510661194847874,0.10260321790546334,0,Low
SYNID0200803216,18.50763097096544,0.10261369643504348,0,Low
SYNID0200075289,18.49486367026691,0.10265784582572168,0,Low
SYNID0200852716,18.487279875518833,0.10268407062648904,0,Low
SYNID0200261573,18.47923887707245,0.10271187643996793,0,Low
SYNID0200999145,18.476016155822578,0.10272302062642263,0,Low
SYNID0200161792,18.469823324125276,0.10274443546989381,0,Low
SYNID0200568520,18.46925457729521,0.10274640219932163,0,Low
SYNID0200047635,18.466795878971386,0.10275490439061652,0,Low
SYNID0200791302,18.4660880681144,0.10275735200415592,0,Low
SYNID0200227955,18.465968528071866,0.10275776537423031,0,Low
SYNID0200595408,18.46386604994035,0.10276503575429047,0,Low
SYNID0200148662,18.460467175751628,0.10277678907850263,0,Low
SYNID0200562482,18.45577039259564,0.10279303057851746,0,Low
SYNID0200029047,18.450673291766417,0.1028106563790801,0,Low
SYNID0200006234,18.449892899989983,0.10281335497780769,0,Low
SYNID0200959708,18.447230716682572,0.10282256082120961,0,Low
SYNID0200904323,18.446614463113136,0.10282469182918352,0,Low
SYNID0200507696,18.42684377453755,0.10289305897072043,0,Low
SYNID0200609213,18.42598119458999,0.10289604177656131,0,Low
SYNID0200635071,18.42020953315713,0.10291600021111835,0,Low
SYNID0200094139,18.41399036520139,0.10293750612550501,0,Low
SYNID0200569530,18.40883452093381,0.10295533506117593,0,Low
SYNID0200242962,18.4048164836182,0.10296922945462644,0,Low
SYNID0200668843,18.403450866574875,0.10297395176530011,0,Low
SYNID0200069185,18.402348297629807,0.10297776445431361,0,Low
SYNID0200955823,18.392823201422292,0.10301070228539028,0,Low
SYNID0200542632,18.3902929650995,0.10301945185544903,0,Low
SYNID0200351757,18.38968522370252,0.10302155342828734,0,Low
SYNID0200547424,18.388389134202292,0.10302603531236376,0,Low
SYNID0200518987,18.387885829080087,0.10302777574403332,0,Low
SYNID0200779245,18.383690467627254,0.10304228332525123,0,Low
SYNID0200444179,18.375463448910455,0.10307073239777026,0,Low
SYNID0200309928,18.37229556197323,0.10308168696689324,0,Low
SYNID0200441647,18.368354486414937,0.10309531522619597,0,Low
SYNID0200588418,18.367285804316634,0.1030990107343212,0,Low
SYNID0200875750,18.364260883362892,0.10310947092634698,0,Low
SYNID0200305220,18.346900709411564,0.10316950249606688,0,Low
SYNID0200144919,18.342973028391896,0.10318308443698698,0,Low
SYNID0200273222,18.338476004608566,0.10319863516807631,0,Low
SYNID0200572185,18.33423367234673,0.10321330517459038,0,Low
SYNID0200982607,18.322854537930723,0.10325265427921121,0,Low
SYNID0200333288,18.31307283188986,0.10328647946839525,0,Low
SYNID0200974778,18.31182551048535,0.10329079271214892,0,Low
SYNID0200044503,18.30985427972763,0.1032976092381237,0,Low
SYNID0200506086,18.309359126378443,0.10329932148092075,0,Low
SYNID0200523490,18.306628448056216,0.10330876418043189,0,Low
SYNID0200463604,18.305576355536537,0.10331240232170996,0,Low
SYNID0200516523,18.300389321028383,0.10333033911339123,0,Low
SYNID0200427693,18.295845718090774,0.1033460509154327,0,Low
SYNID0200497846,18.290694543791265,0.1033638637023303,0,Low
SYNID0200394222,18.28703483066423,0.10337651900891631,0,Low
SYNID0200743038,18.28565646836957,0.10338128539273383,0,Low
SYNID0200805055,18.284155395986286,0.10338647610866125,0,Low
SYNID0200323689,18.27663491426705,0.10341248197265324,0,Low
SYNID0200935711,18.268239463555243,0.10344151348386671,0,Low
SYNID0200773355,18.262865366290523,0.10346009713951054,0,Low
SYNID0200864367,18.255334130217374,0.103486140192113,0,Low
SYNID0200267966,18.253057613012174,0.10349401240017414,0,Low
SYNID0200865150,18.24616122301826,0.10351786015180936,0,Low
SYNID0200394748,18.246157019891378,0.10351787468624346,0,Low
SYNID0200603409,18.23860288266394,0.10354399693115379,0,Low
SYNID0200765873,18.235306576273715,0.10355539557539767,0,Low
SYNID0200039736,18.22938384107076,0.10357587642381921,0,Low
SYNID0200590966,18.22131804177411,0.1036037679987643,0,Low
SYNID0200820258,18.216906468231898,0.10361902324248573,0,Low
SYNID0200580207,18.208889153834157,0.1036467471564041,0,Low
SYNID0200350192,18.202296821088186,0.10366954347653118,0,Low
SYNID0200829420,18.197306782513433,0.10368679905527395,0,Low
SYNID0200542961,18.193893889623883,0.10369860085622479,0,Low
SYNID0200748674,18.189314680652306,0.1037144357841126,0,Low
SYNID0200120735,18.189263334599925,0.1037146133390226,0,Low
SYNID0200105352,18.1888774934105,0.10371594757981584,0,Low
SYNID0200456912,18.187469686011273,0.10372081578495457,0,Low
SYNID0200519395,18.18691837934717,0.10372272220619988,0,Low
SYNID0200564421,18.18069635999692,0.10374423798072324,0,Low
SYNID0200412205,18.1796947884946,0.10374770142006662,0,Low
SYNID0200466291,18.163395899182508,0.10380406306211232,0,Low
SYNID0200664527,18.157349674939475,0.1038249709362618,0,Low
SYNID0200491578,18.14561208767735,0.1038655595726456,0,Low
SYNID0200286582,18.133293579446974,0.10390815703668888,0,Low
SYNID0200510544,18.127571079666335,0.10392794547000278,0,Low
SYNID0200221253,18.12497579618769,0.10393691997345694,0,Low
SYNID0200620239,18.12457607893177,0.10393830219775863,0,Low
SYNID0200209342,18.12412044469474,0.10393987778326508,0,Low
SYNID0200366299,18.12150270094716,0.10394892995444333,0,Low
SYNID0200358738,18.114260062917804,0.10397397503354416,0,Low
SYNID0200254293,18.109478853609875,0.10399050847962132,0,Low
SYNID0200909661,18.104146660402797,0.10400894723082094,0,Low
SYNID0200883757,18.103640528980456,0.10401069743585073,0,Low
SYNID0200186775,18.09384751200123,0.10404456173831711,0,Low
SYNID0200214741,18.085828372125906,0.10407229196474621,0,Low
SYNID0200183857,18.083112004124413,0.10408168517909555,0,Low
SYNID0200668982,18.083105814484878,0.1040817065829005,0,Low
SYNID0200147022,18.081380478974335,0.10408767280186132,0,Low
SYNID0200597244,18.08009696791902,0.10409211118961131,0,Low
SYNID0200482658,18.079927869137418,0.10409269593405718,0,Low
SYNID0200810749,18.075151211410702,0.10410921364074338,0,Low
SYNID0200588817,18.072679542572235,0.1041177606841438,0,Low
SYNID0200537367,18.06348873921958,0.10414954252883002,0,Low
SYNID0200479056,18.060277304645222,0.10416064768590344,0,Low
SYNID0200543834,18.059248547281058,0.10416420513409519,0,Low
SYNID0200986368,18.044479918957688,0.10421527512586759,0,Low
SYNID0200402179,18.043565904538244,0.10421843579237355,0,Low
SYNID0200107359,18.042713127932345,0.10422138469820919,0,Low
SYNID0200559644,18.03878608902683,0.10423496441869529,0,Low
SYNID0200587205,18.037355081224675,0.1042399128509452,0,Low
SYNID0200415605,18.033111727910928,0.10425458638826196,0,Low
SYNID0200691094,18.032104214106724,0.10425807037611545,0,Low
SYNID0200169944,18.03138656021765,0.10426055202690981,0,Low
SYNID0200621894,18.027765810882805,0.10427307259650448,0,Low
SYNID0200797639,18.022086880772118,0.10429271036567833,0,Low
SYNID0200006850,18.020768945788706,0.10429726779154658,0,Low
SYNID0200457763,18.016106709210227,0.10431338982932087,0,Low
SYNID0200390742,18.01228906357405,0.10432659126732585,0,Low
SYNID0200940543,18.00655888481961,0.10434640625457015,0,Low
SYNID0200830373,18.005055932621406,0.1043516034709071,0,Low
SYNID0200448204,17.996101230740408,0.10438256887550484,0,Low
SYNID0200406049,17.995885314559672,0.10438331551475477,0,Low
SYNID0200635157,17.9951026249227,0.10438602205949576,0,Low
SYNID0200966109,17.98735387497356,0.10441281727618645,0,Low
SYNID0200173671,17.983448463448877,0.10442632220907977,0,Low
SYNID0200130468,17.982226362087772,0.1044305482417952,0,Low
SYNID0200483127,17.979443229873812,0.10444017232713043,0,Low
SYNID0200083253,17.979203037480758,0.10444100291364589,0,Low
SYNID0200987243,17.976941086952095,0.10444882475006556,0,Low
SYNID0200134354,17.96578508269519,0.10448740226946263,0,Low
SYNID0200465887,17.962758093510335,0.1044978696134421,0,Low
SYNID0200358812,17.952334982111278,0.10453391278561336,0,Low
SYNID0200939887,17.94909033611182,0.10454513278796351,0,Low
SYNID0200018663,17.944386748722582,0.10456139781705148,0,Low
SYNID0200414131,17.94403267937462,0.10456262219065554,0,Low
SYNID0200279644,17.942322972646412,0.10456853436520763,0,Low
SYNID0200746746,17.940473410364337,0.10457493016097552,0,Low
SYNID0200178431,17.934454586087483,0.10459574328590276,0,Low
SYNID0200567483,17.933007596327986,0.10460074698384236,0,Low
SYNID0200188524,17.930286864077832,0.10461015528978573,0,Low
SYNID0200623647,17.924461763232923,0.10463029851810113,0,Low
SYNID0200089164,17.922253743194602,0.10463793386261122,0,Low
SYNID0200223857,17.91678685937196,0.10465683837464373,0,Low
SYNID0200360750,17.911560933422592,0.10467490965312631,0,Low
SYNID0200184533,17.91091772786399,0.10467713386121569,0,Low
SYNID0200520926,17.90304888382405,0.10470434436388248,0,Low
SYNID0200722040,17.901720958628545,0.1047089363359549,0,Low
SYNID0200712408,17.897016252760135,0.10472520523274953,0,Low
SYNID0200362436,17.894416036685012,0.10473419679314738,0,Low
SYNID0200362761,17.89149616869451,0.10474429371149258,0,Low
SYNID0200340589,17.886382591473204,0.10476197648750274,0,Low
SYNID0200346749,17.885731989779934,0.10476422627146337,0,Low
SYNID0200182495,17.875138377155906,0.10480085903773678,0,Low
SYNID0200493348,17.873440678623965,0.10480672968788518,0,Low
SYNID0200434162,17.871755284882024,0.10481255778800724,0,Low
SYNID0200532870,17.866307539129753,0.10483139612049519,0,Low
SYNID0200677841,17.864026807170145,0.1048392829031985,0,Low
SYNID0200663246,17.85275660912117,0.1048782553053087,0,Low
SYNID0200807212,17.84559963258639,0.10490300416652609,0,Low
SYNID0200039594,17.838730854720303,0.10492675643528299,0,Low
SYNID0200662145,17.837367061950182,0.10493147243761064,0,Low
SYNID0200985420,17.836257185665573,0.1049353103954414,0,Low
SYNID0200467201,17.833004436839442,0.10494655841740735,0,Low
SYNID0200457049,17.82412481537109,0.10497726419355674,0,Low
SYNID0200910549,17.82354182742158,0.10497928016884794,0,Low
SYNID0200440091,17.82298631078289,0.10498120114820675,0,Low
SYNID0200056918,17.820055211020897,0.10499133690607482,0,Low
SYNID0200040476,17.812946954833553,0.10501591729208326,0,Low
SYNID0200551017,17.797369467909874,0.10506978432100483,0,Low
SYNID0200868524,17.784573442784655,0.10511403304089645,0,Low
SYNID0200989564,17.780111702028176,0.10512946176309967,0,Low
SYNID0200658768,17.77005907721231,0.10516422379078405,0,Low
SYNID0200508751,17.76794717888613,0.10517152674592523,0,Low
SYNID0200745864,17.767629818687467,0.1051726241791045,0,Low
SYNID0200617845,17.766897873052102,0.10517515525083015,0,Low
SYNID0200057111,17.764266216516827,0.10518425553249894,0,Low
SYNID0200804196,17.756826750717057,0.10520998124302983,0,Low
SYNID0200137799,17.754761920082153,0.10521712143785544,0,Low
SYNID0200544540,17.753929030157973,0.10522000157544464,0,Low
SYNID0200674656,17.747937522889263,0.10524072023801895,0,Low
SYNID0200228402,17.747550197430286,0.10524205961142385,0,Low
SYNID0200543023,17.743918528504352,0.10525461794101998,0,Low
SYNID0200525992,17.742242954931225,0.1052604120829484,0,Low
SYNID0200465967,17.74087662807037,0.10526513684817468,0,Low
SYNID0200759639,17.73967896344542,0.10526927837853234,0,Low
SYNID0200061628,17.73339976108118,0.10529099189220859,0,Low
SYNID0200885327,17.733389709703015,0.10529102664992535,0,Low
SYNID0200209380,17.727690645662616,0.10531073404233043,0,Low
SYNID0200114644,17.719679911332815,0.10533843520234043,0,Low
SYNID0200338228,17.71906489008429,0.10534056194894237,0,Low
SYNID0200001071,17.717028827486484,0.10534760266374954,0,Low
SYNID0200874695,17.71012521255126,0.1053714753992685,0,Low
SYNID0200640444,17.709218839449203,0.10537460964206014,0,Low
SYNID0200431448,17.709189831524593,0.1053747099516108,0,Low
SYNID0200066155,17.707192560037107,0.10538161652656142,0,Low
SYNID0200504185,17.706607812563128,0.10538363858629718,0,Low
SYNID0200365311,17.70362026964287,0.10539396952489327,0,Low
SYNID0200030963,17.702993431538747,0.1053961371342419,0,Low
SYNID0200233343,17.6988671437043,0.1054104058585365,0,Low
SYNID0200340745,17.69299623666085,0.10543070748491917,0,Low
SYNID0200474424,17.677087178107055,0.1054857210902222,0,Low
SYNID0200032709,17.67485927514967,0.1054934251899674,0,Low
SYNID0200949045,17.67364933459669,0.10549760917054657,0,Low
SYNID0200403697,17.66654964372327,0.10552215993765596,0,Low
SYNID0200525851,17.666451777454917,0.10552249835970912,0,Low
SYNID0200899410,17.664579983265885,0.10552897103352421,0,Low
SYNID0200315105,17.66140628475155,0.10553994569911035,0,Low
SYNID0200578944,17.654695548010285,0.10556315146085471,0,Low
SYNID0200746894,17.653784514052894,0.10556630182090776,0,Low
SYNID0200589205,17.643721591926877,0.10560109945674295,0,Low
SYNID0200266338,17.635983833858734,0.10562785666345331,0,Low
SYNID0200385197,17.631581870439714,0.10564307867531991,0,Low
SYNID0200915345,17.625451101611763,0.10566427890507357,0,Low
SYNID0200470018,17.621923386338807,0.10567647776240957,0,Low
SYNID0200891443,17.604181323986015,0.10573782990416186,0,Low
SYNID0200937519,17.59912396214616,0.10575531828709739,0,Low
SYNID0200908685,17.59734743051799,0.10576146154249305,0,Low
SYNID0200968469,17.590679537162124,0.10578451915159304,0,Low
SYNID0200035137,17.57547238987163,0.10583710554418158,0,Low
SYNID0200997472,17.57233734114592,0.1058479465586023,0,Low
SYNID0200524159,17.5715155342572,0.1058507883709986,0,Low
SYNID0200636829,17.57135328984176,0.10585134941301144,0,Low
SYNID0200132356,17.570465134003364,0.10585442066041278,0,Low
SYNID0200062604,17.563883231913724,0.10587718091127729,0,Low
SYNID0200484336,17.546521142775127,0.1059372191037245,0,Low
SYNID0200348039,17.53995745918699,0.10595991635491825,0,Low
SYNID0200784709,17.531402952285042,0.1059894978832453,0,Low
SYNID0200386655,17.529851360676385,0.1059948632949107,0,Low
SYNID0200688789,17.52710272958175,0.10600436807520003,0,Low
SYNID0200470078,17.525351991701722,0.10601042213568357,0,Low
SYNID0200585529,17.522320619718602,0.1060209046354017,0,Low
SYNID0200109888,17.52100198025029,0.10602546449738232,0,Low
SYNID0200085579,17.516954624307168,0.10603946027479572,0,Low
SYNID0200720818,17.516847235016424,0.10603983162750868,0,Low
SYNID0200442880,17.500091624511946,0.10609777261375797,0,Low
SYNID0200281258,17.499872724223373,0.10609852957206795,0,Low
SYNID0200868076,17.498677902751727,0.10610266127078705,0,Low
SYNID0200134763,17.497636247555292,0.10610626331974832,0,Low
SYNID0200972447,17.491915193739146,0.10612604675290965,0,Low
SYNID0200856397,17.490500722273307,0.10613093800242457,0,Low
SYNID0200352195,17.480943696273954,0.10616398624688361,0,Low
SYNID0200602456,17.471989602214222,0.10619494954963232,0,Low
SYNID0200475481,17.469871042672388,0.10620227553929107,0,Low
SYNID0200739415,17.465102356097194,0.1062187656816948,0,Low
SYNID0200230370,17.463077317376047,0.10622576827588048,0,Low
SYNID0200202404,17.46228122171305,0.10622852117872761,0,Low
SYNID0200937527,17.462124601911974,0.10622906277079541,0,Low
SYNID0200474726,17.456834185453907,0.10624735705778471,0,Low
SYNID0200819808,17.456528441734392,0.10624841432112009,0,Low
SYNID0200098575,17.454826422534236,0.10625429991216112,0,Low
SYNID0200929330,17.438614523058828,0.10631036074290962,0,Low
SYNID0200153670,17.437875448177028,0.10631291646760566,0,Low
SYNID0200424280,17.43565403304739,0.10632059813240957,0,Low
SYNID0200967950,17.434227219551744,0.10632553206072626,0,Low
SYNID0200639695,17.433784427226435,0.10632706323883673,0,Low
SYNID0200157386,17.431422923585718,0.10633522933042366,0,Low
SYNID0200797987,17.42783452928121,0.10634763801615904,0,Low
SYNID0200377781,17.42247819910973,0.10636616023310419,0,Low
SYNID0200299320,17.415315916838242,0.10639092744158607,0,Low
SYNID0200864530,17.413406270540996,0.10639753100818367,0,Low
SYNID0200568983,17.413338574105826,0.10639776510280041,0,Low
SYNID0200800421,17.41067455905316,0.10640697728038673,0,Low
SYNID0200050166,17.40430684736588,0.10642899685975171,0,Low
SYNID0200520608,17.39346884857547,0.10646647471463005,0,Low
SYNID0200858585,17.392886713498932,0.10646848774068218,0,Low
SYNID0200107936,17.375309001360606,0.1065292715585579,0,Low
SYNID0200217186,17.374894341619072,0.10653070545405074,0,Low
SYNID0200034923,17.372986182904583,0.10653730387657961,0,Low
SYNID0200681458,17.3709410459001,0.10654437597073119,0,Low
SYNID0200204831,17.370384328800483,0.10654630110128999,0,Low
SYNID0200719433,17.368830692164323,0.10655167358467088,0,Low
SYNID0200917325,17.367950360740153,0.10655471777520809,0,Low
SYNID0200830548,17.359857486632247,0.10658270297498806,0,Low
SYNID0200879293,17.352823173967575,0.10660702766391944,0,Low
SYNID0200768708,17.33954002524787,0.10665296085967557,0,Low
SYNID0200409830,17.339048718677486,0.10665465980029198,0,Low
SYNID0200426616,17.336524556095352,0.1066633883673247,0,Low
SYNID0200624776,17.333116845885897,0.10667517224654144,0,Low
SYNID0200089421,17.330378016792302,0.10668464313146137,0,Low
SYNID0200133385,17.328803261621804,0.1066900886428413,0,Low
SYNID0200061115,17.324901671421127,0.10670358036157679,0,Low
SYNID0200401506,17.31672094319517,0.10673186936134332,0,Low
SYNID0200852747,17.315805622433114,0.10673503454518868,0,Low
SYNID0200197490,17.314252389861423,0.1067404056313126,0,Low
SYNID0200437097,17.313377351717193,0.10674343151766086,0,Low
SYNID0200374047,17.311561454894395,0.10674971089809954,0,Low
SYNID0200605534,17.308806688383722,0.10675923689468869,0,Low
SYNID0200450652,17.305161842023466,0.10677184079191965,0,Low
SYNID0200601187,17.304864727674065,0.10677286821484933,0,Low
SYNID0200140148,17.302901413982894,0.10677965736356776,0,Low
SYNID0200964815,17.295089467748806,0.10680667111333286,0,Low
SYNID0200989155,17.29492504350855,0.106807239693191,0,Low
SYNID0200145023,17.289110526371616,0.10682734632299046,0,Low
SYNID0200437362,17.285231560697593,0.10684075980599783,0,Low
SYNID0200741954,17.281618479729655,0.10685325385834077,0,Low
SYNID0200064981,17.27755649197936,0.1068673002326177,0,Low
SYNID0200570580,17.276689809677375,0.10687029722442104,0,Low
SYNID0200080420,17.272304395069813,0.10688546201041355,0,Low
SYNID0200852322,17.267424092394368,0.10690233812185901,0,Low
SYNID0200553721,17.25901469729977,0.10693141785281901,0,Low
SYNID0200042014,17.254243319603848,0.1069479173011319,0,Low
SYNID0200174398,17.25104984539439,0.10695896035117225,0,Low
SYNID0200266650,17.24693539185385,0.10697318815241841,0,Low
SYNID0200284396,17.24497390756387,0.10697997097505824,0,Low
SYNID0200926410,17.243433528043102,0.10698529761526676,0,Low
SYNID0200789087,17.241093214163605,0.10699339043255174,0,Low
SYNID0200382251,17.23782383723537,0.10700469595457923,0,Low
SYNID0200309513,17.23672393847593,0.10700849941007728,0,Low
SYNID0200560050,17.226945053463016,0.10704231484413235,0,Low
SYNID0200145813,17.210201574166547,0.1071002138806027,0,Low
SYNID0200821146,17.210052068725883,0.10710073087117605,0,Low
SYNID0200958102,17.193453954052078,0.10715812723604273,0,Low
SYNID0200828080,17.187132710012282,0.10717998613004664,0,Low
SYNID0200211531,17.175014019787675,0.10722189262241083,0,Low
SYNID0200473879,17.17447504142805,0.10722375641231663,0,Low
SYNID0200776551,17.170283864063887,0.10723824952493466,0,Low
SYNID0200738550,17.169892955682005,0.10723960128810517,0,Low
SYNID0200331625,17.167357621823324,0.10724836848546893,0,Low
SYNID0200070554,17.16148613358132,0.10726867212163915,0,Low
SYNID0200614756,17.160734840171106,0.10727127009806853,0,Low
SYNID0200413355,17.149800648090704,0.10730908058983235,0,Low
SYNID0200374275,17.146320688848345,0.10732111430657193,0,Low
SYNID0200397786,17.14345847900846,0.10733101184273935,0,Low
SYNID0200733676,17.141154331960237,0.10733897959493804,0,Low
SYNID0200843914,17.14015706478586,0.10734242814989353,0,Low
SYNID0200882025,17.137170686200704,0.10735275506221292,0,Low
SYNID0200671865,17.13402682427172,0.10736362655273535,0,Low
SYNID0200250544,17.133737259560668,0.10736462786897727,0,Low
SYNID0200383718,17.12846344157505,0.1073828647583645,0,Low
SYNID0200392171,17.126080628608044,0.10739110453771,0,Low
SYNID0200555428,17.125331143391012,0.10739369626139816,0,Low
SYNID0200563678,17.123495691967577,0.10740004326174518,0,Low
SYNID0200759302,17.122119887047656,0.10740480080214787,0,Low
SYNID0200576187,17.121138837056826,0.10740819327800027,0,Low
SYNID0200617431,17.117674110181067,0.10742017432113876,0,Low
SYNID0200049394,17.11337884271593,0.10743502737785476,0,Low
SYNID0200399505,17.111075098402768,0.10744299373739358,0,Low
SYNID0200111728,17.10301205665554,0.10747087577671877,0,Low
SYNID0200591527,17.091885471133896,0.10750935156597985,0,Low
SYNID0200258475,17.084318356561354,0.10753551868661548,0,Low
SYNID0200909549,17.073478657996706,0.10757300241932177,0,Low
SYNID0200639566,17.069792165840784,0.10758575032792572,0,Low
SYNID0200605134,17.068678385695073,0.107589601785328,0,Low
SYNID0200740877,17.06807583466119,0.10759168540986436,0,Low
SYNID0200931558,17.067222415881325,0.10759463653634083,0,Low
SYNID0200540168,17.06270933197347,0.10761024280342235,0,Low
SYNID0200109884,17.061019599094696,0.10761608590830163,0,Low
SYNID0200753655,17.04593435382564,0.10766825076308073,0,Low
SYNID0200330237,17.045363005425518,0.10767022648875102,0,Low
SYNID0200202608,17.040207238614837,0.10768805515657559,0,Low
SYNID0200937170,17.03841260230366,0.10769426101805707,0,Low
SYNID0200525900,17.035480073142455,0.10770440171879486,0,Low
SYNID0200020495,17.031773081872878,0.10771722051343796,0,Low
SYNID0200611648,17.030443258836943,0.10772181904825223,0,Low
SYNID0200613218,17.02372285357978,0.10774505824377367,0,Low
SYNID0200407590,17.016155294193155,0.10777122690257868,0,Low
SYNID0200955379,17.01488744449365,0.10777561113328071,0,Low
SYNID0200680822,17.009752154118598,0.10779336899348685,0,Low
SYNID0200959582,17.007610140258468,0.10780077608829741,0,Low
SYNID0200337307,17.005582749151113,0.10780778681704656,0,Low
SYNID0200887093,17.00499927987019,0.10780980445678423,0,Low
SYNID0200885488,17.00178577285681,0.10782091678036232,0,Low
SYNID0200119062,16.998671529651826,0.10783168584918668,0,Low
SYNID0200645017,16.98281086712026,0.10788653210079896,0,Low
SYNID0200029336,16.982498587672616,0.10788761196471541,0,Low
SYNID0200779013,16.97864842436168,0.1079009258490049,0,Low
SYNID0200978947,16.97593593933525,0.10791030563600673,0,Low
SYNID0200566993,16.97066641391748,0.10792852768167255,0,Low
SYNID0200600945,16.96780285377471,0.10793842988719421,0,Low
SYNID0200746939,16.965841141089445,0.1079452134996261,0,Low
SYNID0200087245,16.953709055499658,0.10798716631323113,0,Low
SYNID0200642430,16.94592713327666,0.10801407623981335,0,Low
SYNID0200406497,16.944912750841166,0.10801758397942873,0,Low
SYNID0200677902,16.943944559368983,0.10802093199045831,0,Low
SYNID0200484644,16.934748377324045,0.10805273243468977,0,Low
SYNID0200011226,16.93252309290351,0.10806042747952127,0,Low
SYNID0200987026,16.930078148946027,0.10806888210814747,0,Low
SYNID0200710389,16.92959698882857,0.10807054596227811,0,Low
SYNID0200864296,16.92720261869656,0.1080788257063589,0,Low
SYNID0200336358,16.924789245785426,0.10808717116214644,0,Low
SYNID0200260167,16.9189740242967,0.10810728022759797,0,Low
SYNID0200221792,16.917546288413035,0.10811221734553711,0,Low
SYNID0200210436,16.915290176042998,0.1081200189935746,0,Low
SYNID0200436868,16.912244926537717,0.10813054948183487,0,Low
SYNID0200631927,16.905483214312003,0.10815393151706343,0,Low
SYNID0200395301,16.90242932018432,0.10816449189847188,0,Low
SYNID0200129013,16.900461881123558,0.10817129531273934,0,Low
SYNID0200592271,16.898647964254646,0.10817756784648741,0,Low
SYNID0200108372,16.89665092472429,0.10818447361932909,0,Low
SYNID0200144451,16.891540704881603,0.10820214478550694,0,Low
SYNID0200049207,16.890331427740627,0.10820632647200401,0,Low
SYNID0200662812,16.884767511378417,0.10822556652305132,0,Low
SYNID0200073454,16.88277449045915,0.10823245839951545,0,Low
SYNID0200499525,16.88199720159321,0.10823514626836278,0,Low
SYNID0200735415,16.872900441501447,0.10826660291097506,0,Low
SYNID0200104924,16.872271521566898,0.10826877771930388,0,Low
SYNID0200514060,16.871499893031498,0.10827144601469946,0,Low
SYNID0200559994,16.86799082939902,0.10828358037456792,0,Low
SYNID0200681838,16.865631544965943,0.10829173879212356,0,Low
SYNID0200702169,16.85518375727614,0.10832786729503358,0,Low
SYNID0200415156,16.837960521414036,0.10838742533214524,0,Low
SYNID0200001811,16.82666696059441,0.10842647852283505,0,Low
SYNID0200744309,16.820362492169465,0.10844827940667756,0,Low
SYNID0200979885,16.818246232718977,0.10845559744260874,0,Low
SYNID0200425405,16.814347854776997,0.10846907805333733,0,Low
SYNID0200933165,16.81097810141428,0.10848073067758524,0,Low
SYNID0200986958,16.80701667175246,0.10849442932148134,0,Low
SYNID0200100299,16.79561409024659,0.10853385950625805,0,Low
SYNID0200905332,16.79526621403502,0.10853506246396499,0,Low
SYNID0200970116,16.78718283535675,0.10856301482850106,0,Low
SYNID0200722458,16.78621257567275,0.10856636999141761,0,Low
SYNID0200510070,16.785927468149513,0.10856735589468142,0,Low
SYNID0200440145,16.779118344916203,0.1085909018774151,0,Low
SYNID0200235805,16.76291199895269,0.10864694350409126,0,Low
SYNID0200782885,16.76205437102514,0.10864990918582179,0,Low
SYNID0200793183,16.757257302529503,0.10866649747305063,0,Low
SYNID0200552718,16.75325774525749,0.1086803279624165,0,Low
SYNID0200191578,16.75288840076434,0.10868160515755021,0,Low
SYNID0200331276,16.741833749223908,0.10871983219873882,0,Low
SYNID0200174533,16.740680691948718,0.10872381947665438,0,Low
SYNID0200711069,16.738719107529917,0.10873060264554019,0,Low
SYNID0200873394,16.73767881060596,0.10873419999758832,0,Low
SYNID0200913792,16.732307645917352,0.10875277351236906,0,Low
SYNID0200367679,16.732062354112156,0.10875362173267761,0,Low
SYNID0200748727,16.731797328270453,0.10875453819338465,0,Low
SYNID0200579256,16.73001404326451,0.10876070480199496,0,Low
SYNID0200932659,16.725031455801748,0.1087779346147546,0,Low
SYNID0200350675,16.7212966163692,0.10879084970848674,0,Low
SYNID0200134054,16.71358508456919,0.10881751622462865,0,Low
SYNID0200123837,16.706132174896073,0.10884328842414187,0,Low
SYNID0200445203,16.7043467515434,0.10884946242716603,0,Low
SYNID0200526483,16.704164021733686,0.10885009430777637,0,Low
SYNID0200218711,16.703100390130892,0.10885377235126248,0,Low
SYNID0200901050,16.702306792440854,0.1088565166161064,0,Low
SYNID0200165507,16.701463462822428,0.10885943285421135,0,Low
SYNID0200195300,16.69672898211273,0.10887580471255842,0,Low
SYNID0200240280,16.69643056328957,0.108876836646365,0,Low
SYNID0200788946,16.696078883574206,0.10887805275660739,0,Low
SYNID0200381121,16.694396074721134,0.10888387191817062,0,Low
SYNID0200863914,16.693678355541056,0.1088863537947416,0,Low
SYNID0200849802,16.692169899985178,0.10889157004171734,0,Low
SYNID0200073367,16.688900254621835,0.10890287649199482,0,Low
SYNID0200410362,16.687000416315595,0.10890944614250969,0,Low
SYNID0200199373,16.668417203356835,0.10897370698733078,0,Low
SYNID0200833621,16.66758938868628,0.10897656957466717,0,Low
SYNID0200636244,16.66225018367745,0.10899503257271287,0,Low
SYNID0200310803,16.655969845737015,0.10901675001321737,0,Low
SYNID0200510000,16.652102005501344,0.1090301250244024,0,Low
SYNID0200284989,16.641518253419935,0.10906672369286935,0,Low
SYNID0200849033,16.638939094139907,0.10907564243876278,0,Low
SYNID0200468746,16.636382471343076,0.10908448325338282,0,Low
SYNID0200359869,16.63507913175374,0.1090889902083042,0,Low
SYNID0200231839,16.633564995891433,0.10909422609780844,0,Low
SYNID0200992339,16.616499638398885,0.1091532381907161,0,Low
SYNID0200525570,16.613201843572032,0.10916464198198139,0,Low
SYNID0200664904,16.60830544874383,0.10918157374017284,0,Low
SYNID0200375953,16.608093097711667,0.10918230805112089,0,Low
SYNID0200654822,16.608037037162873,0.10918250190878342,0,Low
SYNID0200643675,16.59238643521164,0.10923662176984172,0,Low
SYNID0200102755,16.592047356068356,0.10923779430724184,0,Low
SYNID0200994027,16.586970127336603,0.10925535138999048,0,Low
SYNID0200692316,16.582723601313305,0.109270035898553,0,Low
SYNID0200043476,16.58061134175341,0.10927734010284218,0,Low
SYNID0200551902,16.572740492390075,0.10930455753992746,0,Low
SYNID0200774161,16.565769881287217,0.10932866194853447,0,Low
SYNID0200889308,16.560911283573077,0.10934546300411346,0,Low
SYNID0200068793,16.55585217172429,0.10936295743858876,0,Low
SYNID0200468446,16.55574469835086,0.10936332908206009,0,Low
SYNID0200878503,16.55561758317831,0.10936376864697256,0,Low
SYNID0200312502,16.554375554889297,0.10936806358710593,0,Low
SYNID0200341428,16.553676545948555,0.10937048076357425,0,Low
SYNID0200537853,16.55292578311404,0.10937307690527015,0,Low
SYNID0200541017,16.55187269921408,0.10937671847474628,0,Low
SYNID0200302386,16.537448861125096,0.1094265961801365,0,Low
SYNID0200794772,16.533171813161886,0.1094413862337223,0,Low
SYNID0200943845,16.53123987783708,0.10944806687589043,0,Low
SYNID0200893441,16.528975619790884,0.10945589669171746,0,Low
SYNID0200690756,16.528823739829782,0.10945642189339455,0,Low
SYNID0200276971,16.526136517253928,0.10946571432271396,0,Low
SYNID0200723991,16.524048907248588,0.10947293328871827,0,Low
SYNID0200945506,16.523356625652177,0.10947532720199571,0,Low
SYNID0200143186,16.519643126268402,0.10948816850173076,0,Low
SYNID0200700419,16.51244308381051,0.10951306628512908,0,Low
SYNID0200967145,16.51119900947942,0.10951736830048636,0,Low
SYNID0200619627,16.510073730717505,0.1095212595201619,0,Low
SYNID0200102850,16.506335412952247,0.10953418664198622,0,Low
SYNID0200840397,16.50200477022196,0.10954916202654885,0,Low
SYNID0200190259,16.50074614227423,0.1095535143683864,0,Low
SYNID0200737508,16.497994958152493,0.10956302797705642,0,Low
SYNID0200220613,16.49763608170747,0.10956426897362653,0,Low
SYNID0200775528,16.481915594276096,0.1096186304990302,0,Low
SYNID0200109069,16.47146247897529,0.10965477742484614,0,Low
SYNID0200739309,16.46938499276415,0.10966196138271866,0,Low
SYNID0200628727,16.467732828679523,0.10966767457451693,0,Low
SYNID0200948138,16.46630340791331,0.10967261751878848,0,Low
SYNID0200506958,16.456334974237475,0.10970708841308291,0,Low
SYNID0200542996,16.449741500447583,0.10972988867894568,0,Low
SYNID0200830799,16.43957349768065,0.109765049684171,0,Low
SYNID0200639873,16.436358111962253,0.10977616850432059,0,Low
SYNID0200659822,16.433682676287926,0.10978542017447462,0,Low
SYNID0200442701,16.42692238020004,0.10980879731269139,0,Low
SYNID0200094546,16.422169898763773,0.10982523141764239,0,Low
SYNID0200775027,16.419003359688727,0.1098361813258511,0,Low
SYNID0200920366,16.417812926442522,0.10984029785006433,0,Low
SYNID0200742327,16.406737085011574,0.10987859816600198,0,Low
SYNID0200828085,16.40372759707025,0.1098890049905924,0,Low
SYNID0200447435,16.40127452136689,0.10989748773883717,0,Low
SYNID0200136140,16.400825480008077,0.10989904052613725,0,Low
SYNID0200717641,16.398108024661898,0.10990843750053003,0,Low
SYNID0200672528,16.398050739872712,0.10990863559162206,0,Low
SYNID0200948897,16.396186393190053,0.10991508251192228,0,Low
SYNID0200216929,16.395731291081265,0.10991665625732655,0,Low
SYNID0200229032,16.388186818386362,0.10994274508223428,0,Low
SYNID0200864719,16.387126814941155,0.10994641057953303,0,Low
SYNID0200079374,16.38301400072731,0.10996063271197914,0,Low
SYNID0200107103,16.37522520229226,0.10998756641653756,0,Low
SYNID0200503812,16.37399345104181,0.10999182581861938,0,Low
SYNID0200826680,16.37121505895018,0.11000143351258751,0,Low
SYNID0200430523,16.369377367072396,0.11000778826043706,0,Low
SYNID0200179983,16.36555619751463,0.11002100188418079,0,Low
SYNID0200000050,16.36450532048543,0.11002463582228661,0,Low
SYNID0200203256,16.364104668247172,0.11002602127976197,0,Low
SYNID0200933094,16.359456839929273,0.11004209349369798,0,Low
SYNID0200878172,16.35320892621464,0.11006369881106493,0,Low
SYNID0200912864,16.349242324652668,0.11007741533941806,0,Low
SYNID0200173212,16.346802924061265,0.1100858507990562,0,Low
SYNID0200379652,16.346280774701963,0.11008765639419338,0,Low
SYNID0200757633,16.343803004842506,0.11009622453495538,0,Low
SYNID0200467284,16.343317386983582,0.11009790380397866,0,Low
SYNID0200342378,16.342581208105234,0.11010044951428005,0,Low
SYNID0200790772,16.340777445918423,0.11010668693308584,0,Low
SYNID0200748269,16.33829903923047,0.11011525727600402,0,Low
SYNID0200380832,16.32464849836102,0.11016246091568044,0,Low
SYNID0200958348,16.324571284613477,0.11016272792121173,0,Low
SYNID0200668244,16.319698393609855,0.11017957840305836,0,Low
SYNID0200600784,16.312640198785004,0.11020398567662099,0,Low
SYNID0200523645,16.31143265732044,0.1102081613611402,0,Low
SYNID0200130105,16.30528235729751,0.11022942912986533,0,Low
SYNID0200485331,16.30275892807024,0.1102381551609532,0,Low
SYNID0200065505,16.298943003039366,0.1102513506490963,0,Low
SYNID0200985788,16.295760426776816,0.11026235601398088,0,Low
SYNID0200963307,16.287731371697795,0.11029012052723475,0,Low
SYNID0200813045,16.278669515499548,0.11032145647200592,0,Low
SYNID0200854267,16.275596069941383,0.11033208446236031,0,Low
SYNID0200234920,16.275352032547776,0.11033292834490721,0,Low
SYNID0200873440,16.273686161379327,0.11033868893587095,0,Low
SYNID0200444781,16.273269219072294,0.1103401307244869,0,Low
SYNID0200405064,16.26841442460149,0.11035691862843111,0,Low
SYNID0200536595,16.26034648832361,0.11038481759306817,0,Low
SYNID0200708852,16.259383318488307,0.11038814823925192,0,Low
SYNID0200958901,16.258598441091006,0.11039086234927925,0,Low
SYNID0200556963,16.258520241354187,0.11039113276436646,0,Low
SYNID0200255601,16.24747469368183,0.110429328324333,0,Low
SYNID0200266262,16.24414608939935,0.11044083865485238,0,Low
SYNID0200845321,16.243435622278476,0.1104432954537658,0,Low
SYNID0200689024,16.24093382021086,0.11045194669802572,0,Low
SYNID0200303482,16.239818441939082,0.11045580368175606,0,Low
SYNID0200949934,16.238474545028666,0.11046045088409978,0,Low
SYNID0200340163,16.23318503328255,0.11047874204259056,0,Low
SYNID0200316768,16.22506839668716,0.11050680941317298,0,Low
SYNID0200064104,16.223287171423262,0.11051296889918483,0,Low
SYNID0200457259,16.222637969124246,0.11051521384403301,0,Low
SYNID0200343733,16.217414253816944,0.1105332774781041,0,Low
SYNID0200959491,16.19891488582167,0.1105972483866155,0,Low
SYNID0200426884,16.192256153553036,0.1106202743166293,0,Low
SYNID0200751362,16.19076619219903,0.11062542661056102,0,Low
SYNID0200626610,16.18804955069361,0.11063482077068831,0,Low
SYNID0200479059,16.183000204952677,0.11065228143391304,0,Low
SYNID0200622331,16.18158380263816,0.1106571793603125,0,Low
SYNID0200929091,16.179649076835773,0.11066386965196628,0,Low
SYNID0200348827,16.17176071098026,0.1106911476611705,0,Low
SYNID0200798590,16.159136165301028,0.11073480340426672,0,Low
SYNID0200718681,16.158456673545352,0.11073715309020993,0,Low
SYNID0200423451,16.156315987821415,0.11074455559231877,0,Low
SYNID0200135900,16.14417206463503,0.110786549340393,0,Low
SYNID0200639238,16.140478643042194,0.11079932121102498,0,Low
SYNID0200188796,16.13835524834252,0.11080666392068411,0,Low
SYNID0200625753,16.13768721741821,0.11080897397501421,0,Low
SYNID0200847126,16.13458194358131,0.11081971202771818,0,Low
SYNID0200668154,16.13457912115858,0.1108197217876703,0,Low
SYNID0200361298,16.131420710939025,0.11083064358625544,0,Low
SYNID0200479033,16.125209547621232,0.11085212182056342,0,Low
SYNID0200390355,16.121688171323953,0.11086429875768933,0,Low
SYNID0200816819,16.107607898804922,0.1109129884115932,0,Low
SYNID0200185275,16.1066094577328,0.11091644102589304,0,Low
SYNID0200793182,16.104195546744045,0.11092478834235575,0,Low
SYNID0200825706,16.10272176468154,0.11092988468821524,0,Low
SYNID0200799592,16.09350012086246,0.11096177317939104,0,Low
SYNID0200830083,16.090109821082358,0.11097349685325464,0,Low
SYNID0200610530,16.084395341862056,0.11099325755143014,0,Low
SYNID0200011568,16.080783164517953,0.11100574847903727,0,Low
SYNID0200911805,16.079163537650416,0.11101134915697353,0,Low
SYNID0200979594,16.078559745176968,0.11101343707441419,0,Low
SYNID0200290654,16.07334572772642,0.11103146717324736,0,Low
SYNID0200841057,16.06824986027226,0.11104908870879276,0,Low
SYNID0200017537,16.066902348736825,0.11105374841052817,0,Low
SYNID0200521447,16.065978174144952,0.11105694421096202,0,Low
SYNID0200965745,16.06453759044377,0.11106192575671942,0,Low
SYNID0200929852,16.062866888315547,0.1110677030531666,0,Low
SYNID0200505771,16.05824840562545,0.11108367378977257,0,Low
SYNID0200893023,16.05820922443843,0.11108380927851635,0,Low
SYNID0200992305,16.051418867672012,0.11110729036671219,0,Low
SYNID0200811863,16.049191862777214,0.11111499136095243,0,Low
SYNID0200186247,16.049164692639657,0.11111508531542613,0,Low
SYNID0200423882,16.04677842739938,0.11112333703275012,0,Low
SYNID0200090716,16.04333299228933,0.1111352513648648,0,Low
SYNID0200872404,16.041535137630873,0.1111414683554075,0,Low
SYNID0200961902,16.03663821197526,0.11115840194920285,0,Low
SYNID0200917789,16.02812466150028,0.11118784184999736,0,Low
SYNID0200897935,16.025562462242675,0.1111967019480471,0,Low
SYNID0200468601,16.011843955333923,0.11124414061463272,0,Low
SYNID0200758741,16.00935834527153,0.1112527358668563,0,Low
SYNID0200034670,15.987448065447204,0.11132850172580128,0,Low
SYNID0200318851,15.983727990302398,0.11134136576455139,0,Low
SYNID0200067891,15.979125624053644,0.11135728077042134,0,Low
SYNID0200019234,15.97726223090742,0.11136372439338771,0,Low
SYNID0200840577,15.975953446377673,0.11136825017694069,0,Low
SYNID0200245576,15.974235576505059,0.11137419057968762,0,Low
SYNID0200775624,15.971501914018233,0.1113836435984551,0,Low
SYNID0200522492,15.966287548337561,0.1114016749014698,0,Low
SYNID0200050117,15.965630029438522,0.11140394860516312,0,Low
SYNID0200712265,15.964122689634628,0.11140916099386283,0,Low
SYNID0200608592,15.953046392019324,0.1114474628872883,0,Low
SYNID0200556982,15.949888868537641,0.11145838161952937,0,Low
SYNID0200833851,15.949294964479684,0.11146043534277905,0,Low
SYNID0200153079,15.94753936332242,0.11146650622049997,0,Low
SYNID0200010349,15.947429475976186,0.11146688621150153,0,Low
SYNID0200503309,15.945475769175516,0.1114736421395438,0,Low
SYNID0200672933,15.943958248724456,0.11147888973297315,0,Low
SYNID0200126633,15.93820535137663,0.11149878328122881,0,Low
SYNID0200851396,15.935692514798802,0.11150747268288108,0,Low
SYNID0200034847,15.926508795456343,0.11153923003102406,0,Low
SYNID0200804142,15.925963688453045,0.11154111501381081,0,Low
SYNID0200713118,15.924448885447141,0.11154635321030099,0,Low
SYNID0200069339,15.921035969456653,0.11155815509113498,0,Low
SYNID0200190885,15.919698435769497,0.11156278028942035,0,Low
SYNID0200421209,15.911896769716812,0.11158975849026592,0,Low
SYNID0200247014,15.907968143958328,0.11160334369809766,0,Low
SYNID0200761097,15.90241544758613,0.1116225449503625,0,Low
SYNID0200357327,15.897397196956973,0.11163989808653274,0,Low
SYNID0200601582,15.894313691928737,0.11165056086258573,0,Low
SYNID0200334499,15.892979265890034,0.11165517531460695,0,Low
SYNID0200522649,15.889918826679086,0.1116657583289466,0,Low
SYNID0200530200,15.883913732926906,0.11168652397364975,0,Low
SYNID0200385347,15.883913732926906,0.11168652397364975,0,Low
SYNID0200413137,15.878365869076212,0.1117057085150307,0,Low
SYNID0200215756,15.87080451761603,0.1117318557067945,0,Low
SYNID0200731686,15.86636583913861,0.1117472046795196,0,Low
SYNID0200909409,15.865008105900138,0.11175189972795602,0,Low
SYNID0200149086,15.863554525706832,0.1117569262156492,0,Low
SYNID0200524706,15.858746588590613,0.1117735520866232,0,Low
SYNID0200606169,15.850129218412278,0.11180335099647937,0,Low
SYNID0200525501,15.844154359928588,0.1118240120874705,0,Low
SYNID0200905966,15.83514728386637,0.11185515860225298,0,Low
SYNID0200953841,15.833349201276171,0.11186137638098481,0,Low
SYNID0200671599,15.828446622979762,0.11187832952164073,0,Low
SYNID0200762955,15.823403437575259,0.11189576888239078,0,Low
SYNID0200818996,15.822159706699743,0.11190006971007693,0,Low
SYNID0200530767,15.819515679168866,0.11190921277071136,0,Low
SYNID0200760660,15.818719085944863,0.11191196739412695,0,Low
SYNID0200158077,15.81679852257087,0.11191860871203141,0,Low
SYNID0200498543,15.811981504333815,0.11193526598556741,0,Low
SYNID0200845019,15.803685113379721,0.11196395494763545,0,Low
SYNID0200450169,15.802627820013925,0.11196761107346581,0,Low
SYNID0200103290,15.800209941659261,0.11197597210909999,0,Low
SYNID0200534001,15.79148104935566,0.11200615666303188,0,Low
SYNID0200666559,15.791144360012701,0.11200732093649035,0,Low
SYNID0200088065,15.788348699774822,0.11201698834379592,0,Low
SYNID0200218284,15.782499059167911,0.112037216430733,0,Low
SYNID0200427255,15.774661422500735,0.11206431901814623,0,Low
SYNID0200394395,15.770808291706182,0.11207764316400914,0,Low
SYNID0200167323,15.764840490925124,0.11209827984942872,0,Low
SYNID0200054415,15.759307773447127,0.11211741201457592,0,Low
SYNID0200654826,15.758446011296932,0.11212039199246937,0,Low
SYNID0200771121,15.754260992255148,0.11213486380957732,0,Low
SYNID0200291059,15.753508814346475,0.11213746484460685,0,Low
SYNID0200325167,15.74902476728925,0.11215297070211139,0,Low
SYNID0200149891,15.747218278987873,0.1121592175478352,0,Low
SYNID0200422315,15.74480612834072,0.11216755877702766,0,Low
SYNID0200442219,15.744477027140192,0.11216869681065106,0,Low
SYNID0200971164,15.743425378163145,0.11217233341815647,0,Low
SYNID0200008951,15.740360539575157,0.11218293164556425,0,Low
SYNID0200665271,15.739866272048332,0.11218464082518309,0,Low
SYNID0200135480,15.735699504400237,0.11219904952887894,0,Low
SYNID0200883943,15.728738541808752,0.11222312057288458,0,Low
SYNID0200448700,15.724776864125424,0.11223682007444036,0,Low
SYNID0200402144,15.721573417889658,0.11224789760779835,0,Low
SYNID0200134822,15.720470069994121,0.11225171299042652,0,Low
SYNID0200625970,15.711654588639185,0.11228219696973785,0,Low
SYNID0200488698,15.706627007910704,0.11229958236943893,0,Low
SYNID0200820187,15.694135181961201,0.1123427791670355,0,Low
SYNID0200618065,15.686953353503469,0.11236761396632872,0,Low
SYNID0200926843,15.681473482096294,0.11238656338949454,0,Low
SYNID0200216029,15.66315255528319,0.11244991724749143,0,Low
SYNID0200402069,15.658226900883037,0.11246695018543135,0,Low
SYNID0200803054,15.657166119114756,0.11247061837417521,0,Low
SYNID0200778012,15.656887513795859,0.11247158179278338,0,Low
SYNID0200272895,15.65641360934385,0.11247322055678605,0,Low
SYNID0200284967,15.655772759883284,0.11247543661747644,0,Low
SYNID0200106632,15.65518184333267,0.11247748000991054,0,Low
SYNID0200770489,15.652215561505585,0.11248773742753843,0,Low
SYNID0200018616,15.649765903621862,0.11249620835694552,0,Low
SYNID0200509092,15.644499542063208,0.11251441946197044,0,Low
SYNID0200430531,15.644171336283108,0.11251555439922545,0,Low
SYNID0200721077,15.638592785218563,0.11253484505714778,0,Low
SYNID0200063734,15.62400307416619,0.11258529635208808,0,Low
SYNID0200503740,15.62104816409667,0.11259551444612054,0,Low
SYNID0200276499,15.618549705261223,0.11260415412946662,0,Low
SYNID0200450407,15.617184879341409,0.11260887370443118,0,Low
SYNID0200662873,15.61345154771248,0.11262178358417074,0,Low
SYNID0200327232,15.605357381430302,0.11264977325229591,0,Low
SYNID0200398403,15.605355788460358,0.11264977876079407,0,Low
SYNID0200100376,15.604450141944099,0.11265291049104831,0,Low
SYNID0200942593,15.60342452326833,0.11265645708563965,0,Low
SYNID0200815501,15.59911026568524,0.11267137581028003,0,Low
SYNID0200055445,15.596970347899024,0.11267877565685636,0,Low
SYNID0200210585,15.592118837773135,0.11269555220351918,0,Low
SYNID0200782112,15.588762593398705,0.11270715811361692,0,Low
SYNID0200980890,15.587218807011809,0.11271249653478582,0,Low
SYNID0200945316,15.584360576631525,0.11272238030996173,0,Low
SYNID0200220243,15.580152540841148,0.11273693171910326,0,Low
SYNID0200657348,15.578511790531714,0.11274260544200893,0,Low
SYNID0200696766,15.571398744605396,0.11276720239095905,0,Low
SYNID0200413125,15.570868575757274,0.11276903571752933,0,Low
SYNID0200195334,15.56741087014808,0.11278099248109236,0,Low
SYNID0200482751,15.566878415159174,0.11278283371314907,0,Low
SYNID0200513177,15.563348977849074,0.11279503852529826,0,Low
SYNID0200050963,15.561807845416084,0.11280036776908109,0,Low
SYNID0200679363,15.560392633254658,0.1128052615799251,0,Low
SYNID0200396918,15.555664672211158,0.11282161089323334,0,Low
SYNID0200657520,15.55513254889972,0.11282345097834767,0,Low
SYNID0200075759,15.54855692549242,0.11284618951749675,0,Low
SYNID0200360036,15.546900370273619,0.11285191789385929,0,Low
SYNID0200923821,15.54300254638008,0.11286539658868555,0,Low
SYNID0200497836,15.535526731508284,0.11289124799449218,0,Low
SYNID0200191647,15.53224166303879,0.11290260777794908,0,Low
SYNID0200378345,15.527752939330313,0.1129181298073374,0,Low
SYNID0200857691,15.51500024111263,0.11296222870256262,0,Low
SYNID0200820826,15.511759653584065,0.11297343467069981,0,Low
SYNID0200835140,15.5100275373875,0.11297942433730734,0,Low
SYNID0200376774,15.509078569156728,0.11298270587427045,0,Low
SYNID0200188620,15.50375041881611,0.11300113064521733,0,Low
SYNID0200935258,15.500442039917552,0.11301257103625634,0,Low
SYNID0200108323,15.500085649138157,0.1130138034373821,0,Low
SYNID0200753816,15.499492273775779,0.11301585533239977,0,Low
SYNID0200920502,15.49815795495924,0.11302046941364619,0,Low
SYNID0200337864,15.496244319343262,0.11302708677532824,0,Low
SYNID0200775821,15.495202407053164,0.1130306897133207,0,Low
SYNID0200898171,15.494169308064926,0.11303426217487056,0,Low
SYNID0200468472,15.490107888753926,0.11304830658348153,0,Low
SYNID0200977470,15.489579086731446,0.11305013518356177,0,Low
SYNID0200378174,15.483641362402231,0.11307066786445807,0,Low
SYNID0200955400,15.48325183034256,0.11307201486829938,0,Low
SYNID0200483795,15.479368229424892,0.11308544438000284,0,Low
SYNID0200027423,15.475950925049908,0.11309726143589272,0,Low
SYNID0200477649,15.47043441682294,0.11311633754936751,0,Low
SYNID0200537685,15.468918970369991,0.11312157797090083,0,Low
SYNID0200081385,15.457092753574862,0.11316247308866001,0,Low
SYNID0200532946,15.456102402821159,0.11316589772659769,0,Low
SYNID0200708854,15.452529563905841,0.11317825262171821,0,Low
SYNID0200388884,15.432515783774434,0.11324746037509015,0,Low
SYNID0200088582,15.431875309133247,0.11324967513965323,0,Low
SYNID0200787910,15.425754278488895,0.11327084169471852,0,Low
SYNID0200776169,15.423015210356816,0.11328031340623473,0,Low
SYNID0200448998,15.42240876200659,0.11328241050771082,0,Low
SYNID0200933832,15.42226491080121,0.11328290794590984,0,Low
SYNID0200739113,15.41365792512449,0.11331267094610664,0,Low
SYNID0200703214,15.412742218058625,0.11331583746579255,0,Low
SYNID0200502799,15.411665838337335,0.1133195595923372,0,Low
SYNID0200353288,15.407509956061574,0.1133339306543602,0,Low
SYNID0200290865,15.394083486500435,0.11338035945431413,0,Low
SYNID0200825123,15.387306670227801,0.11340379371941367,0,Low
SYNID0200622941,15.382704311783343,0.11341970869829632,0,Low
SYNID0200575886,15.380022364145148,0.11342898288685449,0,Low
SYNID0200091660,15.377913832507794,0.1134362741999686,0,Low
SYNID0200456758,15.376529799815046,0.11344106019205152,0,Low
SYNID0200196319,15.372231583953422,0.11345592344433758,0,Low
SYNID0200249449,15.36953213227121,0.1134652581619689,0,Low
SYNID0200743100,15.365885625791748,0.11347786779990049,0,Low
SYNID0200840520,15.361377891169148,0.11349345556912643,0,Low
SYNID0200964390,15.360649310777347,0.11349597500382275,0,Low
SYNID0200969125,15.358428648334161,0.11350365406583307,0,Low
SYNID0200956661,15.354445406317637,0.11351742813696258,0,Low
SYNID0200052058,15.350438973289897,0.1135312824027267,0,Low
SYNID0200809340,15.346361776488358,0.1135453813699801,0,Low
SYNID0200384217,15.343359302323236,0.11355576394089678,0,Low
SYNID0200584432,15.341126819254107,0.1135634838786917,0,Low
SYNID0200895606,15.332458293023507,0.11359345968643647,0,Low
SYNID0200294954,15.328949635417231,0.11360559264226427,0,Low
SYNID0200616972,15.327746340440342,0.11360975364240755,0,Low
SYNID0200105480,15.31783328522593,0.11364403303770104,0,Low
SYNID0200162562,15.316548604492432,0.11364847547020412,0,Low
SYNID0200883818,15.310845655200964,0.11366819629782715,0,Low
SYNID0200765902,15.30624956894227,0.11368408958745957,0,Low
SYNID0200356191,15.30514495154376,0.11368790936003548,0,Low
SYNID0200736409,15.30486257965996,0.11368888580344422,0,Low
SYNID0200026303,15.304031912302065,0.11369175825538791,0,Low
SYNID0200274362,15.29795393734723,0.11371277592366014,0,Low
SYNID0200329261,15.292422480787394,0.11373190372854591,0,Low
SYNID0200819090,15.292048514832885,0.1137331969047165,0,Low
SYNID0200701792,15.29062571883616,0.11373811694050151,0,Low
SYNID0200935597,15.286442792840049,0.11375258151984691,0,Low
SYNID0200720250,15.281671350056243,0.11376908119323403,0,Low
SYNID0200746301,15.279507489020148,0.11377656383569007,0,Low
SYNID0200816975,15.276652810613577,0.11378643532812283,0,Low
SYNID0200716189,15.275905566657187,0.1137890193015203,0,Low
SYNID0200248346,15.268656547184762,0.1138140864476837,0,Low
SYNID0200124097,15.26779735195008,0.11381705754917026,0,Low
SYNID0200858972,15.262434358539181,0.11383560280763116,0,Low
SYNID0200515022,15.257326648833782,0.11385326529374151,0,Low
SYNID0200402013,15.246102650587012,0.11389207793670098,0,Low
SYNID0200702318,15.245573940512443,0.11389390621882489,0,Low
SYNID0200656613,15.244118986118863,0.1138989374585096,0,Low
SYNID0200250290,15.23695044861055,0.1139237262976322,0,Low
SYNID0200419748,15.226800719326192,0.11395882411306196,0,Low
SYNID0200238705,15.225290401538274,0.11396404679964556,0,Low
SYNID0200194289,15.217557539458667,0.11399078707600269,0,Low
SYNID0200032135,15.21101443568962,0.11401341316207747,0,Low
SYNID0200790114,15.210575106842448,0.11401493236346294,0,Low
SYNID0200509849,15.205624996758239,0.11403204986928256,0,Low
SYNID0200045621,15.204549221693469,0.11403576990492187,0,Low
SYNID0200656245,15.202679989832006,0.11404223371819522,0,Low
SYNID0200911077,15.201421673684017,0.11404658498182768,0,Low
SYNID0200421734,15.196273764029762,0.1140643864795654,0,Low
SYNID0200453303,15.190447141751179,0.11408453496900617,0,Low
SYNID0200244523,15.190018575970548,0.11408601695165288,0,Low
SYNID0200715626,15.181978903757255,0.114113818179011,0,Low
SYNID0200003557,15.16251706916794,0.11418111730189429,0,Low
SYNID0200850869,15.157125158535415,0.11419976255625447,0,Low
SYNID0200606572,15.155484224331019,0.11420543691506985,0,Low
SYNID0200012532,15.154325443880538,0.11420944398375465,0,Low
SYNID0200539957,15.137547208049739,0.11426746320849729,0,Low
SYNID0200078975,15.132295938545461,0.1142856221251215,0,Low
SYNID0200214447,15.131300578640754,0.11428906408472878,0,Low
SYNID0200343917,15.130032726866439,0.11429344832260552,0,Low
SYNID0200722076,15.122790645805026,0.11431849147570838,0,Low
SYNID0200941751,15.121654187190991,0.11432242135536935,0,Low
SYNID0200742916,15.115598886572208,0.1143433606156723,0,Low
SYNID0200117092,15.114346319752507,0.11434769199809836,0,Low
SYNID0200920944,15.112348412544819,0.11435460077137266,0,Low
SYNID0200796420,15.103473206117357,0.11438529128028818,0,Low
SYNID0200480858,15.101004010039397,0.11439382977287021,0,Low
SYNID0200353547,15.100359838981788,0.11439605731966007,0,Low
SYNID0200147002,15.099378772993248,0.11439944985083261,0,Low
SYNID0200298433,15.098638367570793,0.114402010176545,0,Low
SYNID0200087767,15.089536201450642,0.1144334855132309,0,Low
SYNID0200941183,15.08935316343652,0.11443411845961365,0,Low
SYNID0200238233,15.089325600642262,0.11443421377189622,0,Low
SYNID0200831044,15.08043991298937,0.11446494052494255,0,Low
SYNID0200642694,15.077866620573538,0.1144738389831898,0,Low
SYNID0200665919,15.065271873111016,0.11451739168390124,0,Low
SYNID0200314775,15.061173951289199,0.11453156231838008,0,Low
SYNID0200829769,15.06082264018928,0.11453277715394838,0,Low
SYNID0200232745,15.055142795772198,0.11455241808479838,0,Low
SYNID0200253060,15.051993621099015,0.11456330794681724,0,Low
SYNID0200618332,15.045900987564735,0.11458437630453167,0,Low
SYNID0200050035,15.045356278257827,0.11458625991208227,0,Low
SYNID0200860982,15.033951709333309,0.11462569696936276,0,Low
SYNID0200001747,15.033500401614738,0.11462725759374637,0,Low
SYNID0200507172,15.030619738129971,0.11463721894271156,0,Low
SYNID0200316957,15.029163355672871,0.11464225512064719,0,Low
SYNID0200320835,15.02588512495506,0.114653591259124,0,Low
SYNID0200956454,15.025376477563846,0.11465535016438694,0,Low
SYNID0200772176,15.002668217236241,0.1147338754439663,0,Low
SYNID0200734236,15.000199301475554,0.11474241296720977,0,Low
SYNID0200230745,14.993937823938076,0.11476406518834503,0,Low
SYNID0200388253,14.991870613099415,0.11477121361392734,0,Low
SYNID0200493567,14.990422760937463,0.11477622029405898,0,Low
SYNID0200446751,14.980180813270309,0.11481163700112496,0,Low
SYNID0200846950,14.975196806067054,0.11482887172335443,0,Low
SYNID0200753642,14.96844580831803,0.11485221670786816,0,Low
SYNID0200146866,14.958415140445844,0.11488690280832975,0,Low
SYNID0200684516,14.957876667427115,0.11488876485076416,0,Low
SYNID0200642008,14.956125380697792,0.11489482080917135,0,Low
SYNID0200140555,14.953479905222558,0.11490396887680471,0,Low
SYNID0200657065,14.950887481795618,0.11491293349018555,0,Low
SYNID0200425786,14.950853098956834,0.11491305238621674,0,Low
SYNID0200534434,14.94606379791859,0.11492961381353844,0,Low
SYNID0200862270,14.94499971878016,0.11493329340460506,0,Low
SYNID0200850942,14.94388006898442,0.11493716515928698,0,Low
SYNID0200612839,14.940604083943228,0.11494849353220266,0,Low
SYNID0200449251,14.933868961293122,0.11497178362054367,0,Low
SYNID0200252865,14.923594604025368,0.11500731240017315,0,Low
SYNID0200293573,14.918925434346654,0.11502345841264328,0,Low
SYNID0200013678,14.913159940130576,0.11504339552093334,0,Low
SYNID0200876895,14.912709222053664,0.11504495410633314,0,Low
SYNID0200701778,14.911825889084085,0.11504800867622961,0,Low
SYNID0200387119,14.910852899328546,0.1150513732797474,0,Low
SYNID0200713597,14.905857800950713,0.11506864635531494,0,Low
SYNID0200696754,14.90402910239601,0.11507497000420758,0,Low
SYNID0200311808,14.901247222013723,0.11508458976070252,0,Low
SYNID0200385302,14.901220858082404,0.11508468092731095,0,Low
SYNID0200095298,14.897420931559552,0.11509782109253203,0,Low
SYNID0200232138,14.882334247810064,0.11514999092158379,0,Low
SYNID0200353709,14.880702750587659,0.11515563264726747,0,Low
SYNID0200109368,14.874697068883918,0.11517640032511012,0,Low
SYNID0200772910,14.873849906041059,0.11517932981852463,0,Low
SYNID0200213705,14.873812900260411,0.11517945778470212,0,Low
SYNID0200823724,14.870078256442469,0.11519237220199796,0,Low
SYNID0200749372,14.865349532141863,0.11520872415465316,0,Low
SYNID0200465946,14.856687410348954,0.11523867781581987,0,Low
SYNID0200727890,14.84909388682896,0.11526493625872997,0,Low
SYNID0200655776,14.84831003060355,0.1152676468375397,0,Low
SYNID0200348665,14.84355742699639,0.11528408136495827,0,Low
SYNID0200254813,14.84105147368659,0.11529274696423475,0,Low
SYNID0200027495,14.839409135996348,0.11529842617631131,0,Low
SYNID0200156370,14.835724208342164,0.1153111686748603,0,Low
SYNID0200824352,14.831063643975938,0.11532728493011613,0,Low
SYNID0200889207,14.830048883598828,0.11533079397665552,0,Low
SYNID0200003338,14.829352169121371,0.11533320321885815,0,Low
SYNID0200946180,14.828651304456528,0.11533562681242981,0,Low
SYNID0200376537,14.823450840686064,0.11535361004256839,0,Low
SYNID0200550943,14.820512635233207,0.11536377037195156,0,Low
SYNID0200112362,14.81746018746788,0.11537432575183165,0,Low
SYNID0200220273,14.815781049783169,0.11538013221847604,0,Low
SYNID0200590894,14.815257953008505,0.11538194108978034,0,Low
SYNID0200986403,14.811031604177884,0.11539655582550806,0,Low
SYNID0200721615,14.80653516005895,0.11541210455211498,0,Low
SYNID0200430869,14.793148098194074,0.11545839708005501,0,Low
SYNID0200679343,14.78262220946042,0.11549479565677145,0,Low
SYNID0200861373,14.776753054838643,0.11551509122327108,0,Low
SYNID0200890455,14.774206664247956,0.11552389665487028,0,Low
SYNID0200009367,14.774151423805563,0.11552408767660072,0,Low
SYNID0200006425,14.760470990266214,0.11557139468528155,0,Low
SYNID0200561031,14.759830124617935,0.11557361080194911,0,Low
SYNID0200734190,14.75582335573612,0.11558746622909832,0,Low
SYNID0200917922,14.75582335573612,0.11558746622909832,0,Low
SYNID0200553806,14.751962072603682,0.11560081856578708,0,Low
SYNID0200185062,14.751614436757883,0.11560202069230796,0,Low
SYNID0200281474,14.751356655891009,0.11560291209985524,0,Low
SYNID0200548892,14.744024127235214,0.11562826802119897,0,Low
SYNID0200228401,14.738849299526017,0.11564616260170746,0,Low
SYNID0200829615,14.718655723867812,0.11571599208892447,0,Low
SYNID0200008191,14.717875172579582,0.11571869123924466,0,Low
SYNID0200195273,14.706246349033968,0.1157589037701442,0,Low
SYNID0200066894,14.705217854992291,0.11576246030776544,0,Low
SYNID0200584732,14.704473136487458,0.1157650355481386,0,Low
SYNID0200856288,14.70039254447336,0.11577914625605429,0,Low
SYNID0200590998,14.698912886431458,0.1157842629210804,0,Low
SYNID0200940519,14.698736662496621,0.11578487230434237,0,Low
SYNID0200404835,14.698736662496621,0.11578487230434237,0,Low
SYNID0200238632,14.698736662496621,0.11578487230434237,0,Low
SYNID0200591513,14.697649746166682,0.11578863086653324,0,Low
SYNID0200940463,14.692729937485502,0.11580564358994722,0,Low
SYNID0200007617,14.692201430762381,0.1158074711688808,0,Low
SYNID0200525572,14.68156121030028,0.11584426510529505,0,Low
SYNID0200559014,14.673029175794525,0.1158737689239619,0,Low
SYNID0200701492,14.660057364811522,0.1159186255122428,0,Low
SYNID0200757860,14.648358696486419,0.11595907956674462,0,Low
SYNID0200479135,14.646121552281883,0.11596681562276945,0,Low
SYNID0200901870,14.63534194019006,0.11600409157614744,0,Low
SYNID0200250246,14.634562412455466,0.11600678718701396,0,Low
SYNID0200060169,14.633065009506197,0.11601196521401991,0,Low
SYNID0200681826,14.629091720394939,0.11602570486795244,0,Low
SYNID0200819657,14.615365042274938,0.1160731717906281,0,Low
SYNID0200250539,14.613009137907135,0.11608131851990083,0,Low
SYNID0200110577,14.611464113958988,0.11608666122056283,0,Low
SYNID0200614177,14.602612274088862,0.11611727092780438,0,Low
SYNID0200349766,14.599401116400657,0.1161283751274041,0,Low
SYNID0200578107,14.593116530773543,0.11615010725643071,0,Low
SYNID0200680776,14.587917543242455,0.11616808538172602,0,Low
SYNID0200116119,14.573590170198045,0.11621762951050202,0,Low
SYNID0200842234,14.573399092932725,0.11621829025665625,0,Low
SYNID0200904692,14.56486532466392,0.11624780007068453,0,Low
SYNID0200618004,14.562609779456245,0.11625559975747168,0,Low
SYNID0200944517,14.560339335933165,0.11626345096270918,0,Low
SYNID0200193192,14.55898316131416,0.11626814062143159,0,Low
SYNID0200005684,14.558493617848512,0.11626983346522285,0,Low
SYNID0200940630,14.555401480911634,0.1162805260904598,0,Low
SYNID0200160806,14.545043749526307,0.11631634317821143,0,Low
SYNID0200748134,14.542838486980159,0.11632396898729958,0,Low
SYNID0200610972,14.538439824985545,0.1163391795828238,0,Low
SYNID0200860129,14.53437383314892,0.11635323980325163,0,Low
SYNID0200557849,14.529799337780275,0.11636905843147655,0,Low
SYNID0200833045,14.528789241483501,0.11637255134960245,0,Low
SYNID0200896080,14.526834094768596,0.11637931225687548,0,Low
SYNID0200357606,14.5189187638615,0.11640668351136507,0,Low
SYNID0200002991,14.51658281857842,0.11641476122202143,0,Low
SYNID0200938887,14.510869121884525,0.11643451921421666,0,Low
SYNID0200529855,14.5093456444012,0.11643978740709382,0,Low
SYNID0200045836,14.509043222417155,0.11644083318385107,0,Low
SYNID0200047653,14.508763248861882,0.11644180133382759,0,Low
SYNID0200729669,14.50432017665107,0.11645716550010504,0,Low
SYNID0200884617,14.496854967514942,0.11648298023122383,0,Low
SYNID0200871609,14.493811899864149,0.1164935031746202,0,Low
SYNID0200204345,14.491545513933168,0.11650134034868365,0,Low
SYNID0200473181,14.491457582533926,0.11650164441590893,0,Low
SYNID0200828957,14.48377946241095,0.11652819539430193,0,Low
SYNID0200331901,14.480388760083251,0.11653992046017714,0,Low
SYNID0200659642,14.476771651862705,0.11655242843878005,0,Low
SYNID0200709238,14.476398406591443,0.1165537191228243,0,Low
SYNID0200180918,14.47269131874176,0.11656653825144192,0,Low
SYNID0200919426,14.47183955676735,0.1165694836486767,0,Low
SYNID0200898006,14.47076361365361,0.11657320426543022,0,Low
SYNID0200397554,14.468805024487374,0.11657997707671741,0,Low
SYNID0200864196,14.46565770774913,0.11659086051398782,0,Low
SYNID0200398534,14.464935874547656,0.1165933566168657,0,Low
SYNID0200552390,14.458893293994876,0.1166142518911158,0,Low
SYNID0200519227,14.441702717688543,0.11667369699131769,0,Low
SYNID0200026611,14.439020966507684,0.1166829705005254,0,Low
SYNID0200144350,14.42953543214346,0.11671577152654694,0,Low
SYNID0200001467,14.424105319108584,0.11673454888500856,0,Low
SYNID0200757542,14.41274965074544,0.11677381684389937,0,Low
SYNID0200761325,14.411904455611882,0.11677673953296513,0,Low
SYNID0200831485,14.409380834131731,0.11678546622886443,0,Low
SYNID0200675442,14.401482057362443,0.11681278023906139,0,Low
SYNID0200118923,14.393987252092131,0.11683869731376256,0,Low
SYNID0200388106,14.385080800344682,0.11686949586915335,0,Low
SYNID0200016393,14.382344489820042,0.11687895804484905,0,Low
SYNID0200552348,14.376425492356255,0.11689942596814956,0,Low
SYNID0200407585,14.373973495903243,0.11690790498434112,0,Low
SYNID0200589318,14.373951017024218,0.116907982716419,0,Low
SYNID0200315107,14.372642785351637,0.11691250658818908,0,Low
SYNID0200047735,14.372476609057983,0.11691308122665678,0,Low
SYNID0200010424,14.346116656942876,0.11700423407498928,0,Low
SYNID0200907020,14.341705720842548,0.11701948711443344,0,Low
SYNID0200882821,14.340862491444106,0.11702240300597716,0,Low
SYNID0200160619,14.33256982390882,0.11705107909244405,0,Low
SYNID0200018215,14.33149770870753,0.11705478647225687,0,Low
SYNID0200888340,14.318416419723349,0.11710002163602201,0,Low
SYNID0200500815,14.308842740043637,0.11713312746899235,0,Low
SYNID0200078073,14.304216692430998,0.11714912436513891,0,Low
SYNID0200750308,14.30092440101938,0.11716050912556636,0,Low
SYNID0200945172,14.292154216286924,0.11719083646892703,0,Low
SYNID0200172647,14.274268049478586,0.11725268692461871,0,Low
SYNID0200898077,14.270851097062696,0.11726450276343225,0,Low
SYNID0200105263,14.269230788029077,0.11727010580030228,0,Low
SYNID0200185228,14.263014781516922,0.11729160078240097,0,Low
SYNID0200948153,14.245280142068054,0.11735292725571378,0,Low
SYNID0200406838,14.24394789180549,0.11735753418389006,0,Low
SYNID0200629970,14.240850610007804,0.11736824460008183,0,Low
SYNID0200015187,14.240806592145624,0.11736839681407285,0,Low
SYNID0200647039,14.234381049470926,0.11739061637328613,0,Low
SYNID0200298640,14.23106893010899,0.11740206969886652,0,Low
SYNID0200649347,14.230107665038382,0.11740539375836428,0,Low
SYNID0200127846,14.229382211992124,0.11740790237868381,0,Low
SYNID0200226977,14.229219126507616,0.11740846632911778,0,Low
SYNID0200138522,14.223694944393898,0.11742756897893192,0,Low
SYNID0200040180,14.213341374392364,0.11746337167659726,0,Low
SYNID0200954831,14.212315168021654,0.11746692030344069,0,Low
SYNID0200852407,14.211490917011965,0.1174697705676197,0,Low
SYNID0200091003,14.194182994761668,0.11752962145069196,0,Low
SYNID0200682787,14.192103138026503,0.11753681360584861,0,Low
SYNID0200164320,14.187242387435575,0.1175536221060865,0,Low
SYNID0200379684,14.187148952794054,0.11755394520355156,0,Low
SYNID0200464829,14.175740214105687,0.1175933966798966,0,Low
SYNID0200169308,14.175416330818791,0.11759451666994813,0,Low
SYNID0200817135,14.173996788059803,0.11759942545602053,0,Low
SYNID0200047218,14.171446634654522,0.11760824389945174,0,Low
SYNID0200825673,14.164938635720667,0.11763074859282807,0,Low
SYNID0200608424,14.164708975637133,0.11763154275856369,0,Low
SYNID0200704532,14.160654349896504,0.11764556367497381,0,Low
SYNID0200878645,14.144148532861273,0.1177026408741374,0,Low
SYNID0200626470,14.139109389279184,0.11772006625824499,0,Low
SYNID0200613155,14.13473006363504,0.11773520998857107,0,Low
SYNID0200843854,14.134171073320537,0.1177371429799185,0,Low
SYNID0200379390,14.126044569699019,0.11776524447072739,0,Low
SYNID0200903425,14.12503904769438,0.11776872157092788,0,Low
SYNID0200530631,14.12323146960528,0.11777497218514316,0,Low
SYNID0200465100,14.11904466902351,0.11778945016282544,0,Low
SYNID0200002418,14.114810598640545,0.11780409159972038,0,Low
SYNID0200710586,14.109863131910672,0.11782119996480728,0,Low
SYNID0200191653,14.107662665908784,0.117828809187421,0,Low
SYNID0200097787,14.102435358019576,0.11784688524465858,0,Low
SYNID0200830864,14.09702752882825,0.11786558554547599,0,Low
SYNID0200503207,14.095957843553819,0.11786928452258938,0,Low
SYNID0200881848,14.089549680956424,0.11789144398140705,0,Low
SYNID0200388982,14.087488521615036,0.11789857148088101,0,Low
SYNID0200421728,14.082608914448528,0.11791544518725305,0,Low
SYNID0200440901,14.082449830808592,0.11791599529928815,0,Low
SYNID0200907419,14.074588451104063,0.11794317999024517,0,Low
SYNID0200597951,14.066107154831847,0.11797250835584266,0,Low
SYNID0200834817,14.06470956692204,0.11797734122193504,0,Low
SYNID0200415057,14.06334628662158,0.11798205545214002,0,Low
SYNID0200308202,14.062420755217737,0.11798525594443654,0,Low
SYNID0200398310,14.057681228127002,0.1180016452531949,0,Low
SYNID0200522343,14.054968449743605,0.1180110260546266,0,Low
SYNID0200338882,14.053175695883901,0.11801722540658133,0,Low
SYNID0200462264,14.051329927367732,0.11802360808348744,0,Low
SYNID0200305314,14.049465772946427,0.11803005433894692,0,Low
SYNID0200563692,14.045015483591477,0.11804544346214546,0,Low
SYNID0200262362,14.044282446427857,0.11804797830838137,0,Low
SYNID0200874476,14.04222157824345,0.11805510480103304,0,Low
SYNID0200612015,14.038754961440205,0.11806709237955038,0,Low
SYNID0200128080,14.033333267015003,0.11808584062641697,0,Low
SYNID0200561953,14.03225470298694,0.11808957030630551,0,Low
SYNID0200397390,14.029879185275206,0.11809778485862121,0,Low
SYNID0200908700,14.026512355322915,0.118109427373701,0,Low
SYNID0200368603,14.025382492343887,0.11811333444562261,0,Low
SYNID0200612768,14.02255590373322,0.11812310880339844,0,Low
SYNID0200308604,14.02213635325625,0.11812455961107926,0,Low
SYNID0200688289,14.020062915622027,0.11813172956895224,0,Low
SYNID0200644756,14.014007886627923,0.1181526678899757,0,Low
SYNID0200436879,14.012716740890149,0.11815713267849642,0,Low
SYNID0200893443,14.012249154468947,0.11815874959471645,0,Low
SYNID0200082057,14.00908105737193,0.11816970489057305,0,Low
SYNID0200212879,14.006364386233166,0.1181790991531726,0,Low
SYNID0200126959,14.006028543211123,0.11818026050004904,0,Low
SYNID0200229397,14.004729762725297,0.11818475168956732,0,Low
SYNID0200059924,14.002634057893218,0.11819199864752361,0,Low
SYNID0200186463,13.995671380088524,0.11821607562274528,0,Low
SYNID0200713667,13.989011361969155,0.11823910599923743,0,Low
SYNID0200448317,13.98159272704671,0.1182647596764887,0,Low
SYNID0200109285,13.978098216721627,0.11827684371094627,0,Low
SYNID0200363599,13.966935438872191,0.11831544465346072,0,Low
SYNID0200878236,13.961175901948529,0.11833536116140336,0,Low
SYNID0200871570,13.957826792488461,0.11834694239893101,0,Low
SYNID0200747904,13.955374922790519,0.1183554209768029,0,Low
SYNID0200904690,13.953777177049794,0.11836094598969149,0,Low
SYNID0200656403,13.943470995640546,0.11839658481736393,0,Low
SYNID0200528865,13.942677495101933,0.11839932874625775,0,Low
SYNID0200557287,13.93518088002962,0.11842525207926341,0,Low
SYNID0200183948,13.932421788908051,0.11843479303037902,0,Low
SYNID0200262555,13.932387170212237,0.11843491274200502,0,Low
SYNID0200765358,13.929652017835139,0.11844437091282062,0,Low
SYNID0200030198,13.928751667510369,0.1184474843288178,0,Low
SYNID0200656565,13.908867281776843,0.11851624463570448,0,Low
SYNID0200932482,13.90792325356125,0.11851950909007003,0,Low
SYNID0200978848,13.901841830478126,0.11854053868198738,0,Low
SYNID0200155327,13.897173508120567,0.11855668176441664,0,Low
SYNID0200628903,13.896502110514405,0.11855900346074971,0,Low
SYNID0200428877,13.895520503289212,0.11856239786352135,0,Low
SYNID0200843982,13.890984647234987,0.11857808287680072,0,Low
SYNID0200563889,13.890520639302657,0.11857968741858804,0,Low
SYNID0200746094,13.886164741809935,0.11859475013424747,0,Low
SYNID0200282073,13.883839108558504,0.11860279218584602,0,Low
SYNID0200568519,13.881957347076437,0.11860929932661107,0,Low
SYNID0200232846,13.874926238006275,0.11863361293749636,0,Low
SYNID0200996515,13.870685488075601,0.11864827747230122,0,Low
SYNID0200613807,13.867962166058511,0.11865769473367183,0,Low
SYNID0200941185,13.866901847242154,0.1186613613215256,0,Low
SYNID0200505852,13.860123488487147,0.11868480092053701,0,Low
SYNID0200493816,13.859688098079744,0.11868630650277778,0,Low
SYNID0200544892,13.858200702940458,0.11869144992272596,0,Low
SYNID0200010662,13.851253503706488,0.11871547337297139,0,Low
SYNID0200330798,13.850088138626077,0.11871950321133995,0,Low
SYNID0200077695,13.843699424843017,0.11874159541605883,0,Low
SYNID0200107574,13.840072276195691,0.11875413811450858,0,Low
SYNID0200005735,13.833211681941272,0.11877786208429475,0,Low
SYNID0200099339,13.832943025943955,0.11877879109809836,0,Low
SYNID0200054930,13.831570518774562,0.11878353723486296,0,Low
SYNID0200644620,13.830992954982136,0.1187855344533914,0,Low
SYNID0200751057,13.830529899302284,0.11878713570228483,0,Low
SYNID0200032033,13.82687620794372,0.11879977018556487,0,Low
SYNID0200605636,13.82423334597275,0.11880890921568721,0,Low
SYNID0200654019,13.82351981489522,0.11881137660977831,0,Low
SYNID0200040299,13.8182984084535,0.11882943225978049,0,Low
SYNID0200681430,13.816779977960515,0.11883468300013944,0,Low
SYNID0200622935,13.80967053417519,0.11885926749286774,0,Low
SYNID0200676352,13.806289496535449,0.11887095913820289,0,Low
SYNID0200692368,13.801225697301966,0.11888846978167827,0,Low
SYNID0200462989,13.795061946371135,0.11890978406371128,0,Low
SYNID0200408644,13.790856516503808,0.11892432646155765,0,Low
SYNID0200408396,13.785344266767119,0.11894338784915143,0,Low
SYNID0200642881,13.780110927168472,0.11896148476407087,0,Low
SYNID0200626569,13.778310579670304,0.11896771037486598,0,Low
SYNID0200271625,13.77774375705252,0.11896967045035794,0,Low
SYNID0200493743,13.777679756159259,0.118969891765772,0,Low
SYNID0200498006,13.777665188485798,0.11896994214086082,0,Low
SYNID0200174819,13.770327681119419,0.11899531527861107,0,Low
SYNID0200700163,13.763552014819787,0.11901874556709813,0,Low
SYNID0200388489,13.757529150012346,0.11903957266420068,0,Low
SYNID0200400109,13.751268729839268,0.11906122122896445,0,Low
SYNID0200155084,13.74982181461609,0.11906622466915706,0,Low
SYNID0200014821,13.749297672253519,0.1190680371561097,0,Low
SYNID0200013401,13.74861279032897,0.11907040548128422,0,Low
SYNID0200123056,13.746771193214911,0.11907677373346065,0,Low
SYNID0200015409,13.745978919658818,0.11907951341944267,0,Low
SYNID0200468000,13.740647101863154,0.11909795087246772,0,Low
SYNID0200401871,13.73563417695879,0.11911528559225454,0,Low
SYNID0200256941,13.726081214155933,0.11914831978615947,0,Low
SYNID0200073722,13.724006270955293,0.11915549495028877,0,Low
SYNID0200194597,13.72207015711524,0.11916219004178386,0,Low
SYNID0200699772,13.72017778397958,0.11916873387770094,0,Low
SYNID0200446035,13.714129982679196,0.11918964720532277,0,Low
SYNID0200361447,13.708294009519015,0.11920982803015961,0,Low
SYNID0200839931,13.706164629976158,0.11921719143543685,0,Low
SYNID0200242448,13.700459019857881,0.1192369214642125,0,Low
SYNID0200023678,13.698490694498503,0.11924372794330507,0,Low
SYNID0200399100,13.686777778322337,0.11928423126694826,0,Low
SYNID0200992315,13.686594989712091,0.11928486335089111,0,Low
SYNID0200785577,13.684975399667529,0.11929046390149334,0,Low
SYNID0200654951,13.677374670842028,0.11931674726038649,0,Low
SYNID0200526061,13.668140807673772,0.1193486780061338,0,Low
SYNID0200018964,13.667556447349085,0.11935069872710535,0,Low
SYNID0200348539,13.667163471269603,0.11935205764038465,0,Low
SYNID0200950382,13.666436152569645,0.11935457271214417,0,Low
SYNID0200994857,13.664241375005226,0.11936216226411223,0,Low
SYNID0200224444,13.656975479926672,0.11938728776620733,0,Low
SYNID0200256018,13.651225196694618,0.11940717227483738,0,Low
SYNID0200278634,13.648379212894781,0.11941701370127589,0,Low
SYNID0200876694,13.643255628468474,0.11943473108225178,0,Low
SYNID0200706684,13.642917451289058,0.11943590050065628,0,Low
SYNID0200175765,13.6413493890497,0.11944132286784631,0,Low
SYNID0200384637,13.636354057906964,0.11945859674831605,0,Low
SYNID0200417461,13.633795002133375,0.11946744597618209,0,Low
SYNID0200295734,13.633344645130123,0.11946900331298732,0,Low
SYNID0200473490,13.633208475972047,0.11946947418662773,0,Low
SYNID0200705935,13.625611289951962,0.11949574529448176,0,Low
SYNID0200364344,13.617671494889578,0.11952320114614462,0,Low
SYNID0200689144,13.616563971781595,0.11952703096667866,0,Low
SYNID0200771544,13.609824199407974,0.11955033713378721,0,Low
SYNID0200214714,13.606221981570556,0.11956279362136962,0,Low
SYNID0200128378,13.60550644393593,0.11956526795414535,0,Low
SYNID0200812876,13.59909757782708,0.11958742984570919,0,Low
SYNID0200194983,13.59733048756518,0.11959354045281234,0,Low
SYNID0200066598,13.590644080012943,0.11961666208409744,0,Low
SYNID0200780840,13.585747648251434,0.11963359397000445,0,Low
SYNID0200732273,13.581648138773367,0.11964777009460664,0,Low
SYNID0200391437,13.578473616071577,0.1196587476102372,0,Low
SYNID0200171505,13.5711148931765,0.11968419411139347,0,Low
SYNID0200358631,13.569377992327688,0.11969020032335276,0,Low
SYNID0200439838,13.567582018272404,0.11969641081076016,0,Low
SYNID0200303722,13.567223199346515,0.11969765160842882,0,Low
SYNID0200558011,13.565689555573435,0.11970295495638761,0,Low
SYNID0200282247,13.564937902810051,0.11970555417546208,0,Low
SYNID0200281200,13.562493594485233,0.11971400660606729,0,Low
SYNID0200956145,13.561510449696506,0.11971740632574146,0,Low
SYNID0200162350,13.557026558094975,0.1197329116456794,0,Low
SYNID0200181383,13.554804004959834,0.11974059724571212,0,Low
SYNID0200835955,13.55379732200506,0.11974407836048406,0,Low
SYNID0200787025,13.541448954519907,0.11978677907798208,0,Low
SYNID0200915913,13.539444534824987,0.1197937103714703,0,Low
SYNID0200194018,13.539336139574267,0.119794085202798,0,Low
SYNID0200470575,13.534044952246802,0.11981238215545759,0,Low
SYNID0200194378,13.531151910291243,0.11982238630923764,0,Low
SYNID0200971228,13.530880569884637,0.11982332460574219,0,Low
SYNID0200537915,13.52890166448477,0.11983016767066851,0,Low
SYNID0200945617,13.528492818451653,0.11983158146232814,0,Low
SYNID0200974352,13.526135964663638,0.11983973147470078,0,Low
SYNID0200111562,13.526045412131879,0.11984004460581565,0,Low
SYNID0200576113,13.525062497174531,0.11984344353073173,0,Low
SYNID0200354625,13.518345645044512,0.11986667043952148,0,Low
SYNID0200934689,13.515109646604756,0.11987786053856625,0,Low
SYNID0200282522,13.512380011736667,0.11988729962980765,0,Low
SYNID0200576643,13.512334824770079,0.11988745588656768,0,Low
SYNID0200835771,13.493129326429617,0.11995386859740015,0,Low
SYNID0200410355,13.491894206608457,0.1199581396480166,0,Low
SYNID0200751825,13.491263814160597,0.11996031954830394,0,Low
SYNID0200268286,13.490118232840658,0.11996428097432826,0,Low
SYNID0200465785,13.48867753039788,0.11996926293069471,0,Low
SYNID0200164931,13.486735619017693,0.11997597807011301,0,Low
SYNID0200564188,13.48624550935834,0.119977672871805,0,Low
SYNID0200704540,13.482286308420413,0.11999136380876257,0,Low
SYNID0200733200,13.479876648382024,0.1199996964254173,0,Low
SYNID0200440845,13.478026002930058,0.12000609596679218,0,Low
SYNID0200492145,13.473791475556467,0.12002073898396304,0,Low
SYNID0200312847,13.470067909925255,0.12003361509283289,0,Low
SYNID0200865521,13.459248078212902,0.12007103012586301,0,Low
SYNID0200899459,13.457207472129177,0.12007808655206759,0,Low
SYNID0200989443,13.452174948280053,0.12009548904510498,0,Low
SYNID0200095189,13.448167281559613,0.12010934757698472,0,Low
SYNID0200632479,13.440303713522617,0.1201365398352065,0,Low
SYNID0200164837,13.439041138630095,0.12014090582559922,0,Low
SYNID0200272715,13.437332310560123,0.12014681496174667,0,Low
SYNID0200459316,13.433460472071673,0.12016020379891013,0,Low
SYNID0200236604,13.433141711694518,0.12016130607391373,0,Low
SYNID0200829825,13.43118585191904,0.12016806944695385,0,Low
SYNID0200462257,13.425600011373561,0.12018738531193829,0,Low
SYNID0200449915,13.424347374579142,0.12019171693633723,0,Low
SYNID0200905268,13.420619889826312,0.12020460659754956,0,Low
SYNID0200991388,13.412198379866815,0.12023372822177392,0,Low
SYNID0200789135,13.409745991711958,0.12024220859247248,0,Low
SYNID0200780506,13.407688137192316,0.12024932466385607,0,Low
SYNID0200398094,13.397982768929268,0.12028288587661662,0,Low
SYNID0200325033,13.394056082486344,0.12029646437828528,0,Low
SYNID0200461841,13.392072837323063,0.12030332245013553,0,Low
SYNID0200790741,13.391262754712692,0.12030612371991772,0,Low
SYNID0200521651,13.390384178160417,0.120309161842099,0,Low
SYNID0200893568,13.386599697967597,0.12032224859383234,0,Low
SYNID0200180933,13.385026720388758,0.1203276879582913,0,Low
SYNID0200517734,13.384284697925004,0.1203302538757407,0,Low
SYNID0200508863,13.383589612295808,0.12033265748537775,0,Low
SYNID0200751686,13.383323433190988,0.12033357793407451,0,Low
SYNID0200360817,13.378989302225278,0.12034856538097294,0,Low
SYNID0200183293,13.370668258388783,0.12037733959283359,0,Low
SYNID0200089594,13.365188788778575,0.12039628762658344,0,Low
SYNID0200299999,13.359081835815935,0.12041740550095387,0,Low
SYNID0200339091,13.357145995335983,0.12042409964716833,0,Low
SYNID0200680495,13.353310009074832,0.12043736450714765,0,Low
SYNID0200348099,13.34785918426919,0.1204562134870178,0,Low
SYNID0200326361,13.345361361468953,0.12046485097095089,0,Low
SYNID0200347700,13.345283111010218,0.12046512156143474,0,Low
SYNID0200983954,13.343293168681207,0.12047200279211812,0,Low
SYNID0200342848,13.342205273005824,0.1204757647408905,0,Low
SYNID0200797648,13.337408897741689,0.12049235063092129,0,Low
SYNID0200892705,13.336398525316689,0.1204958445039,0,Low
SYNID0200802402,13.333187913135134,0.12050694681713492,0,Low
SYNID0200321226,13.332161289510509,0.12051049688684451,0,Low
SYNID0200222899,13.328723727240721,0.12052238399463755,0,Low
SYNID0200569369,13.32499469311486,0.12053527901358968,0,Low
SYNID0200181035,13.319360038908329,0.120554763676462,0,Low
SYNID0200892000,13.309787305569905,0.12058786623697937,0,Low
SYNID0200090829,13.304453100079648,0.12060631194666444,0,Low
SYNID0200630093,13.302600165845341,0.12061271940266027,0,Low
SYNID0200297642,13.299844056384302,0.12062225004317861,0,Low
SYNID0200069354,13.293465478321771,0.12064430719852443,0,Low
SYNID0200581132,13.282867068706956,0.12068095655281635,0,Low
SYNID0200628949,13.278946103187714,0.12069451527150188,0,Low
SYNID0200118170,13.276330628091927,0.1207035595976707,0,Low
SYNID0200308514,13.271289073250927,0.12072099331992386,0,Low
SYNID0200399024,13.266031516442489,0.12073917397807782,0,Low
SYNID0200700007,13.26443139631079,0.12074470720162245,0,Low
SYNID0200260513,13.260756385515762,0.12075741540762208,0,Low
SYNID0200784863,13.252885095515076,0.12078463436843356,0,Low
SYNID0200479544,13.2126247554826,0.12092385482880352,0,Low
SYNID0200002118,13.204665393749565,0.12095137834211289,0,Low
SYNID0200685120,13.201678055829234,0.1209617085718182,0,Low
SYNID0200739970,13.197114901985849,0.12097748798099117,0,Low
SYNID0200057456,13.186897034591553,0.12101282141835124,0,Low
SYNID0200234532,13.1850745686787,0.1210191235147367,0,Low
SYNID0200044452,13.168258726677777,0.12107727278180669,0,Low
SYNID0200402770,13.16453872097987,0.12109013658040907,0,Low
SYNID0200619599,13.15935552974804,0.1211080600820213,0,Low
SYNID0200124413,13.158830552844854,0.1211098754548196,0,Low
SYNID0200398439,13.153243486656834,0.12112919555808216,0,Low
SYNID0200288167,13.147660870094562,0.12114850027451629,0,Low
SYNID0200322224,13.144217977492858,0.12116040581462417,0,Low
SYNID0200646863,13.136888562620875,0.12118575096848766,0,Low
SYNID0200313762,13.135555004946,0.12119036241770237,0,Low
SYNID0200325153,13.127615903090266,0.12121781587225311,0,Low
SYNID0200046331,13.124264720020257,0.12122940428033446,0,Low
SYNID0200224505,13.122316855020046,0.12123614000740107,0,Low
SYNID0200737723,13.120253604325235,0.12124327473878582,0,Low
SYNID0200822171,13.115787790412007,0.12125871754598577,0,Low
SYNID0200291578,13.113656907285339,0.12126608615066348,0,Low
SYNID0200058595,13.110287723375833,0.12127773680573928,0,Low
SYNID0200979959,13.109351477884012,0.12128097434740648,0,Low
SYNID0200000948,13.10801056180945,0.12128561124200465,0,Low
SYNID0200829502,13.107662820804755,0.12128681373216554,0,Low
SYNID0200944202,13.10450826260707,0.1212977222104395,0,Low
SYNID0200512009,13.097629866033529,0.12132150774073563,0,Low
SYNID0200173949,13.092185547124402,0.12134033422318258,0,Low
SYNID0200849524,13.090113835945694,0.12134749821096363,0,Low
SYNID0200819542,13.08379975161747,0.12136933234664854,0,Low
SYNID0200751131,13.081940689446895,0.12137576099307912,0,Low
SYNID0200927675,13.074169616454896,0.12140263340296542,0,Low
SYNID0200433767,13.071655431071989,0.12141132746879252,0,Low
SYNID0200617733,13.060413075804654,0.12145020359042236,0,Low
SYNID0200886796,13.058972397538405,0.12145518546318623,0,Low
SYNID0200960552,13.055291246653816,0.12146791490164677,0,Low
SYNID0200534129,13.05442778326595,0.12147090076242872,0,Low
SYNID0200760921,13.051913628754164,0.12147959472150333,0,Low
SYNID0200146813,13.051687170544987,0.12148037781514115,0,Low
SYNID0200169153,13.045559236189646,0.12150156824327413,0,Low
SYNID0200555829,13.043966435968535,0.12150707615453077,0,Low
SYNID0200680233,13.042369249912,0.12151259923202856,0,Low
SYNID0200774830,13.037536979530316,0.12152930924755817,0,Low
SYNID0200017743,13.03591273018801,0.12153492591003567,0,Low
SYNID0200990274,13.035312003337609,0.12153700322653627,0,Low
SYNID0200641601,13.034756964860811,0.12153892255240883,0,Low
SYNID0200889345,13.026130680722488,0.12156875228678393,0,Low
SYNID0200655715,13.018577186065784,0.12159487230968141,0,Low
SYNID0200243527,13.009049350154413,0.1216278196146679,0,Low
SYNID0200105773,12.99446004359259,0.12167826951087785,0,Low
SYNID0200331592,12.990382267271151,0.12169237048211401,0,Low
SYNID0200984035,12.979226808622123,0.12173094611479629,0,Low
SYNID0200978374,12.9714090909971,0.12175797982206055,0,Low
SYNID0200834497,12.968832999176158,0.12176688796066487,0,Low
SYNID0200490764,12.967467621466035,0.12177160944372312,0,Low
SYNID0200134402,12.956008556464504,0.12181123494871476,0,Low
SYNID0200793862,12.953280369531385,0.12182066903298971,0,Low
SYNID0200911814,12.941055759891753,0.12186294179522916,0,Low
SYNID0200309757,12.93338267625947,0.12188947535741174,0,Low
SYNID0200885629,12.932923185743398,0.12189106427795071,0,Low
SYNID0200230560,12.920109255065064,0.12193537491533596,0,Low
SYNID0200613411,12.919399559542121,0.12193782904605982,0,Low
SYNID0200320908,12.917146555796847,0.12194561994445707,0,Low
SYNID0200269841,12.908211888975025,0.12197651606771842,0,Low
SYNID0200724638,12.901980031287529,0.12199806586326195,0,Low
SYNID0200505150,12.898060378559634,0.12201162004230831,0,Low
SYNID0200833672,12.887223177385955,0.12204909513902396,0,Low
SYNID0200918727,12.8871476030223,0.12204935647555742,0,Low
SYNID0200739411,12.885935923868729,0.12205354646822625,0,Low
SYNID0200446258,12.880859106964351,0.12207110212687372,0,Low
SYNID0200631322,12.880272808295508,0.1220731295506492,0,Low
SYNID0200366783,12.872821797398323,0.1220988951841856,0,Low
SYNID0200031474,12.867924391390474,0.1221158304390414,0,Low
SYNID0200524204,12.863184879283857,0.12213221969598459,0,Low
SYNID0200397291,12.861179275152764,0.12213915508525913,0,Low
SYNID0200339536,12.857075206348583,0.1221533469760342,0,Low
SYNID0200297467,12.852748467604961,0.1221683088605911,0,Low
SYNID0200217532,12.85181047574688,0.1221715524412017,0,Low
SYNID0200289186,12.851803923193678,0.12217157509996396,0,Low
SYNID0200240410,12.843805033941507,0.12219923529963533,0,Low
SYNID0200765161,12.840847980924018,0.12220946080399275,0,Low
SYNID0200296876,12.839746984588302,0.12221326805491511,0,Low
SYNID0200362605,12.83186660686902,0.12224051844110367,0,Low
SYNID0200707840,12.810374841100291,0.12231483707631818,0,Low
SYNID0200850994,12.803167252262398,0.12233976095513688,0,Low
SYNID0200852511,12.793834385692627,0.12237203405514963,0,Low
SYNID0200793795,12.79355378356069,0.12237300437874743,0,Low
SYNID0200661541,12.789708718064084,0.12238630063476907,0,Low
SYNID0200720747,12.786713438434361,0.1223966583269458,0,Low
SYNID0200409353,12.78283487386475,0.12241007042293206,0,Low
SYNID0200339926,12.782458681355777,0.1224113712985393,0,Low
SYNID0200183152,12.77501739673449,0.12243710329856422,0,Low
SYNID0200224523,12.771829384654488,0.12244812746053318,0,Low
SYNID0200783150,12.758059007012974,0.12249574549637621,0,Low
SYNID0200251848,12.750397994754984,0.12252223731568518,0,Low
SYNID0200785975,12.745441364287807,0.1225393773690222,0,Low
SYNID0200463928,12.736792384011729,0.12256928558675695,0,Low
SYNID0200726896,12.736374036113915,0.12257073223591297,0,Low
SYNID0200058562,12.735131813504246,0.12257502784800817,0,Low
SYNID0200948331,12.729808526213077,0.12259343580250531,0,Low
SYNID0200524110,12.729562258017431,0.122594287399177,0,Low
SYNID0200219599,12.724215414742112,0.12261277681038701,0,Low
SYNID0200162900,12.710600742874625,0.12265985641487243,0,Low
SYNID0200768284,12.704561592292592,0.12268073982826627,0,Low
SYNID0200990800,12.699748523468152,0.12269738344471337,0,Low
SYNID0200446339,12.694543458723857,0.12271538258504283,0,Low
SYNID0200743328,12.68245770623492,0.12275717517854973,0,Low
SYNID0200435061,12.682072958253187,0.12275850563902524,0,Low
SYNID0200914922,12.666460678229228,0.12281249298266433,0,Low
SYNID0200139346,12.663573792663257,0.1228224758476179,0,Low
SYNID0200865017,12.661060428831505,0.12283116707251696,0,Low
SYNID0200573231,12.65893018933761,0.12283853345150925,0,Low
SYNID0200746934,12.649558736354187,0.12287093998353643,0,Low
SYNID0200222933,12.64930293009575,0.12287182456287771,0,Low
SYNID0200178422,12.648813575401569,0.1228735167538963,0,Low
SYNID0200286068,12.640152199051016,0.12290346783731954,0,Low
SYNID0200548300,12.633686314716257,0.12292582689819825,0,Low
SYNID0200153998,12.616455480625646,0.12298541121002271,0,Low
SYNID0200846448,12.61374002108306,0.12299480128291651,0,Low
SYNID0200477516,12.61366204651521,0.12299507091936829,0,Low
SYNID0200604591,12.61308894547195,0.12299705270568745,0,Low
SYNID0200934288,12.610273664891658,0.12300678796023679,0,Low
SYNID0200862053,12.60679136313152,0.12301882977741474,0,Low
SYNID0200688406,12.598501563970096,0.12304749594503023,0,Low
SYNID0200994641,12.593255434959268,0.12306563708580198,0,Low
SYNID0200421889,12.58953699019981,0.12307849548667127,0,Low
SYNID0200787042,12.584588178899082,0.12309560850129103,0,Low
SYNID0200540784,12.574854940450606,0.12312926608929436,0,Low
SYNID0200728205,12.569835188410138,0.12314662441735252,0,Low
SYNID0200512031,12.560598163365725,0.12317856609688366,0,Low
SYNID0200165611,12.552299080470739,0.12320726436769697,0,Low
SYNID0200302254,12.548561159038101,0.1232201901190011,0,Low
SYNID0200066074,12.54631634583972,0.12322795269444559,0,Low
SYNID0200998367,12.541172555571613,0.12324573994732507,0,Low
SYNID0200928606,12.536698006805892,0.12326121295968934,0,Low
SYNID0200057653,12.536231770814425,0.12326282520611648,0,Low
SYNID0200728135,12.535272405186326,0.12326614269733238,0,Low
SYNID0200557546,12.532219238068741,0.12327670056473622,0,Low
SYNID0200329927,12.526404179480863,0.12329680906687579,0,Low
SYNID0200396041,12.524711708851193,0.12330266163891157,0,Low
SYNID0200509844,12.523819092477972,0.123305748310865,0,Low
SYNID0200662995,12.522852219873073,0.12330909176124483,0,Low
SYNID0200645218,12.522749456135365,0.1233094471187719,0,Low
SYNID0200630002,12.52149300780539,0.12331379192348019,0,Low
SYNID0200217137,12.515041200481626,0.12333610230598335,0,Low
SYNID0200180907,12.510348970664005,0.12335232806053098,0,Low
SYNID0200031834,12.508728183141997,0.12335793275201629,0,Low
SYNID0200729497,12.505844870055327,0.12336790326331831,0,Low
SYNID0200774542,12.500044577100589,0.12338796070582347,0,Low
SYNID0200050469,12.499972474860492,0.12338821003573602,0,Low
SYNID0200148926,12.499569008409914,0.12338960522477188,0,Low
SYNID0200631174,12.498527828484619,0.12339320563024314,0,Low
SYNID0200527593,12.48559155591451,0.1234379393265117,0,Low
SYNID0200614510,12.484358458327293,0.1234422033842329,0,Low
SYNID0200321080,12.477972533520195,0.12346428594465875,0,Low
SYNID0200888181,12.476662758346578,0.12346881515386326,0,Low
SYNID0200367566,12.472987336871263,0.12348152477999741,0,Low
SYNID0200815239,12.467448357464,0.12350067859892783,0,Low
SYNID0200427448,12.46157531923484,0.1235209875949615,0,Low
SYNID0200550357,12.455154699103147,0.12354319013199605,0,Low
SYNID0200286931,12.450901568960447,0.12355789747763701,0,Low
SYNID0200151899,12.441225695386002,0.12359135669761451,0,Low
SYNID0200424413,12.43449323472555,0.12361463758078178,0,Low
SYNID0200609149,12.424059338129794,0.12365071804821803,0,Low
SYNID0200130890,12.406395170235143,0.12371180083053834,0,Low
SYNID0200292761,12.401118698974457,0.12373004689496425,0,Low
SYNID0200299779,12.400487326479059,0.12373223018426094,0,Low
SYNID0200556864,12.397843382775449,0.12374137295502025,0,Low
SYNID0200445432,12.39424141306688,0.12375382858457185,0,Low
SYNID0200509515,12.380794315597143,0.12380032871593849,0,Low
SYNID0200635301,12.379867635598465,0.1238035331800818,0,Low
SYNID0200212259,12.379304335270938,0.12380548107547618,0,Low
SYNID0200960347,12.37888665064105,0.12380692543104832,0,Low
SYNID0200736591,12.376324804875338,0.1238157843067213,0,Low
SYNID0200006504,12.374303020264001,0.12382277564817873,0,Low
SYNID0200042067,12.3736058395707,0.12382518650255808,0,Low
SYNID0200669357,12.372153652201568,0.1238302081738582,0,Low
SYNID0200167882,12.368915785132018,0.12384140473463429,0,Low
SYNID0200249778,12.364169212367003,0.12385781840737009,0,Low
SYNID0200611893,12.361193004366392,0.12386811014975646,0,Low
SYNID0200328983,12.358582771743265,0.1238771363474282,0,Low
SYNID0200071426,12.357459289298554,0.12388102135542972,0,Low
SYNID0200951472,12.352504172513214,0.12389815617444727,0,Low
SYNID0200834494,12.351246246160393,0.12390250609016606,0,Low
SYNID0200424539,12.350230515721549,0.12390601849118388,0,Low
SYNID0200111104,12.340092094163168,0.12394107720443975,0,Low
SYNID0200315196,12.339213745183883,0.12394411453967247,0,Low
SYNID0200822945,12.339045137945625,0.12394469758435894,0,Low
SYNID0200184824,12.338897662709407,0.12394520755447502,0,Low
SYNID0200305057,12.333329041691833,0.12396446387424448,0,Low
SYNID0200661511,12.331675101831749,0.1239701832066833,0,Low
SYNID0200584910,12.33118648624012,0.12397187284188149,0,Low
SYNID0200252621,12.330508926554252,0.12397421584671747,0,Low
SYNID0200286865,12.328241766852493,0.12398205569648418,0,Low
SYNID0200575315,12.321131395763082,0.12400664339583473,0,Low
SYNID0200803334,12.319967923966537,0.12401066668721805,0,Low
SYNID0200500740,12.31559126018378,0.12402580121281392,0,Low
SYNID0200334541,12.31090536601618,0.1240420050586516,0,Low
SYNID0200919083,12.304891338793084,0.12406280159534255,0,Low
SYNID0200673736,12.300776107720537,0.12407703208529836,0,Low
SYNID0200525477,12.299655866193888,0.12408090588618875,0,Low
SYNID0200755587,12.29468268681422,0.12409810316574926,0,Low
SYNID0200720104,12.289714353213938,0.12411528368858005,0,Low
SYNID0200381719,12.26753100472046,0.12419199382037022,0,Low
SYNID0200221590,12.264101230423776,0.12420385399731271,0,Low
SYNID0200171011,12.246857960365077,0.12426348131277798,0,Low
SYNID0200230750,12.24575525301919,0.1242672944803822,0,Low
SYNID0200140475,12.242180410701586,0.12427965630327803,0,Low
SYNID0200972616,12.23867584336616,0.12429177511492845,0,Low
SYNID0200060979,12.231438508977014,0.1243168018540145,0,Low
SYNID0200992582,12.229509355007288,0.12432347287824264,0,Low
SYNID0200445874,12.227284727489689,0.12433116565150043,0,Low
SYNID0200961973,12.222233810201864,0.12434863174914229,0,Low
SYNID0200359271,12.22075756787956,0.12435373660259269,0,Low
SYNID0200944579,12.209827010338032,0.12439153452610263,0,Low
SYNID0200391531,12.208683325484941,0.12439548939413497,0,Low
SYNID0200084357,12.208383446331986,0.12439652637776938,0,Low
SYNID0200233518,12.203317752912895,0.12441404357134822,0,Low
SYNID0200859652,12.200403905524311,0.12442411967042138,0,Low
SYNID0200354812,12.186213482679193,0.12447319022471248,0,Low
SYNID0200803429,12.180876707694729,0.12449164481972158,0,Low
SYNID0200192505,12.179377666589438,0.12449682851147936,0,Low
SYNID0200289290,12.17899067619664,0.12449816672622371,0,Low
SYNID0200749509,12.16912087203076,0.12453229655917164,0,Low
SYNID0200286296,12.165689341832255,0.12454416280803154,0,Low
SYNID0200202204,12.162452741737262,0.12455535498760317,0,Low
SYNID0200956668,12.160248799425233,0.12456297623131501,0,Low
SYNID0200251191,12.157707889683223,0.12457176271011167,0,Low
SYNID0200631104,12.15742972232978,0.12457272461423308,0,Low
SYNID0200596890,12.14807820970222,0.12460506219240836,0,Low
SYNID0200342917,12.146998749745691,0.1246087949704221,0,Low
SYNID0200197913,12.135219348062222,0.12464952820128733,0,Low
SYNID0200783169,12.135180258176945,0.12464966337430922,0,Low
SYNID0200737096,12.129647883144017,0.12466879435527961,0,Low
SYNID0200083260,12.123396212722703,0.12469041266335734,0,Low
SYNID0200149901,12.11680412069105,0.1247132081510931,0,Low
SYNID0200023834,12.114546753967872,0.12472101413669012,0,Low
SYNID0200571180,12.114284461110692,0.12472192114672281,0,Low
SYNID0200730374,12.11307295844712,0.12472611052908833,0,Low
SYNID0200229691,12.109491562126316,0.12473849501576051,0,Low
SYNID0200298070,12.104672491527637,0.12475515938637344,0,Low
SYNID0200697484,12.10447985536284,0.12475582552320996,0,Low
SYNID0200170843,12.086689348962842,0.1248173451847236,0,Low
SYNID0200992585,12.085040479112877,0.12482304698504165,0,Low
SYNID0200585697,12.081714182205125,0.1248345493366475,0,Low
SYNID0200203923,12.081236686875222,0.12483620051792416,0,Low
SYNID0200479591,12.0783882053598,0.12484605058147585,0,Low
SYNID0200183254,12.075817485931822,0.12485494014231802,0,Low
SYNID0200085503,12.074228361395598,0.12486043534303765,0,Low
SYNID0200381526,12.073198340094656,0.1248639971619292,0,Low
SYNID0200654174,12.069078814807526,0.1248782425013008,0,Low
SYNID0200362364,12.062459859470607,0.12490113088248267,0,Low
SYNID0200991837,12.057589759839715,0.12491797171174823,0,Low
SYNID0200855517,12.042485709374695,0.1249702015949905,0,Low
SYNID0200175965,12.037491340168167,0.12498747214907996,0,Low
SYNID0200054885,12.034595623247611,0.12499748555290258,0,Low
SYNID0200408891,12.028848354878896,0.12501735963611987,0,Low
SYNID0200918586,12.000906832021236,0.12511398156411507,0,Low
SYNID0200394102,11.999361578567438,0.12511932505840878,0,Low
SYNID0200412155,11.995277525562884,0.12513344773444707,0,Low
SYNID0200701608,11.992446354096437,0.12514323793976145,0,Low
SYNID0200786065,11.991616122650811,0.12514610888431832,0,Low
SYNID0200772740,11.991023550202968,0.12514815800285345,0,Low
SYNID0200151548,11.988870248829869,0.1251556041299412,0,Low
SYNID0200736896,11.987979352619497,0.12515868485356274,0,Low
SYNID0200947246,11.986368936546356,0.1251642536805252,0,Low
SYNID0200759620,11.983746631723854,0.1251733216239237,0,Low
SYNID0200250867,11.980452324296543,0.12518471335574366,0,Low
SYNID0200713835,11.978588044116655,0.12519116004607694,0,Low
SYNID0200784660,11.975143291779531,0.12520307201715936,0,Low
SYNID0200452090,11.974313823327684,0.12520594032327986,0,Low
SYNID0200453232,11.97132838952978,0.12521626396852015,0,Low
SYNID0200008035,11.96674812886745,0.12523210253315992,0,Low
SYNID0200584860,11.9667063251403,0.12523224709066078,0,Low
SYNID0200851202,11.946464893434793,0.1253022420643325,0,Low
SYNID0200589621,11.944512117748971,0.1253089947725749,0,Low
SYNID0200973081,11.942793347708964,0.12531493828810525,0,Low
SYNID0200191286,11.942075426193817,0.12531742086435194,0,Low
SYNID0200937776,11.941167033482067,0.12532056209096415,0,Low
SYNID0200355083,11.937372172528626,0.12533368473942047,0,Low
SYNID0200997901,11.935060359435134,0.12534167900084264,0,Low
SYNID0200839631,11.934858306390666,0.12534237770129691,0,Low
SYNID0200641175,11.92964080678204,0.1253604198414504,0,Low
SYNID0200579684,11.923880408569488,0.1253803393277344,0,Low
SYNID0200565987,11.922664056153941,0.12538454548056688,0,Low
SYNID0200565211,11.92177564794872,0.12538761760065398,0,Low
SYNID0200628649,11.921002911938857,0.12539028972570188,0,Low
SYNID0200159724,11.913643368938175,0.12541573906278747,0,Low
SYNID0200046094,11.913014661601544,0.12541791313595163,0,Low
SYNID0200277007,11.910999413933027,0.12542488187262757,0,Low
SYNID0200292097,11.90291336620345,0.12545284346675661,0,Low
SYNID0200901115,11.902580734320374,0.12545399370949817,0,Low
SYNID0200561422,11.902473845768057,0.12545436333065513,0,Low
SYNID0200548156,11.90212840034112,0.12545555788269647,0,Low
SYNID0200139867,11.900369098793284,0.12546164155638678,0,Low
SYNID0200457470,11.89838681287479,0.1254684963111637,0,Low
SYNID0200828561,11.89329767815483,0.12548609456488002,0,Low
SYNID0200735548,11.893200063014085,0.12548643211853266,0,Low
SYNID0200027982,11.88038134530121,0.1255307593095077,0,Low
SYNID0200999998,11.8780150595313,0.12553894193772164,0,Low
SYNID0200802502,11.877651276880108,0.1255401998999776,0,Low
SYNID0200008533,11.87358660186242,0.12555425556683886,0,Low
SYNID0200611142,11.863972201456605,0.12558750221228693,0,Low
SYNID0200354514,11.861813618299877,0.1255949666038093,0,Low
SYNID0200677824,11.858763456411317,0.1256055140791159,0,Low
SYNID0200925778,11.852037972890408,0.12562877083529922,0,Low
SYNID0200329172,11.850871029925493,0.12563280613000039,0,Low
SYNID0200030338,11.84930124392804,0.1256382344579547,0,Low
SYNID0200712621,11.84928030005262,0.1256383068819823,0,Low
SYNID0200529149,11.848939088558055,0.12563948679306397,0,Low
SYNID0200830377,11.84436968379039,0.12565528781796487,0,Low
SYNID0200250819,11.835116650136065,0.1256872848553504,0,Low
SYNID0200374998,11.833406480968733,0.12569319862901934,0,Low
SYNID0200939449,11.824287183813702,0.1257247332049109,0,Low
SYNID0200559593,11.8220768680686,0.12573237648798669,0,Low
SYNID0200100811,11.82112268448138,0.1257356760596789,0,Low
SYNID0200094380,11.81921882727162,0.12574225960758256,0,Low
SYNID0200029731,11.803226902376345,0.12579755976511542,0,Low
SYNID0200791210,11.794599610862761,0.12582739298299928,0,Low
SYNID0200954804,11.788816285111835,0.12584739175282744,0,Low
SYNID0200545062,11.788115084117237,0.1258498165094291,0,Low
SYNID0200583678,11.784623419412213,0.12586189070371806,0,Low
SYNID0200822124,11.778483520071767,0.12588312250683031,0,Low
SYNID0200033241,11.77417672087249,0.12589801544034157,0,Low
SYNID0200420188,11.76509680548336,0.12592941383388656,0,Low
SYNID0200544990,11.759444844225278,0.1259489583446311,0,Low
SYNID0200586033,11.759416799197034,0.12594905532448125,0,Low
SYNID0200137667,11.752918908369274,0.12597152506397535,0,Low
SYNID0200721070,11.74881782187046,0.12598570664192332,0,Low
SYNID0200251682,11.746580746623493,0.1259934424594925,0,Low
SYNID0200933796,11.737655837783812,0.12602430483960203,0,Low
SYNID0200715877,11.735065680694532,0.12603326161597572,0,Low
SYNID0200248583,11.729904284308596,0.12605110975090011,0,Low
SYNID0200086234,11.727008377409419,0.12606112381166978,0,Low
SYNID0200382486,11.726307242481326,0.12606354833981315,0,Low
SYNID0200187297,11.724360619274854,0.1260702797727507,0,Low
SYNID0200251102,11.723719205681903,0.12607249778421376,0,Low
SYNID0200555645,11.710000304312132,0.1261199378148476,0,Low
SYNID0200487923,11.707258173730416,0.12612942011633022,0,Low
SYNID0200903363,11.705694938993048,0.12613482578999385,0,Low
SYNID0200000167,11.692078952158923,0.12618190994164058,0,Low
SYNID0200255281,11.68664002786361,0.12620071776948555,0,Low
SYNID0200771459,11.685167785833052,0.12620580878990678,0,Low
SYNID0200007457,11.682994254120402,0.12621332487361148,0,Low
SYNID0200672889,11.677912553962528,0.12623089741857435,0,Low
SYNID0200846567,11.673876579733971,0.12624485383796097,0,Low
SYNID0200784992,11.669704843816277,0.12625927972195833,0,Low
SYNID0200568435,11.667709767405974,0.1262661787063209,0,Low
SYNID0200107234,11.66668314311223,0.1262697287783443,0,Low
SYNID0200488997,11.664852033760752,0.12627606076378445,0,Low
SYNID0200052917,11.65416558873364,0.12631301454497934,0,Low
SYNID0200057438,11.653951058122253,0.12631375639292342,0,Low
SYNID0200126945,11.653324989937083,0.1263159213398884,0,Low
SYNID0200910295,11.652560141226878,0.126318566190614,0,Low
SYNID0200274925,11.642538377795518,0.12635322149947398,0,Low
SYNID0200486595,11.639856435360656,0.126362495670039,0,Low
SYNID0200350391,11.638979022029858,0.12636552976979448,0,Low
SYNID0200978013,11.638459435306402,0.12636732650332388,0,Low
SYNID0200113837,11.63834011134756,0.12636773912617977,0,Low
SYNID0200968991,11.637656818479194,0.12637010195638998,0,Low
SYNID0200057805,11.627990155681914,0.12640352932545323,0,Low
SYNID0200547447,11.623167670027414,0.12642020550534655,0,Low
SYNID0200357549,11.621610247848068,0.12642559107915502,0,Low
SYNID0200718500,11.621451071548634,0.12642614151160714,0,Low
SYNID0200839041,11.614418564390512,0.1264504599570877,0,Low
SYNID0200584054,11.605603100042572,0.12648094387758874,0,Low
SYNID0200551480,11.604388922318357,0.12648514251032755,0,Low
SYNID0200556280,11.583436169601185,0.1265575972356714,0,Low
SYNID0200183824,11.581198354714097,0.12656533561091987,0,Low
SYNID0200246489,11.580413217563326,0.12656805061917603,0,Low
SYNID0200253943,11.577097144724874,0.1265795176158983,0,Low
SYNID0200853833,11.575789613997749,0.12658403906379545,0,Low
SYNID0200253398,11.575787628929874,0.12658404592817024,0,Low
SYNID0200984598,11.570504693577995,0.12660231434545632,0,Low
SYNID0200635452,11.569395134659871,0.12660615120583218,0,Low
SYNID0200378150,11.562053129767698,0.12663153989604947,0,Low
SYNID0200644847,11.556208221841658,0.12665175161735204,0,Low
SYNID0200898775,11.550184011542427,0.12667258336717202,0,Low
SYNID0200396420,11.548481887442584,0.12667846932095672,0,Low
SYNID0200696143,11.546997327881748,0.12668360293546022,0,Low
SYNID0200419462,11.530953628619628,0.12673908212901663,0,Low
SYNID0200205777,11.522254475791797,0.12676916384369025,0,Low
SYNID0200333484,11.515761169138969,0.12679161773108416,0,Low
SYNID0200550808,11.515038070734391,0.1267941182090408,0,Low
SYNID0200855846,11.514452786677822,0.12679614212428186,0,Low
SYNID0200623313,11.512514227742741,0.12680284567092798,0,Low
SYNID0200774935,11.511312406254547,0.12680700157573987,0,Low
SYNID0200724954,11.50292905511148,0.12683599124658318,0,Low
SYNID0200821002,11.50012356889934,0.12684569263215767,0,Low
SYNID0200107172,11.499117285247344,0.12684917236613857,0,Low
SYNID0200129228,11.4913720183242,0.12687595553850767,0,Low
SYNID0200435175,11.491126795524835,0.1268768035201937,0,Low
SYNID0200643090,11.491020303980022,0.12687717176849667,0,Low
SYNID0200351857,11.483582735723708,0.12690289091731266,0,Low
SYNID0200657769,11.480680166837637,0.12691292801526682,0,Low
SYNID0200767492,11.480226656100918,0.1269144962576984,0,Low
SYNID0200711183,11.47726108093346,0.12692475123169372,0,Low
SYNID0200418596,11.468274428124872,0.12695582712276138,0,Low
SYNID0200035124,11.463369061721693,0.12697278990470467,0,Low
SYNID0200253229,11.461573964502172,0.12697899736000956,0,Low
SYNID0200703759,11.460453742677231,0.12698287109277134,0,Low
SYNID0200596115,11.45490025397568,0.12700207508491512,0,Low
SYNID0200002297,11.451877132246935,0.1270125290552117,0,Low
SYNID0200838226,11.445821092015024,0.12703347087310063,0,Low
SYNID0200378858,11.441045096612676,0.1270499862894658,0,Low
SYNID0200281178,11.438042609984343,0.12706036890348033,0,Low
SYNID0200902973,11.437980930629813,0.12706058219100164,0,Low
SYNID0200784810,11.42810132472033,0.12709474591842873,0,Low
SYNID0200484643,11.422901733255813,0.12711272613212893,0,Low
SYNID0200701219,11.420280414121464,0.1271217906670128,0,Low
SYNID0200984055,11.412096300384107,0.12715009137389494,0,Low
SYNID0200195247,11.411410248301515,0.12715246374548195,0,Low
SYNID0200169003,11.411188544452692,0.1271532303985175,0,Low
SYNID0200239888,11.40942350930596,0.12715933389902195,0,Low
SYNID0200222868,11.402425220523227,0.12718353401718657,0,Low
SYNID0200493155,11.394722139012536,0.1272101713121851,0,Low
SYNID0200754801,11.392166493885895,0.12721900874601666,0,Low
SYNID0200804836,11.388053001875704,0.12723323322228597,0,Low
SYNID0200882744,11.387246914055865,0.12723602067806222,0,Low
SYNID0200189722,11.386688723470883,0.1272379509039409,0,Low
SYNID0200006305,11.382407990373636,0.1272527537007389,0,Low
SYNID0200117511,11.372925054411155,0.12728554574147405,0,Low
SYNID0200832768,11.370167576238508,0.1272950811150041,0,Low
SYNID0200879342,11.367419974555595,0.12730458233558245,0,Low
SYNID0200201652,11.365214493919005,0.12731220889882844,0,Low
SYNID0200921750,11.359657508506118,0.1273314249826178,0,Low
SYNID0200896286,11.35029903411938,0.1273637866345917,0,Low
SYNID0200639563,11.344051650180823,0.12738539011999028,0,Low
SYNID0200179316,11.333664121057907,0.12742131024846987,0,Low
SYNID0200876706,11.3326658098444,0.12742476241371797,0,Low
SYNID0200869271,11.328790553489142,0.1274381630698822,0,Low
SYNID0200261506,11.326730256217594,0.1274452875883143,0,Low
SYNID0200559220,11.318772477525584,0.12747280562745977,0,Low
SYNID0200764766,11.31639830437065,0.12748101553029123,0,Low
SYNID0200692318,11.316060844545504,0.12748218246808102,0,Low
SYNID0200657979,11.314827263320659,0.12748644819822358,0,Low
SYNID0200699859,11.313078291819629,0.12749249615055958,0,Low
SYNID0200043167,11.305703580476148,0.12751799793985164,0,Low
SYNID0200898303,11.299802791636054,0.1275384028976389,0,Low
SYNID0200296381,11.294151628013317,0.12755794465015635,0,Low
SYNID0200606242,11.2915526785768,0.1275669318305115,0,Low
SYNID0200635875,11.286034735029908,0.12758601290732985,0,Low
SYNID0200846293,11.285445576447806,0.1275880502206999,0,Low
SYNID0200224574,11.285141112929715,0.12758910305709226,0,Low
SYNID0200518402,11.273350859704905,0.12762987381264257,0,Low
SYNID0200161838,11.272069284146575,0.12763430550743415,0,Low
SYNID0200149972,11.26963476218377,0.12764272409674982,0,Low
SYNID0200169657,11.259659271863917,0.12767721939295512,0,Low
SYNID0200398646,11.251361593230506,0.12770591280782478,0,Low
SYNID0200407637,11.235766294605845,0.12775984142969882,0,Low
SYNID0200931836,11.217417956753202,0.1278232900752097,0,Low
SYNID0200601854,11.215544831586108,0.1278297673515537,0,Low
SYNID0200818176,11.212056634913822,0.12784182955336781,0,Low
SYNID0200909156,11.210591860557855,0.12784689475053235,0,Low
SYNID0200954126,11.210233089053652,0.12784813538421658,0,Low
SYNID0200078210,11.209151534841482,0.12785187540417697,0,Low
SYNID0200388877,11.2071840809377,0.12785867886977165,0,Low
SYNID0200713343,11.197084190769253,0.12789360434128538,0,Low
SYNID0200938487,11.195100760826335,0.12790046305210456,0,Low
SYNID0200586908,11.19010346791395,0.1279177437163837,0,Low
SYNID0200600801,11.184964506672962,0.1279355142704629,0,Low
SYNID0200507613,11.173193529116013,0.12797621837065581,0,Low
SYNID0200107155,11.171074374074102,0.12798354641955684,0,Low
SYNID0200812249,11.16429656212879,0.12800698412769757,0,Low
SYNID0200652131,11.15659765977766,0.12803360697114108,0,Low
SYNID0200583453,11.140760379804128,0.12808837236574888,0,Low
SYNID0200369571,11.13977238436047,0.12809178885901246,0,Low
SYNID0200112939,11.139379036214038,0.12809314905890118,0,Low
SYNID0200768403,11.137124103148132,0.12810094662889898,0,Low
SYNID0200512670,11.136850496992302,0.12810189276037587,0,Low
SYNID0200852544,11.127196627322057,0.12813527589074086,0,Low
SYNID0200842045,11.12202527075842,0.12815315846801034,0,Low
SYNID0200760988,11.117017875809864,0.1281704740651819,0,Low
SYNID0200104921,11.112105132544507,0.1281874623563521,0,Low
SYNID0200788386,11.111584455332334,0.12818926286079702,0,Low
SYNID0200822840,11.109795972256968,0.1281954474443578,0,Low
SYNID0200803847,11.105697086085605,0.12820962141356224,0,Low
SYNID0200353660,11.094830829070496,0.12824719698552517,0,Low
SYNID0200780401,11.091808563481287,0.12825764799528688,0,Low
SYNID0200899257,11.091522576623206,0.12825863693929507,0,Low
SYNID0200097002,11.088826363553785,0.12826796045778688,0,Low
SYNID0200834853,11.079301297956675,0.1283008981830126,0,Low
SYNID0200308540,11.076979073883926,0.12830892844565395,0,Low
SYNID0200953998,11.07649514432503,0.12831060187652715,0,Low
SYNID0200891349,11.07351917447145,0.12832089279539988,0,Low
SYNID0200963047,11.071363905849132,0.12832834572524543,0,Low
SYNID0200660761,11.07073406532637,0.12833052371697296,0,Low
SYNID0200867001,11.069822239430948,0.12833367681555174,0,Low
SYNID0200870329,11.063406752295094,0.1283558616026606,0,Low
SYNID0200262340,11.053398443331652,0.12839047038590218,0,Low
SYNID0200021406,11.040565736001447,0.128434845953045,0,Low
SYNID0200934060,11.038785482420373,0.1284410020789727,0,Low
SYNID0200698674,11.034466115621,0.12845593847130893,0,Low
SYNID0200330850,11.033214186954062,0.12846026764699947,0,Low
SYNID0200817410,11.027364520738885,0.12848049582249005,0,Low
SYNID0200266796,11.026060722318618,0.12848500436405114,0,Low
SYNID0200271203,11.025561578212603,0.12848673040690556,0,Low
SYNID0200682866,11.014627078582834,0.12852454196217666,0,Low
SYNID0200278999,11.00157356757952,0.12856968106954286,0,Low
SYNID0200831512,10.99970301021348,0.12857614946641777,0,Low
SYNID0200042017,10.996331006834843,0.12858780987123214,0,Low
SYNID0200995409,10.991832118998737,0.12860336704822545,0,Low
SYNID0200437008,10.99139172313432,0.12860488993936198,0,Low
SYNID0200892217,10.990623508235544,0.12860754643038474,0,Low
SYNID0200086646,10.986962132124546,0.12862020748757774,0,Low
SYNID0200286841,10.986912593622428,0.12862037879196975,0,Low
SYNID0200077623,10.979381693386841,0.12864642068324422,0,Low
SYNID0200070113,10.977656155195582,0.12865238760307596,0,Low
SYNID0200078801,10.97504865872493,0.12866140433911855,0,Low
SYNID0200956519,10.970669662811773,0.1286765469292332,0,Low
SYNID0200481431,10.966995009700383,0.128689253898361,0,Low
SYNID0200553788,10.966923988947315,0.1286894994884859,0,Low
SYNID0200014599,10.96558716458847,0.12869412223391036,0,Low
SYNID0200697841,10.95129751109377,0.12874353592829185,0,Low
SYNID0200996422,10.943538975039239,0.1287703649853847,0,Low
SYNID0200661418,10.939260492501163,0.12878515999973766,0,Low
SYNID0200909878,10.937015100541593,0.1287929245765413,0,Low
SYNID0200584506,10.931896620434351,0.12881062430675594,0,Low
SYNID0200555719,10.931531508206383,0.12881188686669515,0,Low
SYNID0200763261,10.929933518849325,0.12881741272201025,0,Low
SYNID0200777887,10.923551954271339,0.12883948020474167,0,Low
SYNID0200275347,10.921285763691863,0.1288473167032786,0,Low
SYNID0200241685,10.920061936515843,0.12885154870387078,0,Low
SYNID0200900307,10.919518935468119,0.12885342640425246,0,Low
SYNID0200022658,10.915383492188532,0.12886772678812286,0,Low
SYNID0200598200,10.913504357136603,0.12887422484667915,0,Low
SYNID0200607152,10.900181175500208,0.12892029647646458,0,Low
SYNID0200123002,10.895439776090768,0.1289366922597105,0,Low
SYNID0200137964,10.895004713460338,0.12893819670849682,0,Low
SYNID0200291414,10.893584773207088,0.12894310686910637,0,Low
SYNID0200132189,10.889884955331524,0.12895590085811653,0,Low
SYNID0200740747,10.888500703983922,0.12896068760630908,0,Low
SYNID0200141639,10.88815827221616,0.12896187173710166,0,Low
SYNID0200495892,10.876451336994158,0.129002354378575,0,Low
SYNID0200495206,10.875529920860046,0.12900554064024788,0,Low
SYNID0200419598,10.872996760222115,0.12901430032260325,0,Low
SYNID0200253184,10.869068052228748,0.12902788581480362,0,Low
SYNID0200238276,10.867160186672471,0.1290344832235899,0,Low
SYNID0200614843,10.865060889844145,0.12904174260268747,0,Low
SYNID0200834673,10.860804705602341,0.12905646050941866,0,Low
SYNID0200113339,10.85763526636395,0.12906742044640696,0,Low
SYNID0200733103,10.854733044017856,0.12907745634602413,0,Low
SYNID0200147395,10.847717662025765,0.12910171557259353,0,Low
SYNID0200115100,10.84612990134913,0.12910720605707976,0,Low
SYNID0200017227,10.841886529835747,0.12912187965733096,0,Low
SYNID0200532394,10.838890021624358,0.12913224159794934,0,Low
SYNID0200874238,10.82983073163539,0.12916356866875578,0,Low
SYNID0200765536,10.824712435638382,0.1291812677623163,0,Low
SYNID0200800956,10.823512292558355,0.12918541786318422,0,Low
SYNID0200274635,10.821656878329755,0.12919183389501293,0,Low
SYNID0200545011,10.821496262171976,0.1291923893065025,0,Low
SYNID0200463908,10.816924458358748,0.12920819862731514,0,Low
SYNID0200507482,10.815480139206791,0.1292131930902803,0,Low
SYNID0200496310,10.809393405134038,0.12923424104762676,0,Low
SYNID0200890556,10.80609610698474,0.12924564312137854,0,Low
SYNID0200611101,10.802780495153456,0.12925710852393568,0,Low
SYNID0200872965,10.799068482349448,0.12926994468307035,0,Low
SYNID0200963553,10.796731018814263,0.1292780276438502,0,Low
SYNID0200747511,10.784094755508619,0.1293217239065581,0,Low
SYNID0200128183,10.783045872152137,0.12932535095053355,0,Low
SYNID0200929467,10.774211637153456,0.1293558997800402,0,Low
SYNID0200861567,10.76873145446178,0.12937485027962942,0,Low
SYNID0200484383,10.768304750343106,0.1293763258246396,0,Low
SYNID0200799019,10.763542929235875,0.12939279222622024,0,Low
SYNID0200452548,10.762503177252064,0.12939638769386258,0,Low
SYNID0200129645,10.750951511201812,0.12943633341375116,0,Low
SYNID0200671703,10.742052683075663,0.12946710560662078,0,Low
SYNID0200252020,10.737686634791515,0.12948220342376854,0,Low
SYNID0200537786,10.736235812354693,0.12948722037512578,0,Low
SYNID0200018998,10.735928832740754,0.12948828191219036,0,Low
SYNID0200573447,10.734266893942433,0.12949402890499823,0,Low
SYNID0200746342,10.726841909411,0.12951970453922962,0,Low
SYNID0200421260,10.726579385381228,0.1295206123486583,0,Low
SYNID0200576775,10.71503170358843,0.12956054429096436,0,Low
SYNID0200089472,10.704676892722134,0.12959635127954633,0,Low
SYNID0200099603,10.702922795869142,0.12960241695537544,0,Low
SYNID0200739994,10.701407988782904,0.12960765516597544,0,Low
SYNID0200339664,10.698748838493735,0.12961685052118488,0,Low
SYNID0200223903,10.694900397614383,0.1296301584492972,0,Low
SYNID0200557262,10.694477759305592,0.12963161993471617,0,Low
SYNID0200267529,10.691816932356701,0.12964082108782343,0,Low
SYNID0200218387,10.688344373308347,0.12965282921465454,0,Low
SYNID0200414881,10.685276137200354,0.12966343919070378,0,Low
SYNID0200877242,10.683076086363762,0.1296710469776738,0,Low
SYNID0200943653,10.68237344882273,0.12967347670186036,0,Low
SYNID0200567479,10.679639228754027,0.12968293164874878,0,Low
SYNID0200570631,10.679493568219868,0.12968343534361593,0,Low
SYNID0200006871,10.677152474092566,0.12969153085900176,0,Low
SYNID0200054843,10.674992272841891,0.12969900084590125,0,Low
SYNID0200856922,10.674133428879038,0.12970197073268802,0,Low
SYNID0200752138,10.668188955868906,0.12972252675055723,0,Low
SYNID0200244273,10.665892686975305,0.12973046726005721,0,Low
SYNID0200532710,10.657841243053625,0.12975830919404274,0,Low
SYNID0200875060,10.656382152837146,0.12976335473542405,0,Low
SYNID0200644108,10.65283922471366,0.12977560619887446,0,Low
SYNID0200025569,10.652436755164757,0.12977699794061925,0,Low
SYNID0200664684,10.648449272060162,0.12979078667745286,0,Low
SYNID0200276387,10.6412561847252,0.12981566041000075,0,Low
SYNID0200767210,10.63881009435579,0.12982411900292523,0,Low
SYNID0200900422,10.628574509246718,0.129859513708233,0,Low
SYNID0200438827,10.625601215937188,0.12986979537160281,0,Low
SYNID0200058790,10.620305913409219,0.12988810655464667,0,Low
SYNID0200412530,10.608841467145233,0.12992775066807122,0,Low
SYNID0200835901,10.607442751844196,0.1299325874326882,0,Low
SYNID0200610310,10.60667624789641,0.12993523800723378,0,Low
SYNID0200563444,10.602528905174339,0.12994957953943675,0,Low
SYNID0200292620,10.595708120449196,0.12997316584766844,0,Low
SYNID0200514179,10.592879147463783,0.12998294845062425,0,Low
SYNID0200726746,10.591572827018986,0.12998746571335895,0,Low
SYNID0200353548,10.585563816176673,0.1300082449033797,0,Low
SYNID0200708961,10.578062359359294,0.1300341849791644,0,Low
SYNID0200047011,10.574794119752376,0.13004548656832904,0,Low
SYNID0200321035,10.563573238650612,0.13008428843218522,0,Low
SYNID0200824796,10.55754591572203,0.1301051309454933,0,Low
SYNID0200981359,10.55049453716233,0.1301295146483764,0,Low
SYNID0200429074,10.544335085768502,0.1301508140625886,0,Low
SYNID0200801299,10.541808851292153,0.13015954979424205,0,Low
SYNID0200000345,10.532248599846909,0.13019260919230935,0,Low
SYNID0200737943,10.531996743116096,0.13019348011416404,0,Low
SYNID0200368940,10.526672699641004,0.13021189068354905,0,Low
SYNID0200495063,10.51662222762372,0.13024664526684498,0,Low
SYNID0200521850,10.504837578028983,0.13028739664501404,0,Low
SYNID0200913145,10.498009135885859,0.13031100943263602,0,Low
SYNID0200700121,10.490956730059054,0.13033539668781396,0,Low
SYNID0200168518,10.48720560305631,0.1303483681040466,0,Low
SYNID0200128727,10.48486763147033,0.1303564528216687,0,Low
SYNID0200851421,10.484282231609498,0.13035847713736148,0,Low
SYNID0200148860,10.478053357805258,0.13038001661462156,0,Low
SYNID0200228168,10.477744525256874,0.13038108455914288,0,Low
SYNID0200792072,10.473532214701613,0.13039565075044307,0,Low
SYNID0200536291,10.46515265734611,0.13042462730234972,0,Low
SYNID0200622308,10.464478636071952,0.13042695807134003,0,Low
SYNID0200658616,10.461908122330676,0.13043584692091653,0,Low
SYNID0200164703,10.461469957571573,0.13043736209687956,0,Low
SYNID0200808409,10.45531817283453,0.13045863499975363,0,Low
SYNID0200867753,10.454647182534991,0.1304609552876183,0,Low
SYNID0200487702,10.450885222852548,0.13047396416331236,0,Low
SYNID0200095399,10.447163434843972,0.1304868341251541,0,Low
SYNID0200376845,10.444580496304425,0.13049576593974616,0,Low
SYNID0200730398,10.443749939628077,0.1304986380089525,0,Low
SYNID0200411939,10.442986663648675,0.13050127742116702,0,Low
SYNID0200167145,10.441047656130614,0.13050798251901535,0,Low
SYNID0200715742,10.439444034043674,0.130513527852339,0,Low
SYNID0200264834,10.434124254265228,0.13053192367783933,0,Low
SYNID0200306234,10.43343908024606,0.13053429301307856,0,Low
SYNID0200559789,10.427159686672724,0.13055600718795685,0,Low
SYNID0200414692,10.424535076032278,0.13056508310488552,0,Low
SYNID0200739792,10.418692092711353,0.13058528817089382,0,Low
SYNID0200681305,10.415114112918346,0.13059766084319552,0,Low
SYNID0200655922,10.401951580424054,0.13064317694743138,0,Low
SYNID0200281055,10.392476546899992,0.13067594166149432,0,Low
SYNID0200621698,10.391502995364434,0.13067930820765028,0,Low
SYNID0200024145,10.390678500908514,0.1306821593136676,0,Low
SYNID0200224161,10.371031771987688,0.13075009780208857,0,Low
SYNID0200761391,10.369418510294423,0.13075567646921987,0,Low
SYNID0200150076,10.364289887279767,0.13077341127365988,0,Low
SYNID0200780760,10.360162897847061,0.13078768242408484,0,Low
SYNID0200136882,10.35805920290391,0.13079495701188582,0,Low
SYNID0200450996,10.357334962072883,0.13079746144035892,0,Low
SYNID0200603975,10.354336322693186,0.13080783075056812,0,Low
SYNID0200315146,10.354302765499405,0.1308079467915147,0,Low
SYNID0200482514,10.349027634276617,0.13082618822208275,0,Low
SYNID0200704308,10.348667344919974,0.13082743410450842,0,Low
SYNID0200895143,10.34714058255959,0.13083271365650717,0,Low
SYNID0200104798,10.34530145075695,0.13083907338362416,0,Low
SYNID0200248165,10.344225344233116,0.13084279456545062,0,Low
SYNID0200060292,10.32625533062842,0.13090493496379008,0,Low
SYNID0200211901,10.32265513501482,0.13091738445851225,0,Low
SYNID0200507659,10.310081277181737,0.13096086492277897,0,Low
SYNID0200131257,10.30946646556113,0.1309629909444865,0,Low
SYNID0200355651,10.30519184513036,0.1309777726036528,0,Low
SYNID0200201806,10.303120203692927,0.13098493635026814,0,Low
SYNID0200258598,10.302922246086077,0.13098562088867832,0,Low
SYNID0200025554,10.30066809665805,0.13099341574885237,0,Low
SYNID0200215185,10.298887922782065,0.13099957159915948,0,Low
SYNID0200708751,10.289937566743035,0.1310305219758136,0,Low
SYNID0200851838,10.28533051524493,0.1310464531832996,0,Low
SYNID0200856688,10.285059187128553,0.13104739143730448,0,Low
SYNID0200777061,10.283834201614646,0.13105162744343496,0,Low
SYNID0200985615,10.27966013793538,0.13106606137684368,0,Low
SYNID0200559465,10.273068431567893,0.1310888555309508,0,Low
SYNID0200492222,10.269186657006507,0.13110227872710495,0,Low
SYNID0200959844,10.266684858842787,0.13111092995786516,0,Low
SYNID0200717058,10.266238801840807,0.13111247242524415,0,Low
SYNID0200413759,10.263956257417753,0.13112036547545525,0,Low
SYNID0200018412,10.260938612760299,0.1311308005060115,0,Low
SYNID0200171993,10.259397546672183,0.1311361295203734,0,Low
SYNID0200520703,10.258573631053409,0.13113897862476892,0,Low
SYNID0200862316,10.252639442609151,0.13115949907855706,0,Low
SYNID0200119252,10.248092841010305,0.13117522124998432,0,Low
SYNID0200548441,10.24389952629219,0.13118972175358318,0,Low
SYNID0200018245,10.23900840027212,0.13120663529220933,0,Low
SYNID0200351820,10.22513504350983,0.1312546094303752,0,Low
SYNID0200451901,10.221420236269424,0.13126745525268513,0,Low
SYNID0200556057,10.216362297875271,0.13128494562934834,0,Low
SYNID0200166841,10.208555801735322,0.1313119405326602,0,Low
SYNID0200122459,10.202913702647592,0.13133145093996956,0,Low
SYNID0200982199,10.199424954692425,0.1313435150481227,0,Low
SYNID0200787203,10.197988234549712,0.13134848323367526,0,Low
SYNID0200026070,10.196119450329483,0.13135494549900295,0,Low
SYNID0200324489,10.184299642529183,0.13139581845442544,0,Low
SYNID0200173256,10.174845216935864,0.13142851190615917,0,Low
SYNID0200357689,10.1740742457269,0.1314311779285166,0,Low
SYNID0200416298,10.161186313101247,0.13147574446501165,0,Low
SYNID0200790379,10.154715111866466,0.13149812191175764,0,Low
SYNID0200394991,10.151490551687054,0.13150927245724003,0,Low
SYNID0200968962,10.150348064591562,0.1315132231834205,0,Low
SYNID0200114697,10.149129431064964,0.1315174372243466,0,Low
SYNID0200603360,10.146334858937799,0.1315271008689598,0,Low
SYNID0200496108,10.142068586618159,0.1315418536603154,0,Low
SYNID0200935892,10.132863183871436,0.13157368598978048,0,Low
SYNID0200530175,10.132273766915638,0.13157572419660807,0,Low
SYNID0200761098,10.13119611065811,0.1315794507374215,0,Low
SYNID0200208672,10.127582616074108,0.13159194622005088,0,Low
SYNID0200646418,10.122833200231113,0.1316083697241648,0,Low
SYNID0200719063,10.09901052212593,0.13169074866608066,0,Low
SYNID0200401635,10.097978571207683,0.13169431715759866,0,Low
SYNID0200280361,10.08971775631246,0.13172288309747437,0,Low
SYNID0200028035,10.087359730390588,0.13173103716309187,0,Low
SYNID0200339429,10.080217157762988,0.13175573621552505,0,Low
SYNID0200162399,10.075220287873393,0.13177301541698927,0,Low
SYNID0200823139,10.062996906470822,0.13181528393197872,0,Low
SYNID0200180330,10.061989891069686,0.13181876619635186,0,Low
SYNID0200419011,10.06020797959485,0.13182492805528462,0,Low
SYNID0200718311,10.049826375129058,0.13186082769626978,0,Low
SYNID0200617361,10.049539847327942,0.1318618185108617,0,Low
SYNID0200536271,10.048704879542235,0.13186470583370663,0,Low
SYNID0200217374,10.043753861127342,0.13188182648053837,0,Low
SYNID0200920235,10.043591750062419,0.13188238706142447,0,Low
SYNID0200579553,10.039875813016067,0.1318952367906091,0,Low
SYNID0200640743,10.038577659914615,0.13189972581062903,0,Low
SYNID0200971423,10.032591059773573,0.13192042750433092,0,Low
SYNID0200913097,10.03005872153102,0.1319291843428389,0,Low
SYNID0200241765,10.02869104545723,0.13193391377365038,0,Low
SYNID0200488190,10.028384205674143,0.13193497482717914,0,Low
SYNID0200917079,10.028297410247148,0.13193527496620666,0,Low
SYNID0200905575,10.028134114759496,0.13193583964283256,0,Low
SYNID0200469484,10.022609175501934,0.13195494491085397,0,Low
SYNID0200958684,10.017076291779631,0.13197407765087482,0,Low
SYNID0200195434,10.016186694212067,0.13197715388378295,0,Low
SYNID0200977815,10.009837006421563,0.13199911113642132,0,Low
SYNID0200814003,10.009338201445729,0.13200083600656187,0,Low
SYNID0200992999,10.005690698777101,0.13201344908932067,0,Low
SYNID0200276806,10.000569654941813,0.1320311576849199,0,Low
SYNID0200768808,9.998310604383256,0.13203896949322824,0,Low
SYNID0200156920,9.99697736672394,0.13204357983582748,0,Low
SYNID0200437991,9.995906229313576,0.13204728383443431,0,Low
SYNID0200278570,9.994324333821865,0.13205275403708128,0,Low
SYNID0200263624,9.986188389786264,0.13208088817289004,0,Low
SYNID0200615056,9.983616461862105,0.13208978191271814,0,Low
SYNID0200097662,9.979740393211564,0.13210318537780358,0,Low
SYNID0200577749,9.978429158180184,0.13210771963520368,0,Low
SYNID0200965117,9.976929140320799,0.1321129067045821,0,Low
SYNID0200277504,9.972395953089702,0.1321285824890575,0,Low
SYNID0200832269,9.961507054734575,0.13216623635488922,0,Low
SYNID0200560342,9.96035527518017,0.13217021921443983,0,Low
SYNID0200701962,9.958326312745235,0.13217723537684772,0,Low
SYNID0200332396,9.955232312529347,0.13218793444531296,0,Low
SYNID0200847180,9.951172482571835,0.1322019733579315,0,Low
SYNID0200963333,9.94829889287248,0.13221191024571077,0,Low
SYNID0200463758,9.946776532505694,0.1322171745755933,0,Low
SYNID0200442691,9.932827493571693,0.13226541042309342,0,Low
SYNID0200416489,9.932422740254601,0.1322668100621202,0,Low
SYNID0200739009,9.922205618806217,0.13230214091999554,0,Low
SYNID0200951130,9.917422251675504,0.13231868182783485,0,Low
SYNID0200534041,9.912934000673616,0.1323342022226014,0,Low
SYNID0200307875,9.91026930738456,0.13234341674553257,0,Low
SYNID0200128912,9.903308295397714,0.13236748796034764,0,Low
SYNID0200783636,9.896081076114953,0.13239247972134444,0,Low
SYNID0200247817,9.88284497379334,0.13243825023041694,0,Low
SYNID0200096243,9.880614149544115,0.13244596443200418,0,Low
SYNID0200035231,9.87750163953718,0.13245672750742088,0,Low
SYNID0200746293,9.87684143364703,0.1324590105027431,0,Low
SYNID0200800109,9.875659526790507,0.1324630975426575,0,Low
SYNID0200858803,9.870433019719265,0.13248117083066246,0,Low
SYNID0200138233,9.868764674495054,0.13248693997692362,0,Low
SYNID0200372844,9.864305235300336,0.13250236074031457,0,Low
SYNID0200369301,9.863204746351663,0.13250616623668998,0,Low
SYNID0200403556,9.855096196133125,0.13253420564454016,0,Low
SYNID0200123878,9.854143460348823,0.13253750020972255,0,Low
SYNID0200256485,9.835621797992978,0.13260154821224607,0,Low
SYNID0200945757,9.83405074177822,0.13260698093261825,0,Low
SYNID0200783137,9.826395911005726,0.13263345137631893,0,Low
SYNID0200794736,9.826117072106427,0.13263441560264932,0,Low
SYNID0200836407,9.82405287794986,0.13264155359652963,0,Low
SYNID0200889064,9.823451078965228,0.13264363462047585,0,Low
SYNID0200520769,9.82170509670486,0.13264967223600244,0,Low
SYNID0200699471,9.813187361692691,0.1326791266069478,0,Low
SYNID0200692673,9.809594859803624,0.13269154949673145,0,Low
SYNID0200077945,9.80721146122233,0.13269979130113413,0,Low
SYNID0200109567,9.803837231256551,0.13271145940549817,0,Low
SYNID0200729668,9.793621907817204,0.1327467840458491,0,Low
SYNID0200322799,9.788755751442594,0.1327636112393144,0,Low
SYNID0200597133,9.784828203141338,0.13277719272129357,0,Low
SYNID0200869425,9.782692631782346,0.13278457753790246,0,Low
SYNID0200612364,9.778283184390965,0.1327998254293835,0,Low
SYNID0200575628,9.778113069951331,0.13280041368598,0,Low
SYNID0200860364,9.774700879722637,0.13281221305712604,0,Low
SYNID0200514747,9.77323460361707,0.13281728344734833,0,Low
SYNID0200284770,9.772061834849495,0.1328213388877047,0,Low
SYNID0200040642,9.770699608506085,0.13282604947332083,0,Low
SYNID0200718947,9.762836579790608,0.1328532398665661,0,Low
SYNID0200540751,9.758022534284855,0.13286988686038215,0,Low
SYNID0200272952,9.75235309165015,0.13288949182181586,0,Low
SYNID0200314325,9.749558418133127,0.1328991558170357,0,Low
SYNID0200439545,9.748166367050636,0.1329039695367511,0,Low
SYNID0200545767,9.74257581447344,0.13292330169596517,0,Low
SYNID0200605381,9.735150039373906,0.1329489800639851,0,Low
SYNID0200849547,9.731925665341258,0.132960129965771,0,Low
SYNID0200443525,9.726307260273451,0.13297955843903908,0,Low
SYNID0200099510,9.724547849934297,0.13298564248893036,0,Low
SYNID0200822360,9.724405350977655,0.13298613525104636,0,Low
SYNID0200378044,9.72351943870305,0.13298919874019272,0,Low
SYNID0200161988,9.720247280603012,0.13300051387952644,0,Low
SYNID0200062998,9.717676834641459,0.13300940249472032,0,Low
SYNID0200238201,9.714582529124975,0.13302010261891656,0,Low
SYNID0200963474,9.7105348696332,0.13303409944600275,0,Low
SYNID0200126663,9.708091227219576,0.13304254957388367,0,Low
SYNID0200861204,9.706342709416376,0.13304859595733026,0,Low
SYNID0200005819,9.70276835232169,0.13306095610232277,0,Low
SYNID0200122964,9.702432705011304,0.1330621167724273,0,Low
SYNID0200409284,9.699727798557525,0.1330714703526864,0,Low
SYNID0200791913,9.696865060357517,0.13308136971592582,0,Low
SYNID0200660444,9.690943852714227,0.13310184528203828,0,Low
SYNID0200753640,9.690699314136282,0.13310269089768317,0,Low
SYNID0200262722,9.680909740838736,0.1331365432918808,0,Low
SYNID0200060241,9.678216028999472,0.13314585816110602,0,Low
SYNID0200277964,9.6769883480627,0.13315010348802248,0,Low
SYNID0200278804,9.67572178325723,0.1331544832755544,0,Low
SYNID0200225542,9.673150111055286,0.1331633761310938,0,Low
SYNID0200708037,9.671444869340768,0.13316927286560587,0,Low
SYNID0200350119,9.662079418348526,0.13320165864271705,0,Low
SYNID0200693241,9.65637223070543,0.13322139412658152,0,Low
SYNID0200996295,9.655178373935271,0.13322552248935798,0,Low
SYNID0200869254,9.653709924741868,0.13323060039412904,0,Low
SYNID0200456902,9.647342013215123,0.1332526206645399,0,Low
SYNID0200705826,9.643690945587181,0.1332652460749461,0,Low
SYNID0200109060,9.642373244118275,0.13326980269332,0,Low
SYNID0200377946,9.633924900641752,0.1332990171079826,0,Low
SYNID0200134017,9.632186882784609,0.13330502718256237,0,Low
SYNID0200337804,9.631844145545202,0.1333062123696775,0,Low
SYNID0200797752,9.63059778737373,0.1333105222825664,0,Low
SYNID0200369278,9.613562517319046,0.13336943033296106,0,Low
SYNID0200979990,9.611697725567957,0.13337587879231017,0,Low
SYNID0200757118,9.600456975738645,0.13341474936232717,0,Low
SYNID0200435205,9.582643094379677,0.1334763498545677,0,Low
SYNID0200068879,9.58150127675956,0.1334802982656989,0,Low
SYNID0200628433,9.574275411147376,0.13350528534569595,0,Low
SYNID0200784268,9.571793274279734,0.13351386858759445,0,Low
SYNID0200957925,9.571403936346641,0.13351521492014506,0,Low
SYNID0200861363,9.569737787288432,0.13352097647205302,0,Low
SYNID0200366437,9.563614613106232,0.1335421504394831,0,Low
SYNID0200917541,9.56308592096299,0.13354397865960038,0,Low
SYNID0200393550,9.560818886166352,0.13355181807744454,0,Low
SYNID0200576972,9.54522696035204,0.13360573503612327,0,Low
SYNID0200914267,9.54397605732477,0.13361006066514663,0,Low
SYNID0200737865,9.535440427127213,0.13363957691773398,0,Low
SYNID0200293867,9.534460492569728,0.1336429655364122,0,Low
SYNID0200042812,9.532452847600538,0.13364990798291526,0,Low
SYNID0200800535,9.53240139051649,0.1336500859217733,0,Low
SYNID0200710497,9.525615932039258,0.13367355007166026,0,Low
SYNID0200861540,9.524825514754035,0.13367628333864817,0,Low
SYNID0200396123,9.511638962812036,0.13372188250225625,0,Low
SYNID0200838179,9.508155615508429,0.13373392793492883,0,Low
SYNID0200992297,9.504740269990691,0.1337457382170804,0,Low
SYNID0200910352,9.500945099666623,0.13375886193534192,0,Low
SYNID0200527193,9.488313007822484,0.13380254377311473,0,Low
SYNID0200645208,9.480649730420339,0.13382904342530366,0,Low
SYNID0200005543,9.477610897142206,0.13383955172621786,0,Low
SYNID0200257821,9.47571250040722,0.13384611639177202,0,Low
SYNID0200084675,9.474041799101613,0.1338518936853746,0,Low
SYNID0200078568,9.469295357338133,0.13386830690510643,0,Low
SYNID0200572540,9.466243831712127,0.13387885909622405,0,Low
SYNID0200604381,9.457836176324548,0.13390793281126834,0,Low
SYNID0200601239,9.454928335102956,0.13391798814098554,0,Low
SYNID0200131734,9.452278565531152,0.13392715105762665,0,Low
SYNID0200353069,9.451917314039896,0.13392840026711872,0,Low
SYNID0200792003,9.449015293680908,0.13393843546826345,0,Low
SYNID0200284985,9.441789837276758,0.13396342113321702,0,Low
SYNID0200298460,9.441708574295973,0.13396370214101744,0,Low
SYNID0200687887,9.440866015856656,0.1339666157123811,0,Low
SYNID0200967258,9.432020727203515,0.13399720276548105,0,Low
SYNID0200698182,9.428889322265903,0.13400803117966403,0,Low
SYNID0200262977,9.425916262506902,0.13401831203541492,0,Low
SYNID0200762295,9.422534609238113,0.13403000580959845,0,Low
SYNID0200516821,9.418445500657612,0.13404414596784403,0,Low
SYNID0200908111,9.409799405779566,0.13407404420785773,0,Low
SYNID0200604221,9.4068569384333,0.13408421927488995,0,Low
SYNID0200780726,9.40669802456587,0.13408476879985087,0,Low
SYNID0200957425,9.406297672848538,0.13408615321812334,0,Low
SYNID0200076108,9.395397753691583,0.13412384519394377,0,Low
SYNID0200707473,9.395258380717067,0.13412432714639771,0,Low
SYNID0200645800,9.392664037717303,0.13413329839767113,0,Low
SYNID0200579641,9.390584583790208,0.13414048915991544,0,Low
SYNID0200471688,9.390183764360572,0.13414187519553944,0,Low
SYNID0200468905,9.389512687604281,0.13414419578237202,0,Low
SYNID0200561121,9.3795829953526,0.1341785327086249,0,Low
SYNID0200577547,9.377484832118057,0.1341857881677494,0,Low
SYNID0200146237,9.370362138936414,0.13421041847695747,0,Low
SYNID0200985069,9.36708550356866,0.1342217490987057,0,Low
SYNID0200971232,9.363397986394205,0.13423450055182895,0,Low
SYNID0200340904,9.358230563460822,0.13425236952658504,0,Low
SYNID0200817493,9.354156380955494,0.13426645807038684,0,Low
SYNID0200768934,9.3452492505535,0.1342972589725685,0,Low
SYNID0200852739,9.344796739531944,0.13429882375797997,0,Low
SYNID0200255641,9.34365207248122,0.1343027820224567,0,Low
SYNID0200388303,9.340782818027996,0.13431270391893285,0,Low
SYNID0200647529,9.32393253193198,0.13437097229385864,0,Low
SYNID0200854854,9.323621019416478,0.13437204950571985,0,Low
SYNID0200705836,9.322381319352267,0.13437633639484003,0,Low
SYNID0200719236,9.320278431187738,0.13438360819279643,0,Low
SYNID0200064955,9.31253395111505,0.13441038864423266,0,Low
SYNID0200130933,9.312020640381007,0.1344121636753588,0,Low
SYNID0200177172,9.307071403042606,0.13442927816321898,0,Low
SYNID0200590514,9.304943918108613,0.13443663501692915,0,Low
SYNID0200425446,9.302212118887745,0.13444608159251348,0,Low
SYNID0200114401,9.296654700582579,0.1344652991732465,0,Low
SYNID0200495546,9.286153884631283,0.13450161104815417,0,Low
SYNID0200524462,9.285592754559062,0.13450355143879467,0,Low
SYNID0200472050,9.279938199694982,0.13452310491824193,0,Low
SYNID0200157512,9.27478835629735,0.13454091310287408,0,Low
SYNID0200455688,9.272441412340697,0.13454902884699954,0,Low
SYNID0200854154,9.269938511565819,0.13455768389059475,0,Low
SYNID0200208685,9.25940769194002,0.13459409951836127,0,Low
SYNID0200169694,9.258924121704297,0.13459577170669312,0,Low
SYNID0200677319,9.257522884262798,0.13460061719288463,0,Low
SYNID0200546320,9.256395485204116,0.13460451574455717,0,Low
SYNID0200461355,9.254421984681045,0.13461134011939208,0,Low
SYNID0200525242,9.252427224742753,0.13461823800939282,0,Low
SYNID0200877325,9.246924242345763,0.13463726735047882,0,Low
SYNID0200444951,9.237118775927435,0.13467117470316886,0,Low
SYNID0200776972,9.22885043562276,0.13469976666594868,0,Low
SYNID0200284271,9.227160492400635,0.13470561049819635,0,Low
SYNID0200881567,9.226373338602322,0.13470833248002995,0,Low
SYNID0200662057,9.218441417067915,0.13473576110499308,0,Low
SYNID0200228901,9.214155688691562,0.1347505811754916,0,Low
SYNID0200875158,9.210522576501461,0.13476314449590254,0,Low
SYNID0200508421,9.20897615228116,0.13476849203871277,0,Low
SYNID0200523984,9.205496897437499,0.13478052331963808,0,Low
SYNID0200546997,9.205153520344396,0.1347817107193705,0,Low
SYNID0200578589,9.20496032873934,0.13478237877692228,0,Low
SYNID0200708495,9.194050823699584,0.13482010390077415,0,Low
SYNID0200215815,9.183140111844835,0.13485783319779837,0,Low
SYNID0200649859,9.182379936741988,0.134860461887166,0,Low
SYNID0200282526,9.17857118514079,0.13487363256955281,0,Low
SYNID0200365493,9.171899407975125,0.13489670360888684,0,Low
SYNID0200038140,9.154615563126228,0.13495647123218274,0,Low
SYNID0200720474,9.153615335286815,0.13495993002513296,0,Low
SYNID0200386962,9.146660800460857,0.13498397884189278,0,Low
SYNID0200179268,9.143048055700525,0.1349964717316281,0,Low
SYNID0200215635,9.120499104347466,0.1350744461199641,0,Low
SYNID0200522225,9.115533495602655,0.13509161722023083,0,Low
SYNID0200053431,9.105685374882661,0.13512567207171272,0,Low
SYNID0200798533,9.105110740013373,0.13512765916201008,0,Low
SYNID0200718957,9.102216459953524,0.13513766759716106,0,Low
SYNID0200083269,9.090435576688165,0.135178405951344,0,Low
SYNID0200219653,9.089934873082413,0.13518013738695644,0,Low
SYNID0200757110,9.083005701126261,0.13520409849878362,0,Low
SYNID0200720953,9.081766116900504,0.13520838498733384,0,Low
SYNID0200648061,9.077003320322241,0.13522485476209828,0,Low
SYNID0200253254,9.07450203005373,0.13523350423655428,0,Low
SYNID0200281025,9.07433168452453,0.13523409329225966,0,Low
SYNID0200072894,9.070431789121741,0.13524757915037544,0,Low
SYNID0200754276,9.063343354099075,0.13527209099469573,0,Low
SYNID0200541211,9.063061952908647,0.13527306408144185,0,Low
SYNID0200438718,9.062022343089012,0.13527665905747976,0,Low
SYNID0200355326,9.060383063487336,0.13528232769467052,0,Low
SYNID0200434922,9.059184869405989,0.1352864710558911,0,Low
SYNID0200685349,9.056037696297324,0.13529735399648968,0,Low
SYNID0200062874,9.05121688809136,0.1353140243757574,0,Low
SYNID0200564217,9.04762542666684,0.13532644366760938,0,Low
SYNID0200714307,9.046682999150917,0.1353297025867473,0,Low
SYNID0200049343,9.036545027728032,0.13536475974343237,0,Low
SYNID0200026722,9.011201051318643,0.13545239934261294,0,Low
SYNID0200116284,9.010409411787627,0.13545513683613303,0,Low
SYNID0200606521,9.005074872283274,0.13547358370084056,0,Low
SYNID0200110313,9.003876618660094,0.1354777272679571,0,Low
SYNID0200693830,8.996589506251304,0.13550292613968795,0,Low
SYNID0200812065,8.995373727205504,0.13550713030980494,0,Low
SYNID0200602216,8.995075125152809,0.13550816287722017,0,Low
SYNID0200981093,8.994627446202117,0.13550971095330605,0,Low
SYNID0200247476,8.99238104234037,0.13551747902927253,0,Low
SYNID0200353160,8.99090577541184,0.1355225805098063,0,Low
SYNID0200216670,8.982193204481227,0.13555270862434748,0,Low
SYNID0200432438,8.981990034892036,0.1355534111858191,0,Low
SYNID0200941047,8.967066671757848,0.1356050162513534,0,Low
SYNID0200596764,8.96698648364999,0.13560529354223777,0,Low
SYNID0200078837,8.963131212525475,0.13561862508937256,0,Low
SYNID0200838387,8.96131827338899,0.13562489424211693,0,Low
SYNID0200311343,8.954325372623181,0.13564907572849166,0,Low
SYNID0200861574,8.948652549025645,0.13566869238131202,0,Low
SYNID0200046269,8.94363514201298,0.13568604260025213,0,Low
SYNID0200487593,8.940765579215459,0.1356959655629844,0,Low
SYNID0200103566,8.938448345680946,0.13570397856831917,0,Low
SYNID0200429839,8.938305572582912,0.13570447227841753,0,Low
SYNID0200313480,8.936572110259,0.13571046659994024,0,Low
SYNID0200899316,8.92940635731636,0.1357352458100206,0,Low
SYNID0200393261,8.926791659498676,0.13574428744835781,0,Low
SYNID0200075439,8.92504920332454,0.1357503128706603,0,Low
SYNID0200872544,8.911924230184717,0.1357956990944576,0,Low
SYNID0200281344,8.9108962159576,0.13579925397287768,0,Low
SYNID0200090248,8.910190925392172,0.13580169287123606,0,Low
SYNID0200735864,8.908521338748933,0.13580746631033053,0,Low
SYNID0200949313,8.903340586714307,0.13582538137718642,0,Low
SYNID0200975629,8.903245459673755,0.13582571032697593,0,Low
SYNID0200322641,8.898496237586528,0.1358421331610814,0,Low
SYNID0200040291,8.896566620659456,0.13584880578621839,0,Low
SYNID0200336904,8.891416538664473,0.13586661479592138,0,Low
SYNID0200595968,8.884863425668193,0.1358892754939548,0,Low
SYNID0200974629,8.882396203866065,0.13589780715948097,0,Low
SYNID0200208180,8.881041321094187,0.13590249235098945,0,Low
SYNID0200107882,8.87992183816273,0.13590636352865382,0,Low
SYNID0200591329,8.87580485444007,0.13592060007928258,0,Low
SYNID0200165631,8.869913390605184,0.13594097279115447,0,Low
SYNID0200556702,8.867253928492453,0.13595016922465136,0,Low
SYNID0200396190,8.863729464638801,0.1359623568385629,0,Low
SYNID0200889429,8.862942094036853,0.13596507957010456,0,Low
SYNID0200219564,8.862251787698796,0.13596746665292858,0,Low
SYNID0200757164,8.853679719107326,0.1359971089096672,0,Low
SYNID0200621546,8.849391483046695,0.13601193765175074,0,Low
SYNID0200344226,8.848206131116982,0.1360160366047457,0,Low
SYNID0200209668,8.846642437361808,0.13602144386569526,0,Low
SYNID0200421985,8.843009739730668,0.1360340057525592,0,Low
SYNID0200570814,8.842693131977114,0.1360351005837795,0,Low
SYNID0200057253,8.840284614921423,0.13604342924799423,0,Low
SYNID0200592858,8.83504939305569,0.13606153267180282,0,Low
SYNID0200193652,8.8291266674509,0.13608201348703386,0,Low
SYNID0200707975,8.825853190930694,0.13609333318547123,0,Low
SYNID0200861644,8.816793525342959,0.1361246615551001,0,Low
SYNID0200760461,8.814972198767983,0.1361309597116494,0,Low
SYNID0200313652,8.813748140735072,0.1361351925105459,0,Low
SYNID0200137613,8.811221389217074,0.13614393003013198,0,Low
SYNID0200047088,8.810660817977727,0.13614586848832555,0,Low
SYNID0200772466,8.808259975035483,0.13615417061541701,0,Low
SYNID0200506763,8.8076715734924,0.1361562053109423,0,Low
SYNID0200528660,8.802266237693523,0.13617489698959595,0,Low
SYNID0200797014,8.791776722593525,0.13621116978610243,0,Low
SYNID0200885247,8.790932634819612,0.1362140886459129,0,Low
SYNID0200953271,8.787830874539956,0.13622481454871804,0,Low
SYNID0200099997,8.786026003771802,0.13623105580100375,0,Low
SYNID0200667350,8.770825982824405,0.13628361755066165,0,Low
SYNID0200055205,8.77003258246301,0.13628636113314213,0,Low
SYNID0200758107,8.764437243898989,0.13630570984232293,0,Low
SYNID0200083102,8.763036208632052,0.1363105546293938,0,Low
SYNID0200281461,8.756856656845414,0.13633192355086643,0,Low
SYNID0200446324,8.756365259770874,0.13633362280444666,0,Low
SYNID0200049489,8.741197489524012,0.1363860730310183,0,Low
SYNID0200769071,8.738096472561175,0.1363967963634301,0,Low
SYNID0200138694,8.729731837936406,0.13642572131245806,0,Low
SYNID0200760553,8.728831718767466,0.1364288339291172,0,Low
SYNID0200848630,8.71372479778158,0.13648107373863522,0,Low
SYNID0200490046,8.710805124781189,0.1364911699827036,0,Low
SYNID0200910436,8.706863909982268,0.13650479872350113,0,Low
SYNID0200000104,8.698914169119327,0.13653228896779285,0,Low
SYNID0200713832,8.698746813764501,0.13653286768346007,0,Low
SYNID0200353109,8.696452827726894,0.13654080029883242,0,Low
SYNID0200801683,8.687885381842591,0.13657042657022617,0,Low
SYNID0200504555,8.683084367980427,0.1365870285005525,0,Low
SYNID0200463546,8.680296784557427,0.1365966679781912,0,Low
SYNID0200895837,8.674570819767133,0.1366164683935261,0,Low
SYNID0200204206,8.67405143476779,0.1366182644294925,0,Low
SYNID0200980865,8.673127483235355,0.13662145945858567,0,Low
SYNID0200469805,8.65815646140507,0.1366732293281332,0,Low
SYNID0200926931,8.65782860283997,0.13667436306471697,0,Low
SYNID0200643664,8.655450824465476,0.13668258543441597,0,Low
SYNID0200092052,8.654887772970461,0.13668453246934625,0,Low
SYNID0200360548,8.652632800555857,0.13669233017541205,0,Low
SYNID0200098437,8.652573192962087,0.13669253629877415,0,Low
SYNID0200240420,8.641770577772803,0.13672989179698003,0,Low
SYNID0200502312,8.63969454984251,0.13673707071211,0,Low
SYNID0200772465,8.636854240074932,0.1367468925177161,0,Low
SYNID0200035629,8.635828523908003,0.13675043944943238,0,Low
SYNID0200205384,8.63408415604951,0.1367564714823491,0,Low
SYNID0200719314,8.633704972144905,0.1367577827022176,0,Low
SYNID0200709243,8.629984271022636,0.13677064890560098,0,Low
SYNID0200810700,8.623269566394512,0.13679386838831825,0,Low
SYNID0200694679,8.617529638805493,0.13681371708708207,0,Low
SYNID0200462912,8.613653993398223,0.13682711908859013,0,Low
SYNID0200723020,8.611104145218022,0.13683593647655146,0,Low
SYNID0200533515,8.610337600832416,0.13683858719093123,0,Low
SYNID0200297040,8.60884331562086,0.13684375443678432,0,Low
SYNID0200098289,8.606278444401305,0.13685262377449203,0,Low
SYNID0200028145,8.598314121265354,0.1368801644443579,0,Low
SYNID0200994279,8.593098473458895,0.1368982001809701,0,Low
SYNID0200136757,8.586442791159214,0.13692121556417575,0,Low
SYNID0200655381,8.579683165830062,0.1369445903829054,0,Low
SYNID0200774276,8.579080333076838,0.13694667498162866,0,Low
SYNID0200958128,8.576988688220574,0.13695390790016798,0,Low
SYNID0200700618,8.572625576950607,0.13696899556110576,0,Low
SYNID0200387536,8.569283112843387,0.1369805538189695,0,Low
SYNID0200242140,8.561760208382601,0.13700656806081407,0,Low
SYNID0200726881,8.560545812088883,0.13701076744936735,0,Low
SYNID0200201683,8.557272957599324,0.13702208499681956,0,Low
SYNID0200823557,8.545988193530313,0.13706110776830105,0,Low
SYNID0200520875,8.54403588409312,0.13706785886425332,0,Low
SYNID0200482784,8.544034456266829,0.1370678638016839,0,Low
SYNID0200931465,8.543651537230005,0.1370691879376586,0,Low
SYNID0200635488,8.537580512524123,0.13709018157193464,0,Low
SYNID0200663919,8.53147991413283,0.13711127747216506,0,Low
SYNID0200300282,8.529228869511726,0.13711906159590098,0,Low
SYNID0200321872,8.528599889309817,0.13712123661263464,0,Low
SYNID0200675535,8.523166834196338,0.13714002414481902,0,Low
SYNID0200554257,8.521036823610594,0.13714738973224577,0,Low
SYNID0200186668,8.519741759601537,0.1371518680701685,0,Low
SYNID0200435990,8.519526110743989,0.13715261378501348,0,Low
SYNID0200439201,8.516092516559276,0.13716448717114815,0,Low
SYNID0200784637,8.515153962626492,0.13716773269541593,0,Low
SYNID0200597212,8.514717770951421,0.13716924104844436,0,Low
SYNID0200604603,8.513319798039404,0.13717407524587633,0,Low
SYNID0200943437,8.51220431215122,0.13717793260174477,0,Low
SYNID0200739094,8.51035388274257,0.13718433139604075,0,Low
SYNID0200310497,8.509975161093912,0.13718564101742586,0,Low
SYNID0200481904,8.5050207773117,0.13720277330171488,0,Low
SYNID0200157104,8.499528403814068,0.137221765957173,0,Low
SYNID0200082683,8.49326436580062,0.13724342703244718,0,Low
SYNID0200437920,8.493161411116631,0.13724378305026746,0,Low
SYNID0200897087,8.48620410362846,0.13726784145490728,0,Low
SYNID0200180865,8.485768602136353,0.1372693474212795,0,Low
SYNID0200042354,8.485003803273166,0.13727199209963387,0,Low
SYNID0200742946,8.47625117933783,0.13730225871766888,0,Low
SYNID0200280044,8.472537606778815,0.1373151002704443,0,Low
SYNID0200785080,8.472261621585169,0.13731605462864604,0,Low
SYNID0200878765,8.466027343485358,0.13733761279398765,0,Low
SYNID0200000596,8.465718846342128,0.13733867957867624,0,Low
SYNID0200644764,8.465160300969202,0.13734061103141343,0,Low
SYNID0200778085,8.464248933222272,0.1373437625457124,0,Low
SYNID0200440458,8.463549047035507,0.13734618275570193,0,Low
SYNID0200251412,8.459874737540318,0.13735888853660316,0,Low
SYNID0200482948,8.459731370275541,0.1373593843013331,0,Low
SYNID0200187435,8.449437014635713,0.13739498223543484,0,Low
SYNID0200742299,8.4453164586443,0.13740923113898712,0,Low
SYNID0200110757,8.438392918853154,0.13743317277475908,0,Low
SYNID0200567108,8.43805252407028,0.1374343498616476,0,Low
SYNID0200598482,8.434865505391365,0.13744537058843054,0,Low
SYNID0200739518,8.429190854408226,0.13746499356035957,0,Low
SYNID0200171426,8.422270019045783,0.13748892584420336,0,Low
SYNID0200987566,8.413211845196429,0.13752024905539334,0,Low
SYNID0200018995,8.40338743924957,0.13755422190106925,0,Low
SYNID0200621945,8.395532380040876,0.13758138473571957,0,Low
SYNID0200240763,8.39299119963313,0.1375901721504797,0,Low
SYNID0200657124,8.39220455828152,0.13759289236027,0,Low
SYNID0200759913,8.381301137293399,0.1376305964454404,0,Low
SYNID0200123380,8.380926667580695,0.13763189136360937,0,Low
SYNID0200607871,8.375608127431185,0.13765028290246656,0,Low
SYNID0200793609,8.37535637065632,0.13765115347867307,0,Low
SYNID0200632141,8.373357061024045,0.13765806710153872,0,Low
SYNID0200278332,8.371850442152976,0.13766327699724906,0,Low
SYNID0200879644,8.364955209029155,0.1376871207484216,0,Low
SYNID0200938090,8.35964031295498,0.13770549968604778,0,Low
SYNID0200579742,8.354103016553147,0.13772464768513687,0,Low
SYNID0200604615,8.350336316510678,0.13773767295301997,0,Low
SYNID0200718474,8.349689901761415,0.13773990825850696,0,Low
SYNID0200475911,8.335893235583491,0.13778761720024246,0,Low
SYNID0200010640,8.318192136028934,0.13784882769243034,0,Low
SYNID0200372302,8.312324540400041,0.13786911786792466,0,Low
SYNID0200394332,8.310651512868688,0.13787490320562767,0,Low
SYNID0200412886,8.309094826489996,0.13788028623503373,0,Low
SYNID0200552449,8.30411880142762,0.13789749335497953,0,Low
SYNID0200645640,8.301539587034569,0.13790641229145406,0,Low
SYNID0200191619,8.300657911598577,0.13790946112959096,0,Low
SYNID0200860506,8.297409736076723,0.13792069333704748,0,Low
SYNID0200107652,8.297242094402094,0.13792127304281004,0,Low
SYNID0200463877,8.295557028889213,0.13792710000791436,0,Low
SYNID0200660641,8.292601565016007,0.13793732001700276,0,Low
SYNID0200040430,8.282123347660722,0.13797355374585063,0,Low
SYNID0200186508,8.280948363472284,0.1379776168471436,0,Low
SYNID0200192214,8.277223449278871,0.1379904976193484,0,Low
SYNID0200102130,8.27354473995458,0.13800321861488102,0,Low
SYNID0200241163,8.267560060717422,0.13802391366608752,0,Low
SYNID0200612614,8.264756605101695,0.13803360802984932,0,Low
SYNID0200699566,8.261646206837575,0.13804436380284862,0,Low
SYNID0200566544,8.257842681442902,0.13805751641298675,0,Low
SYNID0200826466,8.256611046386816,0.13806177541326786,0,Low
SYNID0200148919,8.256230922679961,0.13806308988297733,0,Low
SYNID0200117577,8.251698495864431,0.13807876303793187,0,Low
SYNID0200068031,8.248072254308028,0.13809130259965657,0,Low
SYNID0200566859,8.247066036943764,0.13809478210441417,0,Low
SYNID0200049061,8.245899099818274,0.1380988173789226,0,Low
SYNID0200701147,8.244379958042536,0.1381040705789009,0,Low
SYNID0200330035,8.238444699846838,0.13812459473189498,0,Low
SYNID0200720565,8.236958237187253,0.1381297349273236,0,Low
SYNID0200899450,8.233953629919768,0.1381401248745191,0,Low
SYNID0200552983,8.217609241046581,0.1381966438542782,0,Low
SYNID0200496136,8.215543387114309,0.13820378758767132,0,Low
SYNID0200201408,8.212976666487414,0.13821266332063903,0,Low
SYNID0200220989,8.211983543538608,0.13821609754484143,0,Low
SYNID0200247467,8.211448789063233,0.13821794672853405,0,Low
SYNID0200282970,8.209915331562605,0.13822324943236175,0,Low
SYNID0200993367,8.205483851924306,0.13823857351146457,0,Low
SYNID0200637380,8.202937808338348,0.13824737774311968,0,Low
SYNID0200020386,8.199112490888915,0.13826060571029386,0,Low
SYNID0200198381,8.198721403611565,0.1382619580920858,0,Low
SYNID0200650001,8.178488467478942,0.13833192368802333,0,Low
SYNID0200888265,8.17677859740116,0.13833783642743908,0,Low
SYNID0200737749,8.17419978033768,0.13834675398994595,0,Low
SYNID0200719302,8.171607803172513,0.13835571706015132,0,Low
SYNID0200195975,8.1697315724292,0.13836220507559366,0,Low
SYNID0200087852,8.166901820798998,0.1383719903711071,0,Low
SYNID0200641004,8.16054179121869,0.13839398338570713,0,Low
SYNID0200868271,8.1575795351838,0.13840422688212517,0,Low
SYNID0200419908,8.156466729882396,0.13840807496851087,0,Low
SYNID0200747844,8.142408024587859,0.1384566900428429,0,Low
SYNID0200779363,8.135483949716672,0.13848063352892437,0,Low
SYNID0200851678,8.134990753585349,0.1384823390036521,0,Low
SYNID0200692045,8.129847538257998,0.13850012426838354,0,Low
SYNID0200227015,8.125409595435407,0.13851547069721049,0,Low
SYNID0200488215,8.124767157034057,0.13851769225246618,0,Low
SYNID0200788857,8.123173096818348,0.13852320452079053,0,Low
SYNID0200219009,8.122738640038023,0.1385247068745441,0,Low
SYNID0200717434,8.122103692956081,0.13852690252477923,0,Low
SYNID0200761918,8.120900370170759,0.1385310636210842,0,Low
SYNID0200006575,8.118731065643352,0.13853856508716084,0,Low
SYNID0200729830,8.11194345819274,0.13856203666820865,0,Low
SYNID0200250696,8.108111514952022,0.13857528754740278,0,Low
SYNID0200147914,8.106463550112124,0.13858098621819143,0,Low
SYNID0200325521,8.1049243004842,0.13858630895122476,0,Low
SYNID0200628604,8.104595540515781,0.13858744580486576,0,Low
SYNID0200950549,8.09804378299922,0.13861010181564343,0,Low
SYNID0200960913,8.097144906591609,0.13861321013482758,0,Low
SYNID0200282118,8.087873177116698,0.13864527182245567,0,Low
SYNID0200734270,8.087345256234322,0.13864709737554898,0,Low
SYNID0200184471,8.086902416409401,0.13864862871791334,0,Low
SYNID0200803022,8.07431375425245,0.13869216037560722,0,Low
SYNID0200762214,8.06379036987633,0.13872855029224257,0,Low
SYNID0200607929,8.059587042410413,0.1387430854199742,0,Low
SYNID0200267659,8.058822455046858,0.13874572936696178,0,Low
SYNID0200599512,8.050607807601786,0.13877413565956032,0,Low
SYNID0200752189,8.044056832633942,0.13879678896428055,0,Low
SYNID0200174275,8.03689933865791,0.13882153961481242,0,Low
SYNID0200010052,8.027028894437933,0.13885567166107066,0,Low
SYNID0200545813,8.011849321411859,0.13890816270171275,0,Low
SYNID0200786471,8.008396622484632,0.13892010215214412,0,Low
SYNID0200576777,8.000205136262828,0.13894842835311494,0,Low
SYNID0200919849,7.999268406058057,0.13895166757092198,0,Low
SYNID0200264286,7.997551628894925,0.13895760419507397,0,Low
SYNID0200169950,7.993818485330259,0.13897051342448635,0,Low
SYNID0200355310,7.993221816641558,0.1389725767078432,0,Low
SYNID0200394608,7.986758641465094,0.13899492640043876,0,Low
SYNID0200184270,7.982492229317494,0.13900967967532013,0,Low
SYNID0200904664,7.964267668195404,0.13907270030026792,0,Low
SYNID0200527241,7.948735104607799,0.1391264119840651,0,Low
SYNID0200599099,7.948181455941224,0.1391283265039669,0,Low
SYNID0200718517,7.946392122433686,0.13913451402832644,0,Low
SYNID0200625530,7.943483802715562,0.13914457101268707,0,Low
SYNID0200399634,7.938884459218642,0.1391604755658658,0,Low
SYNID0200475494,7.9372554887758255,0.13916610855393285,0,Low
SYNID0200672414,7.93566941419494,0.1391715932078914,0,Low
SYNID0200466798,7.928606799909893,0.13919601576396984,0,Low
SYNID0200366245,7.926717279559583,0.13920254973494067,0,Low
SYNID0200447391,7.924046304920502,0.13921178597881217,0,Low
SYNID0200299598,7.922759308556074,0.13921623641877878,0,Low
SYNID0200934829,7.922142144670012,0.1392183705746322,0,Low
SYNID0200616738,7.920635688715166,0.13922357990697742,0,Low
SYNID0200987805,7.913187656509109,0.1392493352401848,0,Low
SYNID0200761129,7.912078644834175,0.1392531702081909,0,Low
SYNID0200842320,7.905502580788834,0.13927591027106856,0,Low
SYNID0200542227,7.90370169209848,0.139282137753309,0,Low
SYNID0200973353,7.903109009772081,0.13928418725180475,0,Low
SYNID0200845885,7.902636703998645,0.13928582048756877,0,Low
SYNID0200067334,7.901823046040562,0.13928863412092152,0,Low
SYNID0200343705,7.897642064317395,0.13930309197696117,0,Low
SYNID0200633550,7.883245339077085,0.13935287592598294,0,Low
SYNID0200392159,7.880810417488469,0.1393612958972067,0,Low
SYNID0200178689,7.879157810230957,0.13936701062149903,0,Low
SYNID0200778980,7.87671914433686,0.13937544354055015,0,Low
SYNID0200204107,7.869674856910528,0.13939980272225805,0,Low
SYNID0200625188,7.868826419267492,0.13940273662393804,0,Low
SYNID0200370512,7.8667889977586825,0.13940978203786636,0,Low
SYNID0200730764,7.862882093214111,0.13942329213363003,0,Low
SYNID0200171285,7.857891682960002,0.1394405489976419,0,Low
SYNID0200388726,7.852677225809238,0.13945858061696065,0,Low
SYNID0200296240,7.8512431912523155,0.13946353951574392,0,Low
SYNID0200652792,7.844850503885517,0.13948564546113557,0,Low
SYNID0200620809,7.839841170427256,0.13950296776168353,0,Low
SYNID0200902735,7.83159628167801,0.13953147862886556,0,Low
SYNID0200757380,7.82834997084705,0.13954270438821148,0,Low
SYNID0200945223,7.824771002674794,0.13955508047833365,0,Low
SYNID0200779145,7.823786141422147,0.13955848613354876,0,Low
SYNID0200808697,7.8223030378400935,0.13956361471327022,0,Low
SYNID0200204876,7.818202600610853,0.1395777940460407,0,Low
SYNID0200081318,7.806441606578247,0.13961846362315572,0,Low
SYNID0200973643,7.8018938098952475,0.13963418992719007,0,Low
SYNID0200629028,7.7976931857960565,0.13964871570666582,0,Low
SYNID0200519070,7.7953069342486785,0.13965696737663968,0,Low
SYNID0200816683,7.788490496800968,0.13968053865196395,0,Low
SYNID0200426304,7.787488530959955,0.13968400345493254,0,Low
SYNID0200810626,7.784275729327838,0.13969511333929863,0,Low
SYNID0200743630,7.783653144637974,0.13969726624031914,0,Low
SYNID0200974399,7.779296120957795,0.13971233285034051,0,Low
SYNID0200950053,7.7779865174066956,0.13971686146607348,0,Low
SYNID0200704471,7.773018340966907,0.1397340414454425,0,Low
SYNID0200045739,7.767448144068453,0.13975330321461604,0,Low
SYNID0200441931,7.756732748759298,0.13979035710603332,0,Low
SYNID0200642493,7.750998681181258,0.1398101855408494,0,Low
SYNID0200852171,7.744230299366599,0.13983359063955042,0,Low
SYNID0200099912,7.744154048854483,0.1398338543142087,0,Low
SYNID0200642555,7.738230473152015,0.13985433806908182,0,Low
SYNID0200444432,7.7285421243024786,0.13988784042862396,0,Low
SYNID0200036127,7.727111455321257,0.13989278768922936,0,Low
SYNID0200328659,7.725685024976997,0.1398977202926066,0,Low
SYNID0200779177,7.703741841573645,0.13997359993229502,0,Low
SYNID0200011742,7.699784072974843,0.13998728591621662,0,Low
SYNID0200500264,7.696033606457284,0.14000025504848812,0,Low
SYNID0200553272,7.681971938155314,0.14004888036891489,0,Low
SYNID0200372232,7.679590719542176,0.1400571146349766,0,Low
SYNID0200703865,7.679138673253036,0.14005867781334103,0,Low
SYNID0200899924,7.6751344794251395,0.1400725243359407,0,Low
SYNID0200630242,7.673123439804051,0.14007947852116726,0,Low
SYNID0200591071,7.66624561315939,0.14010326208064644,0,Low
SYNID0200343427,7.657631746566196,0.14013304887508737,0,Low
SYNID0200471607,7.654086661726232,0.14014530779647433,0,Low
SYNID0200105815,7.652402429329236,0.1401511318806597,0,Low
SYNID0200961058,7.649491161919066,0.14016119905815438,0,Low
SYNID0200966505,7.63533944726786,0.1402101357593143,0,Low
SYNID0200798177,7.631949503517198,0.14022185820202626,0,Low
SYNID0200009137,7.627143526262252,0.14023847729579003,0,Low
SYNID0200165689,7.619209607627184,0.1402659128267374,0,Low
SYNID0200467364,7.618819191556618,0.14026726288749286,0,Low
SYNID0200494812,7.617233822425511,0.1402727451020025,0,Low
SYNID0200650931,7.61250463413046,0.14028909865915284,0,Low
SYNID0200555740,7.607295643414943,0.14030711137551072,0,Low
SYNID0200750241,7.606778750566711,0.14030889879360592,0,Low
SYNID0200362560,7.590524310466954,0.14036510673004954,0,Low
SYNID0200262329,7.590364215053931,0.1403656603408011,0,Low
SYNID0200913117,7.585558188313421,0.14038227960568622,0,Low
SYNID0200000792,7.57772385312628,0.14040937077656473,0,Low
SYNID0200901285,7.576691716570984,0.14041293991001658,0,Low
SYNID0200390307,7.57232245977746,0.14042804882220605,0,Low
SYNID0200469466,7.564409718791474,0.14045541112073529,0,Low
SYNID0200844622,7.560887448475832,0.14046759114938123,0,Low
SYNID0200103630,7.560108883037877,0.14047028343262108,0,Low
SYNID0200353368,7.55861028937904,0.14047546557710677,0,Low
SYNID0200052307,7.553671213629158,0.14049254492614222,0,Low
SYNID0200084090,7.552002447678724,0.14049831552727676,0,Low
SYNID0200412555,7.546078596374365,0.14051880023518265,0,Low
SYNID0200712816,7.544094256984344,0.14052566209087453,0,Low
SYNID0200816533,7.543860922810346,0.14052646896163362,0,Low
SYNID0200026055,7.543548915809062,0.1405275478834292,0,Low
SYNID0200053350,7.531639876097984,0.1405687294032525,0,Low
SYNID0200187823,7.525201571507814,0.1405909930932343,0,Low
SYNID0200821951,7.520447358702249,0.14060743318526914,0,Low
SYNID0200384565,7.5190732793831145,0.14061218475853554,0,Low
SYNID0200520619,7.518888282988023,0.14061282447700962,0,Low
SYNID0200018038,7.512370686610822,0.1406353623583938,0,Low
SYNID0200407634,7.5011843139711445,0.1406740448918128,0,Low
SYNID0200743959,7.500171802872259,0.14067754616033668,0,Low
SYNID0200908249,7.496229568520221,0.14069117842675405,0,Low
SYNID0200937622,7.490354749344391,0.14071149358131035,0,Low
SYNID0200547885,7.480775435734941,0.14074461889643836,0,Low
SYNID0200537111,7.479948132104106,0.1407474797165968,0,Low
SYNID0200907404,7.475021691862466,0.14076451537198054,0,Low
SYNID0200173376,7.474066619232467,0.1407678180179872,0,Low
SYNID0200045763,7.467747776535553,0.14078966860813524,0,Low
SYNID0200944720,7.467312806894519,0.14079117273536373,0,Low
SYNID0200080481,7.466199846529115,0.14079502135796157,0,Low
SYNID0200019038,7.465623984737931,0.14079701269096107,0,Low
SYNID0200356022,7.46134780337097,0.14081179974785263,0,Low
SYNID0200683156,7.46055919947824,0.1408145267441201,0,Low
SYNID0200284812,7.4542329496536155,0.14083640294815336,0,Low
SYNID0200794276,7.453607258746899,0.14083856659048755,0,Low
SYNID0200729994,7.450057364866247,0.14085084214156163,0,Low
SYNID0200175428,7.445483415875394,0.1408666588804094,0,Low
SYNID0200327400,7.444919229089955,0.14086860984117971,0,Low
SYNID0200844025,7.44103354737512,0.14088204654829034,0,Low
SYNID0200947350,7.436549071994328,0.14089755388693992,0,Low
SYNID0200408580,7.436102813359767,0.1408990970515654,0,Low
SYNID0200010618,7.435687010449946,0.14090053490013998,0,Low
SYNID0200363123,7.425239815680612,0.14093666135272803,0,Low
SYNID0200401437,7.425086060554484,0.1409371930387353,0,Low
SYNID0200820947,7.423618474500714,0.14094226795876513,0,Low
SYNID0200112848,7.420043223748998,0.14095463119402818,0,Low
SYNID0200040580,7.415327746889382,0.14097093733696514,0,Low
SYNID0200160671,7.399122285428909,0.14102697590502528,0,Low
SYNID0200173889,7.398306941754065,0.14102979536759513,0,Low
SYNID0200658146,7.39819354359846,0.14103018749899332,0,Low
SYNID0200338522,7.386641895879656,0.14107013315549166,0,Low
SYNID0200143586,7.386573465467428,0.1410703697882048,0,Low
SYNID0200782574,7.385790813564483,0.14107307620246134,0,Low
SYNID0200916528,7.385586523407213,0.14107378263886305,0,Low
SYNID0200788604,7.383286772328759,0.14108173518977596,0,Low
SYNID0200981336,7.377157695860866,0.14110292956733994,0,Low
SYNID0200879942,7.3666923187530955,0.14113911889454667,0,Low
SYNID0200285981,7.364814180014783,0.14114561350784538,0,Low
SYNID0200197982,7.36464530617571,0.14114619747443885,0,Low
SYNID0200144327,7.364336871524522,0.14114726404302963,0,Low
SYNID0200054923,7.3597925142960605,0.1411629784534127,0,Low
SYNID0200239837,7.353652016559252,0.1411842123257826,0,Low
SYNID0200488987,7.351115967230321,0.14119298199724611,0,Low
SYNID0200441118,7.348545286564757,0.14120187142404766,0,Low
SYNID0200174890,7.342695406571828,0.1412221003387828,0,Low
SYNID0200174387,7.33576391145985,0.14124606948409463,0,Low
SYNID0200605461,7.335710489000576,0.1412462542192302,0,Low
SYNID0200088387,7.334838732360176,0.14124926875812155,0,Low
SYNID0200033452,7.3329762171993025,0.14125570934501014,0,Low
SYNID0200938394,7.328280152578756,0.14127194836032575,0,Low
SYNID0200682064,7.324620301763446,0.1412846041430385,0,Low
SYNID0200756069,7.3236084920647,0.14128810298611716,0,Low
SYNID0200338402,7.31538801183644,0.1413165294485096,0,Low
SYNID0200406134,7.315151395970702,0.14131734766737541,0,Low
SYNID0200320482,7.312604215103164,0.141326155831756,0,Low
SYNID0200495154,7.309700545171978,0.14133619673712977,0,Low
SYNID0200732951,7.302052082085751,0.141362645161339,0,Low
SYNID0200065261,7.299762254828359,0.14137056339562826,0,Low
SYNID0200938306,7.298351185829915,0.14137544287939363,0,Low
SYNID0200533345,7.289658511335922,0.1414055021919559,0,Low
SYNID0200965369,7.289314974430468,0.14140669014432028,0,Low
SYNID0200234270,7.288228314169672,0.14141044782102274,0,Low
SYNID0200897134,7.2876990797245185,0.1414122779164228,0,Low
SYNID0200412048,7.281553221934708,0.14143353032388323,0,Low
SYNID0200626345,7.281423291910286,0.14143397962256776,0,Low
SYNID0200331909,7.276911619971244,0.14144958100705396,0,Low
SYNID0200369112,7.274979191239943,0.14145626335542427,0,Low
SYNID0200904758,7.271021330865132,0.14146994965670778,0,Low
SYNID0200938387,7.26785406486006,0.14148090207864422,0,Low
SYNID0200707490,7.267773729705816,0.14148117987801573,0,Low
SYNID0200671735,7.26525706893284,0.14148988250375427,0,Low
SYNID0200195105,7.261357657120321,0.14150336668961244,0,Low
SYNID0200441820,7.259885918103812,0.14150845597060852,0,Low
SYNID0200699103,7.239077514861108,0.14158041153473627,0,Low
SYNID0200694613,7.237295853548503,0.1415865725286068,0,Low
SYNID0200595110,7.23647357506465,0.14158941597178143,0,Low
SYNID0200213181,7.230193804299198,0.14161113145099197,0,Low
SYNID0200946353,7.230005656233409,0.14161178206795932,0,Low
SYNID0200066849,7.224781998810926,0.14162984550186442,0,Low
SYNID0200354154,7.22287786734185,0.14163642999815818,0,Low
SYNID0200129113,7.222063609819955,0.14163924570480563,0,Low
SYNID0200927327,7.204776521349231,0.1416990245445623,0,Low
SYNID0200522568,7.202284274053731,0.14170764274837166,0,Low
SYNID0200817629,7.183212882398138,0.14177359171760656,0,Low
SYNID0200065974,7.17990396394903,0.1417850339744141,0,Low
SYNID0200319440,7.170118455922193,0.14181887231088497,0,Low
SYNID0200416409,7.165798487678245,0.1418338107830196,0,Low
SYNID0200473757,7.163015608162333,0.1418434339945237,0,Low
SYNID0200531782,7.153419121609581,0.14187661869377688,0,Low
SYNID0200152937,7.153040511926925,0.14187792792798298,0,Low
SYNID0200735936,7.150658112257119,0.14188616627814465,0,Low
SYNID0200875219,7.148430138692724,0.14189387062204928,0,Low
SYNID0200099434,7.143750666630659,0.14191005226021336,0,Low
SYNID0200076557,7.132391570756042,0.14194933207145627,0,Low
SYNID0200564250,7.128164244371149,0.14196395018757163,0,Low
SYNID0200857563,7.1190111202340915,0.14199560173733888,0,Low
SYNID0200953105,7.1129493077438255,0.1420165635157265,0,Low
SYNID0200661883,7.109434807759413,0.1420287166745276,0,Low
SYNID0200774087,7.1073944817621495,0.14203577213219176,0,Low
SYNID0200624843,7.103859057387879,0.14204799764763926,0,Low
SYNID0200886386,7.098261363467536,0.1420673545016542,0,Low
SYNID0200881879,7.094990091676593,0.14207866657612656,0,Low
SYNID0200174857,7.091939907276071,0.14208921412927966,0,Low
SYNID0200528848,7.085916641878981,0.14211004261162324,0,Low
SYNID0200125313,7.080222138668134,0.14212973423265657,0,Low
SYNID0200603212,7.076796164813189,0.1421415812676522,0,Low
SYNID0200159230,7.069329383113846,0.1421674014367026,0,Low
SYNID0200336043,7.064837279942395,0.14218293515229102,0,Low
SYNID0200766348,7.06483682298439,0.14218293673245413,0,Low
SYNID0200994485,7.063309430891898,0.1421882184620697,0,Low
SYNID0200053469,7.057231816489242,0.14220923488355064,0,Low
SYNID0200435447,7.052388583899912,0.14222598280645,0,Low
SYNID0200960757,7.051723679776202,0.14222828204828775,0,Low
SYNID0200146667,7.045104451131699,0.1422511713745686,0,Low
SYNID0200242143,7.037511324655654,0.1422774284444987,0,Low
SYNID0200450549,7.035186560353168,0.14228546749126736,0,Low
SYNID0200484931,7.033628145528553,0.14229085649764822,0,Low
SYNID0200223484,7.031948233060298,0.14229666564349802,0,Low
SYNID0200704458,7.030773343341252,0.14230072841811536,0,Low
SYNID0200960830,7.02983064841257,0.142303988261968,0,Low
SYNID0200486289,7.026982773331646,0.1423138362284661,0,Low
SYNID0200694901,7.021832179802274,0.14233164700705764,0,Low
SYNID0200036053,7.015626997497279,0.14235310455899297,0,Low
SYNID0200252745,7.008417794452299,0.14237803401974797,0,Low
SYNID0200322160,7.007356193912052,0.14238170503980946,0,Low
SYNID0200248566,6.984210778142987,0.1424617420051263,0,Low
SYNID0200246571,6.971188783558922,0.14250677212855462,0,Low
SYNID0200037697,6.970710002592824,0.14250842775556777,0,Low
SYNID0200695564,6.966039594469336,0.14252457805058621,0,Low
SYNID0200577441,6.963660562218237,0.1425328047561969,0,Low
SYNID0200107105,6.962393591175108,0.14253718594850073,0,Low
SYNID0200099524,6.958501170730486,0.14255064595817318,0,Low
SYNID0200931421,6.953138712116996,0.14256918936730195,0,Low
SYNID0200356176,6.948592592664035,0.14258490987146627,0,Low
SYNID0200142944,6.939457164488147,0.1426165002285099,0,Low
SYNID0200708544,6.932750859041526,0.14263969066681487,0,Low
SYNID0200046052,6.932217889151907,0.14264153367940086,0,Low
SYNID0200421876,6.9254976473361936,0.14266477230974095,0,Low
SYNID0200166292,6.922255367090614,0.14267598413130217,0,Low
SYNID0200201998,6.910723374800078,0.14271586181922968,0,Low
SYNID0200790055,6.902632085267406,0.14274384153954045,0,Low
SYNID0200924438,6.900539662479922,0.14275107714816987,0,Low
SYNID0200593669,6.899487609022586,0.14275471515437016,0,Low
SYNID0200686016,6.8951192269670045,0.14276982104171138,0,Low
SYNID0200961883,6.89056560510484,0.14278556748924487,0,Low
SYNID0200975391,6.889401550449541,0.14278959279615672,0,Low
SYNID0200296196,6.87972676232809,0.14282304826263226,0,Low
SYNID0200630344,6.877044303952339,0.1428323242173235,0,Low
SYNID0200804334,6.874844627024039,0.14283993071131673,0,Low
SYNID0200519822,6.871457176767336,0.14285164453151394,0,Low
SYNID0200168564,6.852794020317212,0.1429161818213343,0,Low
SYNID0200946372,6.850207961251314,0.14292512442672234,0,Low
SYNID0200051017,6.84971049056594,0.1429268446828797,0,Low
SYNID0200241802,6.8490786464263,0.1429290296031246,0,Low
SYNID0200108119,6.8487172042984525,0.14293027947183895,0,Low
SYNID0200453960,6.843548247736216,0.1429481537498914,0,Low
SYNID0200841111,6.841448683126295,0.14295541405497908,0,Low
SYNID0200385601,6.835213273495491,0.14297697613316063,0,Low
SYNID0200880619,6.833732221482464,0.14298209761854597,0,Low
SYNID0200586324,6.823200293957626,0.14301851707743302,0,Low
SYNID0200459616,6.822788783651092,0.14301994008216362,0,Low
SYNID0200411498,6.8189760860283215,0.14303312440991311,0,Low
SYNID0200016250,6.817734020957602,0.1430374194772378,0,Low
SYNID0200310826,6.799502560524267,0.14310046396003895,0,Low
SYNID0200111655,6.798714860227001,0.1431031878316687,0,Low
SYNID0200686337,6.796249388781689,0.14311171344445212,0,Low
SYNID0200300542,6.795421204302954,0.14311457731058708,0,Low
SYNID0200869126,6.790342962408005,0.1431321378968592,0,Low
SYNID0200072835,6.790077862970406,0.14313305461206122,0,Low
SYNID0200437663,6.78182651930674,0.14316158780037008,0,Low
SYNID0200904525,6.778406069921125,0.1431734157317227,0,Low
SYNID0200441888,6.777255619351635,0.14317739399563673,0,Low
SYNID0200966165,6.77388252663232,0.1431890581673967,0,Low
SYNID0200492177,6.772916299383766,0.143192399386131,0,Low
SYNID0200917683,6.762568946159327,0.14322818058614956,0,Low
SYNID0200575924,6.75895098519306,0.1432406915135515,0,Low
SYNID0200388744,6.756388570642528,0.14324955235608527,0,Low
SYNID0200135370,6.756080459187409,0.14325061780706239,0,Low
SYNID0200667290,6.754455529092887,0.14325623682358452,0,Low
SYNID0200243744,6.753449537669631,0.14325971554703693,0,Low
SYNID0200961022,6.737424377276035,0.14331513063309181,0,Low
SYNID0200696931,6.731932738218752,0.1433341207488515,0,Low
SYNID0200475973,6.728369925181909,0.14334644097443333,0,Low
SYNID0200843732,6.723634550898758,0.14336281592276195,0,Low
SYNID0200702038,6.722195338331829,0.14336779272713013,0,Low
SYNID0200704401,6.719272681459934,0.14337789928944134,0,Low
SYNID0200591220,6.713909394543826,0.14339644556284475,0,Low
SYNID0200654362,6.7016909375075855,0.14343869704935042,0,Low
SYNID0200732617,6.6954509860403135,0.14346027483322554,0,Low
SYNID0200137857,6.695191718468585,0.14346117138180575,0,Low
SYNID0200978585,6.6929002361288426,0.14346909533937818,0,Low
SYNID0200309929,6.6928480616724855,0.14346927575891333,0,Low
SYNID0200342835,6.692323345630754,0.14347109022965138,0,Low
SYNID0200714380,6.689602476434359,0.14348049900915555,0,Low
SYNID0200337544,6.688300006226669,0.1434850029577508,0,Low
SYNID0200037290,6.684531908799755,0.1434980330577964,0,Low
SYNID0200878655,6.683932586952238,0.1435001055157899,0,Low
SYNID0200890431,6.6818428015813325,0.1435073320042194,0,Low
SYNID0200368406,6.675530154399006,0.1435291611702465,0,Low
SYNID0200090321,6.66785405111299,0.14355570517440702,0,Low
SYNID0200648197,6.66651580139866,0.143560332848718,0,Low
SYNID0200786782,6.664939462856651,0.14356578383540464,0,Low
SYNID0200450149,6.652988114227689,0.14360711165968093,0,Low
SYNID0200523115,6.652443843795609,0.14360899374960018,0,Low
SYNID0200362873,6.6514397820508435,0.14361246580021458,0,Low
SYNID0200180277,6.651072586153568,0.14361373556549284,0,Low
SYNID0200749405,6.642792575930336,0.14364236788291035,0,Low
SYNID0200315544,6.6427075665221125,0.14364266184587587,0,Low
SYNID0200080336,6.633839862052007,0.14367332641298475,0,Low
SYNID0200294778,6.626801872423613,0.14369766381687538,0,Low
SYNID0200993985,6.622645028000171,0.14371203820600997,0,Low
SYNID0200227237,6.620194435915856,0.14372051236588745,0,Low
SYNID0200504028,6.611134926210063,0.1437518401964758,0,Low
SYNID0200603242,6.608498609004627,0.14376095659476568,0,Low
SYNID0200070114,6.605319910787387,0.14377194854934988,0,Low
SYNID0200260689,6.604381672600155,0.14377519298176794,0,Low
SYNID0200978205,6.601272261527484,0.1437859453410542,0,Low
SYNID0200006976,6.581277076858576,0.14385508879122233,0,Low
SYNID0200492316,6.580585774183909,0.14385747931938342,0,Low
SYNID0200378804,6.579638430698402,0.14386075523796915,0,Low
SYNID0200719580,6.57691264724118,0.14387018101101223,0,Low
SYNID0200497928,6.57487857268687,0.1438772148511549,0,Low
SYNID0200919243,6.574517450427415,0.14387846361376272,0,Low
SYNID0200623060,6.569772886764049,0.14389487033901482,0,Low
SYNID0200744236,6.563478036157164,0.14391663796439363,0,Low
SYNID0200075725,6.556168229877393,0.14394191531164563,0,Low
SYNID0200061901,6.55128374999876,0.14395880586788096,0,Low
SYNID0200680998,6.541114230201892,0.1439939721190035,0,Low
SYNID0200021664,6.537668966160837,0.1440058858595607,0,Low
SYNID0200808017,6.536533670939484,0.14400981171620386,0,Low
SYNID0200364285,6.532066263174912,0.14402526003494986,0,Low
SYNID0200161845,6.5299486632318136,0.1440325827063113,0,Low
SYNID0200822344,6.529248437137248,0.14403500409170372,0,Low
SYNID0200908796,6.525026723243492,0.14404960279979623,0,Low
SYNID0200303192,6.523288704005616,0.14405561287915059,0,Low
SYNID0200036529,6.510585641311501,0.14409954013448317,0,Low
SYNID0200964483,6.504677676574389,0.1441199699065588,0,Low
SYNID0200044152,6.499775521347765,0.14413692158423724,0,Low
SYNID0200533161,6.498927050165172,0.14413985560189718,0,Low
SYNID0200398590,6.498732142796136,0.1441405295925695,0,Low
SYNID0200348656,6.4940128801987385,0.14415684882660695,0,Low
SYNID0200104114,6.483141467954198,0.14419444222537942,0,Low
SYNID0200666685,6.474186824102432,0.14422540742931178,0,Low
SYNID0200706646,6.47316558632447,0.14422893887473626,0,Low
SYNID0200071397,6.4676272394287935,0.1442480905064384,0,Low
SYNID0200448352,6.461540354003937,0.1442691389871612,0,Low
SYNID0200268378,6.455442091821347,0.14429022680877007,0,Low
SYNID0200446923,6.453312665902857,0.14429759037441448,0,Low
SYNID0200237942,6.443550556904569,0.14433134779692575,0,Low
SYNID0200934014,6.443368421711867,0.14433197762134742,0,Low
SYNID0200659592,6.43381492386407,0.14436501366544047,0,Low
SYNID0200430706,6.4295489527240335,0.14437976541531544,0,Low
SYNID0200487337,6.42880371002321,0.144382342468361,0,Low
SYNID0200203259,6.427940200063468,0.14438532849018876,0,Low
SYNID0200204558,6.418991267318489,0.14441627394508483,0,Low
SYNID0200612819,6.416822313771526,0.14442377419746932,0,Low
SYNID0200486216,6.407507238227183,0.14445598577602575,0,Low
SYNID0200709968,6.3883219745610305,0.14452232851525165,0,Low
SYNID0200762146,6.383991567793494,0.14453730308385387,0,Low
SYNID0200682417,6.381130811535243,0.14454719559352863,0,Low
SYNID0200855268,6.38057279460444,0.14454912521891028,0,Low
SYNID0200128765,6.378763446234515,0.14455538195476564,0,Low
SYNID0200954554,6.364052810729397,0.1446062514070779,0,Low
SYNID0200896931,6.356868391230094,0.14463109516620604,0,Low
SYNID0200091130,6.356435814955866,0.14463259101715997,0,Low
SYNID0200826459,6.3550210693122935,0.14463748321478287,0,Low
SYNID0200467853,6.354411325709691,0.1446395917112584,0,Low
SYNID0200928230,6.352654315357263,0.14464566746198337,0,Low
SYNID0200153236,6.343631820806991,0.14467686729397589,0,Low
SYNID0200918858,6.3419498785784825,0.14468268345874696,0,Low
SYNID0200647675,6.338798199298488,0.1446935819817089,0,Low
SYNID0200058815,6.335084883982134,0.14470642264493788,0,Low
SYNID0200757232,6.333024543380034,0.14471354731320724,0,Low
SYNID0200532000,6.331665706069735,0.14471824617952966,0,Low
SYNID0200058784,6.316961653221753,0.1447690928689801,0,Low
SYNID0200206102,6.307161776906867,0.14480298089106403,0,Low
SYNID0200713821,6.306421179781317,0.1448055418796867,0,Low
SYNID0200049234,6.305106674687785,0.1448100874449783,0,Low
SYNID0200954529,6.292687860655171,0.14485303176699532,0,Low
SYNID0200947331,6.290949399320283,0.1448590433751234,0,Low
SYNID0200504000,6.286565923110103,0.1448742014581279,0,Low
SYNID0200739532,6.285778830852301,0.14487692322715412,0,Low
SYNID0200279359,6.283499974778955,0.14488480352303318,0,Low
SYNID0200247801,6.283143516831004,0.14488603615642814,0,Low
SYNID0200668005,6.280747695736608,0.14489432091794424,0,Low
SYNID0200801002,6.279736028900423,0.1448978192670034,0,Low
SYNID0200484957,6.2765145739863755,0.14490895907446238,0,Low
SYNID0200676235,6.27522213518121,0.14491342833441673,0,Low
SYNID0200633227,6.272901643819672,0.1449214526053339,0,Low
SYNID0200575096,6.2679913382634425,0.14493843246689353,0,Low
SYNID0200340598,6.254620081699386,0.14498467034002305,0,Low
SYNID0200280531,6.249769128085674,0.14500144496226391,0,Low
SYNID0200739171,6.24895154489333,0.14500427216909667,0,Low
SYNID0200546808,6.245044387353431,0.14501778313971947,0,Low
SYNID0200758580,6.240329344815571,0.1450340877807696,0,Low
SYNID0200918652,6.2336732906161245,0.14505710445000652,0,Low
SYNID0200003663,6.227778077620755,0.1450774901264944,0,Low
SYNID0200927001,6.224531691752738,0.14508871614531887,0,Low
SYNID0200592201,6.223798339241,0.14509125208203016,0,Low
SYNID0200245621,6.2118037391361725,0.14513272947012973,0,Low
SYNID0200494653,6.207246840497859,0.14514848724877177,0,Low
SYNID0200289267,6.20699001286475,0.14514937536003186,0,Low
SYNID0200785301,6.20458940544907,0.14515767667267127,0,Low
SYNID0200111267,6.203977785182495,0.14515979165866033,0,Low
SYNID0200450024,6.1921575385428085,0.14520066613159166,0,Low
SYNID0200761267,6.188946273820591,0.14521177070131552,0,Low
SYNID0200146257,6.188017688608831,0.14521498175369535,0,Low
SYNID0200277717,6.177701186059458,0.1452506562719228,0,Low
SYNID0200666516,6.173408896871727,0.1452654990297404,0,Low
SYNID0200165864,6.169610832230525,0.14527863275656527,0,Low
SYNID0200030089,6.161967540087815,0.14530506329962556,0,Low
SYNID0200370710,6.161754870709089,0.14530579871141763,0,Low
SYNID0200451726,6.156501988191572,0.14532396320584984,0,Low
SYNID0200904285,6.1424047833661675,0.14537271141175517,0,Low
SYNID0200777238,6.137056317955796,0.14539120643231646,0,Low
SYNID0200480399,6.1352569829894605,0.14539742854177135,0,Low
SYNID0200723588,6.134886331646555,0.14539871025599815,0,Low
SYNID0200418020,6.130510187982502,0.1454138429830209,0,Low
SYNID0200023435,6.12225672748599,0.14544238349134853,0,Low
SYNID0200718704,6.121571553660161,0.14544475282591918,0,Low
SYNID0200824555,6.121566648090024,0.14544476978940563,0,Low
SYNID0200037978,6.117740435055161,0.1454580008535188,0,Low
SYNID0200309726,6.114143999576633,0.14547043734567477,0,Low
SYNID0200801987,6.1119153212859345,0.14547814412652654,0,Low
SYNID0200967257,6.111818236311564,0.14547847984686113,0,Low
SYNID0200780059,6.1098339856261035,0.1454853413958122,0,Low
SYNID0200578345,6.1084863783096495,0.14549000142875884,0,Low
SYNID0200814581,6.104882447042293,0.1455024638413907,0,Low
SYNID0200882642,6.103682117739993,0.14550661458621617,0,Low
SYNID0200172553,6.100100896903186,0.1455189984660638,0,Low
SYNID0200813276,6.092590234610633,0.14554497037442843,0,Low
SYNID0200422475,6.092317077979622,0.1455459149514462,0,Low
SYNID0200096265,6.087897555112235,0.14556119768397446,0,Low
SYNID0200378786,6.087418850347234,0.14556285304748384,0,Low
SYNID0200575724,6.086847124133136,0.14556483007963678,0,Low
SYNID0200905899,6.077771470956492,0.14559621373442933,0,Low
SYNID0200525229,6.074441713612181,0.14560772805224237,0,Low
SYNID0200726985,6.0723365440000805,0.14561500773945607,0,Low
SYNID0200665795,6.071917665892073,0.14561645622208164,0,Low
SYNID0200444662,6.070507198277795,0.1456213336262575,0,Low
SYNID0200685216,6.06251123837005,0.14564898369624096,0,Low
SYNID0200803797,6.058038981585327,0.14566444878292328,0,Low
SYNID0200692773,6.053113799126493,0.1456814800888877,0,Low
SYNID0200922299,6.04999087576369,0.1456922791737419,0,Low
SYNID0200873747,6.0468942769274605,0.14570298722824948,0,Low
SYNID0200477170,6.042442648128322,0.14571838098325285,0,Low
SYNID0200778621,6.032595821488258,0.14575243135979976,0,Low
SYNID0200617150,6.0321887793516495,0.14575383891357607,0,Low
SYNID0200704307,6.030620556005289,0.14575926183787496,0,Low
SYNID0200096105,6.030063691451623,0.1457611874783306,0,Low
SYNID0200294168,6.028006677619395,0.14576830064261287,0,Low
SYNID0200754425,6.017510327157389,0.14580459707583587,0,Low
SYNID0200087560,6.013444773057699,0.14581865578256714,0,Low
SYNID0200604499,6.009125568819634,0.14583359161276555,0,Low
SYNID0200376212,5.988364161659511,0.145905384664201,0,Low
SYNID0200933970,5.9776524500253885,0.14594242581745132,0,Low
SYNID0200496670,5.975976199583464,0.1459482222999955,0,Low
SYNID0200429461,5.969933715936811,0.1459691172391437,0,Low
SYNID0200477227,5.9653397942725945,0.1459850030435974,0,Low
SYNID0200917544,5.963376105441455,0.14599179348955177,0,Low
SYNID0200764857,5.962950390367574,0.14599326561444004,0,Low
SYNID0200344755,5.9603222041775155,0.14600235389563743,0,Low
SYNID0200788591,5.956231991845343,0.1460164978706619,0,Low
SYNID0200406613,5.9491933951938805,0.14604083737364137,0,Low
SYNID0200483668,5.949132953603112,0.14604104638096932,0,Low
SYNID0200889928,5.93909940994034,0.14607574242592936,0,Low
SYNID0200281965,5.93432678502905,0.1460922461871193,0,Low
SYNID0200864130,5.931942694797954,0.14610049038325051,0,Low
SYNID0200885092,5.9293476173586654,0.14610946417421955,0,Low
SYNID0200974543,5.923185269965863,0.1461307736028109,0,Low
SYNID0200133980,5.920346276108006,0.14614059085799452,0,Low
SYNID0200715762,5.917617202370067,0.14615002800884502,0,Low
SYNID0200828539,5.9124966822064735,0.1461677347935849,0,Low
SYNID0200178282,5.907921924687621,0.14618355432832658,0,Low
SYNID0200020308,5.903775751743936,0.14619789181542997,0,Low
SYNID0200994763,5.898960219443609,0.1462145439505892,0,Low
SYNID0200691698,5.896362920835699,0.1462235254223706,0,Low
SYNID0200205858,5.887888455164202,0.14625283016771612,0,Low
SYNID0200605338,5.887786446251489,0.1462531829150545,0,Low
SYNID0200809682,5.886544618261205,0.14625747716255388,0,Low
SYNID0200132992,5.883643216390084,0.14626751022496443,0,Low
SYNID0200117484,5.880112570276758,0.14627971921716132,0,Low
SYNID0200041892,5.8712525802225315,0.1463103571077809,0,Low
SYNID0200655468,5.869621209048226,0.14631599839758963,0,Low
SYNID0200351904,5.862964878957143,0.14633901602086125,0,Low
SYNID0200698025,5.8627088898733035,0.1463399012324137,0,Low
SYNID0200316523,5.858942984032765,0.1463529237539425,0,Low
SYNID0200243116,5.855134981195235,0.14636609184710075,0,Low
SYNID0200117705,5.8508070907233005,0.14638105771434,0,Low
SYNID0200252243,5.83900492900009,0.1464218696495383,0,Low
SYNID0200236336,5.835185559258456,0.1464350770495087,0,Low
SYNID0200931201,5.829758774097755,0.1464538429001645,0,Low
SYNID0200699991,5.827378088544016,0.14646207532290412,0,Low
SYNID0200314338,5.8272781251670125,0.14646242099676965,0,Low
SYNID0200842422,5.824491194153168,0.14647205821837417,0,Low
SYNID0200860458,5.817190024427099,0.1464973057003796,0,Low
SYNID0200730382,5.810335962258264,0.14652100708218063,0,Low
SYNID0200719499,5.8042540589234335,0.14654203833481083,0,Low
SYNID0200196260,5.797615000021175,0.14656499623422375,0,Low
SYNID0200659852,5.793352174544488,0.1465797371063789,0,Low
SYNID0200488815,5.793347260344149,0.14657975409970864,0,Low
SYNID0200139315,5.7921193096851695,0.14658400035932584,0,Low
SYNID0200193307,5.791853509062733,0.14658491949922858,0,Low
SYNID0200138627,5.790643755149141,0.1465891028344078,0,Low
SYNID0200353791,5.786829637426997,0.14660229207286812,0,Low
SYNID0200397318,5.774099917172954,0.14664631151017837,0,Low
SYNID0200652826,5.773970113531426,0.14664676037183022,0,Low
SYNID0200435544,5.768222576749032,0.1466666353832234,0,Low
SYNID0200013894,5.765178428960553,0.14667716206174136,0,Low
SYNID0200318408,5.764427775642027,0.14667975782473042,0,Low
SYNID0200292720,5.76004662657359,0.14669490786046696,0,Low
SYNID0200626627,5.754778571897468,0.1467131248203007,0,Low
SYNID0200443124,5.7499812205066405,0.1467297140857825,0,Low
SYNID0200796151,5.748081410999923,0.1467362836367085,0,Low
SYNID0200654187,5.746752651251555,0.14674087849466894,0,Low
SYNID0200016594,5.7453571593170025,0.14674570411286825,0,Low
SYNID0200256401,5.7408788233565815,0.14676119022137102,0,Low
SYNID0200915909,5.73519669304271,0.14678083905686373,0,Low
SYNID0200159474,5.731340250256743,0.1467941746556098,0,Low
SYNID0200497997,5.729786220366037,0.1467995484988669,0,Low
SYNID0200804168,5.706005792922689,0.14688178133777952,0,Low
SYNID0200832120,5.699765614260713,0.14690335990729508,0,Low
SYNID0200196679,5.699609120199334,0.14690390106455437,0,Low
SYNID0200999416,5.697417878662058,0.1469114783889226,0,Low
SYNID0200255666,5.693593481211458,0.14692470317473616,0,Low
SYNID0200759667,5.692747519240321,0.14692762851553015,0,Low
SYNID0200998814,5.689830350447934,0.14693771610003453,0,Low
SYNID0200766998,5.6862541487245295,0.14695008262376252,0,Low
SYNID0200818467,5.681411641741242,0.1469668280375125,0,Low
SYNID0200524111,5.679403853888843,0.14697377097810638,0,Low
SYNID0200466679,5.674672603078761,0.14699013166744418,0,Low
SYNID0200590931,5.6684936030450075,0.14701149868095253,0,Low
SYNID0200580793,5.666756086610029,0.14701750702161193,0,Low
SYNID0200422113,5.6537793014467965,0.14706238081063333,0,Low
SYNID0200924916,5.651262651913015,0.14707108339750669,0,Low
SYNID0200356197,5.644475429671388,0.14709455364649987,0,Low
SYNID0200491681,5.642568775679713,0.1471011468656896,0,Low
SYNID0200498290,5.640601398840339,0.14710795006479516,0,Low
SYNID0200197391,5.640238190085768,0.1471092060425137,0,Low
SYNID0200263096,5.635252583773941,0.14712644629446875,0,Low
SYNID0200983653,5.63018838594067,0.14714395831630422,0,Low
SYNID0200292518,5.619389348523967,0.14718130144255437,0,Low
SYNID0200779113,5.613439476052264,0.1472018761317891,0,Low
SYNID0200699163,5.613272168784988,0.14720245468116933,0,Low
SYNID0200721491,5.612400990739118,0.14720546721927785,0,Low
SYNID0200357719,5.609351356686702,0.1472160128693244,0,Low
SYNID0200335102,5.608877155033625,0.14721765266104986,0,Low
SYNID0200608744,5.603727493818894,0.14723546021569262,0,Low
SYNID0200571749,5.594640199668568,0.1472668841250313,0,Low
SYNID0200612182,5.594545556678902,0.14726721140097038,0,Low
SYNID0200966478,5.593376565230216,0.14727125377933886,0,Low
SYNID0200441910,5.583598573150965,0.14730506612562477,0,Low
SYNID0200963918,5.582265487221136,0.14730967594354272,0,Low
SYNID0200655277,5.581549714799792,0.1473121510882121,0,Low
SYNID0200049992,5.569305123184037,0.1473544929482265,0,Low
SYNID0200196879,5.560982634301531,0.1473832721570636,0,Low
SYNID0200401975,5.555822268550038,0.14740111672804884,0,Low
SYNID0200807026,5.550668925270145,0.14741893701529163,0,Low
SYNID0200549915,5.542034239541685,0.1474487958024081,0,Low
SYNID0200532281,5.538456947693831,0.14746116609579196,0,Low
SYNID0200066377,5.531746930403557,0.14748436936967113,0,Low
SYNID0200957373,5.528064119859991,0.14749710454724085,0,Low
SYNID0200958170,5.525029630690128,0.1475075978262066,0,Low
SYNID0200642513,5.5141073073694855,0.14754536727573886,0,Low
SYNID0200973468,5.505672506866794,0.14757453485872912,0,Low
SYNID0200348638,5.501996870604067,0.14758724522759925,0,Low
SYNID0200801842,5.497409599112942,0.14760310803572063,0,Low
SYNID0200578118,5.4973680040189805,0.14760325187176687,0,Low
SYNID0200249619,5.492779149609518,0.14761912015362788,0,Low
SYNID0200492186,5.491639950923272,0.1476230595084725,0,Low
SYNID0200785472,5.48524594261297,0.14764517002169347,0,Low
SYNID0200723583,5.484690484466611,0.14764709079878552,0,Low
SYNID0200481816,5.478892032681131,0.14766714187451802,0,Low
SYNID0200433534,5.476578598297145,0.14767514174237095,0,Low
SYNID0200061178,5.4750574481096095,0.14768040188744747,0,Low
SYNID0200311720,5.462974562160788,0.1477221845684441,0,Low
SYNID0200893095,5.45164801704491,0.1477613518189979,0,Low
SYNID0200096333,5.439303901475064,0.14780403783335117,0,Low
SYNID0200698839,5.433699660125043,0.1478234173284112,0,Low
SYNID0200404413,5.432362227373801,0.14782804217765966,0,Low
SYNID0200163497,5.427103748705434,0.14784622602360992,0,Low
SYNID0200700032,5.423605216157803,0.1478583239669335,0,Low
SYNID0200221305,5.416970569107512,0.1478812666101399,0,Low
SYNID0200925238,5.416605608278076,0.14788252864654222,0,Low
SYNID0200925018,5.40834640011105,0.14791108903034367,0,Low
SYNID0200973766,5.405565186066838,0.14792070648263816,0,Low
SYNID0200389923,5.402034898043048,0.14793291423655963,0,Low
SYNID0200327176,5.401428145543889,0.14793501238978424,0,Low
SYNID0200940288,5.400350074335883,0.14793874036549853,0,Low
SYNID0200960138,5.394625137297275,0.14795853722686286,0,Low
SYNID0200854949,5.3872189404929856,0.14798414789303838,0,Low
SYNID0200890818,5.377445742272755,0.14801794366213544,0,Low
SYNID0200617355,5.373424850159111,0.14803184792749208,0,Low
SYNID0200927165,5.361422259306337,0.14807335294763863,0,Low
SYNID0200788501,5.359025437309981,0.14808164117027878,0,Low
SYNID0200390751,5.352123461139811,0.14810550823893986,0,Low
SYNID0200241767,5.351189738600873,0.14810873705622318,0,Low
SYNID0200637295,5.3430263479130105,0.1481369661026949,0,Low
SYNID0200468836,5.33654122685914,0.14815939168424602,0,Low
SYNID0200933693,5.3290266712998715,0.14818537705554674,0,Low
SYNID0200887602,5.32498588392022,0.14819935011883428,0,Low
SYNID0200735745,5.313580706942936,0.14823878927876433,0,Low
SYNID0200623866,5.313150906676697,0.14824027553026853,0,Low
SYNID0200528874,5.308715228287291,0.148255614128674,0,Low
SYNID0200985239,5.305262146614751,0.1482675549026406,0,Low
SYNID0200968630,5.301776634389881,0.14827960782162192,0,Low
SYNID0200402340,5.288124971739379,0.1483268153404229,0,Low
SYNID0200628431,5.2863500562098125,0.1483329530073414,0,Low
SYNID0200390363,5.275290278002309,0.14837119777657076,0,Low
SYNID0200112899,5.273835361122323,0.1483762288865333,0,Low
SYNID0200517253,5.268629188961597,0.1483942318563144,0,Low
SYNID0200791852,5.266776041656087,0.14840064004911152,0,Low
SYNID0200102560,5.261105276129534,0.14842024958511196,0,Low
SYNID0200540818,5.257183219050781,0.14843381207841583,0,Low
SYNID0200414108,5.249023925213038,0.14846202695795901,0,Low
SYNID0200814284,5.229849610870396,0.1485283318343686,0,Low
SYNID0200393745,5.22881647491262,0.1485319044237593,0,Low
SYNID0200084964,5.226279495268457,0.14854067731225762,0,Low
SYNID0200717203,5.215861855449681,0.14857670156367647,0,Low
SYNID0200035920,5.2124448546138495,0.14858851756992641,0,Low
SYNID0200368845,5.2097836822055115,0.1485977199176342,0,Low
SYNID0200287668,5.206564825898937,0.14860885073909536,0,Low
SYNID0200461640,5.203867881100884,0.1486181767879085,0,Low
SYNID0200009382,5.1914364375264554,0.14866116478294528,0,Low
SYNID0200872919,5.189560094503385,0.1486676531866516,0,Low
SYNID0200712654,5.181826702505056,0.14869439529547035,0,Low
SYNID0200721837,5.178122360347409,0.14870720492947093,0,Low
SYNID0200761656,5.175872808370336,0.14871498389163623,0,Low
SYNID0200714978,5.175772501838537,0.14871533075213278,0,Low
SYNID0200666545,5.170874096393611,0.14873226946304707,0,Low
SYNID0200520182,5.157329349939403,0.14877910726509813,0,Low
SYNID0200198531,5.155198657772033,0.1487864752094376,0,Low
SYNID0200084556,5.155090440640208,0.14878684942482923,0,Low
SYNID0200045677,5.14495239844085,0.14882190682625968,0,Low
SYNID0200401721,5.141084571637798,0.14883528179099464,0,Low
SYNID0200065748,5.139761939691724,0.14883985545898365,0,Low
SYNID0200824732,5.133746286785076,0.1488606576172966,0,Low
SYNID0200714795,5.123301053243914,0.14889677728794765,0,Low
SYNID0200865864,5.112633123873806,0.14893366704190658,0,Low
SYNID0200998308,5.112153146186984,0.14893532680718607,0,Low
SYNID0200703774,5.108367220658657,0.14894841855689694,0,Low
SYNID0200041586,5.103173377424923,0.14896637889318587,0,Low
SYNID0200839161,5.1008698571895295,0.14897434447786262,0,Low
SYNID0200446725,5.092381139734762,0.14900369850594708,0,Low
SYNID0200105323,5.088777479372688,0.14901615998178708,0,Low
SYNID0200455008,5.086973525134667,0.1490223980647069,0,Low
SYNID0200065260,5.081414496307275,0.149041621214634,0,Low
SYNID0200782800,5.0806333442349825,0.1490443224424685,0,Low
SYNID0200466166,5.073827959765566,0.14906785549653767,0,Low
SYNID0200210505,5.0567077036082395,0.14912705742930704,0,Low
SYNID0200771719,5.046541011100707,0.1491622139036487,0,Low
SYNID0200720337,5.043079859957707,0.14917418258188514,0,Low
SYNID0200305484,5.037180059159127,0.14919458412301984,0,Low
SYNID0200048283,5.029746692495863,0.1492202887427057,0,Low
SYNID0200556947,5.021486932826733,0.14924885103360425,0,Low
SYNID0200970097,5.017866496350038,0.1492613705213338,0,Low
SYNID0200765169,5.016071370502679,0.1492675780756339,0,Low
SYNID0200343677,5.01562193538475,0.149269132224555,0,Low
SYNID0200885464,5.001605468390423,0.1493176012386303,0,Low
SYNID0200427851,5.00148257469548,0.14931802620565177,0,Low
SYNID0200906997,4.999248641125561,0.14932575115928576,0,Low
SYNID0200209584,4.998600330325644,0.14932799302132554,0,Low
SYNID0200284932,4.99614980901719,0.14933646693645974,0,Low
SYNID0200291821,4.993471192101019,0.14934572960736425,0,Low
SYNID0200623578,4.985858848036955,0.14937205313181134,0,Low
SYNID0200994372,4.980652921248257,0.14939005525309473,0,Low
SYNID0200781856,4.972794051897324,0.14941723126323625,0,Low
SYNID0200431177,4.959167913003448,0.14946435052075718,0,Low
SYNID0200030174,4.955950793160795,0.14947547533751726,0,Low
SYNID0200493472,4.9552722984911455,0.1494778215755319,0,Low
SYNID0200555743,4.950109140683253,0.1494956758014624,0,Low
SYNID0200660674,4.948969678767924,0.14949961606655449,0,Low
SYNID0200079735,4.934712551597734,0.14954891728474057,0,Low
SYNID0200268713,4.9343910931626525,0.1495500288896422,0,Low
SYNID0200193932,4.932843602963501,0.1495553801186127,0,Low
SYNID0200408779,4.928888877010635,0.14956905558104922,0,Low
SYNID0200687998,4.924128551763857,0.1495855168099368,0,Low
SYNID0200393514,4.921902953104528,0.14959321294140765,0,Low
SYNID0200152471,4.9210804390493195,0.14959605719918923,0,Low
SYNID0200984503,4.907482990354339,0.14964307724585663,0,Low
SYNID0200101076,4.9072449943542935,0.1496439002372339,0,Low
SYNID0200667866,4.9062152781811506,0.14964746100099197,0,Low
SYNID0200472959,4.887709199312134,0.14971145511573886,0,Low
SYNID0200628200,4.882149967101874,0.14973067896896491,0,Low
SYNID0200581110,4.876712886384695,0.14974948042170733,0,Low
SYNID0200269866,4.875940536293697,0.14975215121224583,0,Low
SYNID0200937509,4.871668744536791,0.14976692308984352,0,Low
SYNID0200544906,4.8658696727287705,0.14978697630961713,0,Low
SYNID0200743632,4.8615945023544,0.14980175987049116,0,Low
SYNID0200338633,4.860618304371862,0.14980513556807423,0,Low
SYNID0200997164,4.8604138678743,0.14980584251052143,0,Low
SYNID0200602971,4.8561954899724,0.14982042968273712,0,Low
SYNID0200120926,4.8494562530432646,0.14984373399827594,0,Low
SYNID0200973445,4.846888217664244,0.14985261427766317,0,Low
SYNID0200114527,4.843489574353768,0.14986436680349718,0,Low
SYNID0200023512,4.837382076595091,0.14988548656177508,0,Low
SYNID0200845808,4.831864621167277,0.1499045659506752,0,Low
SYNID0200215613,4.831639714131114,0.14990534368034886,0,Low
SYNID0200580817,4.820664453150435,0.1499432961885785,0,Low
SYNID0200669112,4.817513958584357,0.1499541906147937,0,Low
SYNID0200778713,4.817017660899268,0.1499559068147101,0,Low
SYNID0200996700,4.80884376443538,0.1499841721902087,0,Low
SYNID0200056521,4.80585871225437,0.1499944945158158,0,Low
SYNID0200207391,4.803878834626516,0.15000134094271145,0,Low
SYNID0200464325,4.802641484764017,0.15000561970482218,0,Low
SYNID0200493713,4.798024352358908,0.1500215857721358,0,Low
SYNID0200346304,4.792213453601299,0.15004167988956119,0,Low
SYNID0200131947,4.790352095118273,0.1500481164766519,0,Low
SYNID0200547864,4.780311672010434,0.1500828363107679,0,Low
SYNID0200072663,4.779646238867045,0.1500851373819584,0,Low
SYNID0200515794,4.777035247438739,0.1500941662035823,0,Low
SYNID0200602022,4.776335513579326,0.15009658588682306,0,Low
SYNID0200153488,4.773527320250423,0.15010629663362107,0,Low
SYNID0200183035,4.764800737447622,0.15013647320128748,0,Low
SYNID0200052662,4.761312688047525,0.15014853489383362,0,Low
SYNID0200398569,4.751994528199795,0.15018075713792683,0,Low
SYNID0200254627,4.746724816441123,0.15019897982796043,0,Low
SYNID0200620993,4.745211428439674,0.150204213131358,0,Low
SYNID0200929740,4.737923120339559,0.15022941613779556,0,Low
SYNID0200756953,4.735354442454394,0.1502382986389723,0,Low
SYNID0200957597,4.726524854141296,0.15026883140021663,0,Low
SYNID0200873090,4.721167150910809,0.1502873583652068,0,Low
SYNID0200234048,4.713861327851909,0.1503126219384608,0,Low
SYNID0200363355,4.707984240772809,0.15033294493543814,0,Low
SYNID0200669694,4.702682405850645,0.15035127870753429,0,Low
SYNID0200860529,4.697997126185257,0.15036748042842019,0,Low
SYNID0200585337,4.695143463619786,0.15037734840806927,0,Low
SYNID0200153335,4.694713147757177,0.15037883644250832,0,Low
SYNID0200321479,4.687961655833568,0.15040218313588027,0,Low
SYNID0200629499,4.664751461193973,0.1504824441068605,0,Low
SYNID0200913864,4.660892832118407,0.1504957872658071,0,Low
SYNID0200850128,4.660420555027102,0.15049742040238817,0,Low
SYNID0200791194,4.654354988745361,0.1505183951614058,0,Low
SYNID0200757792,4.650962013647458,0.15053012808653193,0,Low
SYNID0200848245,4.6454213063932315,0.15054928788036592,0,Low
SYNID0200192155,4.642156859121911,0.15056057635561476,0,Low
SYNID0200533305,4.639645518973921,0.15056926058260506,0,Low
SYNID0200216272,4.6388837878894975,0.15057189465256487,0,Low
SYNID0200473744,4.63444081086309,0.15058725848969418,0,Low
SYNID0200419662,4.615165960436308,0.1506539110203935,0,Low
SYNID0200575231,4.614294824434047,0.15065692341311498,0,Low
SYNID0200192315,4.605656032780857,0.15068679639854005,0,Low
SYNID0200719587,4.5970896183347065,0.15071641910321543,0,Low
SYNID0200258860,4.595207371360459,0.1507229279228149,0,Low
SYNID0200620287,4.5836459925923165,0.15076290722933128,0,Low
SYNID0200090712,4.5649882538799815,0.15082742578458685,0,Low
SYNID0200994287,4.562239536030987,0.1508369308648732,0,Low
SYNID0200041641,4.56072778138433,0.15084215852012162,0,Low
SYNID0200369799,4.55210637763323,0.15087197137809288,0,Low
SYNID0200201422,4.5512780740111864,0.150874835656226,0,Low
SYNID0200204778,4.547167765319621,0.15088904912456336,0,Low
SYNID0200672148,4.54548717374373,0.15089486061877083,0,Low
SYNID0200151967,4.535918022662521,0.15092795079182453,0,Low
SYNID0200026083,4.532087673791864,0.15094119615767887,0,Low
SYNID0200163281,4.525189215177065,0.1509650510626156,0,Low
SYNID0200961623,4.5190968436358645,0.15098611851435662,0,Low
SYNID0200801887,4.518005639006461,0.15098989190550882,0,Low
SYNID0200038841,4.504288730656931,0.15103732504426853,0,Low
SYNID0200248404,4.493509689594887,0.15107459902302267,0,Low
SYNID0200128370,4.490983098144426,0.1510833359890944,0,Low
SYNID0200753152,4.4879908996575395,0.15109368302666354,0,Low
SYNID0200051170,4.485578516050083,0.15110202506143394,0,Low
SYNID0200210260,4.46714461797788,0.15116576957461875,0,Low
SYNID0200470265,4.452227956308448,0.15121735146645388,0,Low
SYNID0200712771,4.442923306126076,0.15124952699405564,0,Low
SYNID0200951025,4.437886444189225,0.15126694448822242,0,Low
SYNID0200199501,4.437411688356008,0.15126858619630562,0,Low
SYNID0200919427,4.4289709746683315,0.1512977742271196,0,Low
SYNID0200247232,4.426940241809355,0.15130479651166284,0,Low
SYNID0200923616,4.421559512181844,0.1513234031020509,0,Low
SYNID0200325758,4.407997350737304,0.15137030112522698,0,Low
SYNID0200250992,4.406988730015115,0.1513737889408085,0,Low
SYNID0200019541,4.405857311799508,0.15137770139074608,0,Low
SYNID0200372531,4.403079868096675,0.15138730580518095,0,Low
SYNID0200787729,4.3988727396276985,0.15140185407680046,0,Low
SYNID0200811357,4.3977530757190095,0.151405725880285,0,Low
SYNID0200713688,4.393054880391524,0.15142197226359605,0,Low
SYNID0200059337,4.382914892511742,0.1514570363931993,0,Low
SYNID0200374265,4.380655804433921,0.1514648483312494,0,Low
SYNID0200897324,4.374781610255141,0.15148516132456274,0,Low
SYNID0200880177,4.372535847489942,0.15149292718361412,0,Low
SYNID0200251032,4.3666676344093105,0.15151321949425967,0,Low
SYNID0200033829,4.362677472864043,0.15152701749315473,0,Low
SYNID0200609684,4.350441684206871,0.15156932891249364,0,Low
SYNID0200125935,4.3355246516472405,0.15162091208686895,0,Low
SYNID0200709550,4.324149612605957,0.1516602470296632,0,Low
SYNID0200157953,4.317449604525791,0.15168341569164295,0,Low
SYNID0200158835,4.314171784822314,0.15169475040883013,0,Low
SYNID0200782166,4.3010996193136535,0.1517399540235706,0,Low
SYNID0200462132,4.300821990640607,0.15174091406493245,0,Low
SYNID0200283702,4.2976237430451505,0.15175197362136583,0,Low
SYNID0200705003,4.295910887266686,0.15175789668534972,0,Low
SYNID0200636254,4.292868920321183,0.1517684158225016,0,Low
SYNID0200556823,4.286442570904413,0.15179063817143307,0,Low
SYNID0200502810,4.279863629971203,0.1518133881826036,0,Low
SYNID0200188957,4.268056675988262,0.15185421668946036,0,Low
SYNID0200137692,4.264331832150923,0.1518670972183735,0,Low
SYNID0200394145,4.260976131985622,0.1518787012465933,0,Low
SYNID0200164373,4.25960815244914,0.15188343172678032,0,Low
SYNID0200428100,4.253856540310331,0.15190332083077668,0,Low
SYNID0200255515,4.244984562569883,0.15193400017487613,0,Low
SYNID0200222449,4.240118179890381,0.15195082815090488,0,Low
SYNID0200578726,4.226844343342918,0.15199672914512208,0,Low
SYNID0200788931,4.223545130141744,0.15200813784113298,0,Low
SYNID0200848445,4.223525741147377,0.15200820488837402,0,Low
SYNID0200418714,4.220092839059291,0.15202007588123506,0,Low
SYNID0200841806,4.219369676036052,0.15202257658264334,0,Low
SYNID0200214960,4.215511036067433,0.15203591977925818,0,Low
SYNID0200918560,4.210069581940637,0.15205473635527328,0,Low
SYNID0200704510,4.207739264519766,0.15206279460475353,0,Low
SYNID0200865270,4.198052505419874,0.15209629146693332,0,Low
SYNID0200446900,4.194244349782572,0.15210946008847398,0,Low
SYNID0200225578,4.181960102957994,0.15215193907640195,0,Low
SYNID0200559336,4.18174305023782,0.15215268964581102,0,Low
SYNID0200635831,4.176460139520728,0.15217095797790992,0,Low
SYNID0200592615,4.174728666701128,0.1521769454197166,0,Low
SYNID0200212668,4.165041901757149,0.1522104423021053,0,Low
SYNID0200205606,4.164338318022146,0.1522128752982354,0,Low
SYNID0200638382,4.162402452102377,0.15221956953242088,0,Low
SYNID0200528620,4.159356790207113,0.15223010144672783,0,Low
SYNID0200021516,4.1575785891006305,0.15223625047518796,0,Low
SYNID0200270810,4.156670694938867,0.15223938997781178,0,Low
SYNID0200929750,4.152767871693598,0.15225288596042175,0,Low
SYNID0200965931,4.1460343407000835,0.1522761705448062,0,Low
SYNID0200650736,4.1455691231399,0.15227777926949276,0,Low
SYNID0200992205,4.1418610214420255,0.15229060190400256,0,Low
SYNID0200462744,4.132881184181429,0.15232165422687066,0,Low
SYNID0200612625,4.132807138056705,0.15232191027874614,0,Low
SYNID0200065389,4.113766556216561,0.15238775270748267,0,Low
SYNID0200991381,4.105259114663411,0.15241717148359446,0,Low
SYNID0200350108,4.0929989957473865,0.15245956703709207,0,Low
SYNID0200975381,4.09273473513732,0.15246048085162422,0,Low
SYNID0200509368,4.087730101403508,0.15247778690050118,0,Low
SYNID0200974199,4.082857745120556,0.15249463553328102,0,Low
SYNID0200311332,4.080562372042827,0.15250257294504516,0,Low
SYNID0200390660,4.07922788262362,0.1525071876162365,0,Low
SYNID0200011958,4.078102846263043,0.15251107799768698,0,Low
SYNID0200482022,4.073104032752255,0.15252836392020314,0,Low
SYNID0200185193,4.068588161519386,0.1525439798258687,0,Low
SYNID0200234147,4.067856934505542,0.15254650841259748,0,Low
SYNID0200864119,4.067271773825347,0.15254853190120243,0,Low
SYNID0200595884,4.055514990865056,0.152589186916408,0,Low
SYNID0200865700,4.052498965280556,0.15259961634820174,0,Low
SYNID0200126313,4.042952677459709,0.15263262745998496,0,Low
SYNID0200291004,4.042204618671271,0.1526352142510758,0,Low
SYNID0200929444,4.036192419815805,0.15265600446526223,0,Low
SYNID0200047728,4.035034405579836,0.15266000888437337,0,Low
SYNID0200530366,4.023272174358709,0.15270068273969256,0,Low
SYNID0200529916,4.005308089046899,0.1527628026379651,0,Low
SYNID0200942679,4.0046889303694755,0.1527649436918172,0,Low
SYNID0200758828,4.00464339796838,0.1527651011430915,0,Low
SYNID0200108270,3.9974157954264484,0.15279009422940043,0,Low
SYNID0200301177,3.9951183776038377,0.15279803871190278,0,Low
SYNID0200931480,3.988206131255872,0.15282194129489085,0,Low
SYNID0200514031,3.9846702461587142,0.15283416840352043,0,Low
SYNID0200010433,3.972053074269212,0.15287779864801432,0,Low
SYNID0200856938,3.971959349161253,0.1528781227499138,0,Low
SYNID0200445535,3.961609153759845,0.15291391377819474,0,Low
SYNID0200684938,3.9609455869548995,0.1529162083955774,0,Low
SYNID0200216290,3.9587937771876867,0.15292364936468444,0,Low
SYNID0200562545,3.955437773472049,0.15293525444258288,0,Low
SYNID0200639184,3.9520480641122546,0.15294697607477004,0,Low
SYNID0200290305,3.9496936760086285,0.15295511756079355,0,Low
SYNID0200042934,3.9491657047431943,0.1529569432881117,0,Low
SYNID0200224000,3.937991490991031,0.1529955837760359,0,Low
SYNID0200749126,3.9375217989923854,0.15299720797335342,0,Low
SYNID0200534550,3.91645702778586,0.15307005005920254,0,Low
SYNID0200878716,3.9137944019260757,0.1530792574329528,0,Low
SYNID0200708844,3.913691805896896,0.15307961221054295,0,Low
SYNID0200115417,3.9072983100815293,0.15310172095155383,0,Low
SYNID0200688803,3.9057403146703393,0.15310710850760095,0,Low
SYNID0200445323,3.9045459430231872,0.15311123865082465,0,Low
SYNID0200715593,3.90050319372466,0.15312521849843763,0,Low
SYNID0200608640,3.8953068199061605,0.15314318758550155,0,Low
SYNID0200901745,3.894116566351663,0.15314730348833994,0,Low
SYNID0200809779,3.89011025775266,0.15316115732382884,0,Low
SYNID0200284329,3.8841869610293998,0.15318164011399044,0,Low
SYNID0200895719,3.884090906300308,0.15318197227173164,0,Low
SYNID0200265033,3.876123440272387,0.1532095238097339,0,Low
SYNID0200549946,3.872834422795364,0.15322089724887888,0,Low
SYNID0200738027,3.872336094025357,0.1532226204722973,0,Low
SYNID0200723881,3.86937196551294,0.1532328704437521,0,Low
SYNID0200155165,3.8677751273720986,0.15323839231815567,0,Low
SYNID0200367625,3.867424429032937,0.15323960503479417,0,Low
SYNID0200968866,3.863971449930098,0.1532515454540742,0,Low
SYNID0200631470,3.8598875908871264,0.15326566745939235,0,Low
SYNID0200384003,3.8596465530684583,0.15326650096939387,0,Low
SYNID0200408518,3.8480168520910496,0.153306716534457,0,Low
SYNID0200635564,3.8428689862945404,0.15332451788053442,0,Low
SYNID0200608136,3.8413471242372523,0.15332978048726015,0,Low
SYNID0200592689,3.837477151811683,0.15334316287156868,0,Low
SYNID0200005169,3.8300820394941866,0.15336873520753252,0,Low
SYNID0200963693,3.8257953317256863,0.1533835586647741,0,Low
SYNID0200941008,3.820770373952058,0.15340093499428398,0,Low
SYNID0200389666,3.8192411800782295,0.15340622295446854,0,Low
SYNID0200552619,3.815954399589046,0.15341758865809824,0,Low
SYNID0200837188,3.8127892053326704,0.15342853391591715,0,Low
SYNID0200232944,3.8083850371712344,0.15344376355179423,0,Low
SYNID0200285844,3.8058469057903324,0.15345254042300405,0,Low
SYNID0200066555,3.8016619837373824,0.15346701190472412,0,Low
SYNID0200663309,3.7991448510361465,0.15347571616239297,0,Low
SYNID0200237414,3.7985477756903308,0.15347778085197217,0,Low
SYNID0200481199,3.7913032942517617,0.15350283230559142,0,Low
SYNID0200596683,3.790183053382208,0.15350670610420958,0,Low
SYNID0200136231,3.78558301411595,0.15352261306336223,0,Low
SYNID0200070473,3.7851086277847017,0.15352425349370574,0,Low
SYNID0200314345,3.783645730783995,0.15352931219896626,0,Low
SYNID0200244453,3.7798966648841983,0.15354227648789442,0,Low
SYNID0200955446,3.777912228789205,0.15354913867799258,0,Low
SYNID0200114628,3.7714371433312124,0.1535715295564022,0,Low
SYNID0200141271,3.7689344702756955,0.15358018381254268,0,Low
SYNID0200652373,3.7684552757273764,0.15358184086972526,0,Low
SYNID0200133725,3.7657088771514964,0.1535913379299534,0,Low
SYNID0200975652,3.7641726852908732,0.15359665008921186,0,Low
SYNID0200083294,3.7639609743544113,0.1535973821867057,0,Low
SYNID0200270012,3.763006737032164,0.15360068194421395,0,Low
SYNID0200630960,3.7551812587540567,0.153627742487856,0,Low
SYNID0200452345,3.7443806009709917,0.15366509121734123,0,Low
SYNID0200534723,3.7428527003198084,0.15367037470555533,0,Low
SYNID0200384485,3.7395667560143124,0.15368173751765757,0,Low
SYNID0200705168,3.738197691507004,0.1536864717496792,0,Low
SYNID0200063338,3.730561015395125,0.15371287941447126,0,Low
SYNID0200902460,3.708692813325264,0.15378849976832754,0,Low
SYNID0200688784,3.702129071520524,0.15381119722083458,0,Low
SYNID0200538827,3.701582725196559,0.1538130864891985,0,Low
SYNID0200632295,3.696309806603317,0.15383132026848234,0,Low
SYNID0200078279,3.6947787078241845,0.15383661481583916,0,Low
SYNID0200310260,3.683571907609128,0.15387536798791757,0,Low
SYNID0200222884,3.677623328117491,0.15389593820602065,0,Low
SYNID0200748915,3.6728676722596134,0.15391238328813772,0,Low
SYNID0200585065,3.668944659737633,0.1539259490853691,0,Low
SYNID0200731403,3.6675710539224653,0.1539306990212564,0,Low
SYNID0200019640,3.6667898908604144,0.15393340028709357,0,Low
SYNID0200241153,3.666429405427536,0.15393464684755187,0,Low
SYNID0200878654,3.665972275714786,0.15393622760442094,0,Low
SYNID0200298574,3.662562424859047,0.1539480188860034,0,Low
SYNID0200176855,3.659609728415674,0.1539582293253054,0,Low
SYNID0200940008,3.6586234400918514,0.1539616399153399,0,Low
SYNID0200714648,3.6556344409989663,0.15397197588938832,0,Low
SYNID0200395523,3.6471788269296397,0.15400121544579776,0,Low
SYNID0200714705,3.6431867516760406,0.15401502006230594,0,Low
SYNID0200865235,3.6351532027289366,0.15404280011537846,0,Low
SYNID0200181438,3.6320539074882774,0.15405351749406626,0,Low
SYNID0200535036,3.619754731404072,0.15409604810744987,0,Low
SYNID0200156931,3.6189735327849846,0.15409874949624347,0,Low
SYNID0200378580,3.617741520766643,0.15410300980006197,0,Low
SYNID0200634186,3.5887045501554695,0.15420341979195412,0,Low
SYNID0200596504,3.5745417148628675,0.15425239494834847,0,Low
SYNID0200973518,3.5722047149936813,0.15426047630576895,0,Low
SYNID0200263856,3.5674101088276657,0.15427705607824943,0,Low
SYNID0200824909,3.5646665040335748,0.15428654347756593,0,Low
SYNID0200290125,3.5603412987577627,0.15430150005938337,0,Low
SYNID0200592777,3.55918700031156,0.1543054916292746,0,Low
SYNID0200564730,3.5549072482799318,0.15432029103354272,0,Low
SYNID0200660343,3.5542348982020187,0.15432261602352793,0,Low
SYNID0200814923,3.538044361172453,0.15437860298283018,0,Low
SYNID0200239363,3.537643963527337,0.15437998755992116,0,Low
SYNID0200683095,3.534498258540289,0.15439086542374775,0,Low
SYNID0200219614,3.523601675286791,0.15442854586399707,0,Low
SYNID0200249271,3.517898315979501,0.1544482681094569,0,Low
SYNID0200319017,3.511204679322404,0.15447141473902332,0,Low
SYNID0200187773,3.506370795418725,0.15448813033412018,0,Low
SYNID0200453283,3.5026121907205905,0.15450112760826146,0,Low
SYNID0200994653,3.4982518499805835,0.15451620568869257,0,Low
SYNID0200879714,3.4927605393115684,0.15453519466888394,0,Low
SYNID0200923682,3.4737570260028576,0.15460090891445044,0,Low
SYNID0200461875,3.47258769905973,0.1546049524529604,0,Low
SYNID0200381278,3.4477226035913517,0.1546909360794141,0,Low
SYNID0200376647,3.4451874346145814,0.15469970270661537,0,Low
SYNID0200250182,3.442251535578059,0.15470985506039914,0,Low
SYNID0200904585,3.4271300628753707,0.15476214518982778,0,Low
SYNID0200588681,3.425672352900193,0.15476718595832767,0,Low
SYNID0200598779,3.423647185049589,0.15477418899904366,0,Low
SYNID0200701426,3.4235034937820217,0.15477468588417692,0,Low
SYNID0200957725,3.4165635043575833,0.15479868440286437,0,Low
SYNID0200897279,3.414831900111942,0.15480467229914302,0,Low
SYNID0200492458,3.4120525780572777,0.15481428320892804,0,Low
SYNID0200794546,3.410919141513986,0.15481820263825302,0,Low
SYNID0200126279,3.404607967280313,0.1548400267108162,0,Low
SYNID0200260194,3.4030683193418128,0.15484535082120954,0,Low
SYNID0200586134,3.402469793104757,0.154847420527978,0,Low
SYNID0200030315,3.399115742327268,0.1548590188526064,0,Low
SYNID0200038909,3.397973542967854,0.15486296858379406,0,Low
SYNID0200129224,3.387848454829445,0.1548979811900159,0,Low
SYNID0200910513,3.371861763984896,0.15495326324817477,0,Low
SYNID0200819773,3.371283560140995,0.15495526268000448,0,Low
SYNID0200218429,3.3704616655869017,0.15495810479554806,0,Low
SYNID0200533905,3.3637850798685847,0.15498119246288156,0,Low
SYNID0200957885,3.329447526478674,0.15509993189695154,0,Low
SYNID0200044322,3.327147076128554,0.1551078868659494,0,Low
SYNID0200354945,3.3110816369389866,0.1551634412362854,0,Low
SYNID0200018872,3.306562637471359,0.15517906795940267,0,Low
SYNID0200992921,3.30646353081854,0.15517941067071161,0,Low
SYNID0200502959,3.3003684665170425,0.15520048743403142,0,Low
SYNID0200673913,3.2922983977644478,0.15522839377277686,0,Low
SYNID0200666578,3.291523755721549,0.15523107248889667,0,Low
SYNID0200754481,3.2886174664619503,0.1552411224519214,0,Low
SYNID0200813400,3.2884584822439393,0.155241672220155,0,Low
SYNID0200723185,3.287966473597649,0.15524337358855345,0,Low
SYNID0200168641,3.283849557506244,0.155257609905313,0,Low
SYNID0200784390,3.2811421405469545,0.15526697216691293,0,Low
SYNID0200200248,3.276849100655504,0.15528181752066783,0,Low
SYNID0200527506,3.2698195837355115,0.15530612562588975,0,Low
SYNID0200943280,3.2615968313571457,0.1553345599453888,0,Low
SYNID0200409341,3.258507224693332,0.15534524382092862,0,Low
SYNID0200559106,3.256657059246564,0.1553516417024431,0,Low
SYNID0200908292,3.252301848433497,0.1553667020435608,0,Low
SYNID0200516011,3.233126262414629,0.1554330113174332,0,Low
SYNID0200613264,3.2276019585666162,0.15545211438820516,0,Low
SYNID0200887696,3.2214860966777863,0.15547326306968762,0,Low
SYNID0200158261,3.2145385633293415,0.15549728767530263,0,Low
SYNID0200100511,3.2059983710522246,0.15552681970358428,0,Low
SYNID0200499653,3.2048536321279215,0.15553077821660022,0,Low
SYNID0200235804,3.1926437381396084,0.15557300009204267,0,Low
SYNID0200448116,3.185548344253853,0.15559753600014686,0,Low
SYNID0200022260,3.184302432491556,0.1556018443693506,0,Low
SYNID0200499426,3.181340983572376,0.15561208507475838,0,Low
SYNID0200903144,3.1805278568701425,0.1556148968710257,0,Low
SYNID0200499286,3.1803841348161015,0.15561539386261874,0,Low
SYNID0200729068,3.178132339698031,0.15562318058157698,0,Low
SYNID0200710200,3.1762866435910624,0.15562956300809172,0,Low
SYNID0200629974,3.16929467070819,0.15565374128584253,0,Low
SYNID0200157810,3.166278460313407,0.15566417135671118,0,Low
SYNID0200368186,3.1610808364352323,0.15568214476648778,0,Low
SYNID0200065007,3.1563256651144584,0.15569858817307308,0,Low
SYNID0200988861,3.132650789765478,0.1557804560123071,0,Low
SYNID0200107147,3.128660606563045,0.15579425408609276,0,Low
SYNID0200415228,3.094616668715595,0.15591197819612523,0,Low
SYNID0200783412,3.0939092135331023,0.15591442457974042,0,Low
SYNID0200551038,3.093075051755129,0.15591730911540652,0,Low
SYNID0200845460,3.079755464401927,0.15596336831614238,0,Low
SYNID0200370230,3.077527868660276,0.15597107135353405,0,Low
SYNID0200013496,3.0761325533516057,0.15597589636096015,0,Low
SYNID0200660525,3.0620797075052337,0.15602449117329065,0,Low
SYNID0200060132,3.0613385111944638,0.15602705423389884,0,Low
SYNID0200859120,3.0596979849999215,0.15603272718181405,0,Low
SYNID0200752904,3.0584143341715873,0.15603716605289986,0,Low
SYNID0200080236,3.0583572265174865,0.15603736353145786,0,Low
SYNID0200574124,3.057363563307554,0.156040799623886,0,Low
SYNID0200788551,3.0555094251155026,0.15604721124317383,0,Low
SYNID0200330963,3.0528875913906504,0.15605627755751428,0,Low
SYNID0200862788,3.0439866068874224,0.15608705720714677,0,Low
SYNID0200239923,3.0401838870835505,0.1561002070315478,0,Low
SYNID0200520831,3.0398891335186846,0.15610122629087259,0,Low
SYNID0200577347,3.037345437172938,0.1561100224057591,0,Low
SYNID0200617193,3.0321220303463647,0.15612808497310227,0,Low
SYNID0200289336,3.027701731044232,0.15614337039054582,0,Low
SYNID0200474895,3.022002107887168,0.15616307971637916,0,Low
SYNID0200396416,3.0199914067649587,0.15617003273107488,0,Low
SYNID0200605700,3.0150807944898474,0.15618701365326998,0,Low
SYNID0200023383,3.013378231742763,0.15619290112389905,0,Low
SYNID0200783901,3.0127109571334856,0.15619520856288793,0,Low
SYNID0200369488,3.0120106942013862,0.15619763007566473,0,Low
SYNID0200085516,3.0105163195681754,0.15620279763073835,0,Low
SYNID0200162391,2.999061227098359,0.15624240939869516,0,Low
SYNID0200047997,2.9925832286822995,0.15626481035012857,0,Low
SYNID0200788816,2.9869493423080797,0.15628429235783287,0,Low
SYNID0200670088,2.9849486689654086,0.156291210696416,0,Low
SYNID0200485192,2.979739941641,0.1563092225019661,0,Low
SYNID0200088380,2.9713145901136357,0.15633835741035168,0,Low
SYNID0200481533,2.9563106589026518,0.15639024108070487,0,Low
SYNID0200119647,2.953726558244682,0.1563991769139083,0,Low
SYNID0200340490,2.9509239596423384,0.1564088683141135,0,Low
SYNID0200870900,2.9470673649293886,0.1564222044382238,0,Low
SYNID0200207200,2.940314658807999,0.15644555533029786,0,Low
SYNID0200132755,2.9383920806553334,0.1564522036153172,0,Low
SYNID0200571756,2.9367452031700907,0.15645789852602793,0,Low
SYNID0200981112,2.9298044620615613,0.1564818996440428,0,Low
SYNID0200555261,2.9290772544624772,0.15648441433161492,0,Low
SYNID0200682333,2.9276117662817356,0.15648948199718915,0,Low
SYNID0200183943,2.926548606975743,0.15649315840747052,0,Low
SYNID0200663804,2.9201351464659027,0.15651533618649632,0,Low
SYNID0200963949,2.9176809468875433,0.15652382282110655,0,Low
SYNID0200856187,2.91220589598921,0.1565427555749283,0,Low
SYNID0200328305,2.89740939381371,0.15659392195462296,0,Low
SYNID0200768896,2.893709166503541,0.15660671735946008,0,Low
SYNID0200902596,2.8834985205937187,0.15664202582489017,0,Low
SYNID0200666312,2.8781256941834172,0.15666060508591295,0,Low
SYNID0200312975,2.8774519988709883,0.15666293472772597,0,Low
SYNID0200977808,2.875023764602595,0.1566713315741624,0,Low
SYNID0200741886,2.8646242708769307,0.1567072930762991,0,Low
SYNID0200104510,2.8639993710420413,0.15670945398310288,0,Low
SYNID0200794885,2.8636518212798805,0.1567106558119461,0,Low
SYNID0200227055,2.8508529077534064,0.15675491451994394,0,Low
SYNID0200220526,2.846983510742966,0.15676829491446403,0,Low
SYNID0200925888,2.8453954267213817,0.15677378651707874,0,Low
SYNID0200358747,2.8397249720924833,0.1567933949779935,0,Low
SYNID0200475501,2.836446317220023,0.15680473258319927,0,Low
SYNID0200698538,2.8283107804608036,0.15683286531064422,0,Low
SYNID0200044934,2.827379058416888,0.1568360872102056,0,Low
SYNID0200747246,2.8265190176197734,0.15683906123565133,0,Low
SYNID0200771956,2.8230226109651326,0.15685115182762616,0,Low
SYNID0200071646,2.8228152295151006,0.15685186895373393,0,Low
SYNID0200814589,2.8182102112391476,0.1568677931303274,0,Low
SYNID0200323936,2.817884491930066,0.156868919469353,0,Low
SYNID0200551046,2.813468401410468,0.15688419033280515,0,Low
SYNID0200222803,2.8017614632259367,0.1569246729845229,0,Low
SYNID0200965610,2.8000043694398755,0.1569307490237618,0,Low
SYNID0200803931,2.7964635878232045,0.15694299306458076,0,Low
SYNID0200373397,2.7856099761544897,0.1569805249088716,0,Low
SYNID0200711139,2.7855413107101725,0.1569807623543269,0,Low
SYNID0200059780,2.783932543898324,0.1569863254781354,0,Low
SYNID0200090719,2.7826109630517664,0.15699089551141693,0,Low
SYNID0200703052,2.781921554038128,0.15699327949128855,0,Low
SYNID0200553473,2.7817623127318853,0.15699383014853452,0,Low
SYNID0200315372,2.7788810204277397,0.15700379367196032,0,Low
SYNID0200522367,2.77506675094385,0.15701698343521353,0,Low
SYNID0200773185,2.766010639036807,0.15704829951619653,0,Low
SYNID0200064656,2.765427311331621,0.1570503166663646,0,Low
SYNID0200470142,2.7642795055062166,0.15705428578474012,0,Low
SYNID0200491433,2.757862532339381,0.15707647571055167,0,Low
SYNID0200997839,2.752941444911805,0.1570934928558772,0,Low
SYNID0200648308,2.750744637579068,0.1571010894267944,0,Low
SYNID0200959752,2.7435357416082766,0.1571260178256853,0,Low
SYNID0200673236,2.737920813337496,0.1571454342761716,0,Low
SYNID0200071672,2.7354783181316122,0.15715388043700235,0,Low
SYNID0200378703,2.730171695360802,0.15717223076550346,0,Low
SYNID0200717069,2.7299054809692365,0.15717315133622195,0,Low
SYNID0200293574,2.7296167488231617,0.15717414977344996,0,Low
SYNID0200897989,2.728205079425493,0.1571790313333989,0,Low
SYNID0200446607,2.7214334536291958,0.1572024476498049,0,Low
SYNID0200107447,2.7201980466929,0.15720671969326694,0,Low
SYNID0200203860,2.7179346628379335,0.15721454648613625,0,Low
SYNID0200061439,2.717619997140204,0.1572156346017176,0,Low
SYNID0200057276,2.7139986179047355,0.15722815734951184,0,Low
SYNID0200477211,2.710250641221535,0.15724111787192346,0,Low
SYNID0200120549,2.6995747873297447,0.15727803502891863,0,Low
SYNID0200177795,2.6950204741865846,0.1572937838669053,0,Low
SYNID0200959347,2.6910965834485836,0.15730735270101215,0,Low
SYNID0200999425,2.6899825950049987,0.15731120487870953,0,Low
SYNID0200642123,2.687898993479209,0.1573184099833712,0,Low
SYNID0200979733,2.686919247719736,0.15732179794918494,0,Low
SYNID0200795871,2.68247198506527,0.15733717660603785,0,Low
SYNID0200559217,2.680534019450093,0.15734387810098072,0,Low
SYNID0200552788,2.679601228791114,0.1573471036958184,0,Low
SYNID0200639170,2.6772702190297792,0.1573551643394155,0,Low
SYNID0200331619,2.6739612304168503,0.1573666068388499,0,Low
SYNID0200907011,2.669412125187492,0.1573823376678442,0,Low
SYNID0200437124,2.6550807812574035,0.15743189552796305,0,Low
SYNID0200191444,2.650296893580446,0.15744843823585392,0,Low
SYNID0200142845,2.6493816412393656,0.1574516031830992,0,Low
SYNID0200236083,2.638275540317956,0.1574900081365086,0,Low
SYNID0200988251,2.6379463201761624,0.15749114658143148,0,Low
SYNID0200541226,2.6371265392178316,0.15749398138815018,0,Low
SYNID0200191517,2.6311118463838525,0.15751478022652698,0,Low
SYNID0200108935,2.630591040470037,0.15751658117602285,0,Low
SYNID0200855003,2.6281020968192124,0.15752518795581216,0,Low
SYNID0200372613,2.6279181443697723,0.15752582406431687,0,Low
SYNID0200903956,2.6251436055920223,0.15753541843350605,0,Low
SYNID0200944852,2.623789104046068,0.15754010230673332,0,Low
SYNID0200066545,2.617151717397256,0.15756305442348534,0,Low
SYNID0200058743,2.6169363583297667,0.1575637991362348,0,Low
SYNID0200315672,2.615451611880161,0.15756893339700062,0,Low
SYNID0200618257,2.615206064558727,0.1575697825008856,0,Low
SYNID0200996513,2.6149538983068226,0.1575706544930658,0,Low
SYNID0200342938,2.6040669773797234,0.15760830152094135,0,Low
SYNID0200127369,2.5996232494629297,0.15762366795465343,0,Low
SYNID0200081912,2.596345040165204,0.1576350040190595,0,Low
SYNID0200991368,2.5931886374052056,0.15764591887583929,0,Low
SYNID0200505119,2.5858895489498934,0.15767115916079988,0,Low
SYNID0200890606,2.5816233177861676,0.1576859118098381,0,Low
SYNID0200763429,2.5815989915306474,0.15768599593015326,0,Low
SYNID0200154334,2.5807044216401493,0.15768908935737935,0,Low
SYNID0200889646,2.5757266336953606,0.15770630257338147,0,Low
SYNID0200746485,2.572712203157863,0.15771672648949459,0,Low
SYNID0200274448,2.5705805565881406,0.15772409773416224,0,Low
SYNID0200033144,2.570092157446709,0.15772578662087455,0,Low
SYNID0200840663,2.569475799415521,0.15772791799007774,0,Low
SYNID0200905989,2.5638162897047465,0.15774748860341004,0,Low
SYNID0200784882,2.5620696238578873,0.1577535285827822,0,Low
SYNID0200299986,2.558985039242316,0.1577641950920537,0,Low
SYNID0200625950,2.5566023043550956,0.1577724346013989,0,Low
SYNID0200267486,2.5547963226782997,0.1577786796952123,0,Low
SYNID0200284667,2.552602151584452,0.15778626715000205,0,Low
SYNID0200670321,2.551256912440884,0.15779091899379483,0,Low
SYNID0200873390,2.5479142453228576,0.15780247795367097,0,Low
SYNID0200839982,2.5422838458236683,0.1578219479037437,0,Low
SYNID0200241864,2.5416052455911,0.15782429450679547,0,Low
SYNID0200056648,2.5338266035154575,0.15785119309061146,0,Low
SYNID0200757761,2.5317107398926737,0.15785850975776844,0,Low
SYNID0200747701,2.530328155951743,0.15786329074006022,0,Low
SYNID0200478789,2.529889447481793,0.15786480779617812,0,Low
SYNID0200165394,2.5230797184052065,0.15788835587392092,0,Low
SYNID0200736944,2.521358045371194,0.1578943094280193,0,Low
SYNID0200799308,2.5195990202552565,0.1579003921458067,0,Low
SYNID0200940495,2.513187889690137,0.15792256186787185,0,Low
SYNID0200396732,2.5041678867627297,0.15795375308381981,0,Low
SYNID0200773204,2.5026498687062215,0.15795900239797134,0,Low
SYNID0200106524,2.5003333271154844,0.15796701301056099,0,Low
SYNID0200523387,2.484817857635605,0.15802066558284683,0,Low
SYNID0200404744,2.4847537446947072,0.15802088728572217,0,Low
SYNID0200892855,2.483548907800497,0.15802505361782337,0,Low
SYNID0200440328,2.4825927074793483,0.15802836016339178,0,Low
SYNID0200419259,2.480470865986206,0.15803569750205482,0,Low
SYNID0200281059,2.47661336257994,0.15804903676843124,0,Low
SYNID0200816895,2.4748744297871,0.15805505000686332,0,Low
SYNID0200195253,2.4488112375081457,0.15814517665817474,0,Low
SYNID0200533022,2.447282461123123,0.1581504631746809,0,Low
SYNID0200560973,2.4472459377219025,0.15815058947278787,0,Low
SYNID0200119068,2.4388554588484936,0.15817960379135892,0,Low
SYNID0200369007,2.435344130120285,0.15819174598393992,0,Low
SYNID0200804387,2.433856886148689,0.15819688888114947,0,Low
SYNID0200092976,2.4298127203399247,0.15821087362706204,0,Low
SYNID0200909211,2.426387283132634,0.15822271880632738,0,Low
SYNID0200790604,2.408912320191533,0.15828314731695708,0,Low
SYNID0200835106,2.4025887586409027,0.1583050142249252,0,Low
SYNID0200189622,2.39302858494316,0.1583380733541413,0,Low
SYNID0200765380,2.3915207406053796,0.15834328748752174,0,Low
SYNID0200485086,2.3907665584433104,0.1583458954532697,0,Low
SYNID0200724937,2.387073720945885,0.1583586653040968,0,Low
SYNID0200552367,2.3847581918072507,0.15836667241562197,0,Low
SYNID0200203720,2.381221051509634,0.15837890386474113,0,Low
SYNID0200550964,2.378401299335245,0.15838865458208556,0,Low
SYNID0200810268,2.3739952439781646,0.15840389074389477,0,Low
SYNID0200498025,2.370507922244549,0.1584159499201665,0,Low
SYNID0200279355,2.365973249588862,0.15843163084124773,0,Low
SYNID0200505613,2.365467343269316,0.1584333802678709,0,Low
SYNID0200883259,2.3647812430655293,0.15843575280586125,0,Low
SYNID0200394563,2.360919759790555,0.1584491058346439,0,Low
SYNID0200171856,2.3514448497603837,0.15848187012166431,0,Low
SYNID0200129566,2.3481113972011656,0.1584933972175493,0,Low
SYNID0200488526,2.3453281670926955,0.15850302164140423,0,Low
SYNID0200235833,2.344820583330275,0.1585047768686334,0,Low
SYNID0200866137,2.338759393003137,0.15852573649557777,0,Low
SYNID0200449808,2.3365469050228853,0.15853338729025374,0,Low
SYNID0200485484,2.335707920322264,0.15853628850361084,0,Low
SYNID0200338646,2.3279129407376047,0.15856324358261603,0,Low
SYNID0200372275,2.3252699876882517,0.15857238292768788,0,Low
SYNID0200665774,2.3235253262218265,0.15857841597590233,0,Low
SYNID0200907088,2.314597376668715,0.15860928887081432,0,Low
SYNID0200339619,2.311889160114376,0.15861865389741797,0,Low
SYNID0200013069,2.3087353901201837,0.15862955965008024,0,Low
SYNID0200184742,2.306885893771849,0.1586359552178489,0,Low
SYNID0200846116,2.301326306129994,0.15865518030015924,0,Low
SYNID0200775502,2.300181241996981,0.15865913993774855,0,Low
SYNID0200142735,2.2993019108835995,0.15866218066920595,0,Low
SYNID0200552067,2.2968689500469353,0.15867059386013949,0,Low
SYNID0200984196,2.293975328056888,0.15868060001968176,0,Low
SYNID0200441974,2.2904390171229565,0.1586928286008571,0,Low
SYNID0200958961,2.287111643126373,0.1587043346770416,0,Low
SYNID0200632787,2.28582417188791,0.15870878675912503,0,Low
SYNID0200496861,2.281925399452099,0.1587222687340153,0,Low
SYNID0200506922,2.2755377426507906,0.1587443572836859,0,Low
SYNID0200740769,2.270528408157034,0.15876167958781462,0,Low
SYNID0200383545,2.2638232822505415,0.15878486594726382,0,Low
SYNID0200282978,2.2608369619471347,0.15879519265804465,0,Low
SYNID0200227342,2.258078426413036,0.15880473168793596,0,Low
SYNID0200317046,2.256428118444589,0.15881043846127502,0,Low
SYNID0200442841,2.236566514055305,0.15887911999015758,0,Low
SYNID0200786145,2.2329858616809517,0.15889150190425916,0,Low
SYNID0200090558,2.2259745608568977,0.15891574701812877,0,Low
SYNID0200414521,2.2256549441227733,0.15891685225441915,0,Low
SYNID0200987247,2.2134455421215975,0.15895907242856755,0,Low
SYNID0200600644,2.212363309081013,0.15896281479592006,0,Low
SYNID0200197509,2.2116442129362497,0.15896530143404192,0,Low
SYNID0200906496,2.2054026887929226,0.15898688465623884,0,Low
SYNID0200809545,2.204255720608451,0.15899085087804776,0,Low
SYNID0200811771,2.2018400898808466,0.15899920414137614,0,Low
SYNID0200724267,2.2016521261809956,0.15899985412080514,0,Low
SYNID0200853586,2.1989388656496587,0.15900923658950689,0,Low
SYNID0200863067,2.198449892745913,0.15901092746029222,0,Low
SYNID0200838666,2.1928983579263743,0.15903012469590205,0,Low
SYNID0200847649,2.1909913417649136,0.15903671916747675,0,Low
SYNID0200888711,2.186030282231883,0.159053874536546,0,Low
SYNID0200396118,2.1822193926283404,0.1590670526121558,0,Low
SYNID0200600250,2.1816708954625312,0.15906894931814175,0,Low
SYNID0200251167,2.1794307729808438,0.1590766956730641,0,Low
SYNID0200963412,2.174232581771527,0.15909467104467467,0,Low
SYNID0200055833,2.1726725978742536,0.15910006547691674,0,Low
SYNID0200568671,2.1718294035961208,0.15910298124701427,0,Low
SYNID0200471590,2.171443205631917,0.15910431672153652,0,Low
SYNID0200729050,2.170921954265026,0.15910611921141138,0,Low
SYNID0200486419,2.1670988007610035,0.15911933969565134,0,Low
SYNID0200140857,2.156150235235792,0.15915719989086036,0,Low
SYNID0200582459,2.1547557112697504,0.15916202216181963,0,Low
SYNID0200621808,2.153731801866698,0.15916556284573724,0,Low
SYNID0200502175,2.150232823399712,0.15917766233105218,0,Low
SYNID0200333667,2.1455139488807617,0.15919398022311237,0,Low
SYNID0200369164,2.1411048462508333,0.15920922692240658,0,Low
SYNID0200332397,2.1409788218948833,0.1592096627152697,0,Low
SYNID0200381517,2.136947160705951,0.15922360422014337,0,Low
SYNID0200892897,2.1353355607247053,0.15922917714106605,0,Low
SYNID0200383774,2.135244597099188,0.15922949169374523,0,Low
SYNID0200339622,2.1326698785026466,0.1592383950837326,0,Low
SYNID0200622318,2.132053160667226,0.15924052769714064,0,Low
SYNID0200805969,2.1319972808686387,0.15924072092976804,0,Low
SYNID0200674481,2.1280047470308574,0.15925452713206267,0,Low
SYNID0200983408,2.122512162554834,0.15927352051708515,0,Low
SYNID0200891784,2.119857265402544,0.15928270116492566,0,Low
SYNID0200803879,2.119608125482685,0.15928356269203425,0,Low
SYNID0200739521,2.1186064930266113,0.15928702634215602,0,Low
SYNID0200722284,2.111268442404622,0.1593124013584869,0,Low
SYNID0200666724,2.1074243288635017,0.15932569432264165,0,Low
SYNID0200534637,2.105276753805043,0.1593331206481043,0,Low
SYNID0200909543,2.101541635680306,0.15934603670555542,0,Low
SYNID0200680254,2.0964320847608136,0.15936370555859347,0,Low
SYNID0200056890,2.0905513215908087,0.15938404126751182,0,Low
SYNID0200410262,2.087589499496815,0.15939428326336003,0,Low
SYNID0200711012,2.085919101824608,0.15940005950699676,0,Low
SYNID0200463156,2.0805733627762777,0.15941854509978426,0,Low
SYNID0200668108,2.064145764406497,0.15947535181840533,0,Low
SYNID0200748849,2.0482616727889322,0.159530279087916,0,Low
SYNID0200981716,2.0415794757793435,0.15955338615912323,0,Low
SYNID0200855331,2.040055076218117,0.15955865754055049,0,Low
SYNID0200899837,2.0213379189331064,0.15962338156553224,0,Low
SYNID0200030734,2.0200393528082685,0.15962787201378914,0,Low
SYNID0200176616,2.016843260886624,0.15963892411589153,0,Low
SYNID0200611492,2.008818834016296,0.15966667262477624,0,Low
SYNID0200201647,1.9860032780415722,0.15974556893324843,0,Low
SYNID0200776139,1.9811449420431302,0.1597623690838132,0,Low
SYNID0200640317,1.9775327719315214,0.15977485998641033,0,Low
SYNID0200883191,1.9731820628317607,0.15978990476058053,0,Low
SYNID0200533556,1.9668072976956523,0.1598119487308074,0,Low
SYNID0200118356,1.9637516865441782,0.15982251504969286,0,Low
SYNID0200107681,1.9614304423521531,0.15983054192390167,0,Low
SYNID0200141788,1.9517637292143775,0.15986396946704262,0,Low
SYNID0200082303,1.9500485785886283,0.15986990046662009,0,Low
SYNID0200737970,1.9486653689285518,0.15987468361265184,0,Low
SYNID0200961362,1.9437727142595662,0.15989160243735373,0,Low
SYNID0200162875,1.9404578582276386,0.15990306522635284,0,Low
SYNID0200526591,1.9377922521573723,0.1599122829056861,0,Low
SYNID0200975627,1.932333370253069,0.15993115974704436,0,Low
SYNID0200202999,1.9313673273994425,0.15993450032814005,0,Low
SYNID0200983193,1.9112501492455962,0.16000406563239888,0,Low
SYNID0200771672,1.9094774502050527,0.16001019563468705,0,Low
SYNID0200450638,1.8917200140320602,0.1600716009391877,0,Low
SYNID0200665584,1.8870452849591572,0.16008776617607118,0,Low
SYNID0200898100,1.878304410073305,0.1601179921658334,0,Low
SYNID0200173782,1.876662062855253,0.16012367141085715,0,Low
SYNID0200798593,1.8747803430722527,0.1601301784074266,0,Low
SYNID0200396999,1.8743473938239958,0.16013167554812663,0,Low
SYNID0200496198,1.862120951711411,0.16017395464706685,0,Low
SYNID0200235346,1.8416635613445465,0.1602446964068867,0,Low
SYNID0200348755,1.8336330164827146,0.1602724660718171,0,Low
SYNID0200270382,1.8335210062080378,0.160272853403916,0,Low
SYNID0200823629,1.8093487490120523,0.16035644119210385,0,Low
SYNID0200773047,1.8067634238700307,0.1603653812595794,0,Low
SYNID0200674537,1.8065770339464606,0.16036602579688203,0,Low
SYNID0200243311,1.800196962534649,0.16038808811623723,0,Low
SYNID0200763278,1.7608658488127702,0.16052409530730433,0,Low
SYNID0200684415,1.749061503016037,0.16056491479503993,0,Low
SYNID0200388608,1.7463185262531766,0.16057440002262124,0,Low
SYNID0200542076,1.7388343185022421,0.16060028045104657,0,Low
SYNID0200696505,1.703356812736473,0.16072296184622364,0,Low
SYNID0200605899,1.7006107960209746,0.16073245758597665,0,Low
SYNID0200254787,1.6544236513003838,0.16089217296706848,0,Low
SYNID0200485755,1.650023416626361,0.1609073890009261,0,Low
SYNID0200815004,1.6446250893492902,0.16092605644407576,0,Low
SYNID0200486474,1.6327072973474657,0.1609672682293649,0,Low
SYNID0200498826,1.6148293909982172,0.1610290901203471,0,Low
SYNID0200196611,1.593909447934088,0.16110143138974403,0,Low
SYNID0200593692,1.5864703001315945,0.1611271560006387,0,Low
SYNID0200448559,1.5832023393529369,0.16113845662561377,0,Low
SYNID0200734483,1.5724451358472606,0.16117565508998705,0,Low
SYNID0200241653,1.562930847904795,0.16120855554602825,0,Low
SYNID0200073448,1.5617283699170486,0.16121271372101892,0,Low
SYNID0200872378,1.5217005180379175,0.16135113023617348,0,Low
SYNID0200098740,1.506597147032629,0.16140335776984055,0,Low
SYNID0200533196,1.4640310994545445,0.16155055137861707,0,Low
SYNID0200349058,1.4632628434809263,0.16155320801167689,0,Low
SYNID0200919981,1.3811436432129653,0.16183717662339986,0,Low
SYNID0200938970,1.3672439084952046,0.16188524197666976,0,Low
SYNID0200262532,1.3598301911322608,0.1619108786489753,0,Low
SYNID0200631850,1.3486657398235096,0.16194948537832055,0,Low
SYNID0200636604,1.3136732992864566,0.16207048941547242,0,Low
SYNID0200271543,1.2839038061581007,0.1621734324739505,0,Low
SYNID0200277742,1.279150173935328,0.16218987055832707,0,Low
SYNID0200529228,1.1701864759541891,0.16256666757952237,0,Low
SYNID0200895639,1.1674244050270985,0.1625762188348206,0,Low
SYNID0200002106,1.1533405551660891,0.16262492085919122,0,Low
SYNID0200262025,1.1481106963169907,0.16264300573766105,0,Low
SYNID0200258723,0.9879166656193448,0.16319695750965935,0,Low
SYNID0200149032,0.947818105462126,0.16333561853439876,0,Low
SYNID0200960839,0.9341789075117646,0.16338278295020336,0,Low
SYNID0200184837,0.8524238500178782,0.16366549235436362,0,Low
SYNID0200851516,0.8344175904255593,0.1637277580915124,0,Low
SYNID0200054481,0.7362080748592135,0.16406736709528208,0,Low
SYNID0200281157,0.6913391944859058,0.16422252391156372,0,Low
SYNID0200209255,0.6179645611684421,0.16447625376634623,0,Low
SYNID0200027770,0.5028882448027048,0.16487418825296984,0,Low
SYNID0200974240,0.46750444961599413,0.16499654559648846,0,Low
SYNID0200473819,0.3435754249626797,0.1654250927933456,0,Low
SYNID0200925025,0.0,0.16661317835835876,0,Low
