customer_id,risk_score,predicted_label,risk_level
SYNID0200017800,1.0,1,Extremely High
SYNID0200837172,0.9564597655069127,1,Extremely High
SYNID0200567030,0.894478231776189,1,Extremely High
SYNID0200881262,0.8852147992087719,1,Extremely High
SYNID0200263267,0.8456441076414081,1,Extremely High
SYNID0200850567,0.8453893906902435,1,Extremely High
SYNID0200159270,0.8423903617730892,1,Extremely High
SYNID0200345105,0.8367512467967018,1,Extremely High
SYNID0200161910,0.8337218001837231,1,Extremely High
SYNID0200170423,0.8314331254939789,1,Extremely High
SYNID0200834607,0.8267779132465238,1,Extremely High
SYNID0200639063,0.8259173700461008,1,Extremely High
SYNID0200170062,0.8073608397957094,1,Extremely High
SYNID0200341758,0.8069113949976807,1,Extremely High
SYNID0200151421,0.8058813450549378,1,Extremely High
SYNID0200642224,0.8014471765432136,1,Extremely High
SYNID0200917657,0.7980058709511659,1,Extremely High
SYNID0200629332,0.7952542017624675,1,Extremely High
SYNID0200485667,0.7923463627650373,1,Extremely High
SYNID0200950196,0.7912321924508106,1,Extremely High
SYNID0200895231,0.7878883271587723,1,Extremely High
SYNID0200021203,0.784564420435572,1,Extremely High
SYNID0200268393,0.7799792703544761,1,Extremely High
SYNID0200763817,0.7794031617231398,1,Extremely High
SYNID0200333781,0.7779355193312882,1,Extremely High
SYNID0200388599,0.7762665923128362,1,Extremely High
SYNID0200242911,0.7754310624359448,1,Extremely High
SYNID0200791566,0.7561544166534342,1,Extremely High
SYNID0200354860,0.7554762607438791,1,Extremely High
SYNID0200528685,0.7475894828058175,1,Extremely High
SYNID0200935707,0.7470461365213057,1,Extremely High
SYNID0200890307,0.7462186912575997,1,Extremely High
SYNID0200931678,0.7455544884420724,1,Extremely High
SYNID0200332806,0.7435741148813886,1,Extremely High
SYNID0200873255,0.738154104946808,1,Extremely High
SYNID0200324957,0.7379344465429809,1,Extremely High
SYNID0200494373,0.737395265602107,1,Extremely High
SYNID0200908516,0.7354875434115424,1,Extremely High
SYNID0200045450,0.7330928094103673,1,Extremely High
SYNID0200999280,0.7297949343843073,1,Extremely High
SYNID0200381116,0.7279381646827687,1,Extremely High
SYNID0200483480,0.7278662693749194,1,Extremely High
SYNID0200640961,0.7265656771675625,1,Extremely High
SYNID0200850667,0.7234350400275631,1,Extremely High
SYNID0200855353,0.7221181346570207,1,Extremely High
SYNID0200301183,0.7179244132361815,1,Extremely High
SYNID0200117193,0.7176737705052106,1,Extremely High
SYNID0200760091,0.7149240214935308,1,Extremely High
SYNID0200885600,0.7146634475288464,1,Extremely High
SYNID0200071039,0.7139590329736801,1,Extremely High
SYNID0200384611,0.7113189689992236,1,Extremely High
SYNID0200868532,0.7102894893520204,1,Extremely High
SYNID0200287638,0.7083318934351378,1,Extremely High
SYNID0200111411,0.7077870084668405,1,Extremely High
SYNID0200538437,0.7018897310805147,1,Extremely High
SYNID0200407141,0.7018619188720737,1,Extremely High
SYNID0200262669,0.6990183454949969,1,Extremely High
SYNID0200588351,0.6947941610963542,1,Extremely High
SYNID0200550469,0.6941956593216709,1,Extremely High
SYNID0200483286,0.6916274995467735,1,Extremely High
SYNID0200492345,0.6901347930889273,1,Extremely High
SYNID0200761285,0.689960189841153,1,Extremely High
SYNID0200334412,0.6898766412447788,1,Extremely High
SYNID0200100125,0.6887728704285158,1,Extremely High
SYNID0200757363,0.6870665779853535,1,Extremely High
SYNID0200242699,0.685594478110295,1,Extremely High
SYNID0200394255,0.6851310625891671,1,Extremely High
SYNID0200131696,0.681239064820488,1,Extremely High
SYNID0200715481,0.6797502284047122,1,Extremely High
SYNID0200900513,0.6756850258116669,1,Extremely High
SYNID0200308227,0.6742229578099781,1,Extremely High
SYNID0200101124,0.6734110600391741,1,Extremely High
SYNID0200711988,0.6713154971942221,1,Extremely High
SYNID0200389404,0.671107060465254,1,Extremely High
SYNID0200821735,0.6707431125243866,1,Extremely High
SYNID0200068503,0.6704428513971897,1,Extremely High
SYNID0200483554,0.6699562370359191,1,Extremely High
SYNID0200265491,0.6694404121984436,1,High
SYNID0200981131,0.6687523807019932,1,High
SYNID0200039691,0.6676054879919926,1,High
SYNID0200950065,0.6662270635832648,1,High
SYNID0200254629,0.6658827281201127,1,High
SYNID0200460216,0.6657593470564891,1,High
SYNID0200107278,0.6643148431516317,1,High
SYNID0200681268,0.664167316546187,1,High
SYNID0200639789,0.6639004519900895,1,High
SYNID0200475297,0.6620528273989756,1,High
SYNID0200411562,0.6609341294622195,1,High
SYNID0200155033,0.6598799059625075,1,High
SYNID0200215003,0.6588594934037836,1,High
SYNID0200684443,0.6586276773650224,1,High
SYNID0200284936,0.658178371982124,1,High
SYNID0200870113,0.6576534559856528,1,High
SYNID0200428876,0.6553056157496963,1,High
SYNID0200537980,0.6550000955729349,1,High
SYNID0200855360,0.6516667353308874,1,High
SYNID0200911877,0.6508716277375992,1,High
SYNID0200924084,0.649858827206909,1,High
SYNID0200996396,0.6495014478788884,1,High
SYNID0200783353,0.6489279893510566,1,High
SYNID0200179697,0.646744552525869,1,High
SYNID0200107043,0.6458107590153934,1,High
SYNID0200230347,0.6412426438192307,1,High
SYNID0200042170,0.6404401252104142,1,High
SYNID0200136950,0.6379951456458224,1,High
SYNID0200231662,0.6355538895479311,1,High
SYNID0200527355,0.6353061908461238,1,High
SYNID0200190245,0.6351983020001652,1,High
SYNID0200147159,0.6348070984698083,1,High
SYNID0200568454,0.6347995192982034,1,High
SYNID0200170965,0.6339619566333945,1,High
SYNID0200527005,0.6320311504836282,1,High
SYNID0200732266,0.6303386620484794,1,High
SYNID0200243065,0.6252914673461158,1,High
SYNID0200679142,0.6248616877840159,1,High
SYNID0200165094,0.6234930004016831,1,High
SYNID0200811757,0.6199716950304217,1,High
SYNID0200247421,0.6194740854541745,1,High
SYNID0200685212,0.6180048374742089,1,High
SYNID0200212894,0.6171251871520718,1,High
SYNID0200222345,0.6168299633928985,1,High
SYNID0200452326,0.6153332350526501,1,High
SYNID0200714161,0.6148417649836249,1,High
SYNID0200820259,0.6146725566785411,1,High
SYNID0200729226,0.6125626390322494,1,High
SYNID0200892033,0.6107343379272017,1,High
SYNID0200701251,0.6062667680913201,1,High
SYNID0200973701,0.6052538389358535,1,High
SYNID0200748686,0.6046637995192723,1,High
SYNID0200272812,0.6028434082149404,1,High
SYNID0200521470,0.6024111615682385,1,High
SYNID0200437114,0.6023051909179463,1,High
SYNID0200485273,0.6017634717289205,1,High
SYNID0200300572,0.6012986297601843,1,High
SYNID0200273126,0.6003524341546468,1,High
SYNID0200253495,0.6002880177984358,1,High
SYNID0200010851,0.5957865081420023,1,High
SYNID0200587688,0.5957023420257296,1,High
SYNID0200938791,0.5953572955458468,1,High
SYNID0200247533,0.5948126684720454,1,High
SYNID0200059389,0.5943137798519859,1,High
SYNID0200090417,0.5941133956101255,1,High
SYNID0200822535,0.59319681131537,1,High
SYNID0200763026,0.5928043118873327,1,High
SYNID0200779733,0.5926345451675844,1,High
SYNID0200111054,0.5925228750743021,1,High
SYNID0200103927,0.5922704385679528,1,High
SYNID0200554364,0.5921762533820011,1,High
SYNID0200201022,0.5917459903970109,1,High
SYNID0200618327,0.5913677730560079,1,High
SYNID0200839991,0.5900271894120276,1,High
SYNID0200605005,0.5872851239418669,1,High
SYNID0200732443,0.5871762252465149,1,High
SYNID0200020394,0.5863575122132079,1,High
SYNID0200547051,0.58628024632778,1,High
SYNID0200315339,0.585563926866933,1,High
SYNID0200066012,0.5842633078557034,1,High
SYNID0200892808,0.5838480284264295,1,High
SYNID0200061993,0.5834565148320622,1,High
SYNID0200914548,0.5831147564079051,1,High
SYNID0200600012,0.5829233885335412,1,High
SYNID0200538935,0.5823830298540077,1,High
SYNID0200855201,0.5821230609418439,1,High
SYNID0200241993,0.5806821242179745,1,High
SYNID0200192167,0.5805657803086586,1,High
SYNID0200790891,0.5803467106955842,1,High
SYNID0200568529,0.5800018233397494,1,High
SYNID0200227795,0.5793867437980382,1,High
SYNID0200448137,0.577692346675402,1,High
SYNID0200032918,0.5772653760997736,1,High
SYNID0200580723,0.5761064795855719,1,High
SYNID0200589412,0.5750379880991099,1,High
SYNID0200772511,0.5750366054090689,1,High
SYNID0200010049,0.5720908966147381,1,High
SYNID0200594442,0.5714791076751995,1,High
SYNID0200806649,0.5709582148741982,1,High
SYNID0200112517,0.5692502492122895,1,High
SYNID0200393902,0.5691004735346763,1,High
SYNID0200196852,0.5690706432568126,1,High
SYNID0200882624,0.5678304001216308,1,High
SYNID0200195508,0.5677292799611474,1,High
SYNID0200845936,0.5673438269153163,1,High
SYNID0200039372,0.5666478410596933,1,High
SYNID0200830072,0.5658102554281441,1,High
SYNID0200071595,0.5649763857051024,1,High
SYNID0200514054,0.5644262534315392,1,High
SYNID0200657278,0.5636891435446416,1,High
SYNID0200096821,0.563293049283015,1,High
SYNID0200369317,0.5632312085100852,1,High
SYNID0200519616,0.5631541224487209,1,High
SYNID0200846439,0.5631034033681606,1,High
SYNID0200639308,0.5630949137076963,1,High
SYNID0200393622,0.5630352492020507,1,High
SYNID0200959165,0.5624586711148031,1,High
SYNID0200377301,0.5623418932424734,1,High
SYNID0200265288,0.5601279622513938,1,High
SYNID0200958274,0.5595889124727994,1,High
SYNID0200541246,0.5591276941902007,1,High
SYNID0200799051,0.558568254782724,1,High
SYNID0200686447,0.5565747043875698,1,High
SYNID0200037052,0.5563438701327619,1,High
SYNID0200074039,0.5549672374838973,1,High
SYNID0200214565,0.5547648690166159,1,High
SYNID0200428241,0.5536208039248692,1,High
SYNID0200512587,0.5536122543627695,1,High
SYNID0200158187,0.553541691431017,1,High
SYNID0200305244,0.5527885836875054,1,High
SYNID0200013494,0.5482835805892707,1,High
SYNID0200553030,0.5479576959611467,1,High
SYNID0200355837,0.5474022639070313,1,High
SYNID0200854171,0.546934906003408,1,High
SYNID0200462777,0.5455575483521551,1,High
SYNID0200348080,0.5454000605987626,1,High
SYNID0200241170,0.544797397617555,1,High
SYNID0200500497,0.5447088400580379,1,High
SYNID0200936754,0.5443968721389105,1,High
SYNID0200846351,0.5441004982109875,1,High
SYNID0200501057,0.5433710641839089,1,High
SYNID0200198456,0.5427680840049303,1,High
SYNID0200196128,0.5427158563664944,1,High
SYNID0200165073,0.5425812497854039,1,High
SYNID0200358668,0.5423122029015628,1,High
SYNID0200468718,0.5421321837016605,1,High
SYNID0200565382,0.5421244854513263,1,High
SYNID0200500413,0.5417013538270415,1,High
SYNID0200912003,0.5415955129142337,1,High
SYNID0200853842,0.5408518383265103,1,High
SYNID0200235838,0.539450074825769,1,High
SYNID0200366064,0.5389606468090187,1,High
SYNID0200031915,0.5384147051071034,1,High
SYNID0200984334,0.5378689142168228,1,High
SYNID0200134717,0.5369876408510188,1,High
SYNID0200124734,0.5367772559245467,1,High
SYNID0200517258,0.536657805334684,1,High
SYNID0200599266,0.5360927542985887,1,High
SYNID0200369267,0.5352747194279092,1,High
SYNID0200357332,0.535154255282699,1,High
SYNID0200389886,0.5348283846495259,1,High
SYNID0200995158,0.5347045869800973,1,High
SYNID0200306611,0.5340246089381574,1,High
SYNID0200392173,0.5334110887460821,1,High
SYNID0200486365,0.5333491955101438,1,High
SYNID0200899591,0.5301799534764108,1,High
SYNID0200348600,0.5288052717383042,1,High
SYNID0200522752,0.5285407298718742,1,High
SYNID0200285137,0.5283866924307037,1,High
SYNID0200747220,0.5283457790800888,1,High
SYNID0200413382,0.5278665731571588,1,High
SYNID0200408239,0.5277409807893667,1,High
SYNID0200777374,0.5275208194636745,1,High
SYNID0200350538,0.527512364499302,1,High
SYNID0200448709,0.5266721339877675,1,High
SYNID0200324720,0.52660529128034,1,High
SYNID0200938585,0.5265948629616102,1,High
SYNID0200174977,0.5265741848232148,1,High
SYNID0200577263,0.5264688572281697,1,High
SYNID0200513227,0.5264416312151069,1,High
SYNID0200140376,0.5252186442281684,1,High
SYNID0200309685,0.5250472623769614,1,High
SYNID0200097286,0.5249715899204417,1,High
SYNID0200016399,0.5249709740456792,1,High
SYNID0200956622,0.5240709258587453,1,High
SYNID0200091560,0.523871666254746,1,High
SYNID0200783337,0.5237833481521819,1,High
SYNID0200427450,0.5231556163884821,1,High
SYNID0200643253,0.5227620542452266,1,High
SYNID0200443214,0.522223407893758,1,High
SYNID0200320573,0.5220205006753647,1,High
SYNID0200400521,0.5214902990953516,1,High
SYNID0200795823,0.5209529925076949,1,High
SYNID0200011816,0.5209052640092473,1,High
SYNID0200536655,0.5205198097106813,1,High
SYNID0200805479,0.5192857973891276,1,High
SYNID0200492497,0.5187243649229986,1,High
SYNID0200326842,0.5183709792075385,1,High
SYNID0200962987,0.5182281672812263,1,High
SYNID0200211336,0.5172597615005085,1,High
SYNID0200524333,0.5170877805792962,1,High
SYNID0200740837,0.5169153436688202,1,High
SYNID0200057054,0.5167629550386009,1,High
SYNID0200692893,0.5167287729513083,1,High
SYNID0200621069,0.5163046745803358,1,High
SYNID0200197523,0.51584182335469,1,High
SYNID0200534082,0.5148672565048954,1,High
SYNID0200461292,0.5146672382404122,1,High
SYNID0200363213,0.5131315737213696,1,High
SYNID0200609331,0.5124109748179146,1,High
SYNID0200903625,0.5118581992835186,1,High
SYNID0200782103,0.5116056275961106,1,High
SYNID0200673243,0.5107235802534333,1,High
SYNID0200032850,0.5107156801686509,1,High
SYNID0200522789,0.5105312830888505,1,High
SYNID0200587740,0.5100046181649043,1,High
SYNID0200722519,0.5093521891766882,1,High
SYNID0200075455,0.5092194598490571,1,High
SYNID0200822486,0.5085887371446484,1,High
SYNID0200924256,0.5085709395761018,1,High
SYNID0200117473,0.5078711369343447,1,High
SYNID0200665105,0.50676154744964,1,High
SYNID0200221187,0.5064656489212113,1,High
SYNID0200262883,0.5063746544420642,1,High
SYNID0200066917,0.5048866027118667,1,High
SYNID0200440039,0.5046043470500208,1,High
SYNID0200607459,0.5043460757902507,1,High
SYNID0200843827,0.5043428553290883,1,High
SYNID0200058501,0.5041982129453187,1,High
SYNID0200666780,0.50381635380068,1,High
SYNID0200364216,0.503743087697116,1,High
SYNID0200280671,0.5037167611893476,1,High
SYNID0200387029,0.5029391414242069,1,High
SYNID0200969737,0.5028725372220911,1,High
SYNID0200556348,0.5025476765009191,1,High
SYNID0200254778,0.5021169949598541,1,High
SYNID0200187710,0.5020562002350359,1,High
SYNID0200127739,0.5016552458603868,1,High
SYNID0200637026,0.5011535116568469,1,High
SYNID0200015370,0.5010340972077081,1,High
SYNID0200892597,0.5007846188196386,1,High
SYNID0200270131,0.5001768742155623,1,High
SYNID0200256080,0.4998801763984532,1,High
SYNID0200143449,0.4997969837534765,1,High
SYNID0200961090,0.4987400597078364,1,High
SYNID0200336596,0.49792872365695995,1,High
SYNID0200548484,0.49733708452535297,1,High
SYNID0200172828,0.49725395554782087,1,High
SYNID0200332292,0.49670504557526834,1,High
SYNID0200538292,0.4964349876295859,1,High
SYNID0200169273,0.49582654538975524,1,High
SYNID0200722026,0.4956156610474564,1,High
SYNID0200955771,0.4955532230681445,1,High
SYNID0200194113,0.4954505124378902,1,High
SYNID0200413797,0.49544978343933177,1,High
SYNID0200324717,0.49524456252094,1,High
SYNID0200364961,0.4951434040689708,1,High
SYNID0200621856,0.49512037558951594,1,High
SYNID0200755995,0.4947745920374336,1,High
SYNID0200581632,0.4942409379132802,1,High
SYNID0200340861,0.49412390830134234,1,High
SYNID0200167774,0.4939728829641885,1,High
SYNID0200970806,0.4939290541566434,1,High
SYNID0200141658,0.4935954170376169,1,High
SYNID0200381536,0.49356633811894507,1,High
SYNID0200823225,0.49353221823372395,1,High
SYNID0200173673,0.49348862926850723,1,High
SYNID0200541889,0.49320071326352716,1,High
SYNID0200873981,0.4927720656099781,1,High
SYNID0200899960,0.4927206129007055,1,High
SYNID0200376876,0.4926574122319806,1,High
SYNID0200941184,0.4925447402682165,1,High
SYNID0200225852,0.4925231205632405,1,High
SYNID0200445263,0.4923915973219915,1,High
SYNID0200161726,0.4921720483344908,1,High
SYNID0200711842,0.4916760843051889,1,High
SYNID0200905783,0.49164472584019003,1,High
SYNID0200381775,0.4912767712441139,1,High
SYNID0200567830,0.4909572719832639,1,High
SYNID0200236225,0.49079261407883196,1,High
SYNID0200591963,0.4907837705484175,1,High
SYNID0200695990,0.4907402999840924,1,High
SYNID0200493143,0.490006654687056,1,High
SYNID0200543533,0.4897499371089389,1,High
SYNID0200613948,0.4895742684915245,1,High
SYNID0200284137,0.48922722382765815,1,High
SYNID0200577864,0.48918647632718615,1,High
SYNID0200965810,0.48870830789348463,1,High
SYNID0200959519,0.4885176833700085,1,High
SYNID0200552733,0.4870619941180552,1,High
SYNID0200308172,0.48703957525530434,1,High
SYNID0200349306,0.48670131661157645,1,High
SYNID0200605673,0.4866959393771582,1,High
SYNID0200098526,0.48575591729351425,1,High
SYNID0200374359,0.48547816041714825,1,High
SYNID0200969050,0.48544160540636605,1,High
SYNID0200795158,0.48432317805005337,1,High
SYNID0200259434,0.48400719325433217,1,High
SYNID0200943586,0.48395119567946854,1,High
SYNID0200011910,0.48364784634085445,1,High
SYNID0200816343,0.4836253163890315,1,High
SYNID0200373202,0.48357185208198283,1,High
SYNID0200605744,0.4829851183362625,1,High
SYNID0200723677,0.4827759062309813,1,High
SYNID0200789296,0.4819680409762358,1,High
SYNID0200011095,0.4818187784162007,0,High
SYNID0200721166,0.4813770571528169,0,Medium
SYNID0200161482,0.48102104346098956,0,Medium
SYNID0200000984,0.48074879242449103,0,Medium
SYNID0200464614,0.4805781291842592,0,Medium
SYNID0200815567,0.4801677457682879,0,Medium
SYNID0200758335,0.4794523834605232,0,Medium
SYNID0200096768,0.4787042620900771,0,Medium
SYNID0200990058,0.4786115824801833,0,Medium
SYNID0200580801,0.47850224780138956,0,Medium
SYNID0200435107,0.47846845417124084,0,Medium
SYNID0200757155,0.47810438387456844,0,Medium
SYNID0200726612,0.47801037416526104,0,Medium
SYNID0200263627,0.4776863141668102,0,Medium
SYNID0200210876,0.4776532229696831,0,Medium
SYNID0200417241,0.4768945887248522,0,Medium
SYNID0200423958,0.47686055193816707,0,Medium
SYNID0200744303,0.4760188809791198,0,Medium
SYNID0200890882,0.47583343777120257,0,Medium
SYNID0200323475,0.4751758546487568,0,Medium
SYNID0200447063,0.47486299499546797,0,Medium
SYNID0200712128,0.47475691510153023,0,Medium
SYNID0200345586,0.47445133151169944,0,Medium
SYNID0200571982,0.4741415533699304,0,Medium
SYNID0200717612,0.47401647521333873,0,Medium
SYNID0200453472,0.4734387316683008,0,Medium
SYNID0200074201,0.47298654862963285,0,Medium
SYNID0200179532,0.4729153388511572,0,Medium
SYNID0200173025,0.4726805230352811,0,Medium
SYNID0200756068,0.4723376202982787,0,Medium
SYNID0200299581,0.4723005288794869,0,Medium
SYNID0200026248,0.47178299671012486,0,Medium
SYNID0200844027,0.4711662471693922,0,Medium
SYNID0200034603,0.4709731559730635,0,Medium
SYNID0200192127,0.4702796095340879,0,Medium
SYNID0200759426,0.4702238823324525,0,Medium
SYNID0200015063,0.46975118032156365,0,Medium
SYNID0200374751,0.4697018303213114,0,Medium
SYNID0200685390,0.46932048269284155,0,Medium
SYNID0200699141,0.46875544775573114,0,Medium
SYNID0200382101,0.46866573186198085,0,Medium
SYNID0200122511,0.46865754108893515,0,Medium
SYNID0200373751,0.46848653425232273,0,Medium
SYNID0200772368,0.46796992777318147,0,Medium
SYNID0200622869,0.4674566896125223,0,Medium
SYNID0200568279,0.46691498600584636,0,Medium
SYNID0200374886,0.46683940447498457,0,Medium
SYNID0200985313,0.4664451649500091,0,Medium
SYNID0200784332,0.46642713747628944,0,Medium
SYNID0200248577,0.4662908383641292,0,Medium
SYNID0200075142,0.4661711762424276,0,Medium
SYNID0200129185,0.46556955580022874,0,Medium
SYNID0200739490,0.4649977253661767,0,Medium
SYNID0200645642,0.464409568357815,0,Medium
SYNID0200106833,0.464134284162074,0,Medium
SYNID0200922167,0.4635906655372525,0,Medium
SYNID0200160041,0.4635838356432862,0,Medium
SYNID0200005624,0.46321388503458194,0,Medium
SYNID0200332660,0.46265909063215627,0,Medium
SYNID0200433479,0.46232649820077487,0,Medium
SYNID0200196792,0.46205160701349096,0,Medium
SYNID0200904928,0.46137899032449864,0,Medium
SYNID0200559935,0.46107288989038603,0,Medium
SYNID0200318536,0.46086923509500005,0,Medium
SYNID0200902096,0.4607948606109799,0,Medium
SYNID0200697253,0.46079192351269,0,Medium
SYNID0200235329,0.46053034052020725,0,Medium
SYNID0200341631,0.46014257597113795,0,Medium
SYNID0200646579,0.4598490611186882,0,Medium
SYNID0200607223,0.45957649166294234,0,Medium
SYNID0200593915,0.4592883027690628,0,Medium
SYNID0200234697,0.4589084354173554,0,Medium
SYNID0200101131,0.45840878642379,0,Medium
SYNID0200814749,0.4578040317729127,0,Medium
SYNID0200674036,0.45717369753365794,0,Medium
SYNID0200461935,0.45692209222028074,0,Medium
SYNID0200765119,0.456898939698385,0,Medium
SYNID0200924135,0.45652849366685777,0,Medium
SYNID0200967033,0.45638714278032755,0,Medium
SYNID0200684409,0.45613611722108244,0,Medium
SYNID0200099957,0.45597237849740563,0,Medium
SYNID0200497954,0.45518086746382946,0,Medium
SYNID0200288623,0.45504025848636986,0,Medium
SYNID0200671571,0.4549088388635145,0,Medium
SYNID0200372400,0.454784366627939,0,Medium
SYNID0200679826,0.45445551165456005,0,Medium
SYNID0200808796,0.4542789022283714,0,Medium
SYNID0200135373,0.4542209595845056,0,Medium
SYNID0200060921,0.4541602736506626,0,Medium
SYNID0200952615,0.4538172308561419,0,Medium
SYNID0200772161,0.45359355243620425,0,Medium
SYNID0200810061,0.4531210214771518,0,Medium
SYNID0200450170,0.45279425943485824,0,Medium
SYNID0200809536,0.4527502332481428,0,Medium
SYNID0200093697,0.4518778781438187,0,Medium
SYNID0200285283,0.4515348915326982,0,Medium
SYNID0200879436,0.4514783206131336,0,Medium
SYNID0200336410,0.451303228139367,0,Medium
SYNID0200983508,0.4510818940461717,0,Medium
SYNID0200437545,0.4510763384593837,0,Medium
SYNID0200660690,0.45104963112647484,0,Medium
SYNID0200763956,0.45095734262144926,0,Medium
SYNID0200578810,0.45012171638171333,0,Medium
SYNID0200761667,0.44953665967398637,0,Medium
SYNID0200363017,0.449268631941775,0,Medium
SYNID0200081863,0.44906995983325904,0,Medium
SYNID0200875008,0.44873238666494136,0,Medium
SYNID0200400920,0.4487126493627124,0,Medium
SYNID0200136902,0.4483086408005996,0,Medium
SYNID0200256082,0.44805732238557183,0,Medium
SYNID0200571163,0.44794660692975574,0,Medium
SYNID0200038667,0.44770758423113843,0,Medium
SYNID0200911238,0.4473369215955156,0,Medium
SYNID0200828615,0.4473074880135824,0,Medium
SYNID0200866690,0.44685355394776766,0,Medium
SYNID0200691967,0.4467238477443034,0,Medium
SYNID0200941559,0.445969549952374,0,Medium
SYNID0200709089,0.44572927520101024,0,Medium
SYNID0200882174,0.4455047421358804,0,Medium
SYNID0200824364,0.4452997256279746,0,Medium
SYNID0200544138,0.445192288979269,0,Medium
SYNID0200828664,0.4447967789282378,0,Medium
SYNID0200013887,0.44428866118440713,0,Medium
SYNID0200216383,0.4438256710456892,0,Medium
SYNID0200640438,0.4437642452090265,0,Medium
SYNID0200559726,0.4436892357068353,0,Medium
SYNID0200961266,0.4433953305992923,0,Medium
SYNID0200125599,0.4432378412303286,0,Medium
SYNID0200580152,0.44323574034254043,0,Medium
SYNID0200360369,0.44195195628900547,0,Medium
SYNID0200711304,0.4416787727092234,0,Medium
SYNID0200805924,0.4408893540140487,0,Medium
SYNID0200595145,0.44046041610796494,0,Medium
SYNID0200221854,0.4403026616461507,0,Medium
SYNID0200171580,0.44005148308019765,0,Medium
SYNID0200674922,0.43991840576507746,0,Medium
SYNID0200488915,0.43984815581475295,0,Medium
SYNID0200225121,0.4397940845897608,0,Medium
SYNID0200590207,0.43942804710326067,0,Medium
SYNID0200106531,0.43942751615964504,0,Medium
SYNID0200282117,0.43939835340542693,0,Medium
SYNID0200834210,0.4389707947390923,0,Medium
SYNID0200007635,0.4388710501305383,0,Medium
SYNID0200683183,0.43860849039712385,0,Medium
SYNID0200633380,0.43795676030662706,0,Medium
SYNID0200136965,0.4376269268872703,0,Medium
SYNID0200025229,0.43730729031680293,0,Medium
SYNID0200327459,0.43729877553090185,0,Medium
SYNID0200588379,0.4370886293897741,0,Medium
SYNID0200658199,0.43684055990367054,0,Medium
SYNID0200366068,0.43680698445355853,0,Medium
SYNID0200427464,0.4367757114511438,0,Medium
SYNID0200654396,0.436588832178123,0,Medium
SYNID0200408886,0.4362961898157022,0,Medium
SYNID0200541130,0.43622443906182506,0,Medium
SYNID0200760037,0.4362177416277061,0,Medium
SYNID0200351174,0.43601584138771055,0,Medium
SYNID0200673561,0.43589468209067156,0,Medium
SYNID0200596480,0.4347975373297706,0,Medium
SYNID0200289147,0.43425454359180704,0,Medium
SYNID0200311107,0.4340371200830625,0,Medium
SYNID0200005059,0.43331569868619557,0,Medium
SYNID0200979012,0.43211822647826814,0,Medium
SYNID0200639895,0.43178174431910676,0,Medium
SYNID0200347315,0.43125938169996825,0,Medium
SYNID0200847447,0.4312039770135083,0,Medium
SYNID0200752418,0.43090760093187186,0,Medium
SYNID0200706795,0.4304693580563508,0,Medium
SYNID0200974843,0.4299581610901095,0,Medium
SYNID0200522327,0.4296009098414661,0,Medium
SYNID0200280209,0.42958864590004475,0,Medium
SYNID0200158439,0.4295174191579287,0,Medium
SYNID0200344061,0.4294774115357934,0,Medium
SYNID0200706232,0.4290329045737492,0,Medium
SYNID0200569982,0.42767332801537183,0,Medium
SYNID0200624915,0.4275832649055913,0,Medium
SYNID0200367556,0.42749942701942,0,Medium
SYNID0200680278,0.4270690190772236,0,Medium
SYNID0200276752,0.4268694807720576,0,Medium
SYNID0200638313,0.426595858397874,0,Medium
SYNID0200291058,0.4264258426266455,0,Medium
SYNID0200474662,0.4264164109452814,0,Medium
SYNID0200366143,0.4258809817376318,0,Medium
SYNID0200758795,0.42569365744937065,0,Medium
SYNID0200168049,0.42566425823549986,0,Medium
SYNID0200015031,0.425141394087751,0,Medium
SYNID0200070290,0.424965807605744,0,Medium
SYNID0200531195,0.4248515024015162,0,Medium
SYNID0200318757,0.42467182556903826,0,Medium
SYNID0200264413,0.42445744390109974,0,Medium
SYNID0200514289,0.4243191182731465,0,Medium
SYNID0200361721,0.4239991110762252,0,Medium
SYNID0200044952,0.4238094869605113,0,Medium
SYNID0200404786,0.42378829188984585,0,Medium
SYNID0200283209,0.4235704537696602,0,Medium
SYNID0200840340,0.42352350709423675,0,Medium
SYNID0200885757,0.4232878783489355,0,Medium
SYNID0200655906,0.42322796344116254,0,Medium
SYNID0200847741,0.4228026694296157,0,Medium
SYNID0200992128,0.4226131703972778,0,Medium
SYNID0200490880,0.4222753664265839,0,Medium
SYNID0200207715,0.4217286784047559,0,Medium
SYNID0200653844,0.42164920793228583,0,Medium
SYNID0200980982,0.4216334364958782,0,Medium
SYNID0200165880,0.4210902948611728,0,Medium
SYNID0200688693,0.42070668253267907,0,Medium
SYNID0200914846,0.4206970471332908,0,Medium
SYNID0200761591,0.4203228821793844,0,Medium
SYNID0200545803,0.4201682319572009,0,Medium
SYNID0200442138,0.4194320739593308,0,Medium
SYNID0200241893,0.4193672438457086,0,Medium
SYNID0200284309,0.4190882505632496,0,Medium
SYNID0200697243,0.41868283765222564,0,Medium
SYNID0200330706,0.41858663735533247,0,Medium
SYNID0200965510,0.4181690144641782,0,Medium
SYNID0200360990,0.41806308936534275,0,Medium
SYNID0200925304,0.4179587399171475,0,Medium
SYNID0200056480,0.4168723541011513,0,Medium
SYNID0200973678,0.41682701343475037,0,Medium
SYNID0200876167,0.4167857907957918,0,Medium
SYNID0200959825,0.41666195043694015,0,Medium
SYNID0200408455,0.41650434034938294,0,Medium
SYNID0200042002,0.4164882067730027,0,Medium
SYNID0200473572,0.41644802857468144,0,Medium
SYNID0200760873,0.4162377763178604,0,Medium
SYNID0200772777,0.41584352335264313,0,Medium
SYNID0200765156,0.41560829439566466,0,Medium
SYNID0200500802,0.4155914087952756,0,Medium
SYNID0200782660,0.41557985503726586,0,Medium
SYNID0200903985,0.4154796997891415,0,Medium
SYNID0200033825,0.4153871736327717,0,Medium
SYNID0200711352,0.4149311420309121,0,Medium
SYNID0200627784,0.41491583495904766,0,Medium
SYNID0200788544,0.4148059301777536,0,Medium
SYNID0200900408,0.4146845036084984,0,Medium
SYNID0200854170,0.41466331210961566,0,Medium
SYNID0200326748,0.41461950097247213,0,Medium
SYNID0200866972,0.4144352004365679,0,Medium
SYNID0200843218,0.41439074725360225,0,Medium
SYNID0200141933,0.414268633053792,0,Medium
SYNID0200082953,0.4139911916825316,0,Medium
SYNID0200941492,0.4138484802797605,0,Medium
SYNID0200248965,0.41371512247833037,0,Medium
SYNID0200637071,0.41357885156411234,0,Medium
SYNID0200957659,0.41357500173031947,0,Medium
SYNID0200334610,0.4134146620843729,0,Medium
SYNID0200570129,0.41331712526470654,0,Medium
SYNID0200646041,0.4132755743933021,0,Medium
SYNID0200094495,0.41287208377162765,0,Medium
SYNID0200701398,0.41264683541048675,0,Medium
SYNID0200939367,0.4126065646089761,0,Medium
SYNID0200126658,0.41259891876631244,0,Medium
SYNID0200455348,0.4120034921747435,0,Medium
SYNID0200430731,0.41198665900393056,0,Medium
SYNID0200015834,0.4118014688818571,0,Medium
SYNID0200919410,0.41123633011747684,0,Medium
SYNID0200448205,0.41078879170870763,0,Medium
SYNID0200418349,0.41075793111540215,0,Medium
SYNID0200382700,0.4105945808468258,0,Medium
SYNID0200135607,0.4105305678401101,0,Medium
SYNID0200328575,0.41026817812719185,0,Medium
SYNID0200293964,0.409993627055024,0,Medium
SYNID0200861773,0.4094368419194405,0,Medium
SYNID0200539259,0.4089230472509342,0,Medium
SYNID0200469521,0.4089151045343372,0,Medium
SYNID0200640876,0.4088210830828373,0,Medium
SYNID0200818631,0.40879829682546687,0,Medium
SYNID0200994455,0.40808798376244704,0,Medium
SYNID0200416061,0.40791274642762004,0,Medium
SYNID0200500850,0.40738015732726207,0,Medium
SYNID0200545974,0.4073366593641984,0,Medium
SYNID0200005642,0.4066576609622563,0,Medium
SYNID0200379176,0.4063967293255907,0,Medium
SYNID0200505306,0.4063721682999353,0,Medium
SYNID0200429474,0.4062871112023028,0,Medium
SYNID0200893492,0.4061686422219145,0,Medium
SYNID0200312958,0.4058699360799266,0,Medium
SYNID0200117208,0.40586029119090833,0,Medium
SYNID0200030015,0.40577397750174304,0,Medium
SYNID0200402616,0.40576845488122293,0,Medium
SYNID0200299302,0.40575704008077534,0,Medium
SYNID0200384891,0.4052828909272223,0,Medium
SYNID0200152795,0.4041003699288772,0,Medium
SYNID0200607450,0.40401121020936237,0,Medium
SYNID0200114328,0.4037878329638428,0,Medium
SYNID0200917732,0.403769199006779,0,Medium
SYNID0200719252,0.40330486018537,0,Medium
SYNID0200797143,0.4031756128980357,0,Medium
SYNID0200600469,0.403026625371488,0,Medium
SYNID0200942069,0.4030239891647938,0,Medium
SYNID0200177964,0.4029030141666213,0,Medium
SYNID0200348232,0.40229606441097,0,Medium
SYNID0200405588,0.40225319831038786,0,Medium
SYNID0200796679,0.4017434172679503,0,Medium
SYNID0200062147,0.4015905947958504,0,Medium
SYNID0200354978,0.40151791431053796,0,Medium
SYNID0200395764,0.40090423315295265,0,Medium
SYNID0200535771,0.40032933121379594,0,Medium
SYNID0200020119,0.400019414326249,0,Medium
SYNID0200096084,0.39981460563591487,0,Medium
SYNID0200828245,0.39950993072683005,0,Medium
SYNID0200188438,0.39930632428814583,0,Medium
SYNID0200243992,0.3991543959422925,0,Medium
SYNID0200885870,0.3991433149938507,0,Medium
SYNID0200152600,0.39909689909013935,0,Medium
SYNID0200538473,0.3990828645843165,0,Medium
SYNID0200860200,0.3990123886930242,0,Medium
SYNID0200032718,0.398977548713901,0,Medium
SYNID0200240685,0.39749594634112484,0,Medium
SYNID0200898798,0.3974916013183854,0,Medium
SYNID0200087737,0.3974883286266342,0,Medium
SYNID0200732919,0.39746400457513,0,Medium
SYNID0200650278,0.39736365554595565,0,Medium
SYNID0200959789,0.3972482270443818,0,Medium
SYNID0200017376,0.39691766658346217,0,Medium
SYNID0200239996,0.3968128452721102,0,Medium
SYNID0200285746,0.3964491217756565,0,Medium
SYNID0200909581,0.3963787925763461,0,Medium
SYNID0200714233,0.39616249770712303,0,Medium
SYNID0200866904,0.3960393568809416,0,Medium
SYNID0200255840,0.3959487735082826,0,Medium
SYNID0200196476,0.3957297293323332,0,Medium
SYNID0200703039,0.3955409276387176,0,Medium
SYNID0200973010,0.3953904947011768,0,Medium
SYNID0200807521,0.39498805322837593,0,Medium
SYNID0200535427,0.39489591930566675,0,Medium
SYNID0200660991,0.3948657486960147,0,Medium
SYNID0200593154,0.39481267974465145,0,Medium
SYNID0200230798,0.39477098611332856,0,Medium
SYNID0200792249,0.39473034868182977,0,Medium
SYNID0200911780,0.3946117764386413,0,Medium
SYNID0200288219,0.3944795522836451,0,Medium
SYNID0200206740,0.3941720855223742,0,Medium
SYNID0200941616,0.39395500438651226,0,Medium
SYNID0200266381,0.3938139975480075,0,Medium
SYNID0200413912,0.39371956127527136,0,Medium
SYNID0200663751,0.3935713924612731,0,Medium
SYNID0200959373,0.3935280083945732,0,Medium
SYNID0200787156,0.3934194245344935,0,Medium
SYNID0200859953,0.3932616159180659,0,Medium
SYNID0200083234,0.3932548383908231,0,Medium
SYNID0200170910,0.3931907747429767,0,Medium
SYNID0200133432,0.39308045191666463,0,Medium
SYNID0200435495,0.3930183384127026,0,Medium
SYNID0200578310,0.39253456898932404,0,Medium
SYNID0200663820,0.3923403562049422,0,Medium
SYNID0200286501,0.3920080788090101,0,Medium
SYNID0200655292,0.391640623203439,0,Medium
SYNID0200210630,0.39157207668305183,0,Medium
SYNID0200633562,0.39147106992465497,0,Medium
SYNID0200162096,0.39144269738588794,0,Medium
SYNID0200560801,0.3913294250586399,0,Medium
SYNID0200540481,0.39100220588338575,0,Medium
SYNID0200186089,0.39081258975340233,0,Medium
SYNID0200805578,0.3903763616176492,0,Medium
SYNID0200263556,0.39034270733753895,0,Medium
SYNID0200305302,0.3903339124999994,0,Medium
SYNID0200598140,0.39007165917269015,0,Medium
SYNID0200241595,0.38974017356602764,0,Medium
SYNID0200936127,0.3896448405343159,0,Medium
SYNID0200899840,0.38962555085185946,0,Medium
SYNID0200936418,0.3895436984409892,0,Medium
SYNID0200355722,0.3894148608699161,0,Medium
SYNID0200862044,0.3892715826517956,0,Medium
SYNID0200510582,0.3891243184179982,0,Medium
SYNID0200283754,0.3889836037092987,0,Medium
SYNID0200691555,0.38803668340740566,0,Medium
SYNID0200180264,0.387542531802494,0,Medium
SYNID0200908109,0.38747989767971525,0,Medium
SYNID0200590688,0.3874571717378852,0,Medium
SYNID0200273118,0.3869558719125732,0,Medium
SYNID0200319161,0.3867694435400463,0,Medium
SYNID0200028784,0.3864069679430491,0,Medium
SYNID0200349211,0.38617472334360886,0,Medium
SYNID0200404279,0.38612451629336253,0,Medium
SYNID0200514751,0.38604207862837076,0,Medium
SYNID0200416591,0.3860210970442201,0,Medium
SYNID0200805414,0.3857441111424493,0,Medium
SYNID0200788356,0.38567476206122686,0,Medium
SYNID0200261061,0.38546009436488954,0,Medium
SYNID0200917241,0.38539723249290436,0,Medium
SYNID0200960369,0.38536793852388296,0,Medium
SYNID0200571522,0.3853244717175639,0,Medium
SYNID0200210275,0.38528233070296775,0,Medium
SYNID0200283802,0.38465599497278274,0,Medium
SYNID0200585299,0.3842056940597167,0,Medium
SYNID0200629168,0.38370383662363294,0,Medium
SYNID0200528115,0.38346114614252164,0,Medium
SYNID0200510044,0.3834446694921431,0,Medium
SYNID0200956022,0.38334105314140626,0,Medium
SYNID0200044656,0.3831540389808611,0,Medium
SYNID0200847461,0.3830567044590767,0,Medium
SYNID0200274762,0.38286974527615475,0,Medium
SYNID0200430821,0.3827768393394114,0,Medium
SYNID0200405038,0.38265181029479045,0,Medium
SYNID0200262476,0.3825624110981468,0,Medium
SYNID0200834130,0.38201307671969426,0,Medium
SYNID0200015561,0.38146407634540147,0,Medium
SYNID0200385704,0.3811652476570506,0,Medium
SYNID0200657415,0.3810230965612074,0,Medium
SYNID0200770157,0.3809224178207241,0,Medium
SYNID0200956482,0.3808941516244045,0,Medium
SYNID0200287210,0.38076623911228424,0,Medium
SYNID0200608038,0.3807584527244805,0,Medium
SYNID0200143185,0.3805739168719816,0,Medium
SYNID0200327997,0.3804211185038422,0,Medium
SYNID0200030634,0.3801889298180976,0,Medium
SYNID0200705654,0.38000630233200283,0,Medium
SYNID0200608788,0.37954753358420723,0,Medium
SYNID0200592003,0.3794999998961134,0,Medium
SYNID0200608559,0.37930030479902876,0,Medium
SYNID0200789397,0.3792170918782766,0,Medium
SYNID0200255943,0.37911026205234577,0,Medium
SYNID0200803219,0.37898097202117564,0,Medium
SYNID0200648473,0.37866268863761576,0,Medium
SYNID0200262810,0.3786298889374698,0,Medium
SYNID0200624644,0.37844590733943484,0,Medium
SYNID0200456582,0.37816795180726404,0,Medium
SYNID0200051580,0.37814612634515316,0,Medium
SYNID0200936125,0.37754274519063147,0,Medium
SYNID0200834664,0.377249628980837,0,Medium
SYNID0200164810,0.3771750838758668,0,Medium
SYNID0200684308,0.37715539084913785,0,Medium
SYNID0200291936,0.3771492355288364,0,Medium
SYNID0200872457,0.3769096923541578,0,Medium
SYNID0200849952,0.3766097546022474,0,Medium
SYNID0200934242,0.37655942290400535,0,Medium
SYNID0200757621,0.37641040833539496,0,Medium
SYNID0200647586,0.3763482283827756,0,Medium
SYNID0200488817,0.3756693499453633,0,Medium
SYNID0200401051,0.37560445653103325,0,Medium
SYNID0200303434,0.3754123421365472,0,Medium
SYNID0200869179,0.37539187782809635,0,Medium
SYNID0200156799,0.3753087206274219,0,Medium
SYNID0200572854,0.37527653759501256,0,Medium
SYNID0200912455,0.3752226369119205,0,Medium
SYNID0200230530,0.3749687287126199,0,Medium
SYNID0200002728,0.37424548703500626,0,Medium
SYNID0200127093,0.3741629828073887,0,Medium
SYNID0200454899,0.3740521321639484,0,Medium
SYNID0200752981,0.3738244964100424,0,Medium
SYNID0200816255,0.37369135141000637,0,Medium
SYNID0200752451,0.37358072748109833,0,Medium
SYNID0200671486,0.37348574898443826,0,Medium
SYNID0200410821,0.37339817529958486,0,Medium
SYNID0200194769,0.37324479216825496,0,Medium
SYNID0200467375,0.37317671237533073,0,Medium
SYNID0200223734,0.37309764167451953,0,Medium
SYNID0200988252,0.3730818451348818,0,Medium
SYNID0200365076,0.3728700120157588,0,Medium
SYNID0200649286,0.3727770034324064,0,Medium
SYNID0200810848,0.37276021286143857,0,Medium
SYNID0200076771,0.37259593692126025,0,Medium
SYNID0200660156,0.37242522515465726,0,Medium
SYNID0200935079,0.372285545262407,0,Medium
SYNID0200223650,0.37226665981088314,0,Medium
SYNID0200750933,0.37225437301601366,0,Medium
SYNID0200349111,0.3721976699593182,0,Medium
SYNID0200960315,0.3720083703710952,0,Medium
SYNID0200733285,0.37195408073683256,0,Medium
SYNID0200055969,0.37179183809763694,0,Medium
SYNID0200002455,0.37169781924510403,0,Medium
SYNID0200577665,0.3716368968391336,0,Medium
SYNID0200482839,0.37159825824644543,0,Medium
SYNID0200721642,0.3714281311146907,0,Medium
SYNID0200780632,0.3712926965577231,0,Medium
SYNID0200289575,0.37113662839263306,0,Medium
SYNID0200014269,0.3708807526617475,0,Medium
SYNID0200054515,0.3707997136173737,0,Medium
SYNID0200554508,0.37054280196242295,0,Medium
SYNID0200498815,0.37033047010853937,0,Medium
SYNID0200117107,0.3700204178066652,0,Medium
SYNID0200473765,0.36961943565247074,0,Medium
SYNID0200718113,0.3694204183838331,0,Medium
SYNID0200458134,0.3693870521141869,0,Medium
SYNID0200219719,0.3693287834717733,0,Medium
SYNID0200852146,0.3690647874171584,0,Medium
SYNID0200820993,0.36893941137042363,0,Medium
SYNID0200545455,0.36892847145967667,0,Medium
SYNID0200265875,0.36882064256204516,0,Medium
SYNID0200634431,0.3686041438410392,0,Medium
SYNID0200786175,0.3683945101889858,0,Medium
SYNID0200847710,0.3681272847925402,0,Medium
SYNID0200087629,0.3678737997948711,0,Medium
SYNID0200674751,0.36778909261766546,0,Medium
SYNID0200195569,0.3676128803169741,0,Medium
SYNID0200883461,0.36759885583243834,0,Medium
SYNID0200576338,0.36755798766728015,0,Medium
SYNID0200678551,0.36751183558969724,0,Medium
SYNID0200432742,0.3675078293116109,0,Medium
SYNID0200887365,0.36681430830835005,0,Medium
SYNID0200369865,0.36671125401744653,0,Medium
SYNID0200433029,0.366630189923511,0,Medium
SYNID0200047884,0.3664848330226168,0,Medium
SYNID0200501296,0.3663802726829921,0,Medium
SYNID0200157089,0.36635664680402874,0,Medium
SYNID0200299767,0.36629842342360114,0,Medium
SYNID0200561317,0.36590146405884333,0,Medium
SYNID0200282105,0.3658094861831263,0,Medium
SYNID0200901697,0.36573115778571613,0,Medium
SYNID0200335961,0.36572510881495435,0,Medium
SYNID0200077129,0.36550010426078017,0,Medium
SYNID0200116701,0.365273907215356,0,Medium
SYNID0200532326,0.3649723464239585,0,Medium
SYNID0200573044,0.3648776447831001,0,Medium
SYNID0200393552,0.36472857962105143,0,Medium
SYNID0200613835,0.3646155667768981,0,Medium
SYNID0200428801,0.36461069045617134,0,Medium
SYNID0200435652,0.36445576424152615,0,Medium
SYNID0200103724,0.36412196737481106,0,Medium
SYNID0200629884,0.36372896315394354,0,Medium
SYNID0200299504,0.3632706615923603,0,Medium
SYNID0200718347,0.36302191185879723,0,Medium
SYNID0200878361,0.3627967356073878,0,Medium
SYNID0200830284,0.36250846683206184,0,Medium
SYNID0200918959,0.3622846502693411,0,Medium
SYNID0200204411,0.3621316351973036,0,Medium
SYNID0200599525,0.36200476191702446,0,Medium
SYNID0200923626,0.3618370988692002,0,Medium
SYNID0200504666,0.3612077934430425,0,Medium
SYNID0200988763,0.36101610779134463,0,Medium
SYNID0200667846,0.3609777997682696,0,Medium
SYNID0200904903,0.3607197960354941,0,Medium
SYNID0200663602,0.3607131121666133,0,Medium
SYNID0200113383,0.36038985076737484,0,Medium
SYNID0200668898,0.360372288599628,0,Medium
SYNID0200070724,0.360370092010098,0,Medium
SYNID0200221860,0.3599882293416781,0,Medium
SYNID0200971403,0.35978215642822337,0,Medium
SYNID0200981233,0.35975905577700623,0,Medium
SYNID0200949760,0.3597075354522934,0,Medium
SYNID0200941848,0.3595781416875619,0,Medium
SYNID0200784289,0.3595300162308249,0,Medium
SYNID0200727385,0.3593936986664413,0,Medium
SYNID0200389022,0.35920087858615024,0,Medium
SYNID0200396530,0.3591461187823725,0,Medium
SYNID0200039903,0.3589030762343195,0,Medium
SYNID0200396604,0.35887463616778886,0,Medium
SYNID0200398398,0.35882077438462573,0,Medium
SYNID0200341470,0.35879072127575506,0,Medium
SYNID0200358343,0.35877731030436927,0,Medium
SYNID0200629967,0.3586358888117317,0,Medium
SYNID0200750831,0.3584804967648652,0,Medium
SYNID0200612441,0.35836750396944267,0,Medium
SYNID0200989702,0.3583517102692597,0,Medium
SYNID0200997746,0.3583194905927327,0,Medium
SYNID0200919022,0.35826472423805783,0,Medium
SYNID0200380239,0.3581326028224521,0,Medium
SYNID0200792788,0.3580339157352877,0,Medium
SYNID0200746263,0.3574555217056784,0,Medium
SYNID0200622457,0.356582002304987,0,Medium
SYNID0200000439,0.35646251803326845,0,Medium
SYNID0200919232,0.3561916286723189,0,Medium
SYNID0200576103,0.3561218910975845,0,Medium
SYNID0200464868,0.3560139890944992,0,Medium
SYNID0200076094,0.3559909409680296,0,Medium
SYNID0200105240,0.3559117663238681,0,Medium
SYNID0200192866,0.35551000629039414,0,Medium
SYNID0200571210,0.3553698833962551,0,Medium
SYNID0200375148,0.35528390245662367,0,Medium
SYNID0200433456,0.3552487740788591,0,Medium
SYNID0200105940,0.3551019019727905,0,Medium
SYNID0200374426,0.35489748350635586,0,Medium
SYNID0200408952,0.3547892470616163,0,Medium
SYNID0200275704,0.3547802967431992,0,Medium
SYNID0200801989,0.3547319249368328,0,Medium
SYNID0200282414,0.3546700604379528,0,Medium
SYNID0200129883,0.3546259617472555,0,Medium
SYNID0200473531,0.3546061175375582,0,Medium
SYNID0200218589,0.35460028067932026,0,Medium
SYNID0200898009,0.35447643765606085,0,Medium
SYNID0200810872,0.3541903849019955,0,Medium
SYNID0200635229,0.35397284195521317,0,Medium
SYNID0200371176,0.35377962753892345,0,Medium
SYNID0200775121,0.35350434491560295,0,Medium
SYNID0200482261,0.3533973660067966,0,Medium
SYNID0200715268,0.35334983922056484,0,Medium
SYNID0200037329,0.3533064872420393,0,Medium
SYNID0200670937,0.3532557860942849,0,Medium
SYNID0200146786,0.3530766500110406,0,Medium
SYNID0200979414,0.35299084925104973,0,Medium
SYNID0200448439,0.35295655666432046,0,Medium
SYNID0200108460,0.3528871069265637,0,Medium
SYNID0200641645,0.3526561468756064,0,Medium
SYNID0200948823,0.3523972594373326,0,Medium
SYNID0200665442,0.35222054035494355,0,Medium
SYNID0200986036,0.35203344153641825,0,Medium
SYNID0200673518,0.3519397720974474,0,Medium
SYNID0200347775,0.3515184499144153,0,Medium
SYNID0200377956,0.3512233286282403,0,Medium
SYNID0200855392,0.35118105974652736,0,Medium
SYNID0200844242,0.3509920911446963,0,Medium
SYNID0200886017,0.3508558147758979,0,Medium
SYNID0200179433,0.3508154993739116,0,Medium
SYNID0200185145,0.35065605113504444,0,Medium
SYNID0200953165,0.3506038238682736,0,Medium
SYNID0200738871,0.35043093279055937,0,Medium
SYNID0200175487,0.35041846797329634,0,Medium
SYNID0200714708,0.35016675428919697,0,Medium
SYNID0200914146,0.34991425480250504,0,Medium
SYNID0200395109,0.349871573976004,0,Medium
SYNID0200317311,0.34947119603136856,0,Medium
SYNID0200974656,0.34929820425145985,0,Medium
SYNID0200999263,0.3492367299129483,0,Medium
SYNID0200688182,0.3491578539959238,0,Medium
SYNID0200154012,0.349040676986631,0,Medium
SYNID0200755473,0.3489059002916823,0,Medium
SYNID0200873966,0.3488337633747321,0,Medium
SYNID0200839348,0.3487750910895171,0,Medium
SYNID0200337682,0.34867788232345587,0,Medium
SYNID0200917998,0.34862964905139204,0,Medium
SYNID0200077716,0.34848990020151005,0,Medium
SYNID0200206399,0.34837243738850243,0,Medium
SYNID0200712900,0.3481721019837215,0,Medium
SYNID0200955235,0.3478063405107317,0,Medium
SYNID0200951400,0.3475197345597876,0,Medium
SYNID0200088440,0.34735474648783976,0,Medium
SYNID0200197552,0.34725214409300714,0,Medium
SYNID0200396136,0.34724244165100326,0,Medium
SYNID0200708131,0.34710313647286073,0,Medium
SYNID0200625391,0.34704719817011304,0,Medium
SYNID0200881665,0.346972930896182,0,Medium
SYNID0200313644,0.3468653352014245,0,Medium
SYNID0200732047,0.34666656099268156,0,Medium
SYNID0200859616,0.3464830415237221,0,Medium
SYNID0200823881,0.3463275797770801,0,Medium
SYNID0200649171,0.34603348032268433,0,Medium
SYNID0200297560,0.34600679430309833,0,Medium
SYNID0200549593,0.34590292209327167,0,Medium
SYNID0200762184,0.3458040760401976,0,Medium
SYNID0200486202,0.34578783627467136,0,Medium
SYNID0200947620,0.3457715786954164,0,Medium
SYNID0200876317,0.3457523465535032,0,Medium
SYNID0200426958,0.3453662057899957,0,Medium
SYNID0200057370,0.34536456846784086,0,Medium
SYNID0200504088,0.3452747419395394,0,Medium
SYNID0200477731,0.34501624480405657,0,Medium
SYNID0200428569,0.34490469765067033,0,Medium
SYNID0200090133,0.3448815876572866,0,Medium
SYNID0200437479,0.3448071254503894,0,Medium
SYNID0200984804,0.3444987641988128,0,Medium
SYNID0200912801,0.34449712404998645,0,Medium
SYNID0200018568,0.34446745666668555,0,Medium
SYNID0200151643,0.3440723962243417,0,Medium
SYNID0200742144,0.3440395354345394,0,Medium
SYNID0200114943,0.34367206070459044,0,Medium
SYNID0200740211,0.34356916220472655,0,Medium
SYNID0200105196,0.34350580458613666,0,Medium
SYNID0200102713,0.343479926703139,0,Medium
SYNID0200878783,0.3434552247469461,0,Medium
SYNID0200846772,0.34339876732125607,0,Medium
SYNID0200900474,0.3432953832319773,0,Medium
SYNID0200074594,0.34301335826078294,0,Medium
SYNID0200131749,0.34298589486728054,0,Medium
SYNID0200932936,0.3428887253697169,0,Medium
SYNID0200447919,0.3426408533613121,0,Medium
SYNID0200766329,0.3425485215182593,0,Medium
SYNID0200448346,0.34247237840729283,0,Medium
SYNID0200948246,0.3424476134096843,0,Medium
SYNID0200564218,0.34219057468040237,0,Medium
SYNID0200472492,0.34207268298609617,0,Medium
SYNID0200506992,0.3420246768945928,0,Medium
SYNID0200212222,0.3420186465028253,0,Medium
SYNID0200076471,0.3419048818353928,0,Medium
SYNID0200332751,0.34172808676727584,0,Medium
SYNID0200982193,0.3417215826746374,0,Medium
SYNID0200285433,0.3417006956896836,0,Medium
SYNID0200537760,0.3414391557755805,0,Medium
SYNID0200965983,0.341371850454024,0,Medium
SYNID0200013778,0.34131361863240883,0,Medium
SYNID0200935823,0.34125010616508333,0,Medium
SYNID0200272133,0.3410907921683962,0,Medium
SYNID0200677446,0.34096208227759517,0,Medium
SYNID0200207618,0.3409555146030054,0,Medium
SYNID0200582914,0.3408990193363401,0,Medium
SYNID0200464712,0.3407356803717575,0,Medium
SYNID0200804076,0.34066200754828885,0,Medium
SYNID0200272866,0.340483386367533,0,Medium
SYNID0200431041,0.34037674652538086,0,Medium
SYNID0200757795,0.3402714453506268,0,Medium
SYNID0200302541,0.3399909985153999,0,Medium
SYNID0200787233,0.33985269679528174,0,Medium
SYNID0200211335,0.33982084965488,0,Medium
SYNID0200487996,0.3397084510569843,0,Medium
SYNID0200108968,0.33967318043566885,0,Medium
SYNID0200801863,0.3395780620362716,0,Medium
SYNID0200195123,0.33949401486093966,0,Medium
SYNID0200596493,0.33943710549549067,0,Medium
SYNID0200008724,0.3391994568119928,0,Medium
SYNID0200743435,0.3391295235515025,0,Medium
SYNID0200268901,0.3391222097215837,0,Medium
SYNID0200435543,0.33901473101987833,0,Medium
SYNID0200057198,0.3389957024735283,0,Medium
SYNID0200749761,0.33872328561479415,0,Medium
SYNID0200764415,0.33835932525332824,0,Medium
SYNID0200659402,0.33834532263130135,0,Medium
SYNID0200507764,0.3382182219487186,0,Medium
SYNID0200944290,0.338140904215869,0,Medium
SYNID0200444465,0.3376796417637337,0,Medium
SYNID0200929567,0.33756804727763656,0,Medium
SYNID0200648384,0.33736662507749116,0,Medium
SYNID0200686501,0.3373614432253005,0,Medium
SYNID0200939175,0.33723401482053944,0,Medium
SYNID0200668364,0.3371575679884624,0,Medium
SYNID0200859055,0.3371517129516637,0,Medium
SYNID0200822085,0.3371026328981107,0,Medium
SYNID0200577936,0.33697269352104936,0,Medium
SYNID0200313840,0.3369278880012648,0,Medium
SYNID0200624596,0.3368782078867297,0,Medium
SYNID0200203575,0.33681766545250647,0,Medium
SYNID0200093386,0.33663956574383846,0,Medium
SYNID0200746822,0.3365018106036387,0,Medium
SYNID0200496043,0.33641422352070655,0,Medium
SYNID0200903624,0.33637297986701387,0,Medium
SYNID0200976035,0.3363559965626287,0,Medium
SYNID0200824891,0.3359588338942939,0,Medium
SYNID0200055253,0.3358649190375428,0,Medium
SYNID0200970415,0.33580041793732235,0,Medium
SYNID0200372096,0.33568011489803823,0,Medium
SYNID0200345948,0.33558603335621345,0,Medium
SYNID0200405354,0.3353329295274792,0,Medium
SYNID0200774011,0.3352190028534862,0,Medium
SYNID0200192395,0.3351759112917026,0,Medium
SYNID0200292700,0.33478992977615984,0,Medium
SYNID0200151529,0.3347101645999698,0,Medium
SYNID0200927157,0.3346707468140797,0,Medium
SYNID0200547780,0.3345646430169361,0,Medium
SYNID0200264271,0.33433617510868163,0,Medium
SYNID0200519321,0.3341425787555698,0,Medium
SYNID0200812286,0.3340747306800298,0,Medium
SYNID0200041574,0.33397816369846056,0,Medium
SYNID0200765115,0.3337301473419865,0,Medium
SYNID0200516013,0.33371856968001873,0,Medium
SYNID0200088287,0.3335903599971672,0,Medium
SYNID0200528056,0.3335789447421751,0,Medium
SYNID0200145132,0.3333936472489552,0,Medium
SYNID0200465661,0.33339044182288524,0,Medium
SYNID0200488932,0.333266003105728,0,Medium
SYNID0200790898,0.33290268989083355,0,Medium
SYNID0200297417,0.3328894331201915,0,Medium
SYNID0200939454,0.33284192457083694,0,Medium
SYNID0200856709,0.3328236401667357,0,Medium
SYNID0200628867,0.33279171468257207,0,Medium
SYNID0200173916,0.3327600474979011,0,Medium
SYNID0200812055,0.33274040146125866,0,Medium
SYNID0200598771,0.33271668522283115,0,Medium
SYNID0200111044,0.3325569772894088,0,Medium
SYNID0200620440,0.3325472193410805,0,Medium
SYNID0200975213,0.33229911174749044,0,Medium
SYNID0200620564,0.3322855982140859,0,Medium
SYNID0200307122,0.33207303515193415,0,Medium
SYNID0200294712,0.3320101501878221,0,Medium
SYNID0200730099,0.33194221313360195,0,Medium
SYNID0200692246,0.33191296518397395,0,Medium
SYNID0200019996,0.3318991638943209,0,Medium
SYNID0200157921,0.33189593448526045,0,Medium
SYNID0200177124,0.3317708226287269,0,Medium
SYNID0200809260,0.3316326738895574,0,Medium
SYNID0200255730,0.3315794458456805,0,Medium
SYNID0200143570,0.3315683154024825,0,Medium
SYNID0200798236,0.33148255280014466,0,Medium
SYNID0200520142,0.3314217473534842,0,Medium
SYNID0200202667,0.3313663522105401,0,Medium
SYNID0200527959,0.3312867387421779,0,Medium
SYNID0200376981,0.33119104392201737,0,Medium
SYNID0200992052,0.3311738115430991,0,Medium
SYNID0200153709,0.3311721906267604,0,Medium
SYNID0200097314,0.33116186738566245,0,Medium
SYNID0200839682,0.33106007286496286,0,Medium
SYNID0200959016,0.33103426168901884,0,Medium
SYNID0200896368,0.33090217760180435,0,Medium
SYNID0200568856,0.33081540910876783,0,Medium
SYNID0200551694,0.33061685806390806,0,Medium
SYNID0200494210,0.3305747338499404,0,Medium
SYNID0200086054,0.3305302644807036,0,Medium
SYNID0200825275,0.32993074024403884,0,Medium
SYNID0200398177,0.32972592725275507,0,Medium
SYNID0200722488,0.32969424814921855,0,Medium
SYNID0200434863,0.3296812099746549,0,Medium
SYNID0200051569,0.32938443144646634,0,Medium
SYNID0200274611,0.329332270964562,0,Medium
SYNID0200835845,0.32930951068863423,0,Medium
SYNID0200354615,0.3292460339503259,0,Medium
SYNID0200033166,0.32920732695432997,0,Medium
SYNID0200281115,0.3290065018143973,0,Medium
SYNID0200631062,0.32893871831868937,0,Medium
SYNID0200778671,0.32892775538472735,0,Medium
SYNID0200023453,0.3288568861535509,0,Medium
SYNID0200814956,0.32866370299354136,0,Medium
SYNID0200376177,0.32866370299354136,0,Medium
SYNID0200670714,0.32866370299354136,0,Medium
SYNID0200498716,0.328618444254372,0,Medium
SYNID0200112932,0.32853852034669256,0,Medium
SYNID0200791830,0.3284839641847065,0,Medium
SYNID0200693913,0.3282617938928228,0,Medium
SYNID0200714625,0.3280958605848051,0,Medium
SYNID0200302070,0.3280752801983168,0,Medium
SYNID0200936230,0.3279398673112162,0,Medium
SYNID0200655473,0.32787534838506904,0,Medium
SYNID0200649112,0.3278727683261491,0,Medium
SYNID0200818640,0.32775939039515195,0,Medium
SYNID0200287346,0.3276720218893856,0,Medium
SYNID0200351192,0.32752995785317673,0,Medium
SYNID0200835320,0.32736428130968276,0,Medium
SYNID0200479446,0.32732967876656127,0,Medium
SYNID0200590659,0.3271408007966782,0,Medium
SYNID0200180098,0.32710533194989005,0,Medium
SYNID0200055861,0.3270571721900559,0,Medium
SYNID0200461269,0.3269368557229484,0,Medium
SYNID0200017287,0.32691142705154286,0,Medium
SYNID0200168245,0.3268800914347857,0,Medium
SYNID0200055268,0.32684857219102637,0,Medium
SYNID0200172748,0.3267417881786864,0,Medium
SYNID0200459625,0.3266882289086003,0,Medium
SYNID0200317813,0.32668493784387226,0,Medium
SYNID0200595959,0.3266389485610253,0,Medium
SYNID0200929998,0.3262921670623252,0,Medium
SYNID0200349437,0.3262726006124508,0,Medium
SYNID0200924888,0.3261908496995357,0,Medium
SYNID0200365485,0.32611934180839386,0,Medium
SYNID0200232685,0.3259053564438341,0,Medium
SYNID0200843362,0.325868527778005,0,Medium
SYNID0200549766,0.32554516372216824,0,Medium
SYNID0200608423,0.32552657865550183,0,Medium
SYNID0200425258,0.32547530411035663,0,Medium
SYNID0200950181,0.3252413824714375,0,Medium
SYNID0200140990,0.3250732250087167,0,Medium
SYNID0200487583,0.3248116423719125,0,Medium
SYNID0200697352,0.3247432018101214,0,Medium
SYNID0200516794,0.32452888786612527,0,Medium
SYNID0200852672,0.32451666749131386,0,Medium
SYNID0200704345,0.3245155887869208,0,Medium
SYNID0200523086,0.3244781219287243,0,Medium
SYNID0200798668,0.3244444860839399,0,Medium
SYNID0200121960,0.3240748742812593,0,Medium
SYNID0200940176,0.32402034808061764,0,Medium
SYNID0200903254,0.3239865769267342,0,Medium
SYNID0200748474,0.3239492987058364,0,Medium
SYNID0200195685,0.32389710575146347,0,Medium
SYNID0200220823,0.3238376341029997,0,Medium
SYNID0200866695,0.32375491516156246,0,Medium
SYNID0200527585,0.32374202138554414,0,Medium
SYNID0200683911,0.32347897931864245,0,Medium
SYNID0200815574,0.32337467281790233,0,Medium
SYNID0200055964,0.32325020023108664,0,Medium
SYNID0200703884,0.32314637738506286,0,Medium
SYNID0200031567,0.32310520058341846,0,Medium
SYNID0200117149,0.3230942344339667,0,Medium
SYNID0200808226,0.3230854808835856,0,Medium
SYNID0200068446,0.32307151400439343,0,Medium
SYNID0200952927,0.32303867648871987,0,Medium
SYNID0200290475,0.3230381564334744,0,Medium
SYNID0200382514,0.3229729592264413,0,Medium
SYNID0200417317,0.32284231302719646,0,Medium
SYNID0200294820,0.3227378534621811,0,Medium
SYNID0200801021,0.32271422213417955,0,Medium
SYNID0200099974,0.32239359333983764,0,Medium
SYNID0200714343,0.32230157762930534,0,Medium
SYNID0200494607,0.32227900173107826,0,Medium
SYNID0200969026,0.32225681736195455,0,Medium
SYNID0200277753,0.3221959030428896,0,Medium
SYNID0200515456,0.3220847651574189,0,Medium
SYNID0200632612,0.3219366234020691,0,Medium
SYNID0200746714,0.32193539125016823,0,Medium
SYNID0200989524,0.3214210494900413,0,Medium
SYNID0200680099,0.3212144873857883,0,Medium
SYNID0200663008,0.3211640278451128,0,Medium
SYNID0200184962,0.3211373533344465,0,Medium
SYNID0200766106,0.3210281789034348,0,Medium
SYNID0200139183,0.32090704764156264,0,Medium
SYNID0200240300,0.32089453858544825,0,Medium
SYNID0200833574,0.3208178271200962,0,Medium
SYNID0200121569,0.3207412423437447,0,Medium
SYNID0200552441,0.32062989191719793,0,Medium
SYNID0200183900,0.3205702169121275,0,Medium
SYNID0200063219,0.320567771659617,0,Medium
SYNID0200547582,0.3205283615948765,0,Medium
SYNID0200553953,0.32043310717039497,0,Medium
SYNID0200421566,0.32030232381124185,0,Medium
SYNID0200969646,0.32025785992681655,0,Medium
SYNID0200681848,0.32020563581193173,0,Medium
SYNID0200130076,0.32010824658939097,0,Medium
SYNID0200780279,0.3200719744483529,0,Medium
SYNID0200606632,0.3199843111533893,0,Medium
SYNID0200808348,0.31992312948962587,0,Medium
SYNID0200158194,0.31972763193943843,0,Medium
SYNID0200789134,0.3196581660759646,0,Medium
SYNID0200072767,0.3196184547830322,0,Medium
SYNID0200000024,0.31961519839580543,0,Medium
SYNID0200851486,0.3196076891717495,0,Medium
SYNID0200387325,0.3196036524189779,0,Medium
SYNID0200528587,0.3194366945994752,0,Medium
SYNID0200756011,0.3194344145497413,0,Medium
SYNID0200174558,0.3191278510325066,0,Medium
SYNID0200227629,0.3190854710050483,0,Medium
SYNID0200153534,0.3189396818647312,0,Medium
SYNID0200151873,0.31888216660288526,0,Medium
SYNID0200772597,0.3188498285416083,0,Medium
SYNID0200605722,0.318731855731893,0,Medium
SYNID0200810000,0.318661805771039,0,Medium
SYNID0200674049,0.3185150739449585,0,Medium
SYNID0200747322,0.3185089349641811,0,Medium
SYNID0200988692,0.3183370989766101,0,Medium
SYNID0200884549,0.31833486823755297,0,Medium
SYNID0200786644,0.3182615400818062,0,Medium
SYNID0200728375,0.3181946125296491,0,Medium
SYNID0200101140,0.31805948161052766,0,Medium
SYNID0200434718,0.31796652865071057,0,Medium
SYNID0200616195,0.31795614808497846,0,Medium
SYNID0200733901,0.31795599975051503,0,Medium
SYNID0200320011,0.3179469402909344,0,Medium
SYNID0200892257,0.31791217002285704,0,Medium
SYNID0200821111,0.31774634250209927,0,Medium
SYNID0200871149,0.31739523504922285,0,Medium
SYNID0200298809,0.31735630591235964,0,Medium
SYNID0200915598,0.31731494883558886,0,Medium
SYNID0200672357,0.317249315593665,0,Medium
SYNID0200531138,0.317215061105336,0,Medium
SYNID0200120013,0.31708248248883414,0,Medium
SYNID0200173469,0.3170585269258114,0,Medium
SYNID0200478840,0.3169971390891906,0,Medium
SYNID0200658963,0.3169500366821342,0,Medium
SYNID0200158972,0.3168713853674088,0,Medium
SYNID0200757882,0.31684964128731485,0,Medium
SYNID0200771373,0.31678956429845223,0,Medium
SYNID0200915723,0.3167749001694331,0,Medium
SYNID0200849456,0.3166807264404238,0,Medium
SYNID0200644861,0.31664086722240614,0,Medium
SYNID0200360213,0.3165074513800462,0,Medium
SYNID0200708188,0.31640764336505356,0,Medium
SYNID0200095593,0.31638426258474234,0,Medium
SYNID0200415787,0.3163615081514106,0,Medium
SYNID0200440428,0.31625245611402597,0,Medium
SYNID0200252205,0.3161494009823933,0,Medium
SYNID0200389764,0.31610964308442513,0,Medium
SYNID0200432451,0.31609544214587393,0,Medium
SYNID0200781244,0.31607874102030176,0,Medium
SYNID0200836509,0.31601346288895316,0,Medium
SYNID0200790050,0.31599588224445796,0,Medium
SYNID0200039887,0.3159625962907472,0,Medium
SYNID0200756786,0.31590979875288544,0,Medium
SYNID0200859512,0.3158056550706938,0,Medium
SYNID0200956125,0.3157741115010374,0,Medium
SYNID0200106681,0.31536260742060507,0,Medium
SYNID0200428466,0.3152373704854001,0,Medium
SYNID0200931721,0.3151138580835824,0,Medium
SYNID0200769087,0.3150471930823796,0,Medium
SYNID0200796729,0.3149998273234651,0,Medium
SYNID0200020659,0.31479814622440616,0,Medium
SYNID0200425834,0.3146860220922258,0,Medium
SYNID0200451088,0.3146720248901871,0,Medium
SYNID0200166526,0.3145231108691976,0,Medium
SYNID0200706639,0.31448618285211677,0,Medium
SYNID0200701111,0.31439458708576107,0,Medium
SYNID0200782387,0.314269138151908,0,Medium
SYNID0200741532,0.3142681252535444,0,Medium
SYNID0200944404,0.31425685649787827,0,Medium
SYNID0200635658,0.3141703388759242,0,Medium
SYNID0200586680,0.3140483132749041,0,Medium
SYNID0200174508,0.3138579605781222,0,Medium
SYNID0200139851,0.3138039506564533,0,Medium
SYNID0200814187,0.31372516313093723,0,Medium
SYNID0200812851,0.3135567195072869,0,Medium
SYNID0200293954,0.3134724129416381,0,Medium
SYNID0200760211,0.31339623495818275,0,Medium
SYNID0200847930,0.31337988016226137,0,Medium
SYNID0200310166,0.31329236341029265,0,Medium
SYNID0200964994,0.31306119735670823,0,Medium
SYNID0200661417,0.313012331204645,0,Medium
SYNID0200315189,0.31296388881696047,0,Medium
SYNID0200753953,0.312941112828106,0,Medium
SYNID0200772692,0.3128632122652377,0,Medium
SYNID0200044972,0.312723687582365,0,Medium
SYNID0200572081,0.312721803444551,0,Medium
SYNID0200906599,0.3124791944548311,0,Medium
SYNID0200576347,0.3123893806585119,0,Medium
SYNID0200483555,0.3123218859107803,0,Medium
SYNID0200659130,0.3122602771942591,0,Medium
SYNID0200088257,0.3121724601093858,0,Medium
SYNID0200099471,0.31212487042044457,0,Medium
SYNID0200559218,0.3120249829736738,0,Medium
SYNID0200874949,0.31190056591273174,0,Medium
SYNID0200397490,0.3118949001766599,0,Medium
SYNID0200040092,0.3118659323952111,0,Medium
SYNID0200288153,0.3118108177976488,0,Medium
SYNID0200281819,0.3117954693350037,0,Medium
SYNID0200955064,0.3117796146702908,0,Medium
SYNID0200507823,0.31174973919744264,0,Medium
SYNID0200739109,0.3117119213413152,0,Medium
SYNID0200918446,0.3116001997996261,0,Medium
SYNID0200152023,0.31156524229994675,0,Medium
SYNID0200557085,0.31146693331914993,0,Medium
SYNID0200513190,0.31112966771861605,0,Medium
SYNID0200479737,0.31075573673937673,0,Medium
SYNID0200219491,0.31063423490652775,0,Medium
SYNID0200488305,0.31048796379208277,0,Medium
SYNID0200719853,0.31032711390511947,0,Medium
SYNID0200431313,0.3103182298220679,0,Medium
SYNID0200928915,0.3102510961880978,0,Medium
SYNID0200325930,0.31023247870143056,0,Medium
SYNID0200914684,0.3101213956680713,0,Medium
SYNID0200311061,0.3101160748592476,0,Medium
SYNID0200448127,0.30993003220934645,0,Medium
SYNID0200507304,0.30992301935777533,0,Medium
SYNID0200865948,0.30975769332378245,0,Medium
SYNID0200269367,0.30973620741830843,0,Medium
SYNID0200913059,0.3097052129540682,0,Medium
SYNID0200321820,0.3096596934820554,0,Medium
SYNID0200620221,0.3096023023335809,0,Medium
SYNID0200162855,0.30955739372107344,0,Medium
SYNID0200871968,0.30947912692924434,0,Medium
SYNID0200610768,0.3093737642367127,0,Medium
SYNID0200842073,0.30922965463398155,0,Medium
SYNID0200632846,0.30919051928835706,0,Medium
SYNID0200372068,0.30893964919683786,0,Medium
SYNID0200973220,0.3088707544779664,0,Medium
SYNID0200202347,0.3088311702900625,0,Medium
SYNID0200542742,0.3087511201144195,0,Medium
SYNID0200430676,0.308751069442295,0,Medium
SYNID0200121525,0.30871491841980825,0,Medium
SYNID0200833181,0.3086401264715074,0,Medium
SYNID0200937154,0.3085955860641947,0,Medium
SYNID0200734798,0.30848637273278334,0,Medium
SYNID0200859603,0.3082925542685505,0,Medium
SYNID0200570616,0.3082910686618844,0,Medium
SYNID0200324147,0.3082763780007999,0,Medium
SYNID0200880706,0.30823650943988223,0,Medium
SYNID0200815562,0.3081711920997651,0,Medium
SYNID0200527251,0.3081235499734305,0,Medium
SYNID0200890020,0.3081228682988324,0,Medium
SYNID0200169025,0.3080817107067203,0,Medium
SYNID0200493584,0.3080665276720512,0,Medium
SYNID0200600541,0.30781855583809165,0,Medium
SYNID0200875019,0.3077472708663593,0,Medium
SYNID0200328377,0.307712533100013,0,Medium
SYNID0200541104,0.30743066750956527,0,Medium
SYNID0200601216,0.3073208137575907,0,Medium
SYNID0200792648,0.30728833618847684,0,Medium
SYNID0200550078,0.3072397121605048,0,Medium
SYNID0200717043,0.3071863630547751,0,Medium
SYNID0200627315,0.3070704964338323,0,Medium
SYNID0200661216,0.30701665552548413,0,Medium
SYNID0200996077,0.3067550101367206,0,Medium
SYNID0200403918,0.3067407405768219,0,Medium
SYNID0200279396,0.3066516979731389,0,Medium
SYNID0200252997,0.30650731589623836,0,Medium
SYNID0200431387,0.30646598129785196,0,Medium
SYNID0200547839,0.3061641719971375,0,Medium
SYNID0200570600,0.30606624940656524,0,Medium
SYNID0200954599,0.3059791838580165,0,Medium
SYNID0200723447,0.30596434547977674,0,Medium
SYNID0200191061,0.30594893519208266,0,Medium
SYNID0200209638,0.30593847522236134,0,Medium
SYNID0200318979,0.3059158956321848,0,Medium
SYNID0200032724,0.30568307149246565,0,Medium
SYNID0200628638,0.30565093953276173,0,Medium
SYNID0200416565,0.30541729750748836,0,Medium
SYNID0200291604,0.3053810044053161,0,Medium
SYNID0200107067,0.3052547508833954,0,Medium
SYNID0200529088,0.3050039003262037,0,Medium
SYNID0200283190,0.3049936572428218,0,Medium
SYNID0200981086,0.3049521806803047,0,Medium
SYNID0200009106,0.3049487595324701,0,Medium
SYNID0200875793,0.3049040980487716,0,Medium
SYNID0200254309,0.304856780832658,0,Medium
SYNID0200022981,0.30474647894738405,0,Medium
SYNID0200752565,0.30472050819663454,0,Medium
SYNID0200283824,0.30470974708008247,0,Medium
SYNID0200732287,0.30457013503108926,0,Medium
SYNID0200103945,0.30451924765032146,0,Medium
SYNID0200042053,0.3044675454501281,0,Medium
SYNID0200534136,0.30435394815748373,0,Medium
SYNID0200345009,0.30433368165192687,0,Medium
SYNID0200831626,0.3043331694947362,0,Medium
SYNID0200243928,0.30432525614022177,0,Medium
SYNID0200389271,0.3042737298142941,0,Medium
SYNID0200692620,0.3041795858370375,0,Medium
SYNID0200035881,0.3041302375053363,0,Medium
SYNID0200575557,0.30390474583201976,0,Medium
SYNID0200362585,0.30389440219408254,0,Medium
SYNID0200320704,0.3038294981902361,0,Medium
SYNID0200525315,0.30377035263638097,0,Medium
SYNID0200515886,0.3035646340850622,0,Medium
SYNID0200634514,0.3034420396175871,0,Medium
SYNID0200064299,0.3033983766860332,0,Medium
SYNID0200990746,0.3032573643765669,0,Medium
SYNID0200888758,0.3032037335109499,0,Medium
SYNID0200325171,0.3030972658391664,0,Medium
SYNID0200679507,0.30308844171348126,0,Medium
SYNID0200935983,0.3030521074334568,0,Medium
SYNID0200846764,0.30299339832093114,0,Medium
SYNID0200790323,0.30294516830100193,0,Medium
SYNID0200532469,0.3027116514435435,0,Medium
SYNID0200188183,0.3025995073845288,0,Medium
SYNID0200500737,0.30258504547981335,0,Medium
SYNID0200036910,0.302454570267694,0,Medium
SYNID0200169158,0.3023886561925343,0,Medium
SYNID0200253309,0.30217103139078133,0,Medium
SYNID0200808542,0.3020547790711104,0,Medium
SYNID0200715391,0.30203449987414654,0,Medium
SYNID0200966907,0.302011642973812,0,Medium
SYNID0200123183,0.30193398710527575,0,Medium
SYNID0200834867,0.30190482649222655,0,Medium
SYNID0200967974,0.30189143537897956,0,Medium
SYNID0200742027,0.30167746547594276,0,Medium
SYNID0200241143,0.3014963251722754,0,Medium
SYNID0200499729,0.301334003563424,0,Medium
SYNID0200318616,0.3012516796042315,0,Medium
SYNID0200718284,0.3012398377672266,0,Medium
SYNID0200275737,0.30123830696304066,0,Medium
SYNID0200388147,0.3011377320619191,0,Medium
SYNID0200700492,0.3011066798491765,0,Medium
SYNID0200971814,0.3010706391113127,0,Medium
SYNID0200539140,0.30106060246320154,0,Medium
SYNID0200987648,0.3010368832523585,0,Medium
SYNID0200892021,0.30100725498392905,0,Medium
SYNID0200685828,0.30099773699480176,0,Medium
SYNID0200049628,0.30096316891605124,0,Medium
SYNID0200095008,0.3009128668490891,0,Medium
SYNID0200868523,0.3007232506941556,0,Medium
SYNID0200934424,0.3007011907115157,0,Medium
SYNID0200119824,0.3006859668777828,0,Medium
SYNID0200873356,0.30059972518836986,0,Medium
SYNID0200745865,0.30059409456630914,0,Medium
SYNID0200846076,0.3005644692065355,0,Medium
SYNID0200351449,0.30047510144067396,0,Medium
SYNID0200981723,0.3004208167116557,0,Medium
SYNID0200438647,0.30033266537566394,0,Medium
SYNID0200041616,0.30026890378006676,0,Medium
SYNID0200483509,0.3002524305010338,0,Medium
SYNID0200095007,0.30018391775883985,0,Medium
SYNID0200115228,0.29997530608568834,0,Medium
SYNID0200750495,0.29988377799858296,0,Medium
SYNID0200644002,0.2998608515008757,0,Medium
SYNID0200900445,0.29984532252768886,0,Medium
SYNID0200540916,0.2998356307079357,0,Medium
SYNID0200187421,0.2997912039177017,0,Medium
SYNID0200176428,0.29978127625494483,0,Medium
SYNID0200285633,0.2997780170962937,0,Medium
SYNID0200228269,0.2997153937058508,0,Medium
SYNID0200418369,0.29969231369246563,0,Medium
SYNID0200055683,0.29965501977437903,0,Medium
SYNID0200374186,0.2996006949521136,0,Medium
SYNID0200823997,0.29945871880211733,0,Medium
SYNID0200711222,0.2993440364636597,0,Medium
SYNID0200770028,0.29933648677510694,0,Medium
SYNID0200413606,0.29931669121098964,0,Medium
SYNID0200787523,0.2990814082232581,0,Low
SYNID0200188047,0.29906475205128236,0,Low
SYNID0200108889,0.2990395695740088,0,Low
SYNID0200437472,0.2990087606665902,0,Low
SYNID0200617860,0.29885572775940006,0,Low
SYNID0200179430,0.2987040173108285,0,Low
SYNID0200204423,0.2986280685809998,0,Low
SYNID0200183239,0.29853245997391664,0,Low
SYNID0200443802,0.2985313463487498,0,Low
SYNID0200896648,0.2985006796247316,0,Low
SYNID0200223705,0.2981979354397909,0,Low
SYNID0200779102,0.29818827775372925,0,Low
SYNID0200366349,0.29815816250124383,0,Low
SYNID0200908337,0.2980650610574713,0,Low
SYNID0200420845,0.29787916198805275,0,Low
SYNID0200718495,0.297859939496119,0,Low
SYNID0200634454,0.29781687579921035,0,Low
SYNID0200039090,0.29775178016843296,0,Low
SYNID0200423077,0.2976740711917234,0,Low
SYNID0200186157,0.2976728936265342,0,Low
SYNID0200729207,0.2976231954311269,0,Low
SYNID0200712083,0.29757062955829466,0,Low
SYNID0200991884,0.2975258876065028,0,Low
SYNID0200785948,0.2974483731930992,0,Low
SYNID0200826226,0.2973558627506242,0,Low
SYNID0200825850,0.2973183998019959,0,Low
SYNID0200431207,0.2973055070377265,0,Low
SYNID0200051813,0.29729998029175786,0,Low
SYNID0200474394,0.2971796894074379,0,Low
SYNID0200855488,0.2970417993482175,0,Low
SYNID0200695240,0.296887674731275,0,Low
SYNID0200286796,0.29683564083731795,0,Low
SYNID0200302784,0.2967981751019017,0,Low
SYNID0200565080,0.29673118971145984,0,Low
SYNID0200153572,0.2967011569439071,0,Low
SYNID0200071974,0.2966236993663278,0,Low
SYNID0200667023,0.2965298916512921,0,Low
SYNID0200795010,0.29649687511495715,0,Low
SYNID0200249262,0.29632476980847866,0,Low
SYNID0200848282,0.29626972367191623,0,Low
SYNID0200590620,0.29621590939297304,0,Low
SYNID0200991900,0.2961651592011269,0,Low
SYNID0200802524,0.29613523018132837,0,Low
SYNID0200223918,0.29613281410528863,0,Low
SYNID0200257709,0.2960764663728511,0,Low
SYNID0200907538,0.296039502683499,0,Low
SYNID0200835170,0.29602539388093335,0,Low
SYNID0200200283,0.29596366481396896,0,Low
SYNID0200099433,0.29596041080909713,0,Low
SYNID0200192843,0.2958779652494827,0,Low
SYNID0200950641,0.2958766265395121,0,Low
SYNID0200912743,0.29565894726159536,0,Low
SYNID0200968921,0.29565824751526565,0,Low
SYNID0200182683,0.2956118905001146,0,Low
SYNID0200456652,0.29557738027704805,0,Low
SYNID0200446717,0.2954542363463871,0,Low
SYNID0200391313,0.29541951702506614,0,Low
SYNID0200597246,0.2953756420628881,0,Low
SYNID0200324307,0.2952268762546742,0,Low
SYNID0200085043,0.29510207100175256,0,Low
SYNID0200267468,0.2950681991776999,0,Low
SYNID0200861776,0.2949975485716546,0,Low
SYNID0200010153,0.2948939193215838,0,Low
SYNID0200025474,0.2948709142678501,0,Low
SYNID0200281343,0.29474094731195655,0,Low
SYNID0200353380,0.294687121628598,0,Low
SYNID0200421328,0.2946340415639259,0,Low
SYNID0200280170,0.2946120929453312,0,Low
SYNID0200923114,0.2943281694517164,0,Low
SYNID0200365748,0.294169757682954,0,Low
SYNID0200435324,0.2941241590735051,0,Low
SYNID0200528962,0.29411128198969705,0,Low
SYNID0200889413,0.29410018974798063,0,Low
SYNID0200427416,0.2939968812577264,0,Low
SYNID0200409834,0.293959141049872,0,Low
SYNID0200983610,0.2939239583021276,0,Low
SYNID0200472572,0.293902003718054,0,Low
SYNID0200753047,0.29376883215089866,0,Low
SYNID0200722317,0.2934041101721878,0,Low
SYNID0200681677,0.29324662031915916,0,Low
SYNID0200684523,0.2931737231246791,0,Low
SYNID0200581648,0.2930687388181359,0,Low
SYNID0200499095,0.29302087274933786,0,Low
SYNID0200360379,0.29297445385615584,0,Low
SYNID0200449318,0.2927607779279706,0,Low
SYNID0200307526,0.2927252289129647,0,Low
SYNID0200361856,0.2926731789707149,0,Low
SYNID0200130774,0.2926183603138316,0,Low
SYNID0200062699,0.29247960178052945,0,Low
SYNID0200782247,0.29246240094427944,0,Low
SYNID0200489818,0.2924153818418673,0,Low
SYNID0200010703,0.29239318663421127,0,Low
SYNID0200197967,0.2923882174921488,0,Low
SYNID0200914758,0.29222692857823385,0,Low
SYNID0200827020,0.29219726041394056,0,Low
SYNID0200586783,0.2921194324173111,0,Low
SYNID0200681303,0.292053840434109,0,Low
SYNID0200894425,0.29198319131747197,0,Low
SYNID0200161875,0.2919468461075137,0,Low
SYNID0200447936,0.29191820796088785,0,Low
SYNID0200457944,0.2918932217351733,0,Low
SYNID0200231183,0.29185367637028053,0,Low
SYNID0200965343,0.29179491989278794,0,Low
SYNID0200324513,0.2917895206993115,0,Low
SYNID0200502169,0.2917872800958726,0,Low
SYNID0200572685,0.2917778750910655,0,Low
SYNID0200512824,0.29176248295160345,0,Low
SYNID0200927212,0.29174514587549283,0,Low
SYNID0200368031,0.29174283543763035,0,Low
SYNID0200788530,0.29155548988848556,0,Low
SYNID0200942495,0.2915358990150504,0,Low
SYNID0200590184,0.2914911969051054,0,Low
SYNID0200307787,0.29147449184622964,0,Low
SYNID0200631159,0.29139855185005764,0,Low
SYNID0200582794,0.2913920350713955,0,Low
SYNID0200038754,0.2912477519132194,0,Low
SYNID0200604188,0.29122020619935995,0,Low
SYNID0200751878,0.29115913608364147,0,Low
SYNID0200716281,0.2910498483762884,0,Low
SYNID0200490486,0.29099354502601793,0,Low
SYNID0200321808,0.2909456209468727,0,Low
SYNID0200897197,0.2909420693440923,0,Low
SYNID0200573790,0.29091516474643764,0,Low
SYNID0200422014,0.29084925040394466,0,Low
SYNID0200247951,0.2907993922048634,0,Low
SYNID0200168986,0.29078676269581516,0,Low
SYNID0200544100,0.2907612286378642,0,Low
SYNID0200578654,0.2905864536272093,0,Low
SYNID0200280563,0.29042420214341375,0,Low
SYNID0200255716,0.2904238270513627,0,Low
SYNID0200919687,0.290274168998386,0,Low
SYNID0200007051,0.29020230408023895,0,Low
SYNID0200366685,0.29005064095796385,0,Low
SYNID0200313956,0.2898758410936014,0,Low
SYNID0200082862,0.2898232681078273,0,Low
SYNID0200549394,0.289727041840402,0,Low
SYNID0200438486,0.2897019645801935,0,Low
SYNID0200021784,0.2896913169142554,0,Low
SYNID0200356062,0.2896913169142554,0,Low
SYNID0200600447,0.2896913169142554,0,Low
SYNID0200125719,0.2896833959486972,0,Low
SYNID0200355183,0.28963362625798816,0,Low
SYNID0200256421,0.2895646667282295,0,Low
SYNID0200470802,0.28955171031056703,0,Low
SYNID0200967153,0.2894933203948715,0,Low
SYNID0200261259,0.2894777473601704,0,Low
SYNID0200478813,0.2893879041148574,0,Low
SYNID0200996274,0.2893735597776963,0,Low
SYNID0200458593,0.2893229133791709,0,Low
SYNID0200822796,0.2892791576093127,0,Low
SYNID0200135270,0.28907147011747847,0,Low
SYNID0200984856,0.2890526992501109,0,Low
SYNID0200324852,0.2890124612464714,0,Low
SYNID0200448741,0.288966999067139,0,Low
SYNID0200339416,0.28878312225044667,0,Low
SYNID0200888192,0.28877946825403356,0,Low
SYNID0200500365,0.2886662297572782,0,Low
SYNID0200904892,0.2886154126445925,0,Low
SYNID0200809978,0.2885298737010643,0,Low
SYNID0200142914,0.2884588340658004,0,Low
SYNID0200938254,0.28844548057618313,0,Low
SYNID0200718506,0.28840185856491024,0,Low
SYNID0200743198,0.2883818047624712,0,Low
SYNID0200304685,0.2883667591669449,0,Low
SYNID0200835653,0.28835939387718246,0,Low
SYNID0200198082,0.2882615377494298,0,Low
SYNID0200350827,0.28814701939451887,0,Low
SYNID0200850670,0.2879463127000851,0,Low
SYNID0200672463,0.2879058362937956,0,Low
SYNID0200507338,0.28790569463355475,0,Low
SYNID0200026241,0.28784375036219734,0,Low
SYNID0200103388,0.28782681580782693,0,Low
SYNID0200055689,0.2877955519943396,0,Low
SYNID0200392454,0.2877694915060466,0,Low
SYNID0200824166,0.28766400302991063,0,Low
SYNID0200399813,0.2875621029128703,0,Low
SYNID0200963980,0.2875566104936415,0,Low
SYNID0200988755,0.28753098559060397,0,Low
SYNID0200120214,0.2874233346908957,0,Low
SYNID0200405084,0.2874226330716793,0,Low
SYNID0200411616,0.2873566828589552,0,Low
SYNID0200953827,0.2871777099927638,0,Low
SYNID0200681277,0.2870410124869083,0,Low
SYNID0200839941,0.2869553064512175,0,Low
SYNID0200571528,0.28686249256557395,0,Low
SYNID0200767794,0.286862443845463,0,Low
SYNID0200227177,0.28685301901814764,0,Low
SYNID0200705454,0.2868365847372167,0,Low
SYNID0200636404,0.28682651567994005,0,Low
SYNID0200828516,0.2868220734627708,0,Low
SYNID0200271809,0.2866993477182226,0,Low
SYNID0200456280,0.2866564618782188,0,Low
SYNID0200768662,0.2866522815325827,0,Low
SYNID0200257758,0.2866500265601294,0,Low
SYNID0200989128,0.28656514936345356,0,Low
SYNID0200005824,0.28649820414413085,0,Low
SYNID0200804701,0.2863724268787194,0,Low
SYNID0200311512,0.2862677853314962,0,Low
SYNID0200158031,0.2862387664962406,0,Low
SYNID0200177927,0.28623266071901704,0,Low
SYNID0200444895,0.2861454865382007,0,Low
SYNID0200778272,0.2861188341772991,0,Low
SYNID0200694970,0.2860783275241858,0,Low
SYNID0200325551,0.28597772289344986,0,Low
SYNID0200993444,0.28594397599287436,0,Low
SYNID0200288307,0.285824993184397,0,Low
SYNID0200313389,0.28570269130889975,0,Low
SYNID0200069592,0.28567745292589336,0,Low
SYNID0200165806,0.2856773142220186,0,Low
SYNID0200424433,0.2855988022776734,0,Low
SYNID0200829535,0.28556610532935445,0,Low
SYNID0200339918,0.28555589724623076,0,Low
SYNID0200449625,0.28545989120752013,0,Low
SYNID0200546200,0.28545042427836265,0,Low
SYNID0200058698,0.2852624077439687,0,Low
SYNID0200575256,0.28526033815526675,0,Low
SYNID0200756791,0.2851942816005426,0,Low
SYNID0200460399,0.2851942816005426,0,Low
SYNID0200197715,0.2850763006146998,0,Low
SYNID0200577002,0.2850322774262202,0,Low
SYNID0200489210,0.284859425087749,0,Low
SYNID0200848881,0.28481621476773333,0,Low
SYNID0200008622,0.28479239074483226,0,Low
SYNID0200025037,0.2846669053426162,0,Low
SYNID0200994271,0.28465379267080204,0,Low
SYNID0200025657,0.28461132150324,0,Low
SYNID0200243358,0.2845869161366077,0,Low
SYNID0200596349,0.28449310859399823,0,Low
SYNID0200913521,0.2844345473567971,0,Low
SYNID0200046967,0.284406028763894,0,Low
SYNID0200888079,0.28436632746859447,0,Low
SYNID0200903418,0.2843466886549926,0,Low
SYNID0200300966,0.28434211528055015,0,Low
SYNID0200757410,0.2843347495437677,0,Low
SYNID0200257325,0.284323453227638,0,Low
SYNID0200598099,0.284268955071728,0,Low
SYNID0200677245,0.284268955071728,0,Low
SYNID0200178272,0.284268955071728,0,Low
SYNID0200198937,0.284268955071728,0,Low
SYNID0200330960,0.284268955071728,0,Low
SYNID0200015258,0.284268955071728,0,Low
SYNID0200315921,0.284268776428534,0,Low
SYNID0200711066,0.2842078650125164,0,Low
SYNID0200798374,0.28417488807184343,0,Low
SYNID0200639724,0.2841131964818113,0,Low
SYNID0200423289,0.2839341978744251,0,Low
SYNID0200170670,0.28390950746451354,0,Low
SYNID0200392862,0.28387643548529456,0,Low
SYNID0200160447,0.2838367084635411,0,Low
SYNID0200276415,0.28357716098940916,0,Low
SYNID0200463729,0.2835118238894353,0,Low
SYNID0200119386,0.283502435522785,0,Low
SYNID0200322194,0.2834424315912586,0,Low
SYNID0200703729,0.28343723936573817,0,Low
SYNID0200460204,0.28334159963639355,0,Low
SYNID0200054795,0.2830255011728393,0,Low
SYNID0200445689,0.28277963266131356,0,Low
SYNID0200219097,0.28277963266131356,0,Low
SYNID0200704763,0.28277963266131356,0,Low
SYNID0200992764,0.28277963266131356,0,Low
SYNID0200523906,0.2826801577396851,0,Low
SYNID0200935695,0.2826049314622519,0,Low
SYNID0200458500,0.28251425681620734,0,Low
SYNID0200916788,0.2823147473792672,0,Low
SYNID0200382733,0.2823106774270604,0,Low
SYNID0200660877,0.2821988110266835,0,Low
SYNID0200204089,0.2821980169278534,0,Low
SYNID0200674884,0.28193067769920743,0,Low
SYNID0200249077,0.28169262691430075,0,Low
SYNID0200423503,0.2815937298302291,0,Low
SYNID0200712821,0.28153294036866783,0,Low
SYNID0200467783,0.28150500791648236,0,Low
SYNID0200938007,0.2814523042757897,0,Low
SYNID0200239671,0.28145177613959416,0,Low
SYNID0200624775,0.28130912580508494,0,Low
SYNID0200074591,0.28130078525376645,0,Low
SYNID0200654888,0.28124528918030095,0,Low
SYNID0200152723,0.28118887452304325,0,Low
SYNID0200684846,0.28116961220018855,0,Low
SYNID0200938946,0.28113035440134615,0,Low
SYNID0200547399,0.2811016584808583,0,Low
SYNID0200257028,0.2810761781368625,0,Low
SYNID0200341404,0.28107090689476155,0,Low
SYNID0200888730,0.28095419383165077,0,Low
SYNID0200563805,0.28089296741151065,0,Low
SYNID0200631635,0.280781111072433,0,Low
SYNID0200487040,0.2807758403092059,0,Low
SYNID0200219439,0.28070477343681066,0,Low
SYNID0200646302,0.28067976090059554,0,Low
SYNID0200983660,0.28061512519940873,0,Low
SYNID0200758360,0.2805906215660089,0,Low
SYNID0200401533,0.28056240604840743,0,Low
SYNID0200118301,0.2805452098429494,0,Low
SYNID0200988552,0.2804864020735648,0,Low
SYNID0200454749,0.2800732953673824,0,Low
SYNID0200241691,0.28004169110523824,0,Low
SYNID0200695399,0.2799458412720397,0,Low
SYNID0200047398,0.27993182970830743,0,Low
SYNID0200777078,0.27986437963105937,0,Low
SYNID0200572715,0.27984860027357694,0,Low
SYNID0200286084,0.2796718988496193,0,Low
SYNID0200324940,0.2796494355475232,0,Low
SYNID0200190138,0.2796273738380304,0,Low
SYNID0200277014,0.27962528221646865,0,Low
SYNID0200481673,0.27958052302444253,0,Low
SYNID0200057310,0.2795715790739246,0,Low
SYNID0200866292,0.2794325213702613,0,Low
SYNID0200472087,0.27937912815110044,0,Low
SYNID0200881635,0.2793525496144738,0,Low
SYNID0200630639,0.27927006802823084,0,Low
SYNID0200739402,0.2791052300821881,0,Low
SYNID0200485276,0.2790797743836091,0,Low
SYNID0200596443,0.2789463925219448,0,Low
SYNID0200828021,0.27892600636445464,0,Low
SYNID0200011153,0.27868238150032876,0,Low
SYNID0200295139,0.2786736369413647,0,Low
SYNID0200173660,0.27867195121920596,0,Low
SYNID0200500273,0.27859699333228527,0,Low
SYNID0200019185,0.2785519579203498,0,Low
SYNID0200515081,0.27849545244207363,0,Low
SYNID0200333819,0.2782696011541541,0,Low
SYNID0200563149,0.27814929109902153,0,Low
SYNID0200798062,0.27814255642764396,0,Low
SYNID0200904349,0.2781402420722383,0,Low
SYNID0200042609,0.27808169100975455,0,Low
SYNID0200882494,0.27799382544749535,0,Low
SYNID0200866476,0.2779554482332248,0,Low
SYNID0200313032,0.27783688100147635,0,Low
SYNID0200986822,0.2778281999505642,0,Low
SYNID0200246401,0.2777937138514815,0,Low
SYNID0200933720,0.27774209252311666,0,Low
SYNID0200312324,0.2776870703220483,0,Low
SYNID0200444703,0.2776597051589147,0,Low
SYNID0200534513,0.2776185829810427,0,Low
SYNID0200801153,0.2775843076045158,0,Low
SYNID0200739065,0.27758298303969003,0,Low
SYNID0200625186,0.277566959903231,0,Low
SYNID0200042133,0.2775400532362541,0,Low
SYNID0200447731,0.2774460008323182,0,Low
SYNID0200586682,0.2772421777082513,0,Low
SYNID0200242714,0.2772239404635698,0,Low
SYNID0200097905,0.2771821820404361,0,Low
SYNID0200503926,0.27713154922868255,0,Low
SYNID0200213891,0.2771168289873386,0,Low
SYNID0200676840,0.27706706979328116,0,Low
SYNID0200099069,0.27701464425962075,0,Low
SYNID0200159661,0.27701074667069664,0,Low
SYNID0200146837,0.27692656684109396,0,Low
SYNID0200752486,0.2768785000853282,0,Low
SYNID0200765611,0.27683866746118124,0,Low
SYNID0200405989,0.27665879713197594,0,Low
SYNID0200245116,0.2766558236444553,0,Low
SYNID0200618201,0.27663768037494046,0,Low
SYNID0200700793,0.2765641761593539,0,Low
SYNID0200417459,0.2763457616558977,0,Low
SYNID0200669879,0.2762090779088274,0,Low
SYNID0200655331,0.27619774696889643,0,Low
SYNID0200431677,0.276099479563097,0,Low
SYNID0200730548,0.27609264239266607,0,Low
SYNID0200653126,0.2760459822674903,0,Low
SYNID0200520764,0.27602175241894283,0,Low
SYNID0200851304,0.2759973684188402,0,Low
SYNID0200429891,0.2759800016284464,0,Low
SYNID0200398061,0.27591313580605903,0,Low
SYNID0200062673,0.2757354972610228,0,Low
SYNID0200097443,0.2756909322783177,0,Low
SYNID0200077759,0.27551215268728974,0,Low
SYNID0200124670,0.27539059383159836,0,Low
SYNID0200041757,0.27527227723324665,0,Low
SYNID0200238868,0.2752036537682888,0,Low
SYNID0200404228,0.275130680000116,0,Low
SYNID0200506546,0.2751298956426561,0,Low
SYNID0200115398,0.27490137539133763,0,Low
SYNID0200794031,0.2748933789357614,0,Low
SYNID0200595791,0.274819882754618,0,Low
SYNID0200291257,0.27476443947637297,0,Low
SYNID0200555877,0.2747079305737795,0,Low
SYNID0200910944,0.2746228105997507,0,Low
SYNID0200668734,0.27462012556221543,0,Low
SYNID0200074025,0.274573121173037,0,Low
SYNID0200338768,0.27450742139752926,0,Low
SYNID0200363350,0.2743726095575794,0,Low
SYNID0200642440,0.27436190405072836,0,Low
SYNID0200882424,0.2742387863055853,0,Low
SYNID0200149488,0.2742262585017595,0,Low
SYNID0200518515,0.2740978168882744,0,Low
SYNID0200313031,0.27404493321124673,0,Low
SYNID0200357738,0.27385256199731567,0,Low
SYNID0200162060,0.2737100254606448,0,Low
SYNID0200031989,0.27358409833885283,0,Low
SYNID0200549975,0.2735119613399439,0,Low
SYNID0200588105,0.2734291072538978,0,Low
SYNID0200433501,0.2733769990116943,0,Low
SYNID0200626866,0.27324307025528727,0,Low
SYNID0200688715,0.27319530314459084,0,Low
SYNID0200640263,0.2731206992199804,0,Low
SYNID0200330445,0.27303655931552745,0,Low
SYNID0200460334,0.2730061822514393,0,Low
SYNID0200008489,0.2729538495193924,0,Low
SYNID0200647869,0.272918860237641,0,Low
SYNID0200579424,0.2728671763765622,0,Low
SYNID0200491134,0.2728276781495698,0,Low
SYNID0200680728,0.2727455427251034,0,Low
SYNID0200040263,0.2725271447986638,0,Low
SYNID0200518057,0.272436566602698,0,Low
SYNID0200555367,0.27243268324692616,0,Low
SYNID0200851528,0.27241397917579885,0,Low
SYNID0200547138,0.2723269386851712,0,Low
SYNID0200415858,0.27215402706648406,0,Low
SYNID0200534905,0.27194385844753854,0,Low
SYNID0200096631,0.2718934830495877,0,Low
SYNID0200830097,0.2718497039481157,0,Low
SYNID0200353800,0.2717180774584099,0,Low
SYNID0200589267,0.27171582370092096,0,Low
SYNID0200060564,0.27165788854663653,0,Low
SYNID0200424498,0.2716437202318742,0,Low
SYNID0200318610,0.27142298644677776,0,Low
SYNID0200619829,0.27141238557899405,0,Low
SYNID0200075093,0.27136590043476677,0,Low
SYNID0200680572,0.27101220751001504,0,Low
SYNID0200842426,0.27095926828481726,0,Low
SYNID0200648568,0.27094679021120693,0,Low
SYNID0200654452,0.27092617796380847,0,Low
SYNID0200601997,0.270888651619796,0,Low
SYNID0200956829,0.27088660706861006,0,Low
SYNID0200191601,0.2708648376519615,0,Low
SYNID0200892556,0.27073834167308675,0,Low
SYNID0200231433,0.27057954115076216,0,Low
SYNID0200662480,0.2705689405167583,0,Low
SYNID0200031404,0.27051597841232844,0,Low
SYNID0200445595,0.27047736614570317,0,Low
SYNID0200497755,0.27040337881274445,0,Low
SYNID0200328163,0.27026031817888674,0,Low
SYNID0200872820,0.2700402374127646,0,Low
SYNID0200538929,0.27003465293113293,0,Low
SYNID0200986726,0.2699711990168323,0,Low
SYNID0200705759,0.2698489461784219,0,Low
SYNID0200443853,0.26972678720774423,0,Low
SYNID0200623085,0.26966116579932925,0,Low
SYNID0200758351,0.2695777668551843,0,Low
SYNID0200964318,0.2695055504514249,0,Low
SYNID0200070254,0.26947682664945416,0,Low
SYNID0200140504,0.2694198441204164,0,Low
SYNID0200776088,0.2693465708306736,0,Low
SYNID0200356468,0.26928221762318627,0,Low
SYNID0200683926,0.26915733287198745,0,Low
SYNID0200466730,0.26908950198627757,0,Low
SYNID0200127790,0.26892016916537076,0,Low
SYNID0200752122,0.2688601771918631,0,Low
SYNID0200213552,0.2684705512227865,0,Low
SYNID0200643031,0.26837419903534177,0,Low
SYNID0200672090,0.2682951324866312,0,Low
SYNID0200684273,0.2682872818045733,0,Low
SYNID0200383100,0.26821223553328677,0,Low
SYNID0200771463,0.26815385142445536,0,Low
SYNID0200336976,0.26810186789966084,0,Low
SYNID0200454122,0.2680040852261574,0,Low
SYNID0200968058,0.26787019556116143,0,Low
SYNID0200610215,0.26780780742898636,0,Low
SYNID0200672316,0.2678008343522503,0,Low
SYNID0200094201,0.2676860069852747,0,Low
SYNID0200014318,0.26763254403508907,0,Low
SYNID0200840178,0.2676303214853546,0,Low
SYNID0200649823,0.26753174771153215,0,Low
SYNID0200044707,0.26748558369482794,0,Low
SYNID0200537727,0.2673697055454861,0,Low
SYNID0200570211,0.26731548016520756,0,Low
SYNID0200593995,0.2673026996279087,0,Low
SYNID0200498963,0.26726352763881317,0,Low
SYNID0200632572,0.26717036161682206,0,Low
SYNID0200522911,0.26715972713974057,0,Low
SYNID0200874179,0.267146063694647,0,Low
SYNID0200091324,0.26707418463050486,0,Low
SYNID0200736233,0.26701081848831243,0,Low
SYNID0200523887,0.2669589453050785,0,Low
SYNID0200803649,0.2668205391512479,0,Low
SYNID0200731571,0.26679912819130513,0,Low
SYNID0200178454,0.26678089160461005,0,Low
SYNID0200414389,0.26669012131277714,0,Low
SYNID0200576370,0.26653120505501837,0,Low
SYNID0200715273,0.2663770111740267,0,Low
SYNID0200797854,0.26631110816133724,0,Low
SYNID0200900898,0.2662777029778851,0,Low
SYNID0200383011,0.2662574675395182,0,Low
SYNID0200320026,0.2662284106699392,0,Low
SYNID0200433769,0.2661772057110585,0,Low
SYNID0200332515,0.2661735250032112,0,Low
SYNID0200097251,0.2661388670320137,0,Low
SYNID0200217757,0.26603973703053896,0,Low
SYNID0200223780,0.2660111687420724,0,Low
SYNID0200341956,0.26593958911734106,0,Low
SYNID0200933337,0.26593241070960505,0,Low
SYNID0200587811,0.2658474267832124,0,Low
SYNID0200192852,0.26574401829987515,0,Low
SYNID0200444046,0.2656746340378874,0,Low
SYNID0200059266,0.2656491805692526,0,Low
SYNID0200684919,0.26560903412741543,0,Low
SYNID0200915940,0.2656017577678177,0,Low
SYNID0200285709,0.2654668980245434,0,Low
SYNID0200241190,0.2654313127124483,0,Low
SYNID0200126527,0.2651934389172941,0,Low
SYNID0200262872,0.2650682199949833,0,Low
SYNID0200861243,0.2650236259143008,0,Low
SYNID0200489089,0.26491455324769525,0,Low
SYNID0200290267,0.2648465801296931,0,Low
SYNID0200749013,0.26475425970789246,0,Low
SYNID0200224060,0.2646156700857526,0,Low
SYNID0200195329,0.26461250005759684,0,Low
SYNID0200830497,0.2645748733028208,0,Low
SYNID0200001746,0.2644961278060063,0,Low
SYNID0200155382,0.26445705575935485,0,Low
SYNID0200825079,0.26441321234802995,0,Low
SYNID0200264757,0.26438098326928855,0,Low
SYNID0200414006,0.2643647568531752,0,Low
SYNID0200287433,0.26421718182198495,0,Low
SYNID0200938639,0.2641102878589834,0,Low
SYNID0200382671,0.26406592805508855,0,Low
SYNID0200985503,0.26403064166023,0,Low
SYNID0200150511,0.26398061329624545,0,Low
SYNID0200617281,0.26388043196100164,0,Low
SYNID0200971420,0.2637986585142602,0,Low
SYNID0200927739,0.2637752679664418,0,Low
SYNID0200902049,0.26375174341027174,0,Low
SYNID0200812390,0.26372436598072513,0,Low
SYNID0200340685,0.26358258774086374,0,Low
SYNID0200744055,0.2635680388437106,0,Low
SYNID0200023676,0.26352023388285967,0,Low
SYNID0200350765,0.26341840431992614,0,Low
SYNID0200158022,0.26341648001018947,0,Low
SYNID0200664560,0.2631478925608252,0,Low
SYNID0200772329,0.2631300508704552,0,Low
SYNID0200139108,0.2631152065104616,0,Low
SYNID0200528443,0.2631076581269096,0,Low
SYNID0200490451,0.26305379239163396,0,Low
SYNID0200925472,0.2627773039553526,0,Low
SYNID0200323285,0.2627644576117073,0,Low
SYNID0200253246,0.2626528244568543,0,Low
SYNID0200227680,0.26265110093839983,0,Low
SYNID0200945327,0.2625939000361993,0,Low
SYNID0200274956,0.26252238216116813,0,Low
SYNID0200918325,0.26238806177511054,0,Low
SYNID0200521608,0.2623753867917383,0,Low
SYNID0200660653,0.26234897357350345,0,Low
SYNID0200786667,0.26231784486119747,0,Low
SYNID0200993733,0.2623120316685895,0,Low
SYNID0200382710,0.26218564384152454,0,Low
SYNID0200941852,0.26209456075149273,0,Low
SYNID0200790286,0.2620317197794213,0,Low
SYNID0200156110,0.2620169044757078,0,Low
SYNID0200320876,0.26200122423101074,0,Low
SYNID0200571293,0.26181896580026,0,Low
SYNID0200664717,0.2618164073255954,0,Low
SYNID0200230685,0.26173459470792115,0,Low
SYNID0200858129,0.26173163982438863,0,Low
SYNID0200689325,0.2616891937121257,0,Low
SYNID0200725818,0.26156065214682356,0,Low
SYNID0200080155,0.26154558149172524,0,Low
SYNID0200217850,0.2614405838888384,0,Low
SYNID0200184021,0.26139789825837667,0,Low
SYNID0200698502,0.26119015993980144,0,Low
SYNID0200693650,0.261102625047989,0,Low
SYNID0200316364,0.2609528001847834,0,Low
SYNID0200544535,0.2608942474179581,0,Low
SYNID0200174978,0.2608836777431568,0,Low
SYNID0200974255,0.26085041801290454,0,Low
SYNID0200242354,0.26078708095717346,0,Low
SYNID0200354047,0.2607473292666703,0,Low
SYNID0200012646,0.2607143574091415,0,Low
SYNID0200457219,0.26065619261749184,0,Low
SYNID0200262908,0.26063996865878647,0,Low
SYNID0200397010,0.2606062684507059,0,Low
SYNID0200559193,0.2605514599035048,0,Low
SYNID0200281851,0.26043415623869604,0,Low
SYNID0200817510,0.2604211777003196,0,Low
SYNID0200869917,0.2602572049254408,0,Low
SYNID0200494499,0.260205443898799,0,Low
SYNID0200307610,0.26014606802610274,0,Low
SYNID0200597295,0.2599758922082021,0,Low
SYNID0200169759,0.2599575019665163,0,Low
SYNID0200378061,0.25994549436234815,0,Low
SYNID0200618521,0.25986540172046746,0,Low
SYNID0200853836,0.25976557279978774,0,Low
SYNID0200611270,0.2597585707370022,0,Low
SYNID0200308504,0.2597530377890046,0,Low
SYNID0200512606,0.2597330607246291,0,Low
SYNID0200808138,0.2597081711815292,0,Low
SYNID0200022992,0.2595393843626108,0,Low
SYNID0200293659,0.25951701364776514,0,Low
SYNID0200015077,0.2594623750452656,0,Low
SYNID0200821502,0.2594568202183959,0,Low
SYNID0200094936,0.2594522875579793,0,Low
SYNID0200424061,0.2593173783017488,0,Low
SYNID0200578371,0.25925750548743765,0,Low
SYNID0200873261,0.2592283044057494,0,Low
SYNID0200529142,0.2591393926527709,0,Low
SYNID0200607748,0.2591126579858437,0,Low
SYNID0200183042,0.25900906273898017,0,Low
SYNID0200872864,0.25897234527495105,0,Low
SYNID0200889730,0.2588866119175841,0,Low
SYNID0200087369,0.25869894452062403,0,Low
SYNID0200256171,0.25865443848114145,0,Low
SYNID0200041436,0.25862309773106296,0,Low
SYNID0200838627,0.25853821063779386,0,Low
SYNID0200412598,0.2585295461146493,0,Low
SYNID0200392546,0.25839402722528204,0,Low
SYNID0200918482,0.25837407928244965,0,Low
SYNID0200862207,0.25834422953420033,0,Low
SYNID0200697291,0.25834364385835457,0,Low
SYNID0200688581,0.2582171601314473,0,Low
SYNID0200894002,0.2580497405788954,0,Low
SYNID0200617351,0.25803842747456723,0,Low
SYNID0200788282,0.2580296848583564,0,Low
SYNID0200507354,0.25800066693415447,0,Low
SYNID0200361177,0.257995527585964,0,Low
SYNID0200156698,0.25799063855421267,0,Low
SYNID0200868799,0.2579235907427764,0,Low
SYNID0200616662,0.25789965845606877,0,Low
SYNID0200863038,0.257844619703154,0,Low
SYNID0200022272,0.25772422711783094,0,Low
SYNID0200569437,0.25770976122359623,0,Low
SYNID0200508387,0.2576941530231789,0,Low
SYNID0200983500,0.25768323576358976,0,Low
SYNID0200242868,0.2576621348105176,0,Low
SYNID0200291547,0.2576126276336977,0,Low
SYNID0200207410,0.25751966634488566,0,Low
SYNID0200442608,0.25750839875708076,0,Low
SYNID0200464705,0.25747769413034177,0,Low
SYNID0200241668,0.2573045022797634,0,Low
SYNID0200310099,0.2572564690145272,0,Low
SYNID0200609350,0.2572429190333686,0,Low
SYNID0200125123,0.2572401055083643,0,Low
SYNID0200144067,0.25719359011581,0,Low
SYNID0200315349,0.2571380169304528,0,Low
SYNID0200990651,0.2571270192115154,0,Low
SYNID0200080373,0.2570429940283446,0,Low
SYNID0200808455,0.2569686601294212,0,Low
SYNID0200952905,0.25693938214205936,0,Low
SYNID0200253385,0.2569309527641408,0,Low
SYNID0200649193,0.25687132263224366,0,Low
SYNID0200601172,0.2567789800733531,0,Low
SYNID0200458921,0.2567055646111075,0,Low
SYNID0200729381,0.25665922352885423,0,Low
SYNID0200028424,0.2566450390852373,0,Low
SYNID0200616355,0.25661903080038795,0,Low
SYNID0200566282,0.2565934269690108,0,Low
SYNID0200810966,0.2565366563066691,0,Low
SYNID0200561222,0.2564954351979441,0,Low
SYNID0200544532,0.25631440583879783,0,Low
SYNID0200817020,0.25629778509632095,0,Low
SYNID0200151980,0.2562932391815421,0,Low
SYNID0200921619,0.25628988366077676,0,Low
SYNID0200508384,0.2562144978841655,0,Low
SYNID0200538807,0.2561679692742006,0,Low
SYNID0200025988,0.2561242614835104,0,Low
SYNID0200838085,0.2561029859675985,0,Low
SYNID0200657764,0.25601965227758283,0,Low
SYNID0200113473,0.25598859169562294,0,Low
SYNID0200372731,0.25595024036274266,0,Low
SYNID0200936042,0.25585630734112097,0,Low
SYNID0200510094,0.2558053374057946,0,Low
SYNID0200402255,0.2557730028221814,0,Low
SYNID0200722958,0.2557217991608835,0,Low
SYNID0200752866,0.25568784814742984,0,Low
SYNID0200440688,0.25559941768759387,0,Low
SYNID0200376859,0.25557666935236956,0,Low
SYNID0200924086,0.2555663688460914,0,Low
SYNID0200755512,0.25551586561619083,0,Low
SYNID0200377359,0.25548157822683304,0,Low
SYNID0200542009,0.2554111374811946,0,Low
SYNID0200877761,0.25516958728039746,0,Low
SYNID0200822821,0.2551585842359449,0,Low
SYNID0200470681,0.25512035673563593,0,Low
SYNID0200075942,0.2550485120216139,0,Low
SYNID0200965026,0.2549146351697164,0,Low
SYNID0200516398,0.254896463890101,0,Low
SYNID0200450861,0.25481640124777505,0,Low
SYNID0200537927,0.25462888172771,0,Low
SYNID0200655413,0.25462135963176,0,Low
SYNID0200503663,0.2545059159351525,0,Low
SYNID0200675977,0.25447264998116825,0,Low
SYNID0200735801,0.2544571296832164,0,Low
SYNID0200130884,0.2544427540017987,0,Low
SYNID0200313921,0.25435879283838825,0,Low
SYNID0200921828,0.2543407937367731,0,Low
SYNID0200918135,0.2542896937385251,0,Low
SYNID0200999158,0.25425606429576886,0,Low
SYNID0200832705,0.25424582913999116,0,Low
SYNID0200869622,0.25421849974698163,0,Low
SYNID0200053682,0.25414026651386445,0,Low
SYNID0200684199,0.25413181300744214,0,Low
SYNID0200775298,0.2541009857949196,0,Low
SYNID0200941063,0.253961843270189,0,Low
SYNID0200446904,0.2538315095650984,0,Low
SYNID0200674131,0.25373619776061196,0,Low
SYNID0200744171,0.25369360869916846,0,Low
SYNID0200147848,0.25354902212686004,0,Low
SYNID0200547094,0.25346122695635404,0,Low
SYNID0200900452,0.25345406293296535,0,Low
SYNID0200832583,0.2534531431534258,0,Low
SYNID0200753204,0.2534286391285967,0,Low
SYNID0200280245,0.2534051524342022,0,Low
SYNID0200459483,0.25337646138175884,0,Low
SYNID0200983378,0.25333832429460557,0,Low
SYNID0200169552,0.25327447860126207,0,Low
SYNID0200049964,0.2532289428322726,0,Low
SYNID0200757225,0.2531317906065646,0,Low
SYNID0200206544,0.2530856753743855,0,Low
SYNID0200914537,0.2529977958692289,0,Low
SYNID0200886076,0.2529946778056581,0,Low
SYNID0200221689,0.25296045599441264,0,Low
SYNID0200528299,0.25288273858215116,0,Low
SYNID0200176537,0.2527605589057137,0,Low
SYNID0200573765,0.2527201332010025,0,Low
SYNID0200481119,0.2526243006696067,0,Low
SYNID0200951869,0.2526112095746821,0,Low
SYNID0200278398,0.2526029296815544,0,Low
SYNID0200683815,0.25251253955503483,0,Low
SYNID0200219426,0.2524885364456997,0,Low
SYNID0200752913,0.2524773765907408,0,Low
SYNID0200034787,0.2524512497155885,0,Low
SYNID0200603722,0.25232404270847497,0,Low
SYNID0200389230,0.252282536478617,0,Low
SYNID0200925637,0.25217838130647574,0,Low
SYNID0200439048,0.25215903365877557,0,Low
SYNID0200609730,0.2521584894762487,0,Low
SYNID0200643591,0.25205667471101156,0,Low
SYNID0200139310,0.2520080410976418,0,Low
SYNID0200557780,0.2520062068039366,0,Low
SYNID0200066271,0.25199593225934047,0,Low
SYNID0200324102,0.25196062412502584,0,Low
SYNID0200006806,0.25195394271134597,0,Low
SYNID0200533476,0.25190741566565067,0,Low
SYNID0200813758,0.25185546920169105,0,Low
SYNID0200616929,0.25183518973279123,0,Low
SYNID0200349508,0.25183032463702915,0,Low
SYNID0200523924,0.25179719467113104,0,Low
SYNID0200352243,0.2516975898887043,0,Low
SYNID0200744344,0.2516967074531983,0,Low
SYNID0200625723,0.2516701088703771,0,Low
SYNID0200086967,0.25159450913666115,0,Low
SYNID0200995123,0.2514823222201198,0,Low
SYNID0200761410,0.25133774205556747,0,Low
SYNID0200674592,0.25132859073828073,0,Low
SYNID0200628534,0.25129828772674456,0,Low
SYNID0200533256,0.25104971460285147,0,Low
SYNID0200591017,0.2510389033113318,0,Low
SYNID0200594465,0.25098979757962936,0,Low
SYNID0200307935,0.25093382379511064,0,Low
SYNID0200207466,0.2508053780190753,0,Low
SYNID0200129244,0.2508042505010659,0,Low
SYNID0200374190,0.25079299202700356,0,Low
SYNID0200293715,0.2506809971576077,0,Low
SYNID0200080902,0.2506709696222582,0,Low
SYNID0200369598,0.2506627707122153,0,Low
SYNID0200948439,0.25052955815739697,0,Low
SYNID0200878684,0.2505194579231509,0,Low
SYNID0200059640,0.2503941763479063,0,Low
SYNID0200600546,0.25018728798412715,0,Low
SYNID0200872543,0.2501739921178747,0,Low
SYNID0200751721,0.24995088851556058,0,Low
SYNID0200475240,0.24994131935653455,0,Low
SYNID0200929636,0.24985712503612384,0,Low
SYNID0200691469,0.24982388671878178,0,Low
SYNID0200513254,0.249780221181833,0,Low
SYNID0200932761,0.2497679436823859,0,Low
SYNID0200155221,0.2496594703017849,0,Low
SYNID0200740142,0.2495541571962326,0,Low
SYNID0200861750,0.24951528591929176,0,Low
SYNID0200092834,0.24946571159160835,0,Low
SYNID0200600262,0.24946346216508222,0,Low
SYNID0200065920,0.24937489502435697,0,Low
SYNID0200514506,0.24929990556062237,0,Low
SYNID0200290513,0.24928573280120492,0,Low
SYNID0200788836,0.2492201463331207,0,Low
SYNID0200154998,0.24919795229179303,0,Low
SYNID0200487781,0.2491379411537297,0,Low
SYNID0200041972,0.24912234660060018,0,Low
SYNID0200328843,0.24903610400459927,0,Low
SYNID0200804903,0.24903454313986864,0,Low
SYNID0200163954,0.24903395611883478,0,Low
SYNID0200885888,0.24893515079312845,0,Low
SYNID0200132369,0.2488165267678531,0,Low
SYNID0200781620,0.24879621599033577,0,Low
SYNID0200547467,0.24877711873594932,0,Low
SYNID0200224400,0.24872716704965028,0,Low
SYNID0200699762,0.2487012097020094,0,Low
SYNID0200960414,0.24862766348916798,0,Low
SYNID0200806779,0.24859268967585113,0,Low
SYNID0200480063,0.24859180043706977,0,Low
SYNID0200590188,0.24856312844332434,0,Low
SYNID0200052059,0.24852811197297422,0,Low
SYNID0200264246,0.24849274303488056,0,Low
SYNID0200345796,0.24841180461003604,0,Low
SYNID0200935847,0.2483709157887544,0,Low
SYNID0200346658,0.24829468919166117,0,Low
SYNID0200361513,0.24798706053264097,0,Low
SYNID0200005514,0.24794764557907606,0,Low
SYNID0200125002,0.2478939649692211,0,Low
SYNID0200539192,0.24785714386937502,0,Low
SYNID0200317173,0.2478372663629738,0,Low
SYNID0200655172,0.24768372858745785,0,Low
SYNID0200890192,0.24762322713446533,0,Low
SYNID0200852823,0.24761047738917624,0,Low
SYNID0200904012,0.24760337129255128,0,Low
SYNID0200644341,0.24754808789284505,0,Low
SYNID0200847068,0.24754606699085746,0,Low
SYNID0200304932,0.2475402995845702,0,Low
SYNID0200820059,0.24746615637672212,0,Low
SYNID0200532795,0.24745885633265324,0,Low
SYNID0200674969,0.2474192582726255,0,Low
SYNID0200497821,0.24741811541841943,0,Low
SYNID0200562299,0.2473135468147454,0,Low
SYNID0200345407,0.2472870017476199,0,Low
SYNID0200452952,0.24728512564970703,0,Low
SYNID0200816489,0.24723732276738336,0,Low
SYNID0200522659,0.2471823531157485,0,Low
SYNID0200115296,0.24717134252769296,0,Low
SYNID0200936901,0.24702802382159236,0,Low
SYNID0200989358,0.24697555544791583,0,Low
SYNID0200719678,0.24683986706761293,0,Low
SYNID0200840267,0.24680235960921246,0,Low
SYNID0200123485,0.24669666086532932,0,Low
SYNID0200874682,0.24663081931601,0,Low
SYNID0200876558,0.2466045622015731,0,Low
SYNID0200057137,0.24660111535010334,0,Low
SYNID0200646558,0.2465590771781232,0,Low
SYNID0200980603,0.246518449942798,0,Low
SYNID0200704263,0.24650222376230266,0,Low
SYNID0200737941,0.24644258764093444,0,Low
SYNID0200744898,0.2463293590429213,0,Low
SYNID0200226728,0.24628826237853493,0,Low
SYNID0200056757,0.24625531796770936,0,Low
SYNID0200119448,0.2461635952156273,0,Low
SYNID0200565832,0.24614766286389236,0,Low
SYNID0200800503,0.24612631912170013,0,Low
SYNID0200971324,0.2461198393095073,0,Low
SYNID0200617513,0.24606513081903017,0,Low
SYNID0200285286,0.24598475587577254,0,Low
SYNID0200231017,0.24589148935098498,0,Low
SYNID0200264063,0.24585111291534714,0,Low
SYNID0200594668,0.24581984632327603,0,Low
SYNID0200357091,0.2457837833031576,0,Low
SYNID0200872902,0.24577029800789701,0,Low
SYNID0200199099,0.2457422789106703,0,Low
SYNID0200477792,0.24572593023502795,0,Low
SYNID0200404293,0.24569970121427498,0,Low
SYNID0200092876,0.2456062308991157,0,Low
SYNID0200789151,0.24555777992237224,0,Low
SYNID0200774321,0.24555121301728255,0,Low
SYNID0200691500,0.24554471400138075,0,Low
SYNID0200570879,0.24553083172171372,0,Low
SYNID0200470918,0.24550499741020718,0,Low
SYNID0200491361,0.2454492258891687,0,Low
SYNID0200108752,0.24542158381189128,0,Low
SYNID0200294747,0.24525308654288117,0,Low
SYNID0200434993,0.24518593739557432,0,Low
SYNID0200795055,0.24516621948724548,0,Low
SYNID0200211681,0.2451625170981963,0,Low
SYNID0200437893,0.2451210191670787,0,Low
SYNID0200339597,0.24511966526690232,0,Low
SYNID0200191293,0.2450552247996438,0,Low
SYNID0200093427,0.24505364606260402,0,Low
SYNID0200097212,0.24499566179275162,0,Low
SYNID0200585983,0.24495711931937006,0,Low
SYNID0200701511,0.2449214962849064,0,Low
SYNID0200113347,0.24480973063551453,0,Low
SYNID0200309461,0.24475378262796094,0,Low
SYNID0200839040,0.24469982549215452,0,Low
SYNID0200408145,0.24469603290312855,0,Low
SYNID0200301160,0.24467563356419478,0,Low
SYNID0200364461,0.24451468251726194,0,Low
SYNID0200865084,0.24450865032641483,0,Low
SYNID0200566608,0.24446182941125846,0,Low
SYNID0200007833,0.24443701319677294,0,Low
SYNID0200220850,0.24436550482330577,0,Low
SYNID0200971699,0.24416808710752255,0,Low
SYNID0200310854,0.2441599787250852,0,Low
SYNID0200453886,0.2441388811929983,0,Low
SYNID0200388614,0.24410462144082157,0,Low
SYNID0200706712,0.24409853471405674,0,Low
SYNID0200852115,0.24393086309954362,0,Low
SYNID0200616163,0.2438813031151976,0,Low
SYNID0200615354,0.24384295546928406,0,Low
SYNID0200451382,0.24380658055914878,0,Low
SYNID0200223485,0.2437498920033288,0,Low
SYNID0200480606,0.2437155259270484,0,Low
SYNID0200774478,0.2437144768295676,0,Low
SYNID0200314902,0.24368860986985294,0,Low
SYNID0200170006,0.2436772720114237,0,Low
SYNID0200803199,0.24367519818447386,0,Low
SYNID0200203652,0.24367508639270805,0,Low
SYNID0200485957,0.2436333772555996,0,Low
SYNID0200565635,0.24360165639546272,0,Low
SYNID0200983390,0.24356339135265132,0,Low
SYNID0200864828,0.2435379896514982,0,Low
SYNID0200430787,0.2435092902178799,0,Low
SYNID0200076556,0.2434883223894929,0,Low
SYNID0200127022,0.24344356012608412,0,Low
SYNID0200157766,0.24342596329655417,0,Low
SYNID0200145318,0.2433003615976188,0,Low
SYNID0200981108,0.24317860669665872,0,Low
SYNID0200355307,0.2431741906700106,0,Low
SYNID0200886648,0.2430021371197571,0,Low
SYNID0200419461,0.24292895950665777,0,Low
SYNID0200526730,0.24289349283062506,0,Low
SYNID0200978038,0.24286630524954692,0,Low
SYNID0200978675,0.24285809823113033,0,Low
SYNID0200909328,0.24267908712062441,0,Low
SYNID0200527213,0.24265907285666602,0,Low
SYNID0200293899,0.24259972110619818,0,Low
SYNID0200447884,0.2424792508227464,0,Low
SYNID0200655075,0.24230662504479392,0,Low
SYNID0200790200,0.24228722083389295,0,Low
SYNID0200455731,0.24227830736890227,0,Low
SYNID0200227891,0.24211773443452522,0,Low
SYNID0200396592,0.24189098902036538,0,Low
SYNID0200242122,0.24186901243790074,0,Low
SYNID0200780381,0.24180968771298772,0,Low
SYNID0200340208,0.2416613782924088,0,Low
SYNID0200505910,0.24165211966202324,0,Low
SYNID0200328282,0.24162823411861106,0,Low
SYNID0200872519,0.24159460151101667,0,Low
SYNID0200412959,0.24158171364208572,0,Low
SYNID0200827958,0.24155348885739406,0,Low
SYNID0200742665,0.2414657916868477,0,Low
SYNID0200724296,0.24140254922972573,0,Low
SYNID0200349589,0.24131112025812548,0,Low
SYNID0200620797,0.24128064537193256,0,Low
SYNID0200048358,0.24127155497686217,0,Low
SYNID0200246049,0.24121180141930976,0,Low
SYNID0200374708,0.24117530877106175,0,Low
SYNID0200339329,0.24109296640645328,0,Low
SYNID0200717878,0.24107292667062427,0,Low
SYNID0200467805,0.24105335792421723,0,Low
SYNID0200113655,0.2410398911323586,0,Low
SYNID0200337102,0.24103108360668657,0,Low
SYNID0200810782,0.24100883659141145,0,Low
SYNID0200235456,0.2409308544794479,0,Low
SYNID0200883538,0.24091311698663065,0,Low
SYNID0200755030,0.24087581262593144,0,Low
SYNID0200846104,0.24084567456094813,0,Low
SYNID0200466225,0.2408383847935025,0,Low
SYNID0200791764,0.24078509322303457,0,Low
SYNID0200131631,0.24077747813052391,0,Low
SYNID0200774950,0.24068152655642983,0,Low
SYNID0200517953,0.2406679469165758,0,Low
SYNID0200921473,0.2406655431132992,0,Low
SYNID0200713264,0.24061717646403843,0,Low
SYNID0200907445,0.2405865515294776,0,Low
SYNID0200629137,0.24051531958222305,0,Low
SYNID0200212350,0.24051104795410547,0,Low
SYNID0200532213,0.24045154801208402,0,Low
SYNID0200521239,0.24032760334637865,0,Low
SYNID0200489546,0.24031257755236093,0,Low
SYNID0200433791,0.2402971960534961,0,Low
SYNID0200483995,0.24021120324524603,0,Low
SYNID0200154776,0.23995065690840023,0,Low
SYNID0200018020,0.23989616181364617,0,Low
SYNID0200019334,0.23987586564562818,0,Low
SYNID0200770329,0.23986028522533961,0,Low
SYNID0200522476,0.23983799055227603,0,Low
SYNID0200021454,0.23975181657843722,0,Low
SYNID0200159057,0.23968657021931794,0,Low
SYNID0200172520,0.2396355480934933,0,Low
SYNID0200567304,0.2396084545037938,0,Low
SYNID0200620515,0.23957573745844898,0,Low
SYNID0200118413,0.23950908353858574,0,Low
SYNID0200452685,0.2394737442938866,0,Low
SYNID0200422690,0.2394704710242639,0,Low
SYNID0200999482,0.23942664526433702,0,Low
SYNID0200153055,0.23932982644071935,0,Low
SYNID0200896467,0.23926777395576876,0,Low
SYNID0200377317,0.2392426591183098,0,Low
SYNID0200929835,0.23920165484049133,0,Low
SYNID0200570603,0.2391857929718557,0,Low
SYNID0200060612,0.23916797719704144,0,Low
SYNID0200277097,0.23914429933894707,0,Low
SYNID0200058125,0.23906894368990056,0,Low
SYNID0200248306,0.23906139395798692,0,Low
SYNID0200143362,0.23900795486766344,0,Low
SYNID0200482923,0.2389240198257564,0,Low
SYNID0200214322,0.23889105887653694,0,Low
SYNID0200537412,0.23887150528987777,0,Low
SYNID0200080216,0.23862803934199742,0,Low
SYNID0200367458,0.23858362805188632,0,Low
SYNID0200460096,0.23842387714266736,0,Low
SYNID0200446851,0.23839423513454233,0,Low
SYNID0200860592,0.23830887018470817,0,Low
SYNID0200581943,0.23828491178670377,0,Low
SYNID0200308177,0.23823227623326437,0,Low
SYNID0200426529,0.2382105576665879,0,Low
SYNID0200149656,0.23807455253333426,0,Low
SYNID0200832632,0.23805813686020524,0,Low
SYNID0200082968,0.2378762453812421,0,Low
SYNID0200381222,0.23786525771064804,0,Low
SYNID0200436086,0.23782471704395966,0,Low
SYNID0200958492,0.2377890216432607,0,Low
SYNID0200505367,0.23775176856122354,0,Low
SYNID0200113545,0.23774292035081146,0,Low
SYNID0200290455,0.2376908600184902,0,Low
SYNID0200569846,0.2374333956727195,0,Low
SYNID0200358768,0.23743325973186086,0,Low
SYNID0200434084,0.23742663254274204,0,Low
SYNID0200408351,0.2373025696400058,0,Low
SYNID0200068741,0.23726664162898836,0,Low
SYNID0200078719,0.23725636588653706,0,Low
SYNID0200778730,0.23725501490641407,0,Low
SYNID0200570223,0.23725206846798502,0,Low
SYNID0200894351,0.23717394329426603,0,Low
SYNID0200201259,0.23709475242539704,0,Low
SYNID0200231330,0.23708223704754605,0,Low
SYNID0200197671,0.2370661335997498,0,Low
SYNID0200647137,0.23685383821166897,0,Low
SYNID0200301402,0.2368081272311399,0,Low
SYNID0200224430,0.23677051281959247,0,Low
SYNID0200511003,0.23669577196671576,0,Low
SYNID0200603116,0.23668723633314573,0,Low
SYNID0200719610,0.23668168563208136,0,Low
SYNID0200713131,0.23665812800127276,0,Low
SYNID0200381139,0.2366512080069177,0,Low
SYNID0200812038,0.23665009753583335,0,Low
SYNID0200150010,0.2365854810934276,0,Low
SYNID0200792092,0.23657158404055995,0,Low
SYNID0200635226,0.23655079041838595,0,Low
SYNID0200290070,0.23652538158226724,0,Low
SYNID0200361107,0.2365155722624403,0,Low
SYNID0200365245,0.23649713188407234,0,Low
SYNID0200237656,0.23648530018944222,0,Low
SYNID0200517512,0.2364405348881391,0,Low
SYNID0200854405,0.23643787676471062,0,Low
SYNID0200513104,0.23643662565822293,0,Low
SYNID0200637433,0.2364162900984389,0,Low
SYNID0200015836,0.2363282484599769,0,Low
SYNID0200484478,0.23631887159662648,0,Low
SYNID0200951276,0.23631557988965854,0,Low
SYNID0200576980,0.23626471262573107,0,Low
SYNID0200513955,0.2362605174068901,0,Low
SYNID0200157876,0.23612499296043662,0,Low
SYNID0200376504,0.23612409625898062,0,Low
SYNID0200027516,0.2360937839529276,0,Low
SYNID0200954331,0.23602668549786068,0,Low
SYNID0200073933,0.23600868069799497,0,Low
SYNID0200763301,0.23598345901906856,0,Low
SYNID0200064688,0.23594525883907558,0,Low
SYNID0200245884,0.2359086366321188,0,Low
SYNID0200479478,0.23588358410212235,0,Low
SYNID0200190132,0.2358831653446824,0,Low
SYNID0200047756,0.23587921678111118,0,Low
SYNID0200765906,0.2358761340982832,0,Low
SYNID0200928884,0.23582465408597497,0,Low
SYNID0200419862,0.23579644285865842,0,Low
SYNID0200653793,0.23576792790237067,0,Low
SYNID0200119433,0.23573882238939703,0,Low
SYNID0200748233,0.2356685956808899,0,Low
SYNID0200887590,0.23565071592002376,0,Low
SYNID0200058992,0.23562832675108444,0,Low
SYNID0200110937,0.2356221698374069,0,Low
SYNID0200818912,0.23558880087363238,0,Low
SYNID0200059954,0.2355257348415848,0,Low
SYNID0200402842,0.23537538133642166,0,Low
SYNID0200737517,0.2352583712130486,0,Low
SYNID0200273634,0.23521523125386165,0,Low
SYNID0200774893,0.2351831191374566,0,Low
SYNID0200331738,0.23517871214428554,0,Low
SYNID0200316062,0.23517809955399638,0,Low
SYNID0200595180,0.2351709633867325,0,Low
SYNID0200675830,0.23517011851058564,0,Low
SYNID0200437253,0.235090122436048,0,Low
SYNID0200668479,0.23505342510675187,0,Low
SYNID0200044448,0.2350428602732782,0,Low
SYNID0200082222,0.2350364520776836,0,Low
SYNID0200847041,0.23503274062257967,0,Low
SYNID0200815708,0.23500444566494244,0,Low
SYNID0200430184,0.2346916100391761,0,Low
SYNID0200098894,0.23456300160358004,0,Low
SYNID0200059448,0.23453394126714555,0,Low
SYNID0200630634,0.23449747143523333,0,Low
SYNID0200316329,0.23447105132439863,0,Low
SYNID0200046628,0.23443729220426254,0,Low
SYNID0200565834,0.23442138806601975,0,Low
SYNID0200602416,0.23440917079244053,0,Low
SYNID0200243131,0.23434046498612077,0,Low
SYNID0200287796,0.23431679060764068,0,Low
SYNID0200468229,0.2343119952345942,0,Low
SYNID0200412882,0.2342486385451094,0,Low
SYNID0200300765,0.23421376261130927,0,Low
SYNID0200501181,0.23419973548344505,0,Low
SYNID0200662594,0.23410654157187338,0,Low
SYNID0200342086,0.23408848337585067,0,Low
SYNID0200330879,0.23405818022196997,0,Low
SYNID0200591903,0.23401723411375291,0,Low
SYNID0200643175,0.23400865052900252,0,Low
SYNID0200793099,0.2338565831422994,0,Low
SYNID0200041239,0.23384192061219625,0,Low
SYNID0200381579,0.23380082469413435,0,Low
SYNID0200588854,0.233781108260555,0,Low
SYNID0200163985,0.2337806962425649,0,Low
SYNID0200676540,0.23366069017713814,0,Low
SYNID0200405702,0.23365030608801618,0,Low
SYNID0200517646,0.23364053056868483,0,Low
SYNID0200624138,0.2334220959449323,0,Low
SYNID0200356621,0.23337162208050366,0,Low
SYNID0200422945,0.23331081769426076,0,Low
SYNID0200790569,0.23328249572367543,0,Low
SYNID0200245293,0.233261592457216,0,Low
SYNID0200642270,0.23321419542896266,0,Low
SYNID0200745631,0.2331610435052841,0,Low
SYNID0200474972,0.23313630125112703,0,Low
SYNID0200347829,0.23299185600428285,0,Low
SYNID0200278695,0.23297906404535604,0,Low
SYNID0200716044,0.2329120917917001,0,Low
SYNID0200467709,0.2329011493557822,0,Low
SYNID0200924860,0.23279567300333465,0,Low
SYNID0200119832,0.23272373179291153,0,Low
SYNID0200401854,0.23270016928059672,0,Low
SYNID0200083346,0.23264858012776957,0,Low
SYNID0200717636,0.2326327870712784,0,Low
SYNID0200013564,0.23246516898721092,0,Low
SYNID0200873133,0.23239733852979216,0,Low
SYNID0200047813,0.23227941081266218,0,Low
SYNID0200996762,0.23222888522879706,0,Low
SYNID0200639290,0.232168024672937,0,Low
SYNID0200670833,0.23193612260038265,0,Low
SYNID0200781844,0.23193091644679295,0,Low
SYNID0200254397,0.23187012515286473,0,Low
SYNID0200092992,0.23175846457627497,0,Low
SYNID0200970725,0.2317418803597519,0,Low
SYNID0200050536,0.2317124737665882,0,Low
SYNID0200739370,0.23166210272485144,0,Low
SYNID0200956574,0.23161465511595664,0,Low
SYNID0200938648,0.23160807587110627,0,Low
SYNID0200413350,0.2315982485696379,0,Low
SYNID0200593427,0.2315922248517075,0,Low
SYNID0200153723,0.23158036666384457,0,Low
SYNID0200172422,0.23156893300411652,0,Low
SYNID0200211200,0.23148436167916442,0,Low
SYNID0200627772,0.2314382125705065,0,Low
SYNID0200048695,0.23139154602542494,0,Low
SYNID0200802779,0.23135294451572092,0,Low
SYNID0200963209,0.23132672086860323,0,Low
SYNID0200858260,0.23123310922089751,0,Low
SYNID0200586068,0.23117723730155487,0,Low
SYNID0200531948,0.23103217094143924,0,Low
SYNID0200588704,0.23101482136746315,0,Low
SYNID0200218882,0.23100406516131144,0,Low
SYNID0200912222,0.2309727907684781,0,Low
SYNID0200062723,0.23087885150398552,0,Low
SYNID0200086374,0.23085756471064484,0,Low
SYNID0200879542,0.230833720681355,0,Low
SYNID0200849663,0.23080675840287312,0,Low
SYNID0200464009,0.23080206939359682,0,Low
SYNID0200538560,0.23075413342348344,0,Low
SYNID0200507776,0.23062036790055912,0,Low
SYNID0200190427,0.23057155342326663,0,Low
SYNID0200328590,0.23046426857225583,0,Low
SYNID0200850882,0.23045809039410997,0,Low
SYNID0200798294,0.23041126599541595,0,Low
SYNID0200337032,0.2303864967567656,0,Low
SYNID0200832022,0.23027681427570224,0,Low
SYNID0200619837,0.23023654951769046,0,Low
SYNID0200835463,0.2302013017271307,0,Low
SYNID0200266712,0.23018245867991793,0,Low
SYNID0200472614,0.23000939924690988,0,Low
SYNID0200522994,0.22999998537550953,0,Low
SYNID0200271454,0.22999350248347983,0,Low
SYNID0200222317,0.22994552853112743,0,Low
SYNID0200270434,0.22994364971001952,0,Low
SYNID0200135714,0.22989285760903083,0,Low
SYNID0200497405,0.2298172955350951,0,Low
SYNID0200690329,0.22978057661400914,0,Low
SYNID0200664346,0.2296719673489011,0,Low
SYNID0200971024,0.22964693516309442,0,Low
SYNID0200527533,0.22950396706250725,0,Low
SYNID0200020404,0.22939190331612525,0,Low
SYNID0200541801,0.22938780508173523,0,Low
SYNID0200718022,0.22938251674661564,0,Low
SYNID0200258348,0.22926457897818725,0,Low
SYNID0200279095,0.22925534094741334,0,Low
SYNID0200571314,0.22922744871911055,0,Low
SYNID0200558541,0.22921629480439137,0,Low
SYNID0200626539,0.22920596478248156,0,Low
SYNID0200863793,0.22919456699894514,0,Low
SYNID0200414142,0.22915418661289616,0,Low
SYNID0200049338,0.22913995700223955,0,Low
SYNID0200600449,0.22913338605410177,0,Low
SYNID0200250640,0.2291168470083036,0,Low
SYNID0200602279,0.22911414394678586,0,Low
SYNID0200859128,0.22893321448186493,0,Low
SYNID0200326333,0.2289173622340377,0,Low
SYNID0200681629,0.22886427907597712,0,Low
SYNID0200923233,0.22883410715297586,0,Low
SYNID0200731994,0.228821500731201,0,Low
SYNID0200228129,0.2287677579831801,0,Low
SYNID0200273751,0.22864981539708146,0,Low
SYNID0200511598,0.22864502989898572,0,Low
SYNID0200216125,0.2286150691998523,0,Low
SYNID0200619086,0.22847859635621287,0,Low
SYNID0200702419,0.22846106603757255,0,Low
SYNID0200545891,0.22840872081430608,0,Low
SYNID0200657185,0.2283995964306627,0,Low
SYNID0200718267,0.2283664856741231,0,Low
SYNID0200196547,0.2283583837420063,0,Low
SYNID0200555315,0.22832005384020598,0,Low
SYNID0200628475,0.22831141793323573,0,Low
SYNID0200462548,0.22831098245270748,0,Low
SYNID0200595822,0.22823930923981944,0,Low
SYNID0200739720,0.2282163542457396,0,Low
SYNID0200871361,0.22818814801051962,0,Low
SYNID0200864253,0.22804532494506946,0,Low
SYNID0200294013,0.22803463377028294,0,Low
SYNID0200696991,0.22802347009109664,0,Low
SYNID0200280020,0.22801909908484774,0,Low
SYNID0200162571,0.22797633353603652,0,Low
SYNID0200882716,0.22795043009242788,0,Low
SYNID0200131828,0.2279425332186556,0,Low
SYNID0200746603,0.22794086502947236,0,Low
SYNID0200173289,0.2279215414444925,0,Low
SYNID0200057730,0.2279044697069823,0,Low
SYNID0200862962,0.22788840944193806,0,Low
SYNID0200146338,0.22787408782107454,0,Low
SYNID0200892138,0.22780691876985376,0,Low
SYNID0200165189,0.22778589271075617,0,Low
SYNID0200746837,0.22774292130046336,0,Low
SYNID0200649186,0.2277390764134441,0,Low
SYNID0200633604,0.22769455952460577,0,Low
SYNID0200139807,0.22761909710172895,0,Low
SYNID0200091246,0.22760142351060958,0,Low
SYNID0200332257,0.22757540739984644,0,Low
SYNID0200904554,0.22753520245291725,0,Low
SYNID0200137496,0.22753025144535155,0,Low
SYNID0200439592,0.22752163578335055,0,Low
SYNID0200229962,0.22750999663755345,0,Low
SYNID0200718302,0.22747863125978918,0,Low
SYNID0200799081,0.22738714414714667,0,Low
SYNID0200216400,0.2273685447000508,0,Low
SYNID0200819380,0.2273266020763266,0,Low
SYNID0200455319,0.22730992996255495,0,Low
SYNID0200360031,0.22722973383842432,0,Low
SYNID0200134695,0.22720435089487645,0,Low
SYNID0200140222,0.2271960125889279,0,Low
SYNID0200840433,0.22714107574939024,0,Low
SYNID0200085976,0.2270179190760414,0,Low
SYNID0200975820,0.2270139745897541,0,Low
SYNID0200459231,0.22687899548538665,0,Low
SYNID0200189954,0.22685925288663522,0,Low
SYNID0200420371,0.2268219682038708,0,Low
SYNID0200337545,0.22677495583914747,0,Low
SYNID0200225466,0.22674888093029372,0,Low
SYNID0200440438,0.22662421036064284,0,Low
SYNID0200004651,0.22662395808473973,0,Low
SYNID0200453707,0.22659277763810504,0,Low
SYNID0200086080,0.2265319740167942,0,Low
SYNID0200275280,0.2265249704989224,0,Low
SYNID0200569666,0.22643763529664412,0,Low
SYNID0200663490,0.2264368932711754,0,Low
SYNID0200781598,0.226436206300012,0,Low
SYNID0200405106,0.22642919700108027,0,Low
SYNID0200616089,0.2264037787772411,0,Low
SYNID0200602761,0.2263894603659798,0,Low
SYNID0200007554,0.2262162299411481,0,Low
SYNID0200257329,0.22620304885416537,0,Low
SYNID0200153738,0.22618325997859579,0,Low
SYNID0200795927,0.2261595142128488,0,Low
SYNID0200555443,0.2260702741161702,0,Low
SYNID0200730323,0.226016487043958,0,Low
SYNID0200706718,0.22599441258776748,0,Low
SYNID0200813037,0.22594026178192467,0,Low
SYNID0200731446,0.22589544045778442,0,Low
SYNID0200985003,0.22584209816288092,0,Low
SYNID0200118050,0.225672645454909,0,Low
SYNID0200524968,0.22558078376839275,0,Low
SYNID0200448654,0.2255481606425399,0,Low
SYNID0200798778,0.2255219763070186,0,Low
SYNID0200177011,0.22548465972041182,0,Low
SYNID0200631227,0.22547738266905287,0,Low
SYNID0200326758,0.2254437909440013,0,Low
SYNID0200237978,0.2254376447570689,0,Low
SYNID0200054348,0.22542746390160912,0,Low
SYNID0200095146,0.22537865622245773,0,Low
SYNID0200053093,0.22537192637183884,0,Low
SYNID0200437970,0.22536758219430153,0,Low
SYNID0200185495,0.22534213149186122,0,Low
SYNID0200036272,0.22531071883627452,0,Low
SYNID0200424187,0.22529662648184956,0,Low
SYNID0200668474,0.22526280917710872,0,Low
SYNID0200752103,0.22520549416662128,0,Low
SYNID0200032644,0.2251912269985869,0,Low
SYNID0200657105,0.2251768200882175,0,Low
SYNID0200434548,0.22515253975896343,0,Low
SYNID0200604131,0.22512678000884662,0,Low
SYNID0200103947,0.22511943424260294,0,Low
SYNID0200818158,0.22511419821464962,0,Low
SYNID0200639911,0.22504494111364143,0,Low
SYNID0200690396,0.2249975336060595,0,Low
SYNID0200212034,0.2249537094366756,0,Low
SYNID0200906624,0.224890683157849,0,Low
SYNID0200176257,0.22488814718362826,0,Low
SYNID0200740406,0.22488480742305034,0,Low
SYNID0200401359,0.2248167240685493,0,Low
SYNID0200236590,0.22477513884931866,0,Low
SYNID0200728288,0.2247309252004147,0,Low
SYNID0200565743,0.22470997486433336,0,Low
SYNID0200673766,0.2246903665518335,0,Low
SYNID0200132229,0.22463730319953312,0,Low
SYNID0200397293,0.2246330926564482,0,Low
SYNID0200687620,0.22462329367638373,0,Low
SYNID0200464860,0.22460859848287784,0,Low
SYNID0200842864,0.22453507335240563,0,Low
SYNID0200923915,0.22452692531355234,0,Low
SYNID0200210352,0.2244879394546737,0,Low
SYNID0200773160,0.22447486360666302,0,Low
SYNID0200169106,0.2243253184809464,0,Low
SYNID0200379812,0.2243011157993936,0,Low
SYNID0200893694,0.2242338418216661,0,Low
SYNID0200072326,0.22423252152375384,0,Low
SYNID0200610128,0.22421112041179353,0,Low
SYNID0200953607,0.22411305387173425,0,Low
SYNID0200503990,0.22411076152066928,0,Low
SYNID0200295536,0.22393142201994481,0,Low
SYNID0200603733,0.2238551236210249,0,Low
SYNID0200045961,0.22384628702682408,0,Low
SYNID0200515425,0.22376042250620454,0,Low
SYNID0200623947,0.22375246909558943,0,Low
SYNID0200976109,0.22369126483386914,0,Low
SYNID0200683608,0.22368544428579767,0,Low
SYNID0200615712,0.22363183844710843,0,Low
SYNID0200421298,0.22357618767282772,0,Low
SYNID0200377163,0.22357169110938668,0,Low
SYNID0200893325,0.22355553953946372,0,Low
SYNID0200763435,0.22351818233352871,0,Low
SYNID0200234613,0.2235106168439674,0,Low
SYNID0200054159,0.22349030662632952,0,Low
SYNID0200893653,0.22348842719157558,0,Low
SYNID0200287994,0.22337035212470768,0,Low
SYNID0200786688,0.22333734382109666,0,Low
SYNID0200930517,0.2232972301099213,0,Low
SYNID0200914127,0.22328190249880825,0,Low
SYNID0200706600,0.22325752343476873,0,Low
SYNID0200701399,0.22323130271558322,0,Low
SYNID0200005125,0.22312341383649548,0,Low
SYNID0200337829,0.22296235610809706,0,Low
SYNID0200734082,0.22292198362308008,0,Low
SYNID0200918173,0.22288004000351108,0,Low
SYNID0200815875,0.22281007688214216,0,Low
SYNID0200420648,0.2227313157019411,0,Low
SYNID0200523037,0.22272866675292297,0,Low
SYNID0200328322,0.22247367114111033,0,Low
SYNID0200097381,0.22235464694002904,0,Low
SYNID0200608818,0.222345153193868,0,Low
SYNID0200056733,0.22230968693902353,0,Low
SYNID0200729716,0.22228417324883099,0,Low
SYNID0200810254,0.2222736571981071,0,Low
SYNID0200490233,0.2222460551027184,0,Low
SYNID0200917808,0.22223425845164962,0,Low
SYNID0200325139,0.22221578459280467,0,Low
SYNID0200932050,0.22213674066673583,0,Low
SYNID0200869835,0.22212344075997603,0,Low
SYNID0200063661,0.2221131009616138,0,Low
SYNID0200704608,0.22210563080350287,0,Low
SYNID0200371146,0.2220558891275008,0,Low
SYNID0200775541,0.22203816770175444,0,Low
SYNID0200232228,0.2220075785220752,0,Low
SYNID0200080941,0.22199156554860205,0,Low
SYNID0200261369,0.22197553849070434,0,Low
SYNID0200339848,0.22189490085236463,0,Low
SYNID0200495642,0.22188176843630053,0,Low
SYNID0200033301,0.22175938093174552,0,Low
SYNID0200773949,0.2217562930965703,0,Low
SYNID0200222788,0.22173429421706098,0,Low
SYNID0200155031,0.2217311291534484,0,Low
SYNID0200567996,0.22166492955688916,0,Low
SYNID0200354813,0.22163785640234535,0,Low
SYNID0200756385,0.2215315993735935,0,Low
SYNID0200599186,0.22153034084137496,0,Low
SYNID0200082487,0.2215041943382388,0,Low
SYNID0200749030,0.22148270726914698,0,Low
SYNID0200326493,0.22147226724315466,0,Low
SYNID0200883292,0.22143364616348937,0,Low
SYNID0200319910,0.22141070931887463,0,Low
SYNID0200800375,0.2212899253541969,0,Low
SYNID0200235709,0.2212633674893107,0,Low
SYNID0200142709,0.2212584720166907,0,Low
SYNID0200561287,0.22123060848678716,0,Low
SYNID0200692999,0.22114602776393205,0,Low
SYNID0200211632,0.22113175876935504,0,Low
SYNID0200781248,0.22111152655638994,0,Low
SYNID0200463811,0.22110384472559563,0,Low
SYNID0200416890,0.22102033099514018,0,Low
SYNID0200580400,0.22100276377799055,0,Low
SYNID0200748601,0.22096904537049966,0,Low
SYNID0200926405,0.22096689662871982,0,Low
SYNID0200820055,0.22094454525044466,0,Low
SYNID0200496724,0.2208662821939757,0,Low
SYNID0200264094,0.22073644814995208,0,Low
SYNID0200169482,0.22069828846593237,0,Low
SYNID0200972471,0.22055609942624205,0,Low
SYNID0200155407,0.2205363481182528,0,Low
SYNID0200741137,0.2205112310484459,0,Low
SYNID0200519112,0.2204752075097633,0,Low
SYNID0200589004,0.22047371223523937,0,Low
SYNID0200734404,0.22043697543542612,0,Low
SYNID0200640067,0.22042253148404028,0,Low
SYNID0200833348,0.22029766366853187,0,Low
SYNID0200579269,0.22013188191281657,0,Low
SYNID0200471097,0.22007433352597705,0,Low
SYNID0200865064,0.21993548321276007,0,Low
SYNID0200303699,0.2198985820376903,0,Low
SYNID0200513510,0.21989279202473344,0,Low
SYNID0200238890,0.21988421984250656,0,Low
SYNID0200491566,0.2198621159286514,0,Low
SYNID0200528474,0.21984454756851696,0,Low
SYNID0200206892,0.21975468018740113,0,Low
SYNID0200264963,0.21970125823812992,0,Low
SYNID0200779849,0.21968999712610637,0,Low
SYNID0200968088,0.21965091800017406,0,Low
SYNID0200458163,0.21950318913131356,0,Low
SYNID0200152434,0.21948386747693666,0,Low
SYNID0200031873,0.21947930621297718,0,Low
SYNID0200736127,0.21937547054275958,0,Low
SYNID0200657746,0.21935626371662292,0,Low
SYNID0200504749,0.2192772940695395,0,Low
SYNID0200786262,0.21926243252757066,0,Low
SYNID0200279520,0.21914385102195072,0,Low
SYNID0200031604,0.21913361085887328,0,Low
SYNID0200159798,0.2190120673124742,0,Low
SYNID0200151389,0.21899952325586974,0,Low
SYNID0200997183,0.21899112438005341,0,Low
SYNID0200619180,0.21894033407192492,0,Low
SYNID0200296526,0.21891264157118773,0,Low
SYNID0200906923,0.21891122770319532,0,Low
SYNID0200896434,0.21888614547449758,0,Low
SYNID0200808059,0.2188489804749119,0,Low
SYNID0200981558,0.21883558275907206,0,Low
SYNID0200313167,0.21870335907914412,0,Low
SYNID0200859695,0.2186647568778592,0,Low
SYNID0200966369,0.218652000517101,0,Low
SYNID0200134555,0.21864391086633445,0,Low
SYNID0200354895,0.21861545681255595,0,Low
SYNID0200627574,0.21853687028945695,0,Low
SYNID0200044864,0.21843385104053548,0,Low
SYNID0200449588,0.21841245479014398,0,Low
SYNID0200923408,0.21840316658407705,0,Low
SYNID0200850438,0.2183041267666882,0,Low
SYNID0200483946,0.21830397038010357,0,Low
SYNID0200430982,0.21824853706328068,0,Low
SYNID0200350995,0.21805115971756667,0,Low
SYNID0200737320,0.21804860897271394,0,Low
SYNID0200833591,0.21804553848493885,0,Low
SYNID0200600534,0.21800828397684624,0,Low
SYNID0200394542,0.21800367755733607,0,Low
SYNID0200785482,0.21799835288184172,0,Low
SYNID0200742291,0.21797386427505788,0,Low
SYNID0200647033,0.21795265244930184,0,Low
SYNID0200351849,0.21790993214491655,0,Low
SYNID0200871783,0.21778183464831852,0,Low
SYNID0200653607,0.21776213916022752,0,Low
SYNID0200655682,0.21767239110053943,0,Low
SYNID0200431741,0.21766008763360628,0,Low
SYNID0200564695,0.21756676872652952,0,Low
SYNID0200389360,0.2174878170915892,0,Low
SYNID0200491109,0.21747018276331798,0,Low
SYNID0200101468,0.2173630416918514,0,Low
SYNID0200759125,0.21725489972098427,0,Low
SYNID0200099702,0.21723645448234202,0,Low
SYNID0200794066,0.21719437477387443,0,Low
SYNID0200768361,0.21715634383958465,0,Low
SYNID0200755569,0.21707555552215269,0,Low
SYNID0200521124,0.2170398809547009,0,Low
SYNID0200285816,0.21698016955070115,0,Low
SYNID0200019105,0.216972321945197,0,Low
SYNID0200380018,0.21696307636835038,0,Low
SYNID0200091594,0.21693379034978616,0,Low
SYNID0200618402,0.21691956027806514,0,Low
SYNID0200655767,0.21691436396337094,0,Low
SYNID0200249567,0.2168934873655558,0,Low
SYNID0200840331,0.216798522583237,0,Low
SYNID0200067478,0.21670849426674038,0,Low
SYNID0200320176,0.2166441734663362,0,Low
SYNID0200021083,0.2165425664235605,0,Low
SYNID0200907530,0.21646893572455467,0,Low
SYNID0200711824,0.21642396092270488,0,Low
SYNID0200110574,0.21637868582707936,0,Low
SYNID0200841973,0.2163418386018361,0,Low
SYNID0200734657,0.21631281920317086,0,Low
SYNID0200784354,0.21625317338104,0,Low
SYNID0200416902,0.21623539296692595,0,Low
SYNID0200176533,0.21615480996844771,0,Low
SYNID0200684089,0.2161110713156934,0,Low
SYNID0200767599,0.21605487711724813,0,Low
SYNID0200126811,0.21597241853683696,0,Low
SYNID0200222295,0.2159692392024874,0,Low
SYNID0200320789,0.21584433854905571,0,Low
SYNID0200761378,0.21579832887610034,0,Low
SYNID0200419090,0.21571911857458786,0,Low
SYNID0200994998,0.2156704134442362,0,Low
SYNID0200012399,0.2156277745400395,0,Low
SYNID0200196005,0.2155901322118205,0,Low
SYNID0200557302,0.21555834040599847,0,Low
SYNID0200422416,0.2155187402030586,0,Low
SYNID0200230698,0.21550966686044948,0,Low
SYNID0200125944,0.21549640948625326,0,Low
SYNID0200783806,0.215434398952549,0,Low
SYNID0200837988,0.2153453554062285,0,Low
SYNID0200568088,0.21529444701236056,0,Low
SYNID0200021719,0.21524945105082932,0,Low
SYNID0200820582,0.21522823075499986,0,Low
SYNID0200503295,0.2152254334765566,0,Low
SYNID0200616135,0.21512815588023027,0,Low
SYNID0200901290,0.21505088335138017,0,Low
SYNID0200776782,0.2149779705717625,0,Low
SYNID0200082407,0.21496208394705701,0,Low
SYNID0200628864,0.21494341037456755,0,Low
SYNID0200006191,0.21493695226539616,0,Low
SYNID0200380649,0.2149315649372534,0,Low
SYNID0200747099,0.21489175149271045,0,Low
SYNID0200459567,0.21487016083687116,0,Low
SYNID0200584932,0.2148643977386015,0,Low
SYNID0200480645,0.21486033169757845,0,Low
SYNID0200922449,0.21475601626559537,0,Low
SYNID0200266827,0.21467795627544928,0,Low
SYNID0200075641,0.2145267338942094,0,Low
SYNID0200647287,0.21452462278223317,0,Low
SYNID0200061424,0.21448346606856528,0,Low
SYNID0200014852,0.21441277893743643,0,Low
SYNID0200509456,0.21438860004407223,0,Low
SYNID0200046033,0.2143307692760572,0,Low
SYNID0200464625,0.21418813052980207,0,Low
SYNID0200994230,0.21413743198713298,0,Low
SYNID0200306637,0.2141368322960004,0,Low
SYNID0200047195,0.21411238705593066,0,Low
SYNID0200569844,0.2141104995566191,0,Low
SYNID0200558554,0.21410913826158545,0,Low
SYNID0200031324,0.21401498721159934,0,Low
SYNID0200534283,0.2138921151004392,0,Low
SYNID0200753213,0.21387704643398037,0,Low
SYNID0200083654,0.21387407399838093,0,Low
SYNID0200317657,0.21381093567915704,0,Low
SYNID0200040141,0.2136720528314266,0,Low
SYNID0200868477,0.21366077167259018,0,Low
SYNID0200574007,0.21362422108557338,0,Low
SYNID0200294102,0.21356016902810732,0,Low
SYNID0200931901,0.2133851822824992,0,Low
SYNID0200836953,0.21336343795979196,0,Low
SYNID0200699032,0.21333990769837852,0,Low
SYNID0200928763,0.2132926435815104,0,Low
SYNID0200616826,0.2132320291836473,0,Low
SYNID0200157454,0.21311418132082616,0,Low
SYNID0200809172,0.21308141925063911,0,Low
SYNID0200665466,0.21294457585456078,0,Low
SYNID0200049064,0.21289844004949626,0,Low
SYNID0200885292,0.21284228197924115,0,Low
SYNID0200024058,0.21281364989998536,0,Low
SYNID0200623494,0.21280449649344718,0,Low
SYNID0200988332,0.21274395089589182,0,Low
SYNID0200259405,0.21262083886222727,0,Low
SYNID0200479941,0.21259407483731863,0,Low
SYNID0200652197,0.21258222692583056,0,Low
SYNID0200148445,0.212529557166597,0,Low
SYNID0200816798,0.21251378908398,0,Low
SYNID0200137843,0.21242414761915634,0,Low
SYNID0200205500,0.21241885427710988,0,Low
SYNID0200759194,0.2123765264698133,0,Low
SYNID0200045737,0.2123719044942246,0,Low
SYNID0200155685,0.21233846537335022,0,Low
SYNID0200661387,0.2122321709538213,0,Low
SYNID0200032031,0.21219642663431376,0,Low
SYNID0200231084,0.21216253289899462,0,Low
SYNID0200041261,0.212123228450791,0,Low
SYNID0200479155,0.21204964086563555,0,Low
SYNID0200789955,0.2120440090897508,0,Low
SYNID0200879756,0.2120173628581985,0,Low
SYNID0200129759,0.21188597973737355,0,Low
SYNID0200240136,0.21188535300376993,0,Low
SYNID0200454851,0.2118685012193488,0,Low
SYNID0200505540,0.21185194395371298,0,Low
SYNID0200459521,0.2118491327754955,0,Low
SYNID0200317977,0.2118112241558774,0,Low
SYNID0200283582,0.2117919856996454,0,Low
SYNID0200886132,0.21174726161526997,0,Low
SYNID0200976232,0.21171685557148484,0,Low
SYNID0200880505,0.21164560981413438,0,Low
SYNID0200136406,0.21150360719674455,0,Low
SYNID0200758680,0.2114699365922057,0,Low
SYNID0200609471,0.21134731552113512,0,Low
SYNID0200123713,0.21134293041768298,0,Low
SYNID0200381708,0.211323623039942,0,Low
SYNID0200340495,0.21129960713377166,0,Low
SYNID0200899717,0.2112299399667945,0,Low
SYNID0200308093,0.21115127412504725,0,Low
SYNID0200380699,0.21109711416115723,0,Low
SYNID0200366672,0.21105462587298063,0,Low
SYNID0200458226,0.21101589530967618,0,Low
SYNID0200164363,0.2109693647114722,0,Low
SYNID0200978930,0.21092505112466903,0,Low
SYNID0200515363,0.21090478990584738,0,Low
SYNID0200942716,0.21081949617786777,0,Low
SYNID0200806411,0.21073833134856318,0,Low
SYNID0200301113,0.21073216416207546,0,Low
SYNID0200948843,0.2107033115726088,0,Low
SYNID0200151597,0.21058134171594933,0,Low
SYNID0200951074,0.21053272144827834,0,Low
SYNID0200021432,0.21048770742016304,0,Low
SYNID0200219194,0.21048674627270286,0,Low
SYNID0200592205,0.210408372542025,0,Low
SYNID0200172173,0.21029775915385696,0,Low
SYNID0200300480,0.2102825999515749,0,Low
SYNID0200147283,0.210177748905774,0,Low
SYNID0200067686,0.21009435660764209,0,Low
SYNID0200502869,0.21004882314813583,0,Low
SYNID0200764565,0.210018549313767,0,Low
SYNID0200183739,0.20998798693025394,0,Low
SYNID0200214569,0.2099505764290709,0,Low
SYNID0200291635,0.2097009162284748,0,Low
SYNID0200222279,0.20966443660113254,0,Low
SYNID0200860831,0.20962750012412845,0,Low
SYNID0200441293,0.20962179340919473,0,Low
SYNID0200849599,0.2096106372018356,0,Low
SYNID0200475642,0.20960651098184757,0,Low
SYNID0200847444,0.20960130193365928,0,Low
SYNID0200332372,0.209505987903849,0,Low
SYNID0200773252,0.20949652825508386,0,Low
SYNID0200677857,0.20935778799041993,0,Low
SYNID0200338074,0.20935685759996303,0,Low
SYNID0200033993,0.20932964269138327,0,Low
SYNID0200005828,0.20927234197563938,0,Low
SYNID0200471023,0.2092571042787611,0,Low
SYNID0200248707,0.20921832809676377,0,Low
SYNID0200578714,0.20916555141231313,0,Low
SYNID0200624689,0.20912308716437106,0,Low
SYNID0200608686,0.20911903126929132,0,Low
SYNID0200675156,0.20910714849150647,0,Low
SYNID0200644042,0.20909123525604634,0,Low
SYNID0200613373,0.2090492717624003,0,Low
SYNID0200800139,0.20893026062700842,0,Low
SYNID0200201828,0.20883979275179526,0,Low
SYNID0200062836,0.20882482885935139,0,Low
SYNID0200620151,0.20868243058394464,0,Low
SYNID0200253864,0.2086682263221306,0,Low
SYNID0200634975,0.2086181119576631,0,Low
SYNID0200816677,0.20858402946425048,0,Low
SYNID0200802045,0.20853698120741065,0,Low
SYNID0200744900,0.20850440181733626,0,Low
SYNID0200273234,0.20849202966480618,0,Low
SYNID0200141350,0.20844033381983745,0,Low
SYNID0200192433,0.20843764646504592,0,Low
SYNID0200465801,0.20837550808832478,0,Low
SYNID0200244024,0.20834336470252363,0,Low
SYNID0200638772,0.20833684583850304,0,Low
SYNID0200120412,0.20830798565477932,0,Low
SYNID0200104356,0.2083021574093707,0,Low
SYNID0200879140,0.20821599931614398,0,Low
SYNID0200143719,0.20821279897395906,0,Low
SYNID0200522835,0.2081816815682057,0,Low
SYNID0200657044,0.20817460877706323,0,Low
SYNID0200581005,0.20814599869560602,0,Low
SYNID0200750084,0.2080345600687083,0,Low
SYNID0200832058,0.20801282193007564,0,Low
SYNID0200206435,0.2079040448558503,0,Low
SYNID0200558187,0.2078908454730622,0,Low
SYNID0200783074,0.20788892873776305,0,Low
SYNID0200559552,0.20784908203704683,0,Low
SYNID0200102442,0.20774191417317883,0,Low
SYNID0200040644,0.20772576925997832,0,Low
SYNID0200597812,0.2077226361816234,0,Low
SYNID0200803874,0.20770251351804098,0,Low
SYNID0200509401,0.20758143581694255,0,Low
SYNID0200637163,0.20755171355902358,0,Low
SYNID0200015286,0.20753555073572244,0,Low
SYNID0200298855,0.2075303881566295,0,Low
SYNID0200667439,0.20751080759547447,0,Low
SYNID0200469102,0.207497522099236,0,Low
SYNID0200903250,0.20749340327452676,0,Low
SYNID0200722765,0.20744501193432746,0,Low
SYNID0200361884,0.20743863328133882,0,Low
SYNID0200850613,0.2073960713887969,0,Low
SYNID0200993031,0.20731588331332884,0,Low
SYNID0200952158,0.20730364005931412,0,Low
SYNID0200187014,0.20716731213362138,0,Low
SYNID0200506862,0.20716667633833036,0,Low
SYNID0200847921,0.2070760489651946,0,Low
SYNID0200112372,0.2070031500760231,0,Low
SYNID0200558412,0.20699514438042854,0,Low
SYNID0200937322,0.20694294637221228,0,Low
SYNID0200791465,0.20690714655168335,0,Low
SYNID0200441116,0.2069067088110208,0,Low
SYNID0200329063,0.20681854113858994,0,Low
SYNID0200569637,0.2068080966953142,0,Low
SYNID0200012310,0.20675084788161907,0,Low
SYNID0200588703,0.20671361408193328,0,Low
SYNID0200380426,0.20665727408080126,0,Low
SYNID0200672172,0.2065563183025862,0,Low
SYNID0200335870,0.20654351758735578,0,Low
SYNID0200931816,0.20650691207048932,0,Low
SYNID0200225588,0.20647208135029632,0,Low
SYNID0200026502,0.2064410108107786,0,Low
SYNID0200898558,0.20635754427698882,0,Low
SYNID0200718828,0.20635553893589947,0,Low
SYNID0200186043,0.20632905665797913,0,Low
SYNID0200581279,0.20631442088340374,0,Low
SYNID0200133252,0.20627015839759605,0,Low
SYNID0200099738,0.20625574037773425,0,Low
SYNID0200426122,0.20623959654318835,0,Low
SYNID0200541745,0.2062197048312291,0,Low
SYNID0200893974,0.20617684505130168,0,Low
SYNID0200287943,0.20602034421131293,0,Low
SYNID0200134879,0.2059804906298643,0,Low
SYNID0200880065,0.20579914937487642,0,Low
SYNID0200685132,0.20578105331678248,0,Low
SYNID0200611939,0.20575064345554384,0,Low
SYNID0200026135,0.20570329689303835,0,Low
SYNID0200469749,0.205535272800086,0,Low
SYNID0200781560,0.20550842023610716,0,Low
SYNID0200869861,0.205361888579563,0,Low
SYNID0200925837,0.2052639377504143,0,Low
SYNID0200840878,0.20525749477621408,0,Low
SYNID0200689333,0.20515782629632923,0,Low
SYNID0200389596,0.20513592936966568,0,Low
SYNID0200747934,0.20501942171220217,0,Low
SYNID0200268801,0.20501442845062284,0,Low
SYNID0200161495,0.2049866129463584,0,Low
SYNID0200005510,0.20494739161221304,0,Low
SYNID0200961262,0.20489542423163576,0,Low
SYNID0200035208,0.20489036401300387,0,Low
SYNID0200203304,0.2048811214843974,0,Low
SYNID0200771278,0.20486262293787555,0,Low
SYNID0200952696,0.20480187613610368,0,Low
SYNID0200106499,0.2047604700567161,0,Low
SYNID0200844910,0.20474242564875472,0,Low
SYNID0200632301,0.20474056437524785,0,Low
SYNID0200718092,0.204737463483045,0,Low
SYNID0200109352,0.2045767432644966,0,Low
SYNID0200560230,0.2045586235741037,0,Low
SYNID0200355137,0.20451647653259403,0,Low
SYNID0200153344,0.2044905920987563,0,Low
SYNID0200684593,0.20439235160203428,0,Low
SYNID0200018308,0.20431662277085838,0,Low
SYNID0200490974,0.2041712833203887,0,Low
SYNID0200729849,0.20407807518936955,0,Low
SYNID0200448899,0.20402028304238135,0,Low
SYNID0200415799,0.20399406856072477,0,Low
SYNID0200822674,0.2039774791898502,0,Low
SYNID0200167483,0.20397396535750262,0,Low
SYNID0200385191,0.20395140197867728,0,Low
SYNID0200585503,0.20379941079839525,0,Low
SYNID0200916708,0.20376728795286508,0,Low
SYNID0200231355,0.20372287125579425,0,Low
SYNID0200367874,0.20369910557555726,0,Low
SYNID0200057157,0.20368726015649968,0,Low
SYNID0200546845,0.20367101509182323,0,Low
SYNID0200987151,0.20366071165714766,0,Low
SYNID0200901424,0.20363961775315975,0,Low
SYNID0200604691,0.20362473933572434,0,Low
SYNID0200690642,0.2036240422756852,0,Low
SYNID0200569173,0.203559380621137,0,Low
SYNID0200102649,0.20352993021451404,0,Low
SYNID0200945958,0.2035216679909468,0,Low
SYNID0200288491,0.2035175698138224,0,Low
SYNID0200454684,0.2034264437295057,0,Low
SYNID0200404057,0.20339508848367666,0,Low
SYNID0200745897,0.20334863921929874,0,Low
SYNID0200854925,0.20327706246185656,0,Low
SYNID0200704943,0.20326634095552137,0,Low
SYNID0200397761,0.20320916077081524,0,Low
SYNID0200494235,0.20319952287016368,0,Low
SYNID0200064460,0.20304432064238398,0,Low
SYNID0200318188,0.20288334307931044,0,Low
SYNID0200105651,0.20287012035795787,0,Low
SYNID0200284206,0.20286075778649082,0,Low
SYNID0200558590,0.20278000761784826,0,Low
SYNID0200931773,0.2027773947620355,0,Low
SYNID0200280280,0.2027686590574566,0,Low
SYNID0200150266,0.20268961759998333,0,Low
SYNID0200749709,0.2026324365804294,0,Low
SYNID0200881005,0.20250886256994632,0,Low
SYNID0200784501,0.20250067597700888,0,Low
SYNID0200303635,0.20240931875871615,0,Low
SYNID0200694383,0.20240656005743135,0,Low
SYNID0200265429,0.2024021512859076,0,Low
SYNID0200348958,0.20239593251677518,0,Low
SYNID0200306001,0.20238629453249984,0,Low
SYNID0200045625,0.20232893612231823,0,Low
SYNID0200252859,0.20227288004038108,0,Low
SYNID0200099923,0.2022543240312854,0,Low
SYNID0200654155,0.20219463824472483,0,Low
SYNID0200872213,0.2021846248391721,0,Low
SYNID0200064620,0.20218314209004462,0,Low
SYNID0200505232,0.2021043302496039,0,Low
SYNID0200115422,0.2020572995000825,0,Low
SYNID0200910723,0.20201624756123532,0,Low
SYNID0200373576,0.2019478055188536,0,Low
SYNID0200446830,0.20186022764301298,0,Low
SYNID0200258337,0.2018458222632536,0,Low
SYNID0200074304,0.20178921934462152,0,Low
SYNID0200598051,0.2017854293905863,0,Low
SYNID0200198016,0.20175350557452515,0,Low
SYNID0200216459,0.20173885494093813,0,Low
SYNID0200470576,0.20166564032469997,0,Low
SYNID0200595046,0.2016338074546103,0,Low
SYNID0200459166,0.20157815596523615,0,Low
SYNID0200960926,0.20156563651277548,0,Low
SYNID0200684386,0.20152969530048986,0,Low
SYNID0200040590,0.20151784505196774,0,Low
SYNID0200177979,0.2014560153727098,0,Low
SYNID0200414099,0.2014304570829853,0,Low
SYNID0200409620,0.20142394560281734,0,Low
SYNID0200748848,0.2014171877590598,0,Low
SYNID0200701990,0.2013324444829549,0,Low
SYNID0200268313,0.20132043040962827,0,Low
SYNID0200861950,0.20124031160799677,0,Low
SYNID0200912854,0.2012398208233026,0,Low
SYNID0200510325,0.20118906555630428,0,Low
SYNID0200670628,0.2011424750238513,0,Low
SYNID0200363029,0.20113834224570631,0,Low
SYNID0200769225,0.2011133259385532,0,Low
SYNID0200712503,0.2010953913471954,0,Low
SYNID0200433721,0.20108628463360873,0,Low
SYNID0200349113,0.20107434662581214,0,Low
SYNID0200737306,0.20106076308026816,0,Low
SYNID0200445639,0.20100556913897583,0,Low
SYNID0200293690,0.2009476094845688,0,Low
SYNID0200642913,0.20094685974930787,0,Low
SYNID0200586748,0.20081176327652356,0,Low
SYNID0200008911,0.2007963823830114,0,Low
SYNID0200292074,0.2007258117546245,0,Low
SYNID0200568690,0.2006747900259514,0,Low
SYNID0200957785,0.20065194327770425,0,Low
SYNID0200173101,0.20061279687216377,0,Low
SYNID0200090327,0.20061186996174996,0,Low
SYNID0200920003,0.20058410265014465,0,Low
SYNID0200756716,0.2005736001606695,0,Low
SYNID0200760044,0.2004774020426911,0,Low
SYNID0200129649,0.20047069221099806,0,Low
SYNID0200701195,0.2004647539154682,0,Low
SYNID0200785989,0.20044960717727633,0,Low
SYNID0200931442,0.2003963903615168,0,Low
SYNID0200607379,0.20033139142548517,0,Low
SYNID0200693227,0.20024449721677529,0,Low
SYNID0200633993,0.20006557789046592,0,Low
SYNID0200598892,0.19999700959494116,0,Low
SYNID0200970290,0.1999374552861467,0,Low
SYNID0200523004,0.19993564864820423,0,Low
SYNID0200888467,0.19987934820977432,0,Low
SYNID0200059735,0.19987527654698456,0,Low
SYNID0200082908,0.19985681682978945,0,Low
SYNID0200825767,0.19982426003671644,0,Low
SYNID0200454116,0.19980898866159147,0,Low
SYNID0200734325,0.19978131698728246,0,Low
SYNID0200121318,0.1997517806610532,0,Low
SYNID0200270022,0.19968766754126327,0,Low
SYNID0200293748,0.19963878712902344,0,Low
SYNID0200705705,0.19954158239539177,0,Low
SYNID0200565436,0.19953017831174769,0,Low
SYNID0200110725,0.19952194122260886,0,Low
SYNID0200839535,0.1994106123652994,0,Low
SYNID0200960566,0.19923911265206906,0,Low
SYNID0200928083,0.19920244644499524,0,Low
SYNID0200488877,0.1991989918649691,0,Low
SYNID0200711680,0.19918201299051275,0,Low
SYNID0200451575,0.19911942041567943,0,Low
SYNID0200106281,0.19905906978235766,0,Low
SYNID0200862294,0.19904632727835808,0,Low
SYNID0200975130,0.19885903014813427,0,Low
SYNID0200420390,0.1987922550295449,0,Low
SYNID0200037228,0.1987481162810147,0,Low
SYNID0200020757,0.19873331924086224,0,Low
SYNID0200245347,0.19871854403230182,0,Low
SYNID0200969429,0.19871004471098436,0,Low
SYNID0200139159,0.19867307365799447,0,Low
SYNID0200978606,0.1986165126601322,0,Low
SYNID0200910385,0.1985876837462045,0,Low
SYNID0200557969,0.198570212253928,0,Low
SYNID0200086946,0.1985531059519534,0,Low
SYNID0200770417,0.1983845093320934,0,Low
SYNID0200468541,0.19830657515084782,0,Low
SYNID0200980954,0.19830611961489475,0,Low
SYNID0200647571,0.1981737446198243,0,Low
SYNID0200315027,0.19814463331454196,0,Low
SYNID0200867542,0.19813410187653308,0,Low
SYNID0200305581,0.1980323435946592,0,Low
SYNID0200153549,0.1979786056991083,0,Low
SYNID0200701746,0.1978659068484761,0,Low
SYNID0200514840,0.19782973048105545,0,Low
SYNID0200916267,0.19770320117143558,0,Low
SYNID0200473199,0.19766933614193144,0,Low
SYNID0200313633,0.19760799878858254,0,Low
SYNID0200612569,0.19758151138446872,0,Low
SYNID0200310471,0.197575548590063,0,Low
SYNID0200567148,0.19746327867624242,0,Low
SYNID0200671409,0.19729123293118628,0,Low
SYNID0200361927,0.19722039724551294,0,Low
SYNID0200964816,0.19721461234679155,0,Low
SYNID0200197281,0.1972053205196459,0,Low
SYNID0200277219,0.19719545769145735,0,Low
SYNID0200675314,0.19714990933848248,0,Low
SYNID0200512713,0.1970894153384235,0,Low
SYNID0200871205,0.1970605235042771,0,Low
SYNID0200352682,0.1970434405521344,0,Low
SYNID0200471899,0.19698213133539583,0,Low
SYNID0200136240,0.19695755744028326,0,Low
SYNID0200718540,0.19689072442842254,0,Low
SYNID0200672275,0.19682623200485388,0,Low
SYNID0200017939,0.19677562548970273,0,Low
SYNID0200859452,0.19674920969505177,0,Low
SYNID0200420504,0.19672617691230476,0,Low
SYNID0200779971,0.19655480263321062,0,Low
SYNID0200738817,0.19654403803515863,0,Low
SYNID0200342736,0.1965385274269456,0,Low
SYNID0200261617,0.1964920097781952,0,Low
SYNID0200189987,0.19648559274614819,0,Low
SYNID0200108095,0.19648423635204937,0,Low
SYNID0200566344,0.19645873136940295,0,Low
SYNID0200355403,0.19645577589373242,0,Low
SYNID0200740570,0.196371047479454,0,Low
SYNID0200225715,0.196313356765069,0,Low
SYNID0200169287,0.1962765461529929,0,Low
SYNID0200312500,0.19626238689907388,0,Low
SYNID0200182066,0.19618913638124752,0,Low
SYNID0200680633,0.19618502373806862,0,Low
SYNID0200063732,0.19611730379773434,0,Low
SYNID0200508409,0.1959874713036956,0,Low
SYNID0200034232,0.19598476156619188,0,Low
SYNID0200275061,0.19595511090844964,0,Low
SYNID0200807390,0.19592596776360632,0,Low
SYNID0200017467,0.19590177116822544,0,Low
SYNID0200649145,0.19588712089790833,0,Low
SYNID0200500709,0.19584737352791232,0,Low
SYNID0200544460,0.19578246841142516,0,Low
SYNID0200005997,0.195758798751128,0,Low
SYNID0200072882,0.19573268282397832,0,Low
SYNID0200470190,0.19568254638850552,0,Low
SYNID0200386089,0.19567243840127685,0,Low
SYNID0200505869,0.19566902770395828,0,Low
SYNID0200627274,0.1955237949652483,0,Low
SYNID0200797682,0.1955057424945129,0,Low
SYNID0200472811,0.19546691765118557,0,Low
SYNID0200170647,0.19543468996133656,0,Low
SYNID0200333546,0.1954308725816843,0,Low
SYNID0200225729,0.19539462107470928,0,Low
SYNID0200688476,0.19530803104493577,0,Low
SYNID0200713505,0.19529362485761426,0,Low
SYNID0200689691,0.19526564068597596,0,Low
SYNID0200597884,0.19517757094750732,0,Low
SYNID0200243103,0.19516915101842397,0,Low
SYNID0200557254,0.1951552571070539,0,Low
SYNID0200127585,0.19507087188846217,0,Low
SYNID0200390663,0.19507014353938917,0,Low
SYNID0200335154,0.1950277477734353,0,Low
SYNID0200813099,0.19495888345437346,0,Low
SYNID0200358976,0.1949300977430663,0,Low
SYNID0200787993,0.1948990699521262,0,Low
SYNID0200696497,0.19486815356133091,0,Low
SYNID0200519269,0.19483960700923053,0,Low
SYNID0200370967,0.1948349376081958,0,Low
SYNID0200823285,0.19470124660622112,0,Low
SYNID0200186006,0.19468658106540687,0,Low
SYNID0200797714,0.19468533642456765,0,Low
SYNID0200774047,0.19459288303154454,0,Low
SYNID0200291416,0.19458792445224338,0,Low
SYNID0200209617,0.19436981408192877,0,Low
SYNID0200289804,0.19435814651577454,0,Low
SYNID0200847807,0.19425440658972637,0,Low
SYNID0200830189,0.1941988505716054,0,Low
SYNID0200224179,0.1941860901717592,0,Low
SYNID0200661415,0.19410005674923203,0,Low
SYNID0200988140,0.19409286883007038,0,Low
SYNID0200400969,0.19402497928919177,0,Low
SYNID0200447540,0.19402121614438944,0,Low
SYNID0200073350,0.19399442090639601,0,Low
SYNID0200144159,0.19394464518315196,0,Low
SYNID0200745394,0.1939023291705192,0,Low
SYNID0200467414,0.19389478789569597,0,Low
SYNID0200648114,0.19389174701440398,0,Low
SYNID0200197694,0.19372061050348893,0,Low
SYNID0200760642,0.19364685699514017,0,Low
SYNID0200986723,0.1936347690190205,0,Low
SYNID0200351378,0.19360909696980017,0,Low
SYNID0200265685,0.19352367777852758,0,Low
SYNID0200469011,0.1935022188282135,0,Low
SYNID0200577175,0.19349600144625634,0,Low
SYNID0200412852,0.19342699767255112,0,Low
SYNID0200767812,0.19341706688462007,0,Low
SYNID0200644918,0.19341156589227,0,Low
SYNID0200019013,0.19333839646265844,0,Low
SYNID0200224495,0.19330148182332563,0,Low
SYNID0200647488,0.19326205788256878,0,Low
SYNID0200802480,0.19326177940860484,0,Low
SYNID0200139252,0.19325903835862562,0,Low
SYNID0200582957,0.1932408363378038,0,Low
SYNID0200350193,0.19319168207208526,0,Low
SYNID0200446227,0.1931593399030792,0,Low
SYNID0200015647,0.19310414907435836,0,Low
SYNID0200036170,0.19303951397307728,0,Low
SYNID0200542726,0.19291635667527623,0,Low
SYNID0200404187,0.1929121566409065,0,Low
SYNID0200826890,0.1928888278907857,0,Low
SYNID0200128616,0.19284698471305134,0,Low
SYNID0200029730,0.19279340201748113,0,Low
SYNID0200654336,0.1927888370902568,0,Low
SYNID0200357420,0.192760707070242,0,Low
SYNID0200709633,0.19273328438388432,0,Low
SYNID0200955272,0.19267200432604104,0,Low
SYNID0200653489,0.19260884181331656,0,Low
SYNID0200925404,0.1926079028510716,0,Low
SYNID0200106525,0.1925972718326081,0,Low
SYNID0200326750,0.1925379356124836,0,Low
SYNID0200065550,0.19253483065667387,0,Low
SYNID0200568540,0.19252667248526156,0,Low
SYNID0200250361,0.19250726061659684,0,Low
SYNID0200856923,0.19246380627712556,0,Low
SYNID0200795380,0.19240949732888413,0,Low
SYNID0200731243,0.19237216403490232,0,Low
SYNID0200742718,0.19236331695153042,0,Low
SYNID0200040565,0.19221399453956434,0,Low
SYNID0200147402,0.19218662852923052,0,Low
SYNID0200102769,0.19213561750893443,0,Low
SYNID0200331793,0.19213293695108136,0,Low
SYNID0200355509,0.1921266607204471,0,Low
SYNID0200948908,0.19206807694538997,0,Low
SYNID0200495051,0.192019658920771,0,Low
SYNID0200016597,0.1919194716111926,0,Low
SYNID0200454563,0.1918958279114627,0,Low
SYNID0200833256,0.19184783321768084,0,Low
SYNID0200078093,0.19184233992754157,0,Low
SYNID0200016252,0.19182947574560544,0,Low
SYNID0200568097,0.19172306185069993,0,Low
SYNID0200359613,0.19167921023243306,0,Low
SYNID0200286563,0.1916748453328253,0,Low
SYNID0200419928,0.19166471661313167,0,Low
SYNID0200009533,0.19162904691437982,0,Low
SYNID0200211973,0.19155296904922015,0,Low
SYNID0200398341,0.19154322133807117,0,Low
SYNID0200164277,0.19152218951907368,0,Low
SYNID0200960181,0.19148022263966752,0,Low
SYNID0200074174,0.19146705897699534,0,Low
SYNID0200961083,0.1914533925612124,0,Low
SYNID0200044425,0.19144146341999885,0,Low
SYNID0200977956,0.19140185985273522,0,Low
SYNID0200846234,0.19135110293545454,0,Low
SYNID0200531526,0.191328735380759,0,Low
SYNID0200551119,0.19130935407078464,0,Low
SYNID0200699600,0.1911895703096549,0,Low
SYNID0200810328,0.19113766571454216,0,Low
SYNID0200522455,0.19099485504813912,0,Low
SYNID0200457250,0.19095310739984833,0,Low
SYNID0200473592,0.19080788612568184,0,Low
SYNID0200503560,0.19071944413829578,0,Low
SYNID0200658361,0.1906690298959428,0,Low
SYNID0200673127,0.19053864824698324,0,Low
SYNID0200568130,0.19053270157908314,0,Low
SYNID0200158410,0.19044707508502362,0,Low
SYNID0200395145,0.1904319552320471,0,Low
SYNID0200471153,0.19041289687771468,0,Low
SYNID0200032503,0.19033751176974534,0,Low
SYNID0200451810,0.19030866952644931,0,Low
SYNID0200286579,0.1902799144761287,0,Low
SYNID0200882034,0.19026067440224653,0,Low
SYNID0200743903,0.190063412357041,0,Low
SYNID0200146088,0.19001714951829868,0,Low
SYNID0200655937,0.18997654630660887,0,Low
SYNID0200011553,0.1899648606796302,0,Low
SYNID0200007973,0.18990799599315028,0,Low
SYNID0200062233,0.18986975340288426,0,Low
SYNID0200754072,0.18984845623789687,0,Low
SYNID0200872077,0.18975667570588695,0,Low
SYNID0200817651,0.18969176256748083,0,Low
SYNID0200216718,0.1896027249343593,0,Low
SYNID0200755574,0.18955224523699882,0,Low
SYNID0200259916,0.18953672758973883,0,Low
SYNID0200548113,0.18953381255764523,0,Low
SYNID0200525752,0.18953191492084093,0,Low
SYNID0200496934,0.18952260869783943,0,Low
SYNID0200677381,0.1894641084431095,0,Low
SYNID0200922700,0.1894547922528227,0,Low
SYNID0200058288,0.18943523093439701,0,Low
SYNID0200127890,0.1894342523226814,0,Low
SYNID0200707863,0.1893702510022619,0,Low
SYNID0200723568,0.18930711255919663,0,Low
SYNID0200217750,0.18930693775260993,0,Low
SYNID0200994231,0.1892395769331915,0,Low
SYNID0200107823,0.18915833536122068,0,Low
SYNID0200935242,0.18912784269906213,0,Low
SYNID0200394579,0.18909937882177152,0,Low
SYNID0200079624,0.1890861513117023,0,Low
SYNID0200908151,0.18905074801885413,0,Low
SYNID0200244865,0.1890226913015875,0,Low
SYNID0200606438,0.18900416190337282,0,Low
SYNID0200496442,0.1889491149102704,0,Low
SYNID0200421207,0.18892668885075464,0,Low
SYNID0200918152,0.18891004622323648,0,Low
SYNID0200838164,0.18889837842571183,0,Low
SYNID0200124402,0.1888670750226752,0,Low
SYNID0200994336,0.18886291438567365,0,Low
SYNID0200045773,0.18884026963270506,0,Low
SYNID0200012890,0.18870618121584232,0,Low
SYNID0200497561,0.18852436189171684,0,Low
SYNID0200760931,0.18838461981219817,0,Low
SYNID0200780497,0.18835315060965985,0,Low
SYNID0200482025,0.1883140501550481,0,Low
SYNID0200424966,0.18830962244069432,0,Low
SYNID0200654731,0.18822330099847034,0,Low
SYNID0200195223,0.18819609721123448,0,Low
SYNID0200257574,0.18818520116056991,0,Low
SYNID0200911269,0.18817384070373433,0,Low
SYNID0200188925,0.18815283271307864,0,Low
SYNID0200491836,0.18814830147790618,0,Low
SYNID0200076578,0.18810785656197948,0,Low
SYNID0200224264,0.188083910864406,0,Low
SYNID0200370809,0.18804606265712415,0,Low
SYNID0200665753,0.18803853819908883,0,Low
SYNID0200648988,0.1880304997633525,0,Low
SYNID0200646634,0.18800915005701935,0,Low
SYNID0200657735,0.1878745881722585,0,Low
SYNID0200692288,0.1878677823436804,0,Low
SYNID0200512897,0.18785328975601034,0,Low
SYNID0200991232,0.18784909638462177,0,Low
SYNID0200018603,0.1877671816339807,0,Low
SYNID0200944596,0.18776339869804132,0,Low
SYNID0200727663,0.18771207073982077,0,Low
SYNID0200111202,0.18766288734668995,0,Low
SYNID0200293434,0.18764026645556353,0,Low
SYNID0200093306,0.18762484815279523,0,Low
SYNID0200444867,0.18758965391885163,0,Low
SYNID0200711055,0.18758810011655153,0,Low
SYNID0200067140,0.18758726109050727,0,Low
SYNID0200226775,0.18758117556683895,0,Low
SYNID0200502632,0.1875404675339965,0,Low
SYNID0200043496,0.18749418730754264,0,Low
SYNID0200712082,0.18745939388261962,0,Low
SYNID0200600003,0.1874059375119011,0,Low
SYNID0200367844,0.1873673457869065,0,Low
SYNID0200179602,0.18736163341465495,0,Low
SYNID0200031130,0.18732909187411662,0,Low
SYNID0200403598,0.18728082053709022,0,Low
SYNID0200391957,0.1872558658244164,0,Low
SYNID0200359744,0.18722457616218902,0,Low
SYNID0200765574,0.18719979284386568,0,Low
SYNID0200087608,0.18715794707116873,0,Low
SYNID0200436911,0.1870358872823819,0,Low
SYNID0200611182,0.1870012739775413,0,Low
SYNID0200071381,0.1869966850932927,0,Low
SYNID0200118091,0.18692346042793034,0,Low
SYNID0200724816,0.1868265867469584,0,Low
SYNID0200304852,0.18682260325255567,0,Low
SYNID0200099071,0.18679528117944688,0,Low
SYNID0200309539,0.18665354587386285,0,Low
SYNID0200417335,0.18663269107293445,0,Low
SYNID0200098097,0.18659250594576043,0,Low
SYNID0200037490,0.18658705009928211,0,Low
SYNID0200113720,0.186534065235277,0,Low
SYNID0200078974,0.18652798319474,0,Low
SYNID0200953796,0.18652736014925664,0,Low
SYNID0200356953,0.1865211367711863,0,Low
SYNID0200858295,0.18651924801591513,0,Low
SYNID0200250352,0.1864466219788688,0,Low
SYNID0200828428,0.18639951141593986,0,Low
SYNID0200035832,0.1863699600963868,0,Low
SYNID0200036380,0.1862649363762514,0,Low
SYNID0200099634,0.18625314648115338,0,Low
SYNID0200857492,0.1862355309563571,0,Low
SYNID0200240382,0.18609744589083616,0,Low
SYNID0200007602,0.18604525191904325,0,Low
SYNID0200915843,0.1860031892090639,0,Low
SYNID0200766607,0.18598146585399034,0,Low
SYNID0200445659,0.18588619631235498,0,Low
SYNID0200444584,0.18585390932964696,0,Low
SYNID0200834656,0.18581776279543388,0,Low
SYNID0200495542,0.18574538109602357,0,Low
SYNID0200670754,0.1857328073744512,0,Low
SYNID0200009420,0.18572670398637525,0,Low
SYNID0200277250,0.18565308553560583,0,Low
SYNID0200257640,0.1856274675601537,0,Low
SYNID0200913994,0.18557904501899564,0,Low
SYNID0200903301,0.1855222463955954,0,Low
SYNID0200708390,0.18547244780337702,0,Low
SYNID0200659100,0.18541490708442487,0,Low
SYNID0200349831,0.18539633937623462,0,Low
SYNID0200459990,0.1853825076544216,0,Low
SYNID0200440779,0.18531991252596314,0,Low
SYNID0200359095,0.18531991252596314,0,Low
SYNID0200399150,0.18531991252596314,0,Low
SYNID0200071594,0.185246095053747,0,Low
SYNID0200689353,0.18524418777059876,0,Low
SYNID0200162036,0.18510661194847872,0,Low
SYNID0200803216,0.18507630970965439,0,Low
SYNID0200075289,0.18494863670266903,0,Low
SYNID0200852716,0.1848727987551883,0,Low
SYNID0200261573,0.1847923887707245,0,Low
SYNID0200999145,0.18476016155822572,0,Low
SYNID0200161792,0.18469823324125273,0,Low
SYNID0200568520,0.18469254577295208,0,Low
SYNID0200047635,0.18466795878971382,0,Low
SYNID0200791302,0.18466088068114395,0,Low
SYNID0200227955,0.18465968528071863,0,Low
SYNID0200595408,0.18463866049940347,0,Low
SYNID0200148662,0.18460467175751627,0,Low
SYNID0200562482,0.18455770392595638,0,Low
SYNID0200029047,0.18450673291766412,0,Low
SYNID0200006234,0.18449892899989978,0,Low
SYNID0200959708,0.18447230716682572,0,Low
SYNID0200904323,0.1844661446311313,0,Low
SYNID0200507696,0.18426843774537544,0,Low
SYNID0200609213,0.1842598119458999,0,Low
SYNID0200635071,0.18420209533157128,0,Low
SYNID0200094139,0.18413990365201388,0,Low
SYNID0200569530,0.18408834520933803,0,Low
SYNID0200242962,0.18404816483618197,0,Low
SYNID0200668843,0.18403450866574872,0,Low
SYNID0200069185,0.18402348297629806,0,Low
SYNID0200955823,0.18392823201422287,0,Low
SYNID0200542632,0.18390292965099497,0,Low
SYNID0200351757,0.18389685223702523,0,Low
SYNID0200547424,0.18388389134202288,0,Low
SYNID0200518987,0.18387885829080086,0,Low
SYNID0200779245,0.1838369046762725,0,Low
SYNID0200444179,0.18375463448910456,0,Low
SYNID0200309928,0.1837229556197323,0,Low
SYNID0200441647,0.18368354486414934,0,Low
SYNID0200588418,0.1836728580431663,0,Low
SYNID0200875750,0.18364260883362887,0,Low
SYNID0200305220,0.18346900709411562,0,Low
SYNID0200144919,0.18342973028391896,0,Low
SYNID0200273222,0.18338476004608562,0,Low
SYNID0200572185,0.18334233672346728,0,Low
SYNID0200982607,0.18322854537930722,0,Low
SYNID0200333288,0.1831307283188986,0,Low
SYNID0200974778,0.18311825510485347,0,Low
SYNID0200044503,0.18309854279727628,0,Low
SYNID0200506086,0.18309359126378444,0,Low
SYNID0200523490,0.1830662844805621,0,Low
SYNID0200463604,0.18305576355536535,0,Low
SYNID0200516523,0.18300389321028382,0,Low
SYNID0200427693,0.18295845718090775,0,Low
SYNID0200497846,0.18290694543791264,0,Low
SYNID0200394222,0.18287034830664228,0,Low
SYNID0200743038,0.1828565646836957,0,Low
SYNID0200805055,0.18284155395986285,0,Low
SYNID0200323689,0.18276634914267048,0,Low
SYNID0200935711,0.18268239463555241,0,Low
SYNID0200773355,0.1826286536629052,0,Low
SYNID0200864367,0.1825533413021737,0,Low
SYNID0200267966,0.18253057613012175,0,Low
SYNID0200865150,0.18246161223018253,0,Low
SYNID0200394748,0.18246157019891374,0,Low
SYNID0200603409,0.1823860288266394,0,Low
SYNID0200765873,0.18235306576273713,0,Low
SYNID0200039736,0.18229383841070756,0,Low
SYNID0200590966,0.1822131804177411,0,Low
SYNID0200820258,0.18216906468231897,0,Low
SYNID0200580207,0.1820888915383415,0,Low
SYNID0200350192,0.18202296821088187,0,Low
SYNID0200829420,0.18197306782513428,0,Low
SYNID0200542961,0.1819389388962388,0,Low
SYNID0200748674,0.18189314680652302,0,Low
SYNID0200120735,0.1818926333459992,0,Low
SYNID0200105352,0.181888774934105,0,Low
SYNID0200456912,0.1818746968601127,0,Low
SYNID0200519395,0.18186918379347167,0,Low
SYNID0200564421,0.18180696359996917,0,Low
SYNID0200412205,0.181796947884946,0,Low
SYNID0200466291,0.18163395899182505,0,Low
SYNID0200664527,0.1815734967493947,0,Low
SYNID0200491578,0.18145612087677349,0,Low
SYNID0200286582,0.18133293579446974,0,Low
SYNID0200510544,0.18127571079666333,0,Low
SYNID0200221253,0.18124975796187687,0,Low
SYNID0200620239,0.1812457607893177,0,Low
SYNID0200209342,0.18124120444694736,0,Low
SYNID0200366299,0.18121502700947156,0,Low
SYNID0200358738,0.18114260062917803,0,Low
SYNID0200254293,0.18109478853609873,0,Low
SYNID0200909661,0.18104146660402798,0,Low
SYNID0200883757,0.18103640528980453,0,Low
SYNID0200186775,0.18093847512001227,0,Low
SYNID0200214741,0.18085828372125906,0,Low
SYNID0200183857,0.18083112004124408,0,Low
SYNID0200668982,0.1808310581448488,0,Low
SYNID0200147022,0.1808138047897433,0,Low
SYNID0200597244,0.18080096967919018,0,Low
SYNID0200482658,0.18079927869137413,0,Low
SYNID0200810749,0.180751512114107,0,Low
SYNID0200588817,0.18072679542572234,0,Low
SYNID0200537367,0.18063488739219574,0,Low
SYNID0200479056,0.18060277304645217,0,Low
SYNID0200543834,0.18059248547281054,0,Low
SYNID0200986368,0.18044479918957684,0,Low
SYNID0200402179,0.18043565904538245,0,Low
SYNID0200107359,0.18042713127932342,0,Low
SYNID0200559644,0.18038786089026826,0,Low
SYNID0200587205,0.1803735508122467,0,Low
SYNID0200415605,0.18033111727910928,0,Low
SYNID0200691094,0.1803210421410672,0,Low
SYNID0200169944,0.1803138656021765,0,Low
SYNID0200621894,0.180277658108828,0,Low
SYNID0200797639,0.18022086880772115,0,Low
SYNID0200006850,0.180207689457887,0,Low
SYNID0200457763,0.18016106709210222,0,Low
SYNID0200390742,0.18012289063574044,0,Low
SYNID0200940543,0.18006558884819612,0,Low
SYNID0200830373,0.18005055932621405,0,Low
SYNID0200448204,0.17996101230740408,0,Low
SYNID0200406049,0.17995885314559668,0,Low
SYNID0200635157,0.179951026249227,0,Low
SYNID0200966109,0.1798735387497356,0,Low
SYNID0200173671,0.17983448463448876,0,Low
SYNID0200130468,0.17982226362087766,0,Low
SYNID0200483127,0.1797944322987381,0,Low
SYNID0200083253,0.17979203037480757,0,Low
SYNID0200987243,0.17976941086952092,0,Low
SYNID0200134354,0.1796578508269519,0,Low
SYNID0200465887,0.17962758093510334,0,Low
SYNID0200358812,0.17952334982111273,0,Low
SYNID0200939887,0.17949090336111817,0,Low
SYNID0200018663,0.1794438674872258,0,Low
SYNID0200414131,0.17944032679374616,0,Low
SYNID0200279644,0.17942322972646407,0,Low
SYNID0200746746,0.17940473410364333,0,Low
SYNID0200178431,0.17934454586087484,0,Low
SYNID0200567483,0.17933007596327982,0,Low
SYNID0200188524,0.17930286864077832,0,Low
SYNID0200623647,0.17924461763232924,0,Low
SYNID0200089164,0.179222537431946,0,Low
SYNID0200223857,0.17916786859371958,0,Low
SYNID0200360750,0.17911560933422593,0,Low
SYNID0200184533,0.1791091772786399,0,Low
SYNID0200520926,0.17903048883824046,0,Low
SYNID0200722040,0.17901720958628542,0,Low
SYNID0200712408,0.17897016252760134,0,Low
SYNID0200362436,0.17894416036685012,0,Low
SYNID0200362761,0.17891496168694504,0,Low
SYNID0200340589,0.178863825914732,0,Low
SYNID0200346749,0.1788573198977993,0,Low
SYNID0200182495,0.17875138377155902,0,Low
SYNID0200493348,0.17873440678623964,0,Low
SYNID0200434162,0.17871755284882024,0,Low
SYNID0200532870,0.1786630753912975,0,Low
SYNID0200677841,0.1786402680717014,0,Low
SYNID0200663246,0.17852756609121168,0,Low
SYNID0200807212,0.17845599632586384,0,Low
SYNID0200039594,0.17838730854720303,0,Low
SYNID0200662145,0.17837367061950182,0,Low
SYNID0200985420,0.17836257185665572,0,Low
SYNID0200467201,0.1783300443683944,0,Low
SYNID0200457049,0.17824124815371084,0,Low
SYNID0200910549,0.17823541827421574,0,Low
SYNID0200440091,0.1782298631078289,0,Low
SYNID0200056918,0.17820055211020897,0,Low
SYNID0200040476,0.17812946954833553,0,Low
SYNID0200551017,0.17797369467909874,0,Low
SYNID0200868524,0.1778457344278465,0,Low
SYNID0200989564,0.17780111702028173,0,Low
SYNID0200658768,0.17770059077212308,0,Low
SYNID0200508751,0.17767947178886123,0,Low
SYNID0200745864,0.17767629818687464,0,Low
SYNID0200617845,0.177668978730521,0,Low
SYNID0200057111,0.17764266216516827,0,Low
SYNID0200804196,0.17756826750717053,0,Low
SYNID0200137799,0.17754761920082146,0,Low
SYNID0200544540,0.17753929030157972,0,Low
SYNID0200674656,0.17747937522889262,0,Low
SYNID0200228402,0.17747550197430284,0,Low
SYNID0200543023,0.1774391852850435,0,Low
SYNID0200525992,0.1774224295493122,0,Low
SYNID0200465967,0.17740876628070368,0,Low
SYNID0200759639,0.1773967896344542,0,Low
SYNID0200061628,0.1773339976108118,0,Low
SYNID0200885327,0.17733389709703012,0,Low
SYNID0200209380,0.17727690645662614,0,Low
SYNID0200114644,0.17719679911332814,0,Low
SYNID0200338228,0.17719064890084285,0,Low
SYNID0200001071,0.1771702882748648,0,Low
SYNID0200874695,0.1771012521255126,0,Low
SYNID0200640444,0.17709218839449198,0,Low
SYNID0200431448,0.1770918983152459,0,Low
SYNID0200066155,0.17707192560037105,0,Low
SYNID0200504185,0.17706607812563124,0,Low
SYNID0200365311,0.17703620269642867,0,Low
SYNID0200030963,0.17702993431538744,0,Low
SYNID0200233343,0.176988671437043,0,Low
SYNID0200340745,0.17692996236660846,0,Low
SYNID0200474424,0.17677087178107048,0,Low
SYNID0200032709,0.17674859275149668,0,Low
SYNID0200949045,0.17673649334596686,0,Low
SYNID0200403697,0.17666549643723267,0,Low
SYNID0200525851,0.1766645177745491,0,Low
SYNID0200899410,0.17664579983265882,0,Low
SYNID0200315105,0.17661406284751546,0,Low
SYNID0200578944,0.17654695548010285,0,Low
SYNID0200746894,0.17653784514052895,0,Low
SYNID0200589205,0.17643721591926875,0,Low
SYNID0200266338,0.17635983833858732,0,Low
SYNID0200385197,0.1763158187043971,0,Low
SYNID0200915345,0.1762545110161176,0,Low
SYNID0200470018,0.17621923386338806,0,Low
SYNID0200891443,0.17604181323986012,0,Low
SYNID0200937519,0.17599123962146157,0,Low
SYNID0200908685,0.17597347430517984,0,Low
SYNID0200968469,0.17590679537162118,0,Low
SYNID0200035137,0.17575472389871627,0,Low
SYNID0200997472,0.17572337341145922,0,Low
SYNID0200524159,0.17571515534257198,0,Low
SYNID0200636829,0.17571353289841757,0,Low
SYNID0200132356,0.1757046513400336,0,Low
SYNID0200062604,0.17563883231913724,0,Low
SYNID0200484336,0.17546521142775123,0,Low
SYNID0200348039,0.1753995745918699,0,Low
SYNID0200784709,0.1753140295228504,0,Low
SYNID0200386655,0.17529851360676385,0,Low
SYNID0200688789,0.17527102729581745,0,Low
SYNID0200470078,0.1752535199170172,0,Low
SYNID0200585529,0.175223206197186,0,Low
SYNID0200109888,0.1752100198025029,0,Low
SYNID0200085579,0.17516954624307168,0,Low
SYNID0200720818,0.17516847235016425,0,Low
SYNID0200442880,0.17500091624511943,0,Low
SYNID0200281258,0.1749987272422337,0,Low
SYNID0200868076,0.17498677902751725,0,Low
SYNID0200134763,0.17497636247555287,0,Low
SYNID0200972447,0.17491915193739144,0,Low
SYNID0200856397,0.17490500722273306,0,Low
SYNID0200352195,0.17480943696273954,0,Low
SYNID0200602456,0.17471989602214222,0,Low
SYNID0200475481,0.17469871042672386,0,Low
SYNID0200739415,0.1746510235609719,0,Low
SYNID0200230370,0.17463077317376047,0,Low
SYNID0200202404,0.17462281221713044,0,Low
SYNID0200937527,0.1746212460191197,0,Low
SYNID0200474726,0.174568341854539,0,Low
SYNID0200819808,0.17456528441734387,0,Low
SYNID0200098575,0.1745482642253423,0,Low
SYNID0200929330,0.17438614523058826,0,Low
SYNID0200153670,0.17437875448177026,0,Low
SYNID0200424280,0.17435654033047387,0,Low
SYNID0200967950,0.17434227219551746,0,Low
SYNID0200639695,0.17433784427226434,0,Low
SYNID0200157386,0.17431422923585715,0,Low
SYNID0200797987,0.17427834529281205,0,Low
SYNID0200377781,0.17422478199109726,0,Low
SYNID0200299320,0.17415315916838242,0,Low
SYNID0200864530,0.17413406270540993,0,Low
SYNID0200568983,0.17413338574105824,0,Low
SYNID0200800421,0.17410674559053158,0,Low
SYNID0200050166,0.17404306847365875,0,Low
SYNID0200520608,0.17393468848575466,0,Low
SYNID0200858585,0.17392886713498928,0,Low
SYNID0200107936,0.173753090013606,0,Low
SYNID0200217186,0.17374894341619068,0,Low
SYNID0200034923,0.17372986182904582,0,Low
SYNID0200681458,0.17370941045900096,0,Low
SYNID0200204831,0.1737038432880048,0,Low
SYNID0200719433,0.17368830692164322,0,Low
SYNID0200917325,0.17367950360740148,0,Low
SYNID0200830548,0.1735985748663224,0,Low
SYNID0200879293,0.17352823173967574,0,Low
SYNID0200768708,0.17339540025247868,0,Low
SYNID0200409830,0.1733904871867748,0,Low
SYNID0200426616,0.1733652455609535,0,Low
SYNID0200624776,0.17333116845885893,0,Low
SYNID0200089421,0.17330378016792303,0,Low
SYNID0200133385,0.173288032616218,0,Low
SYNID0200061115,0.17324901671421122,0,Low
SYNID0200401506,0.17316720943195163,0,Low
SYNID0200852747,0.17315805622433111,0,Low
SYNID0200197490,0.17314252389861418,0,Low
SYNID0200437097,0.1731337735171719,0,Low
SYNID0200374047,0.17311561454894392,0,Low
SYNID0200605534,0.1730880668838372,0,Low
SYNID0200450652,0.17305161842023464,0,Low
SYNID0200601187,0.17304864727674063,0,Low
SYNID0200140148,0.1730290141398289,0,Low
SYNID0200964815,0.17295089467748803,0,Low
SYNID0200989155,0.17294925043508547,0,Low
SYNID0200145023,0.17289110526371615,0,Low
SYNID0200437362,0.1728523156069759,0,Low
SYNID0200741954,0.1728161847972965,0,Low
SYNID0200064981,0.17277556491979362,0,Low
SYNID0200570580,0.17276689809677376,0,Low
SYNID0200080420,0.1727230439506981,0,Low
SYNID0200852322,0.17267424092394362,0,Low
SYNID0200553721,0.17259014697299768,0,Low
SYNID0200042014,0.17254243319603846,0,Low
SYNID0200174398,0.1725104984539439,0,Low
SYNID0200266650,0.17246935391853846,0,Low
SYNID0200284396,0.1724497390756387,0,Low
SYNID0200926410,0.172434335280431,0,Low
SYNID0200789087,0.172410932141636,0,Low
SYNID0200382251,0.17237823837235366,0,Low
SYNID0200309513,0.17236723938475923,0,Low
SYNID0200560050,0.1722694505346301,0,Low
SYNID0200145813,0.17210201574166545,0,Low
SYNID0200821146,0.17210052068725884,0,Low
SYNID0200958102,0.17193453954052074,0,Low
SYNID0200828080,0.17187132710012276,0,Low
SYNID0200211531,0.1717501401978767,0,Low
SYNID0200473879,0.17174475041428044,0,Low
SYNID0200776551,0.17170283864063884,0,Low
SYNID0200738550,0.17169892955682003,0,Low
SYNID0200331625,0.17167357621823326,0,Low
SYNID0200070554,0.17161486133581316,0,Low
SYNID0200614756,0.171607348401711,0,Low
SYNID0200413355,0.17149800648090702,0,Low
SYNID0200374275,0.17146320688848343,0,Low
SYNID0200397786,0.17143458479008455,0,Low
SYNID0200733676,0.17141154331960234,0,Low
SYNID0200843914,0.17140157064785855,0,Low
SYNID0200882025,0.17137170686200703,0,Low
SYNID0200671865,0.1713402682427172,0,Low
SYNID0200250544,0.17133737259560666,0,Low
SYNID0200383718,0.17128463441575048,0,Low
SYNID0200392171,0.17126080628608042,0,Low
SYNID0200555428,0.1712533114339101,0,Low
SYNID0200563678,0.17123495691967577,0,Low
SYNID0200759302,0.17122119887047654,0,Low
SYNID0200576187,0.1712113883705682,0,Low
SYNID0200617431,0.17117674110181064,0,Low
SYNID0200049394,0.17113378842715932,0,Low
SYNID0200399505,0.17111075098402767,0,Low
SYNID0200111728,0.17103012056655537,0,Low
SYNID0200591527,0.17091885471133894,0,Low
SYNID0200258475,0.1708431835656135,0,Low
SYNID0200909549,0.17073478657996705,0,Low
SYNID0200639566,0.1706979216584078,0,Low
SYNID0200605134,0.17068678385695074,0,Low
SYNID0200740877,0.1706807583466119,0,Low
SYNID0200931558,0.17067222415881322,0,Low
SYNID0200540168,0.17062709331973464,0,Low
SYNID0200109884,0.1706101959909469,0,Low
SYNID0200753655,0.17045934353825637,0,Low
SYNID0200330237,0.17045363005425512,0,Low
SYNID0200202608,0.17040207238614835,0,Low
SYNID0200937170,0.17038412602303654,0,Low
SYNID0200525900,0.1703548007314245,0,Low
SYNID0200020495,0.17031773081872875,0,Low
SYNID0200611648,0.17030443258836941,0,Low
SYNID0200613218,0.1702372285357978,0,Low
SYNID0200407590,0.17016155294193153,0,Low
SYNID0200955379,0.17014887444493648,0,Low
SYNID0200680822,0.17009752154118596,0,Low
SYNID0200959582,0.17007610140258467,0,Low
SYNID0200337307,0.1700558274915111,0,Low
SYNID0200887093,0.17004999279870187,0,Low
SYNID0200885488,0.1700178577285681,0,Low
SYNID0200119062,0.16998671529651826,0,Low
SYNID0200645017,0.16982810867120257,0,Low
SYNID0200029336,0.16982498587672612,0,Low
SYNID0200779013,0.16978648424361675,0,Low
SYNID0200978947,0.16975935939335252,0,Low
SYNID0200566993,0.1697066641391748,0,Low
SYNID0200600945,0.1696780285377471,0,Low
SYNID0200746939,0.16965841141089444,0,Low
SYNID0200087245,0.16953709055499655,0,Low
SYNID0200642430,0.16945927133276656,0,Low
SYNID0200406497,0.16944912750841162,0,Low
SYNID0200677902,0.16943944559368979,0,Low
SYNID0200484644,0.16934748377324044,0,Low
SYNID0200011226,0.16932523092903506,0,Low
SYNID0200987026,0.16930078148946026,0,Low
SYNID0200710389,0.16929596988828566,0,Low
SYNID0200864296,0.16927202618696557,0,Low
SYNID0200336358,0.1692478924578542,0,Low
SYNID0200260167,0.16918974024296696,0,Low
SYNID0200221792,0.16917546288413032,0,Low
SYNID0200210436,0.16915290176042996,0,Low
SYNID0200436868,0.16912244926537717,0,Low
SYNID0200631927,0.16905483214312,0,Low
SYNID0200395301,0.1690242932018432,0,Low
SYNID0200129013,0.16900461881123557,0,Low
SYNID0200592271,0.16898647964254643,0,Low
SYNID0200108372,0.16896650924724288,0,Low
SYNID0200144451,0.16891540704881602,0,Low
SYNID0200049207,0.16890331427740624,0,Low
SYNID0200662812,0.16884767511378418,0,Low
SYNID0200073454,0.16882774490459146,0,Low
SYNID0200499525,0.16881997201593207,0,Low
SYNID0200735415,0.16872900441501443,0,Low
SYNID0200104924,0.16872271521566895,0,Low
SYNID0200514060,0.16871499893031494,0,Low
SYNID0200559994,0.16867990829399016,0,Low
SYNID0200681838,0.16865631544965937,0,Low
SYNID0200702169,0.16855183757276138,0,Low
SYNID0200415156,0.16837960521414036,0,Low
SYNID0200001811,0.16826666960594405,0,Low
SYNID0200744309,0.16820362492169466,0,Low
SYNID0200979885,0.16818246232718975,0,Low
SYNID0200425405,0.16814347854776995,0,Low
SYNID0200933165,0.16810978101414276,0,Low
SYNID0200986958,0.16807016671752462,0,Low
SYNID0200100299,0.16795614090246586,0,Low
SYNID0200905332,0.1679526621403502,0,Low
SYNID0200970116,0.16787182835356745,0,Low
SYNID0200722458,0.1678621257567275,0,Low
SYNID0200510070,0.16785927468149509,0,Low
SYNID0200440145,0.167791183449162,0,Low
SYNID0200235805,0.16762911998952684,0,Low
SYNID0200782885,0.16762054371025142,0,Low
SYNID0200793183,0.167572573025295,0,Low
SYNID0200552718,0.16753257745257488,0,Low
SYNID0200191578,0.16752888400764337,0,Low
SYNID0200331276,0.16741833749223906,0,Low
SYNID0200174533,0.16740680691948717,0,Low
SYNID0200711069,0.16738719107529915,0,Low
SYNID0200873394,0.1673767881060596,0,Low
SYNID0200913792,0.1673230764591735,0,Low
SYNID0200367679,0.16732062354112154,0,Low
SYNID0200748727,0.16731797328270448,0,Low
SYNID0200579256,0.16730014043264507,0,Low
SYNID0200932659,0.16725031455801748,0,Low
SYNID0200350675,0.16721296616369197,0,Low
SYNID0200134054,0.16713585084569188,0,Low
SYNID0200123837,0.1670613217489607,0,Low
SYNID0200445203,0.16704346751543397,0,Low
SYNID0200526483,0.1670416402173368,0,Low
SYNID0200218711,0.16703100390130887,0,Low
SYNID0200901050,0.16702306792440852,0,Low
SYNID0200165507,0.16701463462822425,0,Low
SYNID0200195300,0.1669672898211273,0,Low
SYNID0200240280,0.16696430563289566,0,Low
SYNID0200788946,0.166960788835742,0,Low
SYNID0200381121,0.1669439607472113,0,Low
SYNID0200863914,0.16693678355541053,0,Low
SYNID0200849802,0.16692169899985176,0,Low
SYNID0200073367,0.1668890025462183,0,Low
SYNID0200410362,0.1668700041631559,0,Low
SYNID0200199373,0.16668417203356833,0,Low
SYNID0200833621,0.16667589388686277,0,Low
SYNID0200636244,0.16662250183677446,0,Low
SYNID0200310803,0.16655969845737012,0,Low
SYNID0200510000,0.1665210200550134,0,Low
SYNID0200284989,0.16641518253419935,0,Low
SYNID0200849033,0.16638939094139904,0,Low
SYNID0200468746,0.16636382471343075,0,Low
SYNID0200359869,0.16635079131753738,0,Low
SYNID0200231839,0.1663356499589143,0,Low
SYNID0200992339,0.16616499638398885,0,Low
SYNID0200525570,0.16613201843572029,0,Low
SYNID0200664904,0.16608305448743826,0,Low
SYNID0200375953,0.16608093097711663,0,Low
SYNID0200654822,0.1660803703716287,0,Low
SYNID0200643675,0.16592386435211637,0,Low
SYNID0200102755,0.16592047356068357,0,Low
SYNID0200994027,0.16586970127336598,0,Low
SYNID0200692316,0.16582723601313298,0,Low
SYNID0200043476,0.1658061134175341,0,Low
SYNID0200551902,0.16572740492390076,0,Low
SYNID0200774161,0.16565769881287218,0,Low
SYNID0200889308,0.16560911283573077,0,Low
SYNID0200068793,0.1655585217172429,0,Low
SYNID0200468446,0.16555744698350855,0,Low
SYNID0200878503,0.16555617583178306,0,Low
SYNID0200312502,0.16554375554889295,0,Low
SYNID0200341428,0.16553676545948554,0,Low
SYNID0200537853,0.16552925783114042,0,Low
SYNID0200541017,0.16551872699214076,0,Low
SYNID0200302386,0.16537448861125092,0,Low
SYNID0200794772,0.16533171813161884,0,Low
SYNID0200943845,0.16531239877837078,0,Low
SYNID0200893441,0.1652897561979088,0,Low
SYNID0200690756,0.1652882373982978,0,Low
SYNID0200276971,0.16526136517253925,0,Low
SYNID0200723991,0.16524048907248584,0,Low
SYNID0200945506,0.16523356625652175,0,Low
SYNID0200143186,0.16519643126268402,0,Low
SYNID0200700419,0.16512443083810507,0,Low
SYNID0200967145,0.16511199009479416,0,Low
SYNID0200619627,0.165100737307175,0,Low
SYNID0200102850,0.16506335412952244,0,Low
SYNID0200840397,0.16502004770221956,0,Low
SYNID0200190259,0.16500746142274225,0,Low
SYNID0200737508,0.1649799495815249,0,Low
SYNID0200220613,0.16497636081707467,0,Low
SYNID0200775528,0.16481915594276092,0,Low
SYNID0200109069,0.16471462478975285,0,Low
SYNID0200739309,0.16469384992764147,0,Low
SYNID0200628727,0.1646773282867952,0,Low
SYNID0200948138,0.16466303407913307,0,Low
SYNID0200506958,0.16456334974237474,0,Low
SYNID0200542996,0.1644974150044758,0,Low
SYNID0200830799,0.16439573497680648,0,Low
SYNID0200639873,0.16436358111962251,0,Low
SYNID0200659822,0.16433682676287925,0,Low
SYNID0200442701,0.16426922380200037,0,Low
SYNID0200094546,0.16422169898763772,0,Low
SYNID0200775027,0.16419003359688727,0,Low
SYNID0200920366,0.1641781292644252,0,Low
SYNID0200742327,0.1640673708501157,0,Low
SYNID0200828085,0.1640372759707025,0,Low
SYNID0200447435,0.16401274521366888,0,Low
SYNID0200136140,0.16400825480008074,0,Low
SYNID0200717641,0.16398108024661895,0,Low
SYNID0200672528,0.1639805073987271,0,Low
SYNID0200948897,0.1639618639319005,0,Low
SYNID0200216929,0.1639573129108126,0,Low
SYNID0200229032,0.16388186818386358,0,Low
SYNID0200864719,0.1638712681494115,0,Low
SYNID0200079374,0.16383014000727308,0,Low
SYNID0200107103,0.1637522520229226,0,Low
SYNID0200503812,0.16373993451041807,0,Low
SYNID0200826680,0.16371215058950178,0,Low
SYNID0200430523,0.16369377367072396,0,Low
SYNID0200179983,0.16365556197514625,0,Low
SYNID0200000050,0.16364505320485428,0,Low
SYNID0200203256,0.1636410466824717,0,Low
SYNID0200933094,0.1635945683992927,0,Low
SYNID0200878172,0.1635320892621464,0,Low
SYNID0200912864,0.16349242324652663,0,Low
SYNID0200173212,0.16346802924061266,0,Low
SYNID0200379652,0.1634628077470196,0,Low
SYNID0200757633,0.16343803004842505,0,Low
SYNID0200467284,0.1634331738698358,0,Low
SYNID0200342378,0.16342581208105234,0,Low
SYNID0200790772,0.1634077744591842,0,Low
SYNID0200748269,0.16338299039230464,0,Low
SYNID0200380832,0.16324648498361022,0,Low
SYNID0200958348,0.1632457128461347,0,Low
SYNID0200668244,0.16319698393609855,0,Low
SYNID0200600784,0.16312640198785,0,Low
SYNID0200523645,0.1631143265732044,0,Low
SYNID0200130105,0.16305282357297507,0,Low
SYNID0200485331,0.16302758928070238,0,Low
SYNID0200065505,0.16298943003039362,0,Low
SYNID0200985788,0.16295760426776812,0,Low
SYNID0200963307,0.16287731371697795,0,Low
SYNID0200813045,0.16278669515499544,0,Low
SYNID0200854267,0.16275596069941378,0,Low
SYNID0200234920,0.16275352032547774,0,Low
SYNID0200873440,0.16273686161379325,0,Low
SYNID0200444781,0.16273269219072295,0,Low
SYNID0200405064,0.1626841442460149,0,Low
SYNID0200536595,0.16260346488323607,0,Low
SYNID0200708852,0.16259383318488307,0,Low
SYNID0200958901,0.16258598441091004,0,Low
SYNID0200556963,0.16258520241354185,0,Low
SYNID0200255601,0.1624747469368183,0,Low
SYNID0200266262,0.16244146089399347,0,Low
SYNID0200845321,0.16243435622278474,0,Low
SYNID0200689024,0.16240933820210857,0,Low
SYNID0200303482,0.1623981844193908,0,Low
SYNID0200949934,0.16238474545028664,0,Low
SYNID0200340163,0.16233185033282543,0,Low
SYNID0200316768,0.1622506839668716,0,Low
SYNID0200064104,0.16223287171423262,0,Low
SYNID0200457259,0.16222637969124243,0,Low
SYNID0200343733,0.16217414253816942,0,Low
SYNID0200959491,0.1619891488582167,0,Low
SYNID0200426884,0.1619225615355303,0,Low
SYNID0200751362,0.16190766192199024,0,Low
SYNID0200626610,0.16188049550693606,0,Low
SYNID0200479059,0.16183000204952674,0,Low
SYNID0200622331,0.16181583802638155,0,Low
SYNID0200929091,0.16179649076835767,0,Low
SYNID0200348827,0.1617176071098026,0,Low
SYNID0200798590,0.16159136165301025,0,Low
SYNID0200718681,0.16158456673545346,0,Low
SYNID0200423451,0.16156315987821418,0,Low
SYNID0200135900,0.16144172064635026,0,Low
SYNID0200639238,0.16140478643042194,0,Low
SYNID0200188796,0.16138355248342517,0,Low
SYNID0200625753,0.16137687217418206,0,Low
SYNID0200847126,0.16134581943581305,0,Low
SYNID0200668154,0.16134579121158582,0,Low
SYNID0200361298,0.16131420710939026,0,Low
SYNID0200479033,0.16125209547621228,0,Low
SYNID0200390355,0.1612168817132395,0,Low
SYNID0200816819,0.1610760789880492,0,Low
SYNID0200185275,0.161066094577328,0,Low
SYNID0200793182,0.16104195546744038,0,Low
SYNID0200825706,0.16102721764681543,0,Low
SYNID0200799592,0.16093500120862458,0,Low
SYNID0200830083,0.16090109821082355,0,Low
SYNID0200610530,0.16084395341862057,0,Low
SYNID0200011568,0.16080783164517948,0,Low
SYNID0200911805,0.1607916353765041,0,Low
SYNID0200979594,0.16078559745176968,0,Low
SYNID0200290654,0.16073345727726418,0,Low
SYNID0200841057,0.1606824986027226,0,Low
SYNID0200017537,0.16066902348736822,0,Low
SYNID0200521447,0.16065978174144951,0,Low
SYNID0200965745,0.16064537590443767,0,Low
SYNID0200929852,0.16062866888315547,0,Low
SYNID0200505771,0.16058248405625447,0,Low
SYNID0200893023,0.16058209224438424,0,Low
SYNID0200992305,0.16051418867672013,0,Low
SYNID0200811863,0.16049191862777207,0,Low
SYNID0200186247,0.1604916469263965,0,Low
SYNID0200423882,0.16046778427399377,0,Low
SYNID0200090716,0.16043332992289322,0,Low
SYNID0200872404,0.16041535137630875,0,Low
SYNID0200961902,0.16036638211975257,0,Low
SYNID0200917789,0.16028124661500276,0,Low
SYNID0200897935,0.1602556246224267,0,Low
SYNID0200468601,0.1601184395533392,0,Low
SYNID0200758741,0.1600935834527153,0,Low
SYNID0200034670,0.15987448065447202,0,Low
SYNID0200318851,0.159837279903024,0,Low
SYNID0200067891,0.15979125624053642,0,Low
SYNID0200019234,0.15977262230907419,0,Low
SYNID0200840577,0.15975953446377672,0,Low
SYNID0200245576,0.15974235576505058,0,Low
SYNID0200775624,0.15971501914018232,0,Low
SYNID0200522492,0.1596628754833756,0,Low
SYNID0200050117,0.1596563002943852,0,Low
SYNID0200712265,0.15964122689634624,0,Low
SYNID0200608592,0.15953046392019327,0,Low
SYNID0200556982,0.15949888868537637,0,Low
SYNID0200833851,0.15949294964479677,0,Low
SYNID0200153079,0.15947539363322416,0,Low
SYNID0200010349,0.15947429475976183,0,Low
SYNID0200503309,0.15945475769175516,0,Low
SYNID0200672933,0.1594395824872445,0,Low
SYNID0200126633,0.15938205351376628,0,Low
SYNID0200851396,0.159356925147988,0,Low
SYNID0200034847,0.1592650879545634,0,Low
SYNID0200804142,0.15925963688453043,0,Low
SYNID0200713118,0.1592444888544714,0,Low
SYNID0200069339,0.15921035969456654,0,Low
SYNID0200190885,0.15919698435769497,0,Low
SYNID0200421209,0.1591189676971681,0,Low
SYNID0200247014,0.1590796814395833,0,Low
SYNID0200761097,0.15902415447586127,0,Low
SYNID0200357327,0.1589739719695697,0,Low
SYNID0200601582,0.15894313691928735,0,Low
SYNID0200334499,0.15892979265890034,0,Low
SYNID0200522649,0.15889918826679084,0,Low
SYNID0200530200,0.15883913732926908,0,Low
SYNID0200385347,0.15883913732926908,0,Low
SYNID0200413137,0.1587836586907621,0,Low
SYNID0200215756,0.15870804517616027,0,Low
SYNID0200731686,0.15866365839138602,0,Low
SYNID0200909409,0.15865008105900136,0,Low
SYNID0200149086,0.1586355452570683,0,Low
SYNID0200524706,0.1585874658859061,0,Low
SYNID0200606169,0.1585012921841228,0,Low
SYNID0200525501,0.1584415435992858,0,Low
SYNID0200905966,0.1583514728386637,0,Low
SYNID0200953841,0.1583334920127617,0,Low
SYNID0200671599,0.15828446622979764,0,Low
SYNID0200762955,0.15823403437575256,0,Low
SYNID0200818996,0.15822159706699745,0,Low
SYNID0200530767,0.15819515679168866,0,Low
SYNID0200760660,0.1581871908594486,0,Low
SYNID0200158077,0.15816798522570868,0,Low
SYNID0200498543,0.1581198150433381,0,Low
SYNID0200845019,0.15803685113379717,0,Low
SYNID0200450169,0.15802627820013926,0,Low
SYNID0200103290,0.15800209941659255,0,Low
SYNID0200534001,0.1579148104935566,0,Low
SYNID0200666559,0.157911443600127,0,Low
SYNID0200088065,0.15788348699774823,0,Low
SYNID0200218284,0.1578249905916791,0,Low
SYNID0200427255,0.15774661422500735,0,Low
SYNID0200394395,0.1577080829170618,0,Low
SYNID0200167323,0.1576484049092512,0,Low
SYNID0200054415,0.15759307773447123,0,Low
SYNID0200654826,0.15758446011296928,0,Low
SYNID0200771121,0.15754260992255148,0,Low
SYNID0200291059,0.15753508814346479,0,Low
SYNID0200325167,0.1574902476728925,0,Low
SYNID0200149891,0.15747218278987868,0,Low
SYNID0200422315,0.15744806128340721,0,Low
SYNID0200442219,0.1574447702714019,0,Low
SYNID0200971164,0.1574342537816314,0,Low
SYNID0200008951,0.15740360539575154,0,Low
SYNID0200665271,0.15739866272048325,0,Low
SYNID0200135480,0.15735699504400236,0,Low
SYNID0200883943,0.1572873854180875,0,Low
SYNID0200448700,0.15724776864125423,0,Low
SYNID0200402144,0.1572157341788965,0,Low
SYNID0200134822,0.1572047006999412,0,Low
SYNID0200625970,0.15711654588639185,0,Low
SYNID0200488698,0.15706627007910706,0,Low
SYNID0200820187,0.15694135181961194,0,Low
SYNID0200618065,0.15686953353503463,0,Low
SYNID0200926843,0.15681473482096286,0,Low
SYNID0200216029,0.15663152555283189,0,Low
SYNID0200402069,0.15658226900883032,0,Low
SYNID0200803054,0.15657166119114757,0,Low
SYNID0200778012,0.15656887513795859,0,Low
SYNID0200272895,0.1565641360934385,0,Low
SYNID0200284967,0.1565577275988328,0,Low
SYNID0200106632,0.15655181843332672,0,Low
SYNID0200770489,0.15652215561505584,0,Low
SYNID0200018616,0.1564976590362186,0,Low
SYNID0200509092,0.15644499542063206,0,Low
SYNID0200430531,0.15644171336283103,0,Low
SYNID0200721077,0.15638592785218558,0,Low
SYNID0200063734,0.15624003074166187,0,Low
SYNID0200503740,0.15621048164096668,0,Low
SYNID0200276499,0.15618549705261225,0,Low
SYNID0200450407,0.15617184879341406,0,Low
SYNID0200662873,0.15613451547712476,0,Low
SYNID0200327232,0.15605357381430296,0,Low
SYNID0200398403,0.15605355788460357,0,Low
SYNID0200100376,0.15604450141944098,0,Low
SYNID0200942593,0.15603424523268328,0,Low
SYNID0200815501,0.1559911026568524,0,Low
SYNID0200055445,0.1559697034789902,0,Low
SYNID0200210585,0.15592118837773128,0,Low
SYNID0200782112,0.15588762593398703,0,Low
SYNID0200980890,0.1558721880701181,0,Low
SYNID0200945316,0.15584360576631523,0,Low
SYNID0200220243,0.15580152540841147,0,Low
SYNID0200657348,0.15578511790531707,0,Low
SYNID0200696766,0.15571398744605397,0,Low
SYNID0200413125,0.15570868575757268,0,Low
SYNID0200195334,0.1556741087014808,0,Low
SYNID0200482751,0.15566878415159174,0,Low
SYNID0200513177,0.15563348977849073,0,Low
SYNID0200050963,0.15561807845416076,0,Low
SYNID0200679363,0.15560392633254655,0,Low
SYNID0200396918,0.15555664672211156,0,Low
SYNID0200657520,0.1555513254889972,0,Low
SYNID0200075759,0.15548556925492418,0,Low
SYNID0200360036,0.1554690037027362,0,Low
SYNID0200923821,0.1554300254638008,0,Low
SYNID0200497836,0.1553552673150828,0,Low
SYNID0200191647,0.15532241663038787,0,Low
SYNID0200378345,0.15527752939330308,0,Low
SYNID0200857691,0.1551500024111263,0,Low
SYNID0200820826,0.15511759653584062,0,Low
SYNID0200835140,0.15510027537387494,0,Low
SYNID0200376774,0.15509078569156726,0,Low
SYNID0200188620,0.15503750418816103,0,Low
SYNID0200935258,0.1550044203991755,0,Low
SYNID0200108323,0.1550008564913815,0,Low
SYNID0200753816,0.15499492273775772,0,Low
SYNID0200920502,0.1549815795495924,0,Low
SYNID0200337864,0.15496244319343255,0,Low
SYNID0200775821,0.1549520240705316,0,Low
SYNID0200898171,0.1549416930806492,0,Low
SYNID0200468472,0.15490107888753923,0,Low
SYNID0200977470,0.15489579086731448,0,Low
SYNID0200378174,0.15483641362402228,0,Low
SYNID0200955400,0.1548325183034256,0,Low
SYNID0200483795,0.1547936822942489,0,Low
SYNID0200027423,0.15475950925049908,0,Low
SYNID0200477649,0.15470434416822937,0,Low
SYNID0200537685,0.15468918970369994,0,Low
SYNID0200081385,0.15457092753574864,0,Low
SYNID0200532946,0.15456102402821154,0,Low
SYNID0200708854,0.15452529563905837,0,Low
SYNID0200388884,0.1543251578377443,0,Low
SYNID0200088582,0.15431875309133242,0,Low
SYNID0200787910,0.15425754278488896,0,Low
SYNID0200776169,0.15423015210356816,0,Low
SYNID0200448998,0.15422408762006584,0,Low
SYNID0200933832,0.15422264910801203,0,Low
SYNID0200739113,0.1541365792512449,0,Low
SYNID0200703214,0.15412742218058623,0,Low
SYNID0200502799,0.1541166583833733,0,Low
SYNID0200353288,0.1540750995606157,0,Low
SYNID0200290865,0.15394083486500432,0,Low
SYNID0200825123,0.15387306670227802,0,Low
SYNID0200622941,0.1538270431178334,0,Low
SYNID0200575886,0.15380022364145146,0,Low
SYNID0200091660,0.1537791383250779,0,Low
SYNID0200456758,0.15376529799815047,0,Low
SYNID0200196319,0.15372231583953416,0,Low
SYNID0200249449,0.15369532132271208,0,Low
SYNID0200743100,0.15365885625791748,0,Low
SYNID0200840520,0.15361377891169142,0,Low
SYNID0200964390,0.1536064931077734,0,Low
SYNID0200969125,0.1535842864833416,0,Low
SYNID0200956661,0.15354445406317635,0,Low
SYNID0200052058,0.15350438973289893,0,Low
SYNID0200809340,0.15346361776488354,0,Low
SYNID0200384217,0.1534335930232324,0,Low
SYNID0200584432,0.15341126819254103,0,Low
SYNID0200895606,0.15332458293023504,0,Low
SYNID0200294954,0.15328949635417227,0,Low
SYNID0200616972,0.1532774634044034,0,Low
SYNID0200105480,0.15317833285225924,0,Low
SYNID0200162562,0.1531654860449243,0,Low
SYNID0200883818,0.1531084565520096,0,Low
SYNID0200765902,0.15306249568942265,0,Low
SYNID0200356191,0.1530514495154376,0,Low
SYNID0200736409,0.15304862579659956,0,Low
SYNID0200026303,0.15304031912302063,0,Low
SYNID0200274362,0.15297953937347225,0,Low
SYNID0200329261,0.15292422480787393,0,Low
SYNID0200819090,0.1529204851483288,0,Low
SYNID0200701792,0.1529062571883616,0,Low
SYNID0200935597,0.15286442792840044,0,Low
SYNID0200720250,0.15281671350056236,0,Low
SYNID0200746301,0.15279507489020144,0,Low
SYNID0200816975,0.15276652810613572,0,Low
SYNID0200716189,0.15275905566657183,0,Low
SYNID0200248346,0.15268656547184756,0,Low
SYNID0200124097,0.15267797351950074,0,Low
SYNID0200858972,0.1526243435853918,0,Low
SYNID0200515022,0.1525732664883378,0,Low
SYNID0200402013,0.15246102650587012,0,Low
SYNID0200702318,0.15245573940512436,0,Low
SYNID0200656613,0.1524411898611886,0,Low
SYNID0200250290,0.15236950448610548,0,Low
SYNID0200419748,0.1522680071932619,0,Low
SYNID0200238705,0.15225290401538272,0,Low
SYNID0200194289,0.15217557539458665,0,Low
SYNID0200032135,0.15211014435689618,0,Low
SYNID0200790114,0.1521057510684245,0,Low
SYNID0200509849,0.15205624996758238,0,Low
SYNID0200045621,0.1520454922169347,0,Low
SYNID0200656245,0.15202679989832002,0,Low
SYNID0200911077,0.15201421673684012,0,Low
SYNID0200421734,0.1519627376402976,0,Low
SYNID0200453303,0.1519044714175118,0,Low
SYNID0200244523,0.15190018575970543,0,Low
SYNID0200715626,0.15181978903757248,0,Low
SYNID0200003557,0.15162517069167936,0,Low
SYNID0200850869,0.15157125158535417,0,Low
SYNID0200606572,0.15155484224331017,0,Low
SYNID0200012532,0.15154325443880534,0,Low
SYNID0200539957,0.15137547208049734,0,Low
SYNID0200078975,0.1513229593854546,0,Low
SYNID0200214447,0.15131300578640755,0,Low
SYNID0200343917,0.15130032726866438,0,Low
SYNID0200722076,0.15122790645805023,0,Low
SYNID0200941751,0.15121654187190992,0,Low
SYNID0200742916,0.15115598886572207,0,Low
SYNID0200117092,0.15114346319752503,0,Low
SYNID0200920944,0.15112348412544813,0,Low
SYNID0200796420,0.15103473206117357,0,Low
SYNID0200480858,0.15101004010039398,0,Low
SYNID0200353547,0.15100359838981786,0,Low
SYNID0200147002,0.1509937877299325,0,Low
SYNID0200298433,0.15098638367570794,0,Low
SYNID0200087767,0.15089536201450643,0,Low
SYNID0200941183,0.15089353163436514,0,Low
SYNID0200238233,0.15089325600642262,0,Low
SYNID0200831044,0.15080439912989368,0,Low
SYNID0200642694,0.15077866620573532,0,Low
SYNID0200665919,0.15065271873111014,0,Low
SYNID0200314775,0.15061173951289192,0,Low
SYNID0200829769,0.15060822640189275,0,Low
SYNID0200232745,0.15055142795772197,0,Low
SYNID0200253060,0.15051993621099014,0,Low
SYNID0200618332,0.1504590098756473,0,Low
SYNID0200050035,0.15045356278257827,0,Low
SYNID0200860982,0.15033951709333304,0,Low
SYNID0200001747,0.1503350040161474,0,Low
SYNID0200507172,0.1503061973812997,0,Low
SYNID0200316957,0.15029163355672864,0,Low
SYNID0200320835,0.15025885124955063,0,Low
SYNID0200956454,0.15025376477563845,0,Low
SYNID0200772176,0.15002668217236242,0,Low
SYNID0200734236,0.15000199301475553,0,Low
SYNID0200230745,0.14993937823938075,0,Low
SYNID0200388253,0.14991870613099412,0,Low
SYNID0200493567,0.1499042276093746,0,Low
SYNID0200446751,0.14980180813270305,0,Low
SYNID0200846950,0.14975196806067054,0,Low
SYNID0200753642,0.14968445808318026,0,Low
SYNID0200146866,0.1495841514044584,0,Low
SYNID0200684516,0.1495787666742711,0,Low
SYNID0200642008,0.14956125380697788,0,Low
SYNID0200140555,0.14953479905222555,0,Low
SYNID0200657065,0.14950887481795616,0,Low
SYNID0200425786,0.14950853098956834,0,Low
SYNID0200534434,0.1494606379791859,0,Low
SYNID0200862270,0.14944999718780155,0,Low
SYNID0200850942,0.14943880068984416,0,Low
SYNID0200612839,0.1494060408394322,0,Low
SYNID0200449251,0.14933868961293117,0,Low
SYNID0200252865,0.1492359460402537,0,Low
SYNID0200293573,0.14918925434346653,0,Low
SYNID0200013678,0.14913159940130577,0,Low
SYNID0200876895,0.1491270922205366,0,Low
SYNID0200701778,0.1491182588908408,0,Low
SYNID0200387119,0.14910852899328547,0,Low
SYNID0200713597,0.14905857800950706,0,Low
SYNID0200696754,0.14904029102396005,0,Low
SYNID0200311808,0.1490124722201372,0,Low
SYNID0200385302,0.14901220858082403,0,Low
SYNID0200095298,0.14897420931559552,0,Low
SYNID0200232138,0.14882334247810058,0,Low
SYNID0200353709,0.1488070275058766,0,Low
SYNID0200109368,0.1487469706888392,0,Low
SYNID0200772910,0.1487384990604106,0,Low
SYNID0200213705,0.14873812900260408,0,Low
SYNID0200823724,0.14870078256442465,0,Low
SYNID0200749372,0.14865349532141858,0,Low
SYNID0200465946,0.1485668741034895,0,Low
SYNID0200727890,0.14849093886828957,0,Low
SYNID0200655776,0.1484831003060355,0,Low
SYNID0200348665,0.1484355742699639,0,Low
SYNID0200254813,0.1484105147368659,0,Low
SYNID0200027495,0.14839409135996345,0,Low
SYNID0200156370,0.1483572420834216,0,Low
SYNID0200824352,0.14831063643975934,0,Low
SYNID0200889207,0.1483004888359883,0,Low
SYNID0200003338,0.14829352169121368,0,Low
SYNID0200946180,0.1482865130445653,0,Low
SYNID0200376537,0.14823450840686064,0,Low
SYNID0200550943,0.14820512635233207,0,Low
SYNID0200112362,0.14817460187467874,0,Low
SYNID0200220273,0.1481578104978316,0,Low
SYNID0200590894,0.14815257953008504,0,Low
SYNID0200986403,0.14811031604177882,0,Low
SYNID0200721615,0.14806535160058942,0,Low
SYNID0200430869,0.1479314809819407,0,Low
SYNID0200679343,0.14782622209460416,0,Low
SYNID0200861373,0.14776753054838637,0,Low
SYNID0200890455,0.14774206664247952,0,Low
SYNID0200009367,0.14774151423805565,0,Low
SYNID0200006425,0.14760470990266206,0,Low
SYNID0200561031,0.14759830124617934,0,Low
SYNID0200734190,0.1475582335573612,0,Low
SYNID0200917922,0.1475582335573612,0,Low
SYNID0200553806,0.14751962072603675,0,Low
SYNID0200185062,0.14751614436757882,0,Low
SYNID0200281474,0.14751356655891007,0,Low
SYNID0200548892,0.1474402412723521,0,Low
SYNID0200228401,0.14738849299526013,0,Low
SYNID0200829615,0.14718655723867807,0,Low
SYNID0200008191,0.1471787517257958,0,Low
SYNID0200195273,0.14706246349033963,0,Low
SYNID0200066894,0.14705217854992292,0,Low
SYNID0200584732,0.14704473136487456,0,Low
SYNID0200856288,0.14700392544473356,0,Low
SYNID0200590998,0.1469891288643146,0,Low
SYNID0200940519,0.14698736662496614,0,Low
SYNID0200404835,0.14698736662496614,0,Low
SYNID0200238632,0.14698736662496614,0,Low
SYNID0200591513,0.1469764974616668,0,Low
SYNID0200940463,0.14692729937485505,0,Low
SYNID0200007617,0.1469220143076238,0,Low
SYNID0200525572,0.14681561210300276,0,Low
SYNID0200559014,0.14673029175794522,0,Low
SYNID0200701492,0.14660057364811518,0,Low
SYNID0200757860,0.1464835869648642,0,Low
SYNID0200479135,0.14646121552281882,0,Low
SYNID0200901870,0.1463534194019006,0,Low
SYNID0200250246,0.14634562412455465,0,Low
SYNID0200060169,0.14633065009506196,0,Low
SYNID0200681826,0.14629091720394938,0,Low
SYNID0200819657,0.1461536504227493,0,Low
SYNID0200250539,0.1461300913790713,0,Low
SYNID0200110577,0.14611464113958983,0,Low
SYNID0200614177,0.1460261227408886,0,Low
SYNID0200349766,0.1459940111640065,0,Low
SYNID0200578107,0.14593116530773537,0,Low
SYNID0200680776,0.1458791754324245,0,Low
SYNID0200116119,0.14573590170198042,0,Low
SYNID0200842234,0.1457339909293272,0,Low
SYNID0200904692,0.14564865324663917,0,Low
SYNID0200618004,0.14562609779456243,0,Low
SYNID0200944517,0.14560339335933165,0,Low
SYNID0200193192,0.14558983161314154,0,Low
SYNID0200005684,0.1455849361784851,0,Low
SYNID0200940630,0.14555401480911634,0,Low
SYNID0200160806,0.14545043749526304,0,Low
SYNID0200748134,0.14542838486980153,0,Low
SYNID0200610972,0.14538439824985544,0,Low
SYNID0200860129,0.14534373833148911,0,Low
SYNID0200557849,0.14529799337780275,0,Low
SYNID0200833045,0.14528789241483503,0,Low
SYNID0200896080,0.14526834094768593,0,Low
SYNID0200357606,0.145189187638615,0,Low
SYNID0200002991,0.14516582818578422,0,Low
SYNID0200938887,0.14510869121884523,0,Low
SYNID0200529855,0.145093456444012,0,Low
SYNID0200045836,0.14509043222417156,0,Low
SYNID0200047653,0.14508763248861878,0,Low
SYNID0200729669,0.1450432017665107,0,Low
SYNID0200884617,0.14496854967514944,0,Low
SYNID0200871609,0.1449381189986415,0,Low
SYNID0200204345,0.14491545513933163,0,Low
SYNID0200473181,0.14491457582533923,0,Low
SYNID0200828957,0.14483779462410945,0,Low
SYNID0200331901,0.14480388760083251,0,Low
SYNID0200659642,0.14476771651862708,0,Low
SYNID0200709238,0.14476398406591445,0,Low
SYNID0200180918,0.1447269131874176,0,Low
SYNID0200919426,0.14471839556767346,0,Low
SYNID0200898006,0.14470763613653603,0,Low
SYNID0200397554,0.14468805024487374,0,Low
SYNID0200864196,0.1446565770774913,0,Low
SYNID0200398534,0.14464935874547652,0,Low
SYNID0200552390,0.14458893293994873,0,Low
SYNID0200519227,0.14441702717688537,0,Low
SYNID0200026611,0.14439020966507682,0,Low
SYNID0200144350,0.1442953543214346,0,Low
SYNID0200001467,0.14424105319108582,0,Low
SYNID0200757542,0.14412749650745438,0,Low
SYNID0200761325,0.1441190445561188,0,Low
SYNID0200831485,0.1440938083413173,0,Low
SYNID0200675442,0.1440148205736244,0,Low
SYNID0200118923,0.14393987252092127,0,Low
SYNID0200388106,0.1438508080034468,0,Low
SYNID0200016393,0.14382344489820037,0,Low
SYNID0200552348,0.14376425492356248,0,Low
SYNID0200407585,0.14373973495903242,0,Low
SYNID0200589318,0.14373951017024217,0,Low
SYNID0200315107,0.14372642785351636,0,Low
SYNID0200047735,0.14372476609057983,0,Low
SYNID0200010424,0.14346116656942876,0,Low
SYNID0200907020,0.1434170572084254,0,Low
SYNID0200882821,0.14340862491444106,0,Low
SYNID0200160619,0.14332569823908814,0,Low
SYNID0200018215,0.14331497708707525,0,Low
SYNID0200888340,0.14318416419723345,0,Low
SYNID0200500815,0.14308842740043637,0,Low
SYNID0200078073,0.14304216692430993,0,Low
SYNID0200750308,0.14300924401019377,0,Low
SYNID0200945172,0.14292154216286923,0,Low
SYNID0200172647,0.14274268049478583,0,Low
SYNID0200898077,0.14270851097062692,0,Low
SYNID0200105263,0.14269230788029075,0,Low
SYNID0200185228,0.1426301478151692,0,Low
SYNID0200948153,0.1424528014206805,0,Low
SYNID0200406838,0.14243947891805492,0,Low
SYNID0200629970,0.142408506100078,0,Low
SYNID0200015187,0.14240806592145627,0,Low
SYNID0200647039,0.1423438104947093,0,Low
SYNID0200298640,0.14231068930108987,0,Low
SYNID0200649347,0.14230107665038377,0,Low
SYNID0200127846,0.1422938221199212,0,Low
SYNID0200226977,0.14229219126507614,0,Low
SYNID0200138522,0.142236949443939,0,Low
SYNID0200040180,0.14213341374392363,0,Low
SYNID0200954831,0.1421231516802165,0,Low
SYNID0200852407,0.1421149091701196,0,Low
SYNID0200091003,0.14194182994761667,0,Low
SYNID0200682787,0.14192103138026502,0,Low
SYNID0200164320,0.14187242387435572,0,Low
SYNID0200379684,0.1418714895279405,0,Low
SYNID0200464829,0.14175740214105687,0,Low
SYNID0200169308,0.1417541633081879,0,Low
SYNID0200817135,0.141739967880598,0,Low
SYNID0200047218,0.14171446634654516,0,Low
SYNID0200825673,0.14164938635720664,0,Low
SYNID0200608424,0.14164708975637136,0,Low
SYNID0200704532,0.14160654349896507,0,Low
SYNID0200878645,0.14144148532861267,0,Low
SYNID0200626470,0.14139109389279186,0,Low
SYNID0200613155,0.14134730063635037,0,Low
SYNID0200843854,0.14134171073320534,0,Low
SYNID0200379390,0.1412604456969902,0,Low
SYNID0200903425,0.14125039047694377,0,Low
SYNID0200530631,0.1412323146960528,0,Low
SYNID0200465100,0.14119044669023506,0,Low
SYNID0200002418,0.14114810598640548,0,Low
SYNID0200710586,0.14109863131910672,0,Low
SYNID0200191653,0.14107662665908782,0,Low
SYNID0200097787,0.14102435358019572,0,Low
SYNID0200830864,0.1409702752882825,0,Low
SYNID0200503207,0.14095957843553814,0,Low
SYNID0200881848,0.1408954968095642,0,Low
SYNID0200388982,0.14087488521615038,0,Low
SYNID0200421728,0.14082608914448524,0,Low
SYNID0200440901,0.1408244983080859,0,Low
SYNID0200907419,0.1407458845110406,0,Low
SYNID0200597951,0.14066107154831842,0,Low
SYNID0200834817,0.1406470956692204,0,Low
SYNID0200415057,0.14063346286621575,0,Low
SYNID0200308202,0.14062420755217736,0,Low
SYNID0200398310,0.14057681228126995,0,Low
SYNID0200522343,0.14054968449743604,0,Low
SYNID0200338882,0.14053175695883896,0,Low
SYNID0200462264,0.14051329927367728,0,Low
SYNID0200305314,0.14049465772946423,0,Low
SYNID0200563692,0.14045015483591478,0,Low
SYNID0200262362,0.14044282446427853,0,Low
SYNID0200874476,0.14042221578243447,0,Low
SYNID0200612015,0.14038754961440203,0,Low
SYNID0200128080,0.14033333267015002,0,Low
SYNID0200561953,0.1403225470298694,0,Low
SYNID0200397390,0.14029879185275207,0,Low
SYNID0200908700,0.14026512355322912,0,Low
SYNID0200368603,0.14025382492343885,0,Low
SYNID0200612768,0.14022555903733214,0,Low
SYNID0200308604,0.14022136353256248,0,Low
SYNID0200688289,0.14020062915622028,0,Low
SYNID0200644756,0.14014007886627916,0,Low
SYNID0200436879,0.1401271674089014,0,Low
SYNID0200893443,0.14012249154468942,0,Low
SYNID0200082057,0.1400908105737193,0,Low
SYNID0200212879,0.14006364386233167,0,Low
SYNID0200126959,0.1400602854321112,0,Low
SYNID0200229397,0.14004729762725293,0,Low
SYNID0200059924,0.14002634057893215,0,Low
SYNID0200186463,0.1399567138008852,0,Low
SYNID0200713667,0.13989011361969156,0,Low
SYNID0200448317,0.1398159272704671,0,Low
SYNID0200109285,0.13978098216721624,0,Low
SYNID0200363599,0.13966935438872186,0,Low
SYNID0200878236,0.13961175901948525,0,Low
SYNID0200871570,0.13957826792488454,0,Low
SYNID0200747904,0.13955374922790514,0,Low
SYNID0200904690,0.13953777177049786,0,Low
SYNID0200656403,0.13943470995640544,0,Low
SYNID0200528865,0.1394267749510193,0,Low
SYNID0200557287,0.13935180880029618,0,Low
SYNID0200183948,0.1393242178890805,0,Low
SYNID0200262555,0.13932387170212235,0,Low
SYNID0200765358,0.13929652017835137,0,Low
SYNID0200030198,0.1392875166751037,0,Low
SYNID0200656565,0.13908867281776838,0,Low
SYNID0200932482,0.13907923253561244,0,Low
SYNID0200978848,0.13901841830478123,0,Low
SYNID0200155327,0.1389717350812057,0,Low
SYNID0200628903,0.13896502110514403,0,Low
SYNID0200428877,0.1389552050328921,0,Low
SYNID0200843982,0.13890984647234983,0,Low
SYNID0200563889,0.13890520639302656,0,Low
SYNID0200746094,0.13886164741809937,0,Low
SYNID0200282073,0.138838391085585,0,Low
SYNID0200568519,0.1388195734707643,0,Low
SYNID0200232846,0.13874926238006274,0,Low
SYNID0200996515,0.13870685488075601,0,Low
SYNID0200613807,0.13867962166058506,0,Low
SYNID0200941185,0.13866901847242152,0,Low
SYNID0200505852,0.13860123488487147,0,Low
SYNID0200493816,0.13859688098079737,0,Low
SYNID0200544892,0.13858200702940454,0,Low
SYNID0200010662,0.1385125350370649,0,Low
SYNID0200330798,0.13850088138626077,0,Low
SYNID0200077695,0.1384369942484302,0,Low
SYNID0200107574,0.13840072276195686,0,Low
SYNID0200005735,0.1383321168194127,0,Low
SYNID0200099339,0.1383294302594395,0,Low
SYNID0200054930,0.1383157051877456,0,Low
SYNID0200644620,0.13830992954982135,0,Low
SYNID0200751057,0.13830529899302285,0,Low
SYNID0200032033,0.13826876207943717,0,Low
SYNID0200605636,0.13824233345972747,0,Low
SYNID0200654019,0.13823519814895224,0,Low
SYNID0200040299,0.138182984084535,0,Low
SYNID0200681430,0.13816779977960508,0,Low
SYNID0200622935,0.1380967053417519,0,Low
SYNID0200676352,0.1380628949653545,0,Low
SYNID0200692368,0.13801225697301966,0,Low
SYNID0200462989,0.1379506194637113,0,Low
SYNID0200408644,0.13790856516503808,0,Low
SYNID0200408396,0.13785344266767113,0,Low
SYNID0200642881,0.1378011092716847,0,Low
SYNID0200626569,0.137783105796703,0,Low
SYNID0200271625,0.13777743757052519,0,Low
SYNID0200493743,0.13777679756159256,0,Low
SYNID0200498006,0.137776651884858,0,Low
SYNID0200174819,0.13770327681119415,0,Low
SYNID0200700163,0.1376355201481978,0,Low
SYNID0200388489,0.13757529150012338,0,Low
SYNID0200400109,0.13751268729839267,0,Low
SYNID0200155084,0.13749821814616092,0,Low
SYNID0200014821,0.13749297672253513,0,Low
SYNID0200013401,0.13748612790328968,0,Low
SYNID0200123056,0.13746771193214907,0,Low
SYNID0200015409,0.13745978919658813,0,Low
SYNID0200468000,0.13740647101863152,0,Low
SYNID0200401871,0.1373563417695879,0,Low
SYNID0200256941,0.13726081214155927,0,Low
SYNID0200073722,0.1372400627095529,0,Low
SYNID0200194597,0.1372207015711524,0,Low
SYNID0200699772,0.13720177783979576,0,Low
SYNID0200446035,0.1371412998267919,0,Low
SYNID0200361447,0.13708294009519012,0,Low
SYNID0200839931,0.13706164629976159,0,Low
SYNID0200242448,0.1370045901985788,0,Low
SYNID0200023678,0.136984906944985,0,Low
SYNID0200399100,0.13686777778322334,0,Low
SYNID0200992315,0.13686594989712092,0,Low
SYNID0200785577,0.13684975399667526,0,Low
SYNID0200654951,0.13677374670842024,0,Low
SYNID0200526061,0.13668140807673773,0,Low
SYNID0200018964,0.13667556447349077,0,Low
SYNID0200348539,0.13667163471269606,0,Low
SYNID0200950382,0.1366643615256964,0,Low
SYNID0200994857,0.1366424137500522,0,Low
SYNID0200224444,0.1365697547992667,0,Low
SYNID0200256018,0.13651225196694616,0,Low
SYNID0200278634,0.1364837921289478,0,Low
SYNID0200876694,0.13643255628468476,0,Low
SYNID0200706684,0.13642917451289055,0,Low
SYNID0200175765,0.136413493890497,0,Low
SYNID0200384637,0.13636354057906963,0,Low
SYNID0200417461,0.13633795002133375,0,Low
SYNID0200295734,0.1363334464513012,0,Low
SYNID0200473490,0.13633208475972047,0,Low
SYNID0200705935,0.13625611289951955,0,Low
SYNID0200364344,0.13617671494889572,0,Low
SYNID0200689144,0.13616563971781592,0,Low
SYNID0200771544,0.13609824199407972,0,Low
SYNID0200214714,0.13606221981570554,0,Low
SYNID0200128378,0.13605506443935927,0,Low
SYNID0200812876,0.1359909757782708,0,Low
SYNID0200194983,0.1359733048756518,0,Low
SYNID0200066598,0.13590644080012942,0,Low
SYNID0200780840,0.13585747648251434,0,Low
SYNID0200732273,0.13581648138773367,0,Low
SYNID0200391437,0.13578473616071574,0,Low
SYNID0200171505,0.13571114893176495,0,Low
SYNID0200358631,0.13569377992327686,0,Low
SYNID0200439838,0.135675820182724,0,Low
SYNID0200303722,0.13567223199346512,0,Low
SYNID0200558011,0.13565689555573435,0,Low
SYNID0200282247,0.13564937902810048,0,Low
SYNID0200281200,0.1356249359448523,0,Low
SYNID0200956145,0.135615104496965,0,Low
SYNID0200162350,0.13557026558094976,0,Low
SYNID0200181383,0.13554804004959836,0,Low
SYNID0200835955,0.13553797322005057,0,Low
SYNID0200787025,0.13541448954519902,0,Low
SYNID0200915913,0.1353944453482499,0,Low
SYNID0200194018,0.1353933613957426,0,Low
SYNID0200470575,0.135340449522468,0,Low
SYNID0200194378,0.1353115191029124,0,Low
SYNID0200971228,0.1353088056988464,0,Low
SYNID0200537915,0.13528901664484771,0,Low
SYNID0200945617,0.13528492818451648,0,Low
SYNID0200974352,0.13526135964663638,0,Low
SYNID0200111562,0.13526045412131876,0,Low
SYNID0200576113,0.13525062497174534,0,Low
SYNID0200354625,0.13518345645044505,0,Low
SYNID0200934689,0.1351510964660475,0,Low
SYNID0200282522,0.1351238001173667,0,Low
SYNID0200576643,0.13512334824770078,0,Low
SYNID0200835771,0.13493129326429615,0,Low
SYNID0200410355,0.1349189420660845,0,Low
SYNID0200751825,0.13491263814160592,0,Low
SYNID0200268286,0.13490118232840653,0,Low
SYNID0200465785,0.13488677530397875,0,Low
SYNID0200164931,0.13486735619017692,0,Low
SYNID0200564188,0.1348624550935834,0,Low
SYNID0200704540,0.13482286308420416,0,Low
SYNID0200733200,0.13479876648382022,0,Low
SYNID0200440845,0.13478026002930055,0,Low
SYNID0200492145,0.13473791475556468,0,Low
SYNID0200312847,0.13470067909925254,0,Low
SYNID0200865521,0.13459248078212904,0,Low
SYNID0200899459,0.13457207472129173,0,Low
SYNID0200989443,0.1345217494828005,0,Low
SYNID0200095189,0.1344816728155961,0,Low
SYNID0200632479,0.13440303713522617,0,Low
SYNID0200164837,0.13439041138630087,0,Low
SYNID0200272715,0.13437332310560118,0,Low
SYNID0200459316,0.13433460472071668,0,Low
SYNID0200236604,0.13433141711694518,0,Low
SYNID0200829825,0.13431185851919036,0,Low
SYNID0200462257,0.13425600011373556,0,Low
SYNID0200449915,0.13424347374579143,0,Low
SYNID0200905268,0.13420619889826307,0,Low
SYNID0200991388,0.13412198379866813,0,Low
SYNID0200789135,0.13409745991711958,0,Low
SYNID0200780506,0.13407688137192314,0,Low
SYNID0200398094,0.13397982768929262,0,Low
SYNID0200325033,0.13394056082486339,0,Low
SYNID0200461841,0.1339207283732306,0,Low
SYNID0200790741,0.1339126275471269,0,Low
SYNID0200521651,0.13390384178160414,0,Low
SYNID0200893568,0.13386599697967594,0,Low
SYNID0200180933,0.13385026720388754,0,Low
SYNID0200517734,0.13384284697925003,0,Low
SYNID0200508863,0.1338358961229581,0,Low
SYNID0200751686,0.13383323433190986,0,Low
SYNID0200360817,0.1337898930222528,0,Low
SYNID0200183293,0.1337066825838878,0,Low
SYNID0200089594,0.1336518878877857,0,Low
SYNID0200299999,0.13359081835815934,0,Low
SYNID0200339091,0.13357145995335984,0,Low
SYNID0200680495,0.1335331000907483,0,Low
SYNID0200348099,0.1334785918426919,0,Low
SYNID0200326361,0.13345361361468955,0,Low
SYNID0200347700,0.13345283111010214,0,Low
SYNID0200983954,0.13343293168681203,0,Low
SYNID0200342848,0.13342205273005825,0,Low
SYNID0200797648,0.13337408897741682,0,Low
SYNID0200892705,0.13336398525316684,0,Low
SYNID0200802402,0.13333187913135136,0,Low
SYNID0200321226,0.13332161289510508,0,Low
SYNID0200222899,0.1332872372724072,0,Low
SYNID0200569369,0.13324994693114856,0,Low
SYNID0200181035,0.1331936003890833,0,Low
SYNID0200892000,0.13309787305569903,0,Low
SYNID0200090829,0.1330445310007965,0,Low
SYNID0200630093,0.1330260016584534,0,Low
SYNID0200297642,0.13299844056384302,0,Low
SYNID0200069354,0.1329346547832177,0,Low
SYNID0200581132,0.13282867068706955,0,Low
SYNID0200628949,0.1327894610318771,0,Low
SYNID0200118170,0.13276330628091926,0,Low
SYNID0200308514,0.13271289073250925,0,Low
SYNID0200399024,0.13266031516442484,0,Low
SYNID0200700007,0.13264431396310783,0,Low
SYNID0200260513,0.1326075638551576,0,Low
SYNID0200784863,0.1325288509551507,0,Low
SYNID0200479544,0.13212624755482594,0,Low
SYNID0200002118,0.13204665393749565,0,Low
SYNID0200685120,0.1320167805582923,0,Low
SYNID0200739970,0.13197114901985846,0,Low
SYNID0200057456,0.13186897034591555,0,Low
SYNID0200234532,0.13185074568678695,0,Low
SYNID0200044452,0.13168258726677773,0,Low
SYNID0200402770,0.13164538720979868,0,Low
SYNID0200619599,0.1315935552974804,0,Low
SYNID0200124413,0.13158830552844847,0,Low
SYNID0200398439,0.13153243486656835,0,Low
SYNID0200288167,0.13147660870094557,0,Low
SYNID0200322224,0.13144217977492856,0,Low
SYNID0200646863,0.13136888562620874,0,Low
SYNID0200313762,0.13135555004945992,0,Low
SYNID0200325153,0.13127615903090262,0,Low
SYNID0200046331,0.13124264720020257,0,Low
SYNID0200224505,0.13122316855020044,0,Low
SYNID0200737723,0.13120253604325233,0,Low
SYNID0200822171,0.1311578779041201,0,Low
SYNID0200291578,0.13113656907285337,0,Low
SYNID0200058595,0.1311028772337583,0,Low
SYNID0200979959,0.13109351477884007,0,Low
SYNID0200000948,0.13108010561809452,0,Low
SYNID0200829502,0.13107662820804755,0,Low
SYNID0200944202,0.13104508262607067,0,Low
SYNID0200512009,0.13097629866033528,0,Low
SYNID0200173949,0.13092185547124402,0,Low
SYNID0200849524,0.13090113835945688,0,Low
SYNID0200819542,0.1308379975161747,0,Low
SYNID0200751131,0.13081940689446891,0,Low
SYNID0200927675,0.13074169616454895,0,Low
SYNID0200433767,0.13071655431071988,0,Low
SYNID0200617733,0.1306041307580465,0,Low
SYNID0200886796,0.13058972397538404,0,Low
SYNID0200960552,0.13055291246653816,0,Low
SYNID0200534129,0.13054427783265948,0,Low
SYNID0200760921,0.13051913628754164,0,Low
SYNID0200146813,0.1305168717054499,0,Low
SYNID0200169153,0.13045559236189647,0,Low
SYNID0200555829,0.1304396643596853,0,Low
SYNID0200680233,0.13042369249912,0,Low
SYNID0200774830,0.13037536979530318,0,Low
SYNID0200017743,0.13035912730188004,0,Low
SYNID0200990274,0.13035312003337607,0,Low
SYNID0200641601,0.1303475696486081,0,Low
SYNID0200889345,0.13026130680722486,0,Low
SYNID0200655715,0.13018577186065777,0,Low
SYNID0200243527,0.1300904935015441,0,Low
SYNID0200105773,0.12994460043592587,0,Low
SYNID0200331592,0.1299038226727115,0,Low
SYNID0200984035,0.12979226808622119,0,Low
SYNID0200978374,0.129714090909971,0,Low
SYNID0200834497,0.1296883299917616,0,Low
SYNID0200490764,0.12967467621466033,0,Low
SYNID0200134402,0.12956008556464504,0,Low
SYNID0200793862,0.12953280369531378,0,Low
SYNID0200911814,0.1294105575989175,0,Low
SYNID0200309757,0.1293338267625947,0,Low
SYNID0200885629,0.12932923185743395,0,Low
SYNID0200230560,0.12920109255065065,0,Low
SYNID0200613411,0.12919399559542122,0,Low
SYNID0200320908,0.1291714655579685,0,Low
SYNID0200269841,0.12908211888975019,0,Low
SYNID0200724638,0.12901980031287524,0,Low
SYNID0200505150,0.12898060378559634,0,Low
SYNID0200833672,0.12887223177385954,0,Low
SYNID0200918727,0.12887147603022298,0,Low
SYNID0200739411,0.1288593592386873,0,Low
SYNID0200446258,0.12880859106964349,0,Low
SYNID0200631322,0.12880272808295506,0,Low
SYNID0200366783,0.1287282179739832,0,Low
SYNID0200031474,0.12867924391390473,0,Low
SYNID0200524204,0.12863184879283857,0,Low
SYNID0200397291,0.12861179275152762,0,Low
SYNID0200339536,0.12857075206348584,0,Low
SYNID0200297467,0.12852748467604957,0,Low
SYNID0200217532,0.12851810475746878,0,Low
SYNID0200289186,0.12851803923193678,0,Low
SYNID0200240410,0.12843805033941502,0,Low
SYNID0200765161,0.12840847980924014,0,Low
SYNID0200296876,0.12839746984588302,0,Low
SYNID0200362605,0.1283186660686902,0,Low
SYNID0200707840,0.12810374841100292,0,Low
SYNID0200850994,0.12803167252262398,0,Low
SYNID0200852511,0.1279383438569262,0,Low
SYNID0200793795,0.12793553783560685,0,Low
SYNID0200661541,0.1278970871806408,0,Low
SYNID0200720747,0.12786713438434355,0,Low
SYNID0200409353,0.1278283487386475,0,Low
SYNID0200339926,0.12782458681355774,0,Low
SYNID0200183152,0.1277501739673449,0,Low
SYNID0200224523,0.12771829384654482,0,Low
SYNID0200783150,0.12758059007012973,0,Low
SYNID0200251848,0.1275039799475498,0,Low
SYNID0200785975,0.12745441364287807,0,Low
SYNID0200463928,0.1273679238401173,0,Low
SYNID0200726896,0.12736374036113912,0,Low
SYNID0200058562,0.1273513181350424,0,Low
SYNID0200948331,0.12729808526213077,0,Low
SYNID0200524110,0.1272956225801743,0,Low
SYNID0200219599,0.12724215414742113,0,Low
SYNID0200162900,0.12710600742874628,0,Low
SYNID0200768284,0.12704561592292585,0,Low
SYNID0200990800,0.12699748523468152,0,Low
SYNID0200446339,0.12694543458723856,0,Low
SYNID0200743328,0.12682457706234918,0,Low
SYNID0200435061,0.12682072958253182,0,Low
SYNID0200914922,0.12666460678229224,0,Low
SYNID0200139346,0.12663573792663257,0,Low
SYNID0200865017,0.126610604288315,0,Low
SYNID0200573231,0.12658930189337608,0,Low
SYNID0200746934,0.12649558736354183,0,Low
SYNID0200222933,0.12649302930095746,0,Low
SYNID0200178422,0.12648813575401563,0,Low
SYNID0200286068,0.12640152199051014,0,Low
SYNID0200548300,0.12633686314716258,0,Low
SYNID0200153998,0.12616455480625638,0,Low
SYNID0200846448,0.12613740021083059,0,Low
SYNID0200477516,0.12613662046515206,0,Low
SYNID0200604591,0.12613088945471945,0,Low
SYNID0200934288,0.12610273664891652,0,Low
SYNID0200862053,0.12606791363131514,0,Low
SYNID0200688406,0.12598501563970094,0,Low
SYNID0200994641,0.12593255434959266,0,Low
SYNID0200421889,0.12589536990199812,0,Low
SYNID0200787042,0.12584588178899075,0,Low
SYNID0200540784,0.12574854940450603,0,Low
SYNID0200728205,0.12569835188410133,0,Low
SYNID0200512031,0.12560598163365722,0,Low
SYNID0200165611,0.1255229908047074,0,Low
SYNID0200302254,0.12548561159038096,0,Low
SYNID0200066074,0.12546316345839714,0,Low
SYNID0200998367,0.1254117255557161,0,Low
SYNID0200928606,0.1253669800680589,0,Low
SYNID0200057653,0.1253623177081442,0,Low
SYNID0200728135,0.12535272405186326,0,Low
SYNID0200557546,0.12532219238068742,0,Low
SYNID0200329927,0.1252640417948086,0,Low
SYNID0200396041,0.12524711708851194,0,Low
SYNID0200509844,0.12523819092477972,0,Low
SYNID0200662995,0.1252285221987307,0,Low
SYNID0200645218,0.12522749456135363,0,Low
SYNID0200630002,0.12521493007805384,0,Low
SYNID0200217137,0.12515041200481625,0,Low
SYNID0200180907,0.12510348970664004,0,Low
SYNID0200031834,0.12508728183141998,0,Low
SYNID0200729497,0.12505844870055322,0,Low
SYNID0200774542,0.12500044577100583,0,Low
SYNID0200050469,0.12499972474860488,0,Low
SYNID0200148926,0.12499569008409911,0,Low
SYNID0200631174,0.12498527828484618,0,Low
SYNID0200527593,0.12485591555914505,0,Low
SYNID0200614510,0.12484358458327288,0,Low
SYNID0200321080,0.12477972533520187,0,Low
SYNID0200888181,0.12476662758346574,0,Low
SYNID0200367566,0.12472987336871261,0,Low
SYNID0200815239,0.12467448357463995,0,Low
SYNID0200427448,0.12461575319234841,0,Low
SYNID0200550357,0.12455154699103144,0,Low
SYNID0200286931,0.12450901568960443,0,Low
SYNID0200151899,0.12441225695385999,0,Low
SYNID0200424413,0.12434493234725547,0,Low
SYNID0200609149,0.12424059338129789,0,Low
SYNID0200130890,0.1240639517023514,0,Low
SYNID0200292761,0.1240111869897445,0,Low
SYNID0200299779,0.1240048732647906,0,Low
SYNID0200556864,0.12397843382775448,0,Low
SYNID0200445432,0.12394241413066875,0,Low
SYNID0200509515,0.12380794315597143,0,Low
SYNID0200635301,0.12379867635598463,0,Low
SYNID0200212259,0.12379304335270935,0,Low
SYNID0200960347,0.12378886650641047,0,Low
SYNID0200736591,0.12376324804875333,0,Low
SYNID0200006504,0.12374303020263994,0,Low
SYNID0200042067,0.123736058395707,0,Low
SYNID0200669357,0.12372153652201567,0,Low
SYNID0200167882,0.12368915785132018,0,Low
SYNID0200249778,0.12364169212366999,0,Low
SYNID0200611893,0.12361193004366389,0,Low
SYNID0200328983,0.1235858277174326,0,Low
SYNID0200071426,0.1235745928929855,0,Low
SYNID0200951472,0.12352504172513212,0,Low
SYNID0200834494,0.12351246246160391,0,Low
SYNID0200424539,0.1235023051572155,0,Low
SYNID0200111104,0.12340092094163163,0,Low
SYNID0200315196,0.1233921374518388,0,Low
SYNID0200822945,0.12339045137945626,0,Low
SYNID0200184824,0.12338897662709403,0,Low
SYNID0200305057,0.12333329041691832,0,Low
SYNID0200661511,0.12331675101831746,0,Low
SYNID0200584910,0.12331186486240114,0,Low
SYNID0200252621,0.12330508926554251,0,Low
SYNID0200286865,0.12328241766852488,0,Low
SYNID0200575315,0.1232113139576308,0,Low
SYNID0200803334,0.12319967923966535,0,Low
SYNID0200500740,0.12315591260183778,0,Low
SYNID0200334541,0.12310905366016173,0,Low
SYNID0200919083,0.12304891338793084,0,Low
SYNID0200673736,0.12300776107720535,0,Low
SYNID0200525477,0.12299655866193887,0,Low
SYNID0200755587,0.12294682686814218,0,Low
SYNID0200720104,0.12289714353213932,0,Low
SYNID0200381719,0.12267531004720461,0,Low
SYNID0200221590,0.12264101230423774,0,Low
SYNID0200171011,0.1224685796036507,0,Low
SYNID0200230750,0.12245755253019192,0,Low
SYNID0200140475,0.12242180410701586,0,Low
SYNID0200972616,0.12238675843366159,0,Low
SYNID0200060979,0.1223143850897701,0,Low
SYNID0200992582,0.12229509355007284,0,Low
SYNID0200445874,0.1222728472748969,0,Low
SYNID0200961973,0.1222223381020186,0,Low
SYNID0200359271,0.12220757567879559,0,Low
SYNID0200944579,0.12209827010338031,0,Low
SYNID0200391531,0.12208683325484937,0,Low
SYNID0200084357,0.12208383446331983,0,Low
SYNID0200233518,0.12203317752912896,0,Low
SYNID0200859652,0.1220040390552431,0,Low
SYNID0200354812,0.12186213482679192,0,Low
SYNID0200803429,0.12180876707694727,0,Low
SYNID0200192505,0.12179377666589436,0,Low
SYNID0200289290,0.12178990676196638,0,Low
SYNID0200749509,0.12169120872030759,0,Low
SYNID0200286296,0.12165689341832253,0,Low
SYNID0200202204,0.12162452741737256,0,Low
SYNID0200956668,0.12160248799425233,0,Low
SYNID0200251191,0.12157707889683222,0,Low
SYNID0200631104,0.12157429722329777,0,Low
SYNID0200596890,0.12148078209702223,0,Low
SYNID0200342917,0.12146998749745691,0,Low
SYNID0200197913,0.1213521934806222,0,Low
SYNID0200783169,0.12135180258176942,0,Low
SYNID0200737096,0.12129647883144018,0,Low
SYNID0200083260,0.12123396212722704,0,Low
SYNID0200149901,0.12116804120691049,0,Low
SYNID0200023834,0.1211454675396787,0,Low
SYNID0200571180,0.12114284461110686,0,Low
SYNID0200730374,0.12113072958447119,0,Low
SYNID0200229691,0.12109491562126312,0,Low
SYNID0200298070,0.1210467249152763,0,Low
SYNID0200697484,0.12104479855362837,0,Low
SYNID0200170843,0.12086689348962842,0,Low
SYNID0200992585,0.1208504047911288,0,Low
SYNID0200585697,0.12081714182205122,0,Low
SYNID0200203923,0.12081236686875224,0,Low
SYNID0200479591,0.12078388205359797,0,Low
SYNID0200183254,0.12075817485931822,0,Low
SYNID0200085503,0.12074228361395589,0,Low
SYNID0200381526,0.12073198340094649,0,Low
SYNID0200654174,0.12069078814807527,0,Low
SYNID0200362364,0.12062459859470603,0,Low
SYNID0200991837,0.1205758975983971,0,Low
SYNID0200855517,0.12042485709374695,0,Low
SYNID0200175965,0.12037491340168166,0,Low
SYNID0200054885,0.12034595623247607,0,Low
SYNID0200408891,0.1202884835487889,0,Low
SYNID0200918586,0.12000906832021235,0,Low
SYNID0200394102,0.11999361578567436,0,Low
SYNID0200412155,0.11995277525562881,0,Low
SYNID0200701608,0.11992446354096431,0,Low
SYNID0200786065,0.11991616122650806,0,Low
SYNID0200772740,0.11991023550202962,0,Low
SYNID0200151548,0.11988870248829864,0,Low
SYNID0200736896,0.11987979352619499,0,Low
SYNID0200947246,0.11986368936546354,0,Low
SYNID0200759620,0.11983746631723852,0,Low
SYNID0200250867,0.11980452324296537,0,Low
SYNID0200713835,0.11978588044116656,0,Low
SYNID0200784660,0.11975143291779533,0,Low
SYNID0200452090,0.11974313823327681,0,Low
SYNID0200453232,0.11971328389529773,0,Low
SYNID0200008035,0.1196674812886745,0,Low
SYNID0200584860,0.11966706325140297,0,Low
SYNID0200851202,0.11946464893434794,0,Low
SYNID0200589621,0.11944512117748973,0,Low
SYNID0200973081,0.11942793347708963,0,Low
SYNID0200191286,0.11942075426193816,0,Low
SYNID0200937776,0.11941167033482064,0,Low
SYNID0200355083,0.11937372172528621,0,Low
SYNID0200997901,0.11935060359435129,0,Low
SYNID0200839631,0.11934858306390661,0,Low
SYNID0200641175,0.11929640806782033,0,Low
SYNID0200579684,0.11923880408569482,0,Low
SYNID0200565987,0.11922664056153942,0,Low
SYNID0200565211,0.11921775647948718,0,Low
SYNID0200628649,0.11921002911938855,0,Low
SYNID0200159724,0.11913643368938176,0,Low
SYNID0200046094,0.1191301466160154,0,Low
SYNID0200277007,0.11910999413933021,0,Low
SYNID0200292097,0.11902913366203444,0,Low
SYNID0200901115,0.11902580734320373,0,Low
SYNID0200561422,0.11902473845768052,0,Low
SYNID0200548156,0.11902128400341117,0,Low
SYNID0200139867,0.11900369098793284,0,Low
SYNID0200457470,0.1189838681287479,0,Low
SYNID0200828561,0.1189329767815483,0,Low
SYNID0200735548,0.11893200063014081,0,Low
SYNID0200027982,0.11880381345301205,0,Low
SYNID0200999998,0.118780150595313,0,Low
SYNID0200802502,0.11877651276880108,0,Low
SYNID0200008533,0.11873586601862418,0,Low
SYNID0200611142,0.11863972201456607,0,Low
SYNID0200354514,0.11861813618299877,0,Low
SYNID0200677824,0.1185876345641132,0,Low
SYNID0200925778,0.118520379728904,0,Low
SYNID0200329172,0.11850871029925492,0,Low
SYNID0200030338,0.11849301243928034,0,Low
SYNID0200712621,0.11849280300052617,0,Low
SYNID0200529149,0.11848939088558058,0,Low
SYNID0200830377,0.11844369683790384,0,Low
SYNID0200250819,0.11835116650136057,0,Low
SYNID0200374998,0.11833406480968728,0,Low
SYNID0200939449,0.11824287183813698,0,Low
SYNID0200559593,0.11822076868068598,0,Low
SYNID0200100811,0.11821122684481383,0,Low
SYNID0200094380,0.11819218827271616,0,Low
SYNID0200029731,0.1180322690237634,0,Low
SYNID0200791210,0.11794599610862755,0,Low
SYNID0200954804,0.1178881628511183,0,Low
SYNID0200545062,0.11788115084117234,0,Low
SYNID0200583678,0.1178462341941221,0,Low
SYNID0200822124,0.11778483520071764,0,Low
SYNID0200033241,0.11774176720872487,0,Low
SYNID0200420188,0.1176509680548336,0,Low
SYNID0200544990,0.11759444844225275,0,Low
SYNID0200586033,0.11759416799197031,0,Low
SYNID0200137667,0.11752918908369275,0,Low
SYNID0200721070,0.11748817821870461,0,Low
SYNID0200251682,0.11746580746623492,0,Low
SYNID0200933796,0.11737655837783806,0,Low
SYNID0200715877,0.11735065680694529,0,Low
SYNID0200248583,0.11729904284308595,0,Low
SYNID0200086234,0.11727008377409415,0,Low
SYNID0200382486,0.11726307242481326,0,Low
SYNID0200187297,0.11724360619274854,0,Low
SYNID0200251102,0.11723719205681898,0,Low
SYNID0200555645,0.11710000304312129,0,Low
SYNID0200487923,0.11707258173730417,0,Low
SYNID0200903363,0.11705694938993044,0,Low
SYNID0200000167,0.11692078952158924,0,Low
SYNID0200255281,0.1168664002786361,0,Low
SYNID0200771459,0.11685167785833045,0,Low
SYNID0200007457,0.11682994254120399,0,Low
SYNID0200672889,0.11677912553962527,0,Low
SYNID0200846567,0.11673876579733966,0,Low
SYNID0200784992,0.11669704843816275,0,Low
SYNID0200568435,0.1166770976740597,0,Low
SYNID0200107234,0.11666683143112228,0,Low
SYNID0200488997,0.11664852033760748,0,Low
SYNID0200052917,0.11654165588733639,0,Low
SYNID0200057438,0.11653951058122253,0,Low
SYNID0200126945,0.1165332498993708,0,Low
SYNID0200910295,0.11652560141226881,0,Low
SYNID0200274925,0.11642538377795514,0,Low
SYNID0200486595,0.11639856435360657,0,Low
SYNID0200350391,0.11638979022029855,0,Low
SYNID0200978013,0.11638459435306403,0,Low
SYNID0200113837,0.11638340111347562,0,Low
SYNID0200968991,0.11637656818479192,0,Low
SYNID0200057805,0.11627990155681917,0,Low
SYNID0200547447,0.11623167670027412,0,Low
SYNID0200357549,0.11621610247848063,0,Low
SYNID0200718500,0.11621451071548627,0,Low
SYNID0200839041,0.11614418564390505,0,Low
SYNID0200584054,0.11605603100042572,0,Low
SYNID0200551480,0.11604388922318354,0,Low
SYNID0200556280,0.1158343616960118,0,Low
SYNID0200183824,0.11581198354714095,0,Low
SYNID0200246489,0.11580413217563323,0,Low
SYNID0200253943,0.11577097144724868,0,Low
SYNID0200853833,0.11575789613997745,0,Low
SYNID0200253398,0.11575787628929873,0,Low
SYNID0200984598,0.11570504693577993,0,Low
SYNID0200635452,0.11569395134659866,0,Low
SYNID0200378150,0.11562053129767691,0,Low
SYNID0200644847,0.11556208221841657,0,Low
SYNID0200898775,0.11550184011542425,0,Low
SYNID0200396420,0.1154848188744258,0,Low
SYNID0200696143,0.11546997327881742,0,Low
SYNID0200419462,0.11530953628619628,0,Low
SYNID0200205777,0.11522254475791793,0,Low
SYNID0200333484,0.11515761169138966,0,Low
SYNID0200550808,0.1151503807073439,0,Low
SYNID0200855846,0.1151445278667782,0,Low
SYNID0200623313,0.11512514227742743,0,Low
SYNID0200774935,0.11511312406254542,0,Low
SYNID0200724954,0.11502929055111477,0,Low
SYNID0200821002,0.1150012356889934,0,Low
SYNID0200107172,0.1149911728524734,0,Low
SYNID0200129228,0.11491372018324197,0,Low
SYNID0200435175,0.11491126795524831,0,Low
SYNID0200643090,0.11491020303980021,0,Low
SYNID0200351857,0.11483582735723702,0,Low
SYNID0200657769,0.11480680166837637,0,Low
SYNID0200767492,0.11480226656100917,0,Low
SYNID0200711183,0.11477261080933454,0,Low
SYNID0200418596,0.1146827442812487,0,Low
SYNID0200035124,0.1146336906172169,0,Low
SYNID0200253229,0.11461573964502164,0,Low
SYNID0200703759,0.11460453742677229,0,Low
SYNID0200596115,0.11454900253975675,0,Low
SYNID0200002297,0.11451877132246935,0,Low
SYNID0200838226,0.11445821092015018,0,Low
SYNID0200378858,0.11441045096612673,0,Low
SYNID0200281178,0.11438042609984339,0,Low
SYNID0200902973,0.1143798093062981,0,Low
SYNID0200784810,0.1142810132472033,0,Low
SYNID0200484643,0.11422901733255808,0,Low
SYNID0200701219,0.11420280414121459,0,Low
SYNID0200984055,0.11412096300384106,0,Low
SYNID0200195247,0.11411410248301512,0,Low
SYNID0200169003,0.11411188544452694,0,Low
SYNID0200239888,0.11409423509305955,0,Low
SYNID0200222868,0.11402425220523227,0,Low
SYNID0200493155,0.11394722139012531,0,Low
SYNID0200754801,0.11392166493885891,0,Low
SYNID0200804836,0.11388053001875703,0,Low
SYNID0200882744,0.1138724691405586,0,Low
SYNID0200189722,0.11386688723470878,0,Low
SYNID0200006305,0.11382407990373633,0,Low
SYNID0200117511,0.11372925054411154,0,Low
SYNID0200832768,0.11370167576238505,0,Low
SYNID0200879342,0.11367419974555593,0,Low
SYNID0200201652,0.11365214493919001,0,Low
SYNID0200921750,0.1135965750850611,0,Low
SYNID0200896286,0.11350299034119377,0,Low
SYNID0200639563,0.1134405165018082,0,Low
SYNID0200179316,0.11333664121057907,0,Low
SYNID0200876706,0.11332665809844394,0,Low
SYNID0200869271,0.11328790553489143,0,Low
SYNID0200261506,0.11326730256217593,0,Low
SYNID0200559220,0.11318772477525585,0,Low
SYNID0200764766,0.1131639830437065,0,Low
SYNID0200692318,0.113160608445455,0,Low
SYNID0200657979,0.11314827263320659,0,Low
SYNID0200699859,0.11313078291819628,0,Low
SYNID0200043167,0.11305703580476145,0,Low
SYNID0200898303,0.11299802791636054,0,Low
SYNID0200296381,0.11294151628013316,0,Low
SYNID0200606242,0.11291552678576794,0,Low
SYNID0200635875,0.1128603473502991,0,Low
SYNID0200846293,0.11285445576447806,0,Low
SYNID0200224574,0.11285141112929714,0,Low
SYNID0200518402,0.112733508597049,0,Low
SYNID0200161838,0.11272069284146574,0,Low
SYNID0200149972,0.11269634762183772,0,Low
SYNID0200169657,0.11259659271863914,0,Low
SYNID0200398646,0.11251361593230502,0,Low
SYNID0200407637,0.11235766294605842,0,Low
SYNID0200931836,0.112174179567532,0,Low
SYNID0200601854,0.11215544831586105,0,Low
SYNID0200818176,0.1121205663491382,0,Low
SYNID0200909156,0.11210591860557856,0,Low
SYNID0200954126,0.1121023308905365,0,Low
SYNID0200078210,0.11209151534841477,0,Low
SYNID0200388877,0.11207184080937699,0,Low
SYNID0200713343,0.11197084190769246,0,Low
SYNID0200938487,0.11195100760826332,0,Low
SYNID0200586908,0.11190103467913948,0,Low
SYNID0200600801,0.11184964506672956,0,Low
SYNID0200507613,0.1117319352911601,0,Low
SYNID0200107155,0.11171074374074103,0,Low
SYNID0200812249,0.11164296562128789,0,Low
SYNID0200652131,0.11156597659777662,0,Low
SYNID0200583453,0.11140760379804127,0,Low
SYNID0200369571,0.11139772384360463,0,Low
SYNID0200112939,0.11139379036214031,0,Low
SYNID0200768403,0.11137124103148127,0,Low
SYNID0200512670,0.11136850496992295,0,Low
SYNID0200852544,0.1112719662732205,0,Low
SYNID0200842045,0.11122025270758418,0,Low
SYNID0200760988,0.11117017875809865,0,Low
SYNID0200104921,0.11112105132544503,0,Low
SYNID0200788386,0.1111158445533233,0,Low
SYNID0200822840,0.11109795972256964,0,Low
SYNID0200803847,0.11105697086085609,0,Low
SYNID0200353660,0.1109483082907049,0,Low
SYNID0200780401,0.11091808563481287,0,Low
SYNID0200899257,0.11091522576623197,0,Low
SYNID0200097002,0.11088826363553783,0,Low
SYNID0200834853,0.11079301297956673,0,Low
SYNID0200308540,0.11076979073883925,0,Low
SYNID0200953998,0.11076495144325027,0,Low
SYNID0200891349,0.11073519174471447,0,Low
SYNID0200963047,0.1107136390584913,0,Low
SYNID0200660761,0.11070734065326371,0,Low
SYNID0200867001,0.11069822239430949,0,Low
SYNID0200870329,0.11063406752295096,0,Low
SYNID0200262340,0.11053398443331647,0,Low
SYNID0200021406,0.1104056573600144,0,Low
SYNID0200934060,0.11038785482420371,0,Low
SYNID0200698674,0.11034466115621,0,Low
SYNID0200330850,0.1103321418695406,0,Low
SYNID0200817410,0.11027364520738886,0,Low
SYNID0200266796,0.11026060722318615,0,Low
SYNID0200271203,0.11025561578212606,0,Low
SYNID0200682866,0.11014627078582834,0,Low
SYNID0200278999,0.1100157356757952,0,Low
SYNID0200831512,0.1099970301021348,0,Low
SYNID0200042017,0.10996331006834842,0,Low
SYNID0200995409,0.10991832118998729,0,Low
SYNID0200437008,0.10991391723134314,0,Low
SYNID0200892217,0.10990623508235547,0,Low
SYNID0200086646,0.10986962132124545,0,Low
SYNID0200286841,0.10986912593622428,0,Low
SYNID0200077623,0.10979381693386836,0,Low
SYNID0200070113,0.10977656155195581,0,Low
SYNID0200078801,0.10975048658724929,0,Low
SYNID0200956519,0.10970669662811766,0,Low
SYNID0200481431,0.10966995009700375,0,Low
SYNID0200553788,0.10966923988947314,0,Low
SYNID0200014599,0.1096558716458847,0,Low
SYNID0200697841,0.10951297511093766,0,Low
SYNID0200996422,0.10943538975039235,0,Low
SYNID0200661418,0.10939260492501157,0,Low
SYNID0200909878,0.10937015100541592,0,Low
SYNID0200584506,0.10931896620434345,0,Low
SYNID0200555719,0.10931531508206382,0,Low
SYNID0200763261,0.10929933518849322,0,Low
SYNID0200777887,0.10923551954271332,0,Low
SYNID0200275347,0.10921285763691863,0,Low
SYNID0200241685,0.1092006193651584,0,Low
SYNID0200900307,0.10919518935468114,0,Low
SYNID0200022658,0.1091538349218853,0,Low
SYNID0200598200,0.109135043571366,0,Low
SYNID0200607152,0.10900181175500201,0,Low
SYNID0200123002,0.10895439776090765,0,Low
SYNID0200137964,0.10895004713460332,0,Low
SYNID0200291414,0.10893584773207088,0,Low
SYNID0200132189,0.10889884955331525,0,Low
SYNID0200740747,0.10888500703983917,0,Low
SYNID0200141639,0.10888158272216159,0,Low
SYNID0200495892,0.10876451336994153,0,Low
SYNID0200495206,0.10875529920860044,0,Low
SYNID0200419598,0.10872996760222114,0,Low
SYNID0200253184,0.10869068052228748,0,Low
SYNID0200238276,0.1086716018667247,0,Low
SYNID0200614843,0.10865060889844147,0,Low
SYNID0200834673,0.10860804705602334,0,Low
SYNID0200113339,0.10857635266363946,0,Low
SYNID0200733103,0.1085473304401785,0,Low
SYNID0200147395,0.10847717662025769,0,Low
SYNID0200115100,0.10846129901349133,0,Low
SYNID0200017227,0.10841886529835748,0,Low
SYNID0200532394,0.10838890021624359,0,Low
SYNID0200874238,0.10829830731635393,0,Low
SYNID0200765536,0.10824712435638378,0,Low
SYNID0200800956,0.10823512292558352,0,Low
SYNID0200274635,0.1082165687832975,0,Low
SYNID0200545011,0.10821496262171976,0,Low
SYNID0200463908,0.10816924458358745,0,Low
SYNID0200507482,0.10815480139206785,0,Low
SYNID0200496310,0.10809393405134032,0,Low
SYNID0200890556,0.10806096106984736,0,Low
SYNID0200611101,0.10802780495153452,0,Low
SYNID0200872965,0.1079906848234945,0,Low
SYNID0200963553,0.1079673101881426,0,Low
SYNID0200747511,0.10784094755508616,0,Low
SYNID0200128183,0.1078304587215213,0,Low
SYNID0200929467,0.10774211637153458,0,Low
SYNID0200861567,0.10768731454461777,0,Low
SYNID0200484383,0.10768304750343105,0,Low
SYNID0200799019,0.10763542929235875,0,Low
SYNID0200452548,0.10762503177252064,0,Low
SYNID0200129645,0.10750951511201812,0,Low
SYNID0200671703,0.10742052683075659,0,Low
SYNID0200252020,0.1073768663479151,0,Low
SYNID0200537786,0.10736235812354694,0,Low
SYNID0200018998,0.10735928832740749,0,Low
SYNID0200573447,0.10734266893942429,0,Low
SYNID0200746342,0.10726841909411,0,Low
SYNID0200421260,0.10726579385381224,0,Low
SYNID0200576775,0.10715031703588423,0,Low
SYNID0200089472,0.10704676892722131,0,Low
SYNID0200099603,0.10702922795869141,0,Low
SYNID0200739994,0.10701407988782902,0,Low
SYNID0200339664,0.10698748838493732,0,Low
SYNID0200223903,0.10694900397614382,0,Low
SYNID0200557262,0.10694477759305587,0,Low
SYNID0200267529,0.10691816932356696,0,Low
SYNID0200218387,0.10688344373308345,0,Low
SYNID0200414881,0.1068527613720035,0,Low
SYNID0200877242,0.10683076086363763,0,Low
SYNID0200943653,0.10682373448822724,0,Low
SYNID0200567479,0.10679639228754029,0,Low
SYNID0200570631,0.10679493568219861,0,Low
SYNID0200006871,0.10677152474092566,0,Low
SYNID0200054843,0.10674992272841888,0,Low
SYNID0200856922,0.1067413342887904,0,Low
SYNID0200752138,0.10668188955868901,0,Low
SYNID0200244273,0.10665892686975298,0,Low
SYNID0200532710,0.10657841243053617,0,Low
SYNID0200875060,0.1065638215283714,0,Low
SYNID0200644108,0.10652839224713656,0,Low
SYNID0200025569,0.10652436755164757,0,Low
SYNID0200664684,0.10648449272060162,0,Low
SYNID0200276387,0.10641256184725195,0,Low
SYNID0200767210,0.10638810094355788,0,Low
SYNID0200900422,0.10628574509246719,0,Low
SYNID0200438827,0.10625601215937186,0,Low
SYNID0200058790,0.10620305913409217,0,Low
SYNID0200412530,0.1060884146714523,0,Low
SYNID0200835901,0.10607442751844193,0,Low
SYNID0200610310,0.10606676247896407,0,Low
SYNID0200563444,0.10602528905174335,0,Low
SYNID0200292620,0.10595708120449199,0,Low
SYNID0200514179,0.1059287914746378,0,Low
SYNID0200726746,0.10591572827018986,0,Low
SYNID0200353548,0.10585563816176674,0,Low
SYNID0200708961,0.10578062359359292,0,Low
SYNID0200047011,0.10574794119752373,0,Low
SYNID0200321035,0.10563573238650609,0,Low
SYNID0200824796,0.10557545915722033,0,Low
SYNID0200981359,0.1055049453716233,0,Low
SYNID0200429074,0.10544335085768497,0,Low
SYNID0200801299,0.10541808851292145,0,Low
SYNID0200000345,0.1053224859984691,0,Low
SYNID0200737943,0.1053199674311609,0,Low
SYNID0200368940,0.10526672699640999,0,Low
SYNID0200495063,0.10516622227623718,0,Low
SYNID0200521850,0.10504837578028975,0,Low
SYNID0200913145,0.10498009135885855,0,Low
SYNID0200700121,0.10490956730059053,0,Low
SYNID0200168518,0.10487205603056304,0,Low
SYNID0200128727,0.10484867631470324,0,Low
SYNID0200851421,0.10484282231609499,0,Low
SYNID0200148860,0.10478053357805256,0,Low
SYNID0200228168,0.10477744525256866,0,Low
SYNID0200792072,0.10473532214701614,0,Low
SYNID0200536291,0.10465152657346105,0,Low
SYNID0200622308,0.1046447863607195,0,Low
SYNID0200658616,0.10461908122330676,0,Low
SYNID0200164703,0.10461469957571568,0,Low
SYNID0200808409,0.10455318172834527,0,Low
SYNID0200867753,0.10454647182534993,0,Low
SYNID0200487702,0.10450885222852546,0,Low
SYNID0200095399,0.1044716343484397,0,Low
SYNID0200376845,0.10444580496304423,0,Low
SYNID0200730398,0.10443749939628078,0,Low
SYNID0200411939,0.10442986663648673,0,Low
SYNID0200167145,0.10441047656130614,0,Low
SYNID0200715742,0.10439444034043671,0,Low
SYNID0200264834,0.10434124254265226,0,Low
SYNID0200306234,0.1043343908024606,0,Low
SYNID0200559789,0.10427159686672721,0,Low
SYNID0200414692,0.10424535076032271,0,Low
SYNID0200739792,0.10418692092711351,0,Low
SYNID0200681305,0.10415114112918344,0,Low
SYNID0200655922,0.10401951580424051,0,Low
SYNID0200281055,0.10392476546899992,0,Low
SYNID0200621698,0.10391502995364432,0,Low
SYNID0200024145,0.10390678500908507,0,Low
SYNID0200224161,0.10371031771987688,0,Low
SYNID0200761391,0.1036941851029442,0,Low
SYNID0200150076,0.10364289887279765,0,Low
SYNID0200780760,0.10360162897847058,0,Low
SYNID0200136882,0.10358059202903908,0,Low
SYNID0200450996,0.10357334962072878,0,Low
SYNID0200603975,0.10354336322693186,0,Low
SYNID0200315146,0.10354302765499401,0,Low
SYNID0200482514,0.10349027634276614,0,Low
SYNID0200704308,0.1034866734491997,0,Low
SYNID0200895143,0.10347140582559583,0,Low
SYNID0200104798,0.1034530145075695,0,Low
SYNID0200248165,0.1034422534423311,0,Low
SYNID0200060292,0.10326255330628414,0,Low
SYNID0200211901,0.10322655135014813,0,Low
SYNID0200507659,0.10310081277181732,0,Low
SYNID0200131257,0.10309466465561129,0,Low
SYNID0200355651,0.10305191845130357,0,Low
SYNID0200201806,0.10303120203692923,0,Low
SYNID0200258598,0.10302922246086077,0,Low
SYNID0200025554,0.10300668096658044,0,Low
SYNID0200215185,0.10298887922782063,0,Low
SYNID0200708751,0.10289937566743035,0,Low
SYNID0200851838,0.10285330515244928,0,Low
SYNID0200856688,0.10285059187128553,0,Low
SYNID0200777061,0.10283834201614644,0,Low
SYNID0200985615,0.10279660137935376,0,Low
SYNID0200559465,0.10273068431567894,0,Low
SYNID0200492222,0.10269186657006502,0,Low
SYNID0200959844,0.10266684858842784,0,Low
SYNID0200717058,0.10266238801840805,0,Low
SYNID0200413759,0.1026395625741775,0,Low
SYNID0200018412,0.10260938612760295,0,Low
SYNID0200171993,0.10259397546672178,0,Low
SYNID0200520703,0.10258573631053403,0,Low
SYNID0200862316,0.10252639442609146,0,Low
SYNID0200119252,0.10248092841010303,0,Low
SYNID0200548441,0.10243899526292188,0,Low
SYNID0200018245,0.1023900840027212,0,Low
SYNID0200351820,0.10225135043509825,0,Low
SYNID0200451901,0.10221420236269424,0,Low
SYNID0200556057,0.1021636229787527,0,Low
SYNID0200166841,0.1020855580173532,0,Low
SYNID0200122459,0.10202913702647592,0,Low
SYNID0200982199,0.10199424954692421,0,Low
SYNID0200787203,0.1019798823454971,0,Low
SYNID0200026070,0.10196119450329477,0,Low
SYNID0200324489,0.10184299642529182,0,Low
SYNID0200173256,0.10174845216935863,0,Low
SYNID0200357689,0.10174074245726894,0,Low
SYNID0200416298,0.10161186313101245,0,Low
SYNID0200790379,0.10154715111866469,0,Low
SYNID0200394991,0.10151490551687053,0,Low
SYNID0200968962,0.10150348064591558,0,Low
SYNID0200114697,0.10149129431064957,0,Low
SYNID0200603360,0.101463348589378,0,Low
SYNID0200496108,0.10142068586618153,0,Low
SYNID0200935892,0.10132863183871432,0,Low
SYNID0200530175,0.10132273766915639,0,Low
SYNID0200761098,0.10131196110658108,0,Low
SYNID0200208672,0.1012758261607411,0,Low
SYNID0200646418,0.10122833200231113,0,Low
SYNID0200719063,0.10099010522125929,0,Low
SYNID0200401635,0.10097978571207678,0,Low
SYNID0200280361,0.10089717756312461,0,Low
SYNID0200028035,0.10087359730390588,0,Low
SYNID0200339429,0.10080217157762988,0,Low
SYNID0200162399,0.10075220287873388,0,Low
SYNID0200823139,0.10062996906470817,0,Low
SYNID0200180330,0.10061989891069684,0,Low
SYNID0200419011,0.10060207979594848,0,Low
SYNID0200718311,0.10049826375129056,0,Low
SYNID0200617361,0.10049539847327943,0,Low
SYNID0200536271,0.10048704879542236,0,Low
SYNID0200217374,0.10043753861127341,0,Low
SYNID0200920235,0.10043591750062414,0,Low
SYNID0200579553,0.10039875813016064,0,Low
SYNID0200640743,0.1003857765991461,0,Low
SYNID0200971423,0.10032591059773571,0,Low
SYNID0200913097,0.10030058721531021,0,Low
SYNID0200241765,0.10028691045457228,0,Low
SYNID0200488190,0.10028384205674146,0,Low
SYNID0200917079,0.10028297410247144,0,Low
SYNID0200905575,0.1002813411475949,0,Low
SYNID0200469484,0.10022609175501934,0,Low
SYNID0200958684,0.10017076291779631,0,Low
SYNID0200195434,0.10016186694212065,0,Low
SYNID0200977815,0.10009837006421557,0,Low
SYNID0200814003,0.10009338201445722,0,Low
SYNID0200992999,0.10005690698777098,0,Low
SYNID0200276806,0.10000569654941815,0,Low
SYNID0200768808,0.09998310604383248,0,Low
SYNID0200156920,0.09996977366723941,0,Low
SYNID0200437991,0.09995906229313573,0,Low
SYNID0200278570,0.09994324333821863,0,Low
SYNID0200263624,0.0998618838978626,0,Low
SYNID0200615056,0.09983616461862099,0,Low
SYNID0200097662,0.09979740393211567,0,Low
SYNID0200577749,0.0997842915818018,0,Low
SYNID0200965117,0.09976929140320795,0,Low
SYNID0200277504,0.09972395953089697,0,Low
SYNID0200832269,0.09961507054734575,0,Low
SYNID0200560342,0.09960355275180166,0,Low
SYNID0200701962,0.09958326312745236,0,Low
SYNID0200332396,0.09955232312529344,0,Low
SYNID0200847180,0.09951172482571835,0,Low
SYNID0200963333,0.09948298892872476,0,Low
SYNID0200463758,0.09946776532505691,0,Low
SYNID0200442691,0.09932827493571689,0,Low
SYNID0200416489,0.09932422740254598,0,Low
SYNID0200739009,0.09922205618806218,0,Low
SYNID0200951130,0.099174222516755,0,Low
SYNID0200534041,0.09912934000673612,0,Low
SYNID0200307875,0.09910269307384562,0,Low
SYNID0200128912,0.09903308295397711,0,Low
SYNID0200783636,0.09896081076114949,0,Low
SYNID0200247817,0.09882844973793337,0,Low
SYNID0200096243,0.09880614149544109,0,Low
SYNID0200035231,0.09877501639537178,0,Low
SYNID0200746293,0.09876841433647027,0,Low
SYNID0200800109,0.09875659526790503,0,Low
SYNID0200858803,0.09870433019719266,0,Low
SYNID0200138233,0.09868764674495051,0,Low
SYNID0200372844,0.09864305235300336,0,Low
SYNID0200369301,0.09863204746351661,0,Low
SYNID0200403556,0.09855096196133128,0,Low
SYNID0200123878,0.09854143460348819,0,Low
SYNID0200256485,0.09835621797992972,0,Low
SYNID0200945757,0.09834050741778216,0,Low
SYNID0200783137,0.09826395911005725,0,Low
SYNID0200794736,0.09826117072106427,0,Low
SYNID0200836407,0.09824052877949857,0,Low
SYNID0200889064,0.09823451078965223,0,Low
SYNID0200520769,0.09821705096704858,0,Low
SYNID0200699471,0.09813187361692688,0,Low
SYNID0200692673,0.09809594859803622,0,Low
SYNID0200077945,0.09807211461222332,0,Low
SYNID0200109567,0.09803837231256546,0,Low
SYNID0200729668,0.09793621907817202,0,Low
SYNID0200322799,0.0978875575144259,0,Low
SYNID0200597133,0.09784828203141333,0,Low
SYNID0200869425,0.09782692631782347,0,Low
SYNID0200612364,0.09778283184390962,0,Low
SYNID0200575628,0.09778113069951333,0,Low
SYNID0200860364,0.09774700879722636,0,Low
SYNID0200514747,0.09773234603617065,0,Low
SYNID0200284770,0.09772061834849494,0,Low
SYNID0200040642,0.09770699608506084,0,Low
SYNID0200718947,0.09762836579790601,0,Low
SYNID0200540751,0.09758022534284855,0,Low
SYNID0200272952,0.09752353091650146,0,Low
SYNID0200314325,0.09749558418133125,0,Low
SYNID0200439545,0.09748166367050637,0,Low
SYNID0200545767,0.09742575814473436,0,Low
SYNID0200605381,0.09735150039373902,0,Low
SYNID0200849547,0.09731925665341257,0,Low
SYNID0200443525,0.09726307260273453,0,Low
SYNID0200099510,0.09724547849934295,0,Low
SYNID0200822360,0.09724405350977655,0,Low
SYNID0200378044,0.09723519438703049,0,Low
SYNID0200161988,0.09720247280603012,0,Low
SYNID0200062998,0.09717676834641459,0,Low
SYNID0200238201,0.09714582529124971,0,Low
SYNID0200963474,0.09710534869633197,0,Low
SYNID0200126663,0.09708091227219573,0,Low
SYNID0200861204,0.09706342709416377,0,Low
SYNID0200005819,0.09702768352321689,0,Low
SYNID0200122964,0.09702432705011305,0,Low
SYNID0200409284,0.09699727798557523,0,Low
SYNID0200791913,0.09696865060357512,0,Low
SYNID0200660444,0.09690943852714223,0,Low
SYNID0200753640,0.09690699314136275,0,Low
SYNID0200262722,0.09680909740838733,0,Low
SYNID0200060241,0.0967821602899947,0,Low
SYNID0200277964,0.09676988348062693,0,Low
SYNID0200278804,0.0967572178325723,0,Low
SYNID0200225542,0.09673150111055279,0,Low
SYNID0200708037,0.09671444869340762,0,Low
SYNID0200350119,0.09662079418348524,0,Low
SYNID0200693241,0.09656372230705429,0,Low
SYNID0200996295,0.09655178373935264,0,Low
SYNID0200869254,0.09653709924741866,0,Low
SYNID0200456902,0.09647342013215116,0,Low
SYNID0200705826,0.0964369094558718,0,Low
SYNID0200109060,0.09642373244118274,0,Low
SYNID0200377946,0.0963392490064175,0,Low
SYNID0200134017,0.09632186882784605,0,Low
SYNID0200337804,0.09631844145545199,0,Low
SYNID0200797752,0.09630597787373724,0,Low
SYNID0200369278,0.09613562517319046,0,Low
SYNID0200979990,0.09611697725567958,0,Low
SYNID0200757118,0.09600456975738642,0,Low
SYNID0200435205,0.09582643094379673,0,Low
SYNID0200068879,0.09581501276759558,0,Low
SYNID0200628433,0.09574275411147376,0,Low
SYNID0200784268,0.09571793274279733,0,Low
SYNID0200957925,0.0957140393634664,0,Low
SYNID0200861363,0.09569737787288429,0,Low
SYNID0200366437,0.0956361461310623,0,Low
SYNID0200917541,0.09563085920962983,0,Low
SYNID0200393550,0.0956081888616635,0,Low
SYNID0200576972,0.09545226960352038,0,Low
SYNID0200914267,0.09543976057324766,0,Low
SYNID0200737865,0.09535440427127212,0,Low
SYNID0200293867,0.0953446049256973,0,Low
SYNID0200042812,0.09532452847600531,0,Low
SYNID0200800535,0.09532401390516493,0,Low
SYNID0200710497,0.09525615932039255,0,Low
SYNID0200861540,0.09524825514754032,0,Low
SYNID0200396123,0.0951163896281203,0,Low
SYNID0200838179,0.09508155615508423,0,Low
SYNID0200992297,0.09504740269990686,0,Low
SYNID0200910352,0.09500945099666619,0,Low
SYNID0200527193,0.0948831300782248,0,Low
SYNID0200645208,0.09480649730420337,0,Low
SYNID0200005543,0.09477610897142208,0,Low
SYNID0200257821,0.09475712500407218,0,Low
SYNID0200084675,0.09474041799101612,0,Low
SYNID0200078568,0.09469295357338131,0,Low
SYNID0200572540,0.09466243831712123,0,Low
SYNID0200604381,0.09457836176324547,0,Low
SYNID0200601239,0.09454928335102952,0,Low
SYNID0200131734,0.09452278565531153,0,Low
SYNID0200353069,0.09451917314039893,0,Low
SYNID0200792003,0.09449015293680907,0,Low
SYNID0200284985,0.0944178983727676,0,Low
SYNID0200298460,0.0944170857429597,0,Low
SYNID0200687887,0.09440866015856653,0,Low
SYNID0200967258,0.0943202072720351,0,Low
SYNID0200698182,0.09428889322265899,0,Low
SYNID0200262977,0.09425916262506895,0,Low
SYNID0200762295,0.09422534609238109,0,Low
SYNID0200516821,0.09418445500657613,0,Low
SYNID0200908111,0.09409799405779562,0,Low
SYNID0200604221,0.094068569384333,0,Low
SYNID0200780726,0.09406698024565868,0,Low
SYNID0200957425,0.09406297672848535,0,Low
SYNID0200076108,0.09395397753691581,0,Low
SYNID0200707473,0.09395258380717064,0,Low
SYNID0200645800,0.09392664037717302,0,Low
SYNID0200579641,0.09390584583790207,0,Low
SYNID0200471688,0.09390183764360566,0,Low
SYNID0200468905,0.09389512687604273,0,Low
SYNID0200561121,0.09379582995352592,0,Low
SYNID0200577547,0.09377484832118055,0,Low
SYNID0200146237,0.09370362138936411,0,Low
SYNID0200985069,0.09367085503568656,0,Low
SYNID0200971232,0.09363397986394201,0,Low
SYNID0200340904,0.09358230563460818,0,Low
SYNID0200817493,0.09354156380955492,0,Low
SYNID0200768934,0.09345249250553495,0,Low
SYNID0200852739,0.09344796739531941,0,Low
SYNID0200255641,0.09343652072481218,0,Low
SYNID0200388303,0.09340782818027993,0,Low
SYNID0200647529,0.09323932531931983,0,Low
SYNID0200854854,0.09323621019416478,0,Low
SYNID0200705836,0.09322381319352269,0,Low
SYNID0200719236,0.0932027843118774,0,Low
SYNID0200064955,0.09312533951115048,0,Low
SYNID0200130933,0.09312020640381002,0,Low
SYNID0200177172,0.093070714030426,0,Low
SYNID0200590514,0.0930494391810861,0,Low
SYNID0200425446,0.09302212118887743,0,Low
SYNID0200114401,0.09296654700582574,0,Low
SYNID0200495546,0.09286153884631282,0,Low
SYNID0200524462,0.09285592754559058,0,Low
SYNID0200472050,0.09279938199694976,0,Low
SYNID0200157512,0.09274788356297342,0,Low
SYNID0200455688,0.09272441412340693,0,Low
SYNID0200854154,0.09269938511565812,0,Low
SYNID0200208685,0.09259407691940019,0,Low
SYNID0200169694,0.09258924121704293,0,Low
SYNID0200677319,0.09257522884262798,0,Low
SYNID0200546320,0.09256395485204111,0,Low
SYNID0200461355,0.09254421984681044,0,Low
SYNID0200525242,0.09252427224742749,0,Low
SYNID0200877325,0.09246924242345761,0,Low
SYNID0200444951,0.09237118775927433,0,Low
SYNID0200776972,0.0922885043562276,0,Low
SYNID0200284271,0.09227160492400632,0,Low
SYNID0200881567,0.09226373338602323,0,Low
SYNID0200662057,0.09218441417067913,0,Low
SYNID0200228901,0.09214155688691561,0,Low
SYNID0200875158,0.09210522576501462,0,Low
SYNID0200508421,0.09208976152281156,0,Low
SYNID0200523984,0.09205496897437493,0,Low
SYNID0200546997,0.09205153520344395,0,Low
SYNID0200578589,0.09204960328739337,0,Low
SYNID0200708495,0.09194050823699579,0,Low
SYNID0200215815,0.09183140111844834,0,Low
SYNID0200649859,0.09182379936741986,0,Low
SYNID0200282526,0.09178571185140788,0,Low
SYNID0200365493,0.0917189940797512,0,Low
SYNID0200038140,0.09154615563126223,0,Low
SYNID0200720474,0.09153615335286813,0,Low
SYNID0200386962,0.09146660800460854,0,Low
SYNID0200179268,0.09143048055700526,0,Low
SYNID0200215635,0.09120499104347468,0,Low
SYNID0200522225,0.09115533495602651,0,Low
SYNID0200053431,0.0910568537488266,0,Low
SYNID0200798533,0.09105110740013372,0,Low
SYNID0200718957,0.09102216459953527,0,Low
SYNID0200083269,0.0909043557668816,0,Low
SYNID0200219653,0.09089934873082411,0,Low
SYNID0200757110,0.09083005701126257,0,Low
SYNID0200720953,0.09081766116900503,0,Low
SYNID0200648061,0.09077003320322236,0,Low
SYNID0200253254,0.09074502030053727,0,Low
SYNID0200281025,0.09074331684524528,0,Low
SYNID0200072894,0.09070431789121741,0,Low
SYNID0200754276,0.09063343354099074,0,Low
SYNID0200541211,0.09063061952908646,0,Low
SYNID0200438718,0.0906202234308901,0,Low
SYNID0200355326,0.09060383063487332,0,Low
SYNID0200434922,0.0905918486940599,0,Low
SYNID0200685349,0.0905603769629732,0,Low
SYNID0200062874,0.09051216888091362,0,Low
SYNID0200564217,0.09047625426666839,0,Low
SYNID0200714307,0.09046682999150918,0,Low
SYNID0200049343,0.09036545027728027,0,Low
SYNID0200026722,0.09011201051318646,0,Low
SYNID0200116284,0.09010409411787623,0,Low
SYNID0200606521,0.0900507487228327,0,Low
SYNID0200110313,0.0900387661866009,0,Low
SYNID0200693830,0.08996589506251301,0,Low
SYNID0200812065,0.08995373727205502,0,Low
SYNID0200602216,0.08995075125152807,0,Low
SYNID0200981093,0.08994627446202114,0,Low
SYNID0200247476,0.0899238104234037,0,Low
SYNID0200353160,0.08990905775411834,0,Low
SYNID0200216670,0.08982193204481226,0,Low
SYNID0200432438,0.08981990034892035,0,Low
SYNID0200941047,0.08967066671757845,0,Low
SYNID0200596764,0.08966986483649986,0,Low
SYNID0200078837,0.08963131212525477,0,Low
SYNID0200838387,0.0896131827338899,0,Low
SYNID0200311343,0.08954325372623179,0,Low
SYNID0200861574,0.08948652549025643,0,Low
SYNID0200046269,0.08943635142012979,0,Low
SYNID0200487593,0.0894076557921546,0,Low
SYNID0200103566,0.08938448345680944,0,Low
SYNID0200429839,0.08938305572582905,0,Low
SYNID0200313480,0.08936572110259,0,Low
SYNID0200899316,0.0892940635731636,0,Low
SYNID0200393261,0.08926791659498673,0,Low
SYNID0200075439,0.08925049203324537,0,Low
SYNID0200872544,0.08911924230184715,0,Low
SYNID0200281344,0.08910896215957598,0,Low
SYNID0200090248,0.08910190925392175,0,Low
SYNID0200735864,0.08908521338748926,0,Low
SYNID0200949313,0.08903340586714303,0,Low
SYNID0200975629,0.08903245459673753,0,Low
SYNID0200322641,0.08898496237586523,0,Low
SYNID0200040291,0.08896566620659452,0,Low
SYNID0200336904,0.0889141653866447,0,Low
SYNID0200595968,0.08884863425668194,0,Low
SYNID0200974629,0.08882396203866066,0,Low
SYNID0200208180,0.08881041321094185,0,Low
SYNID0200107882,0.08879921838162724,0,Low
SYNID0200591329,0.08875804854440072,0,Low
SYNID0200165631,0.08869913390605183,0,Low
SYNID0200556702,0.08867253928492452,0,Low
SYNID0200396190,0.08863729464638798,0,Low
SYNID0200889429,0.08862942094036852,0,Low
SYNID0200219564,0.08862251787698794,0,Low
SYNID0200757164,0.08853679719107327,0,Low
SYNID0200621546,0.08849391483046692,0,Low
SYNID0200344226,0.08848206131116981,0,Low
SYNID0200209668,0.08846642437361807,0,Low
SYNID0200421985,0.08843009739730667,0,Low
SYNID0200570814,0.08842693131977108,0,Low
SYNID0200057253,0.08840284614921423,0,Low
SYNID0200592858,0.08835049393055688,0,Low
SYNID0200193652,0.08829126667450898,0,Low
SYNID0200707975,0.08825853190930688,0,Low
SYNID0200861644,0.08816793525342959,0,Low
SYNID0200760461,0.08814972198767984,0,Low
SYNID0200313652,0.08813748140735067,0,Low
SYNID0200137613,0.08811221389217072,0,Low
SYNID0200047088,0.08810660817977722,0,Low
SYNID0200772466,0.08808259975035482,0,Low
SYNID0200506763,0.08807671573492393,0,Low
SYNID0200528660,0.08802266237693518,0,Low
SYNID0200797014,0.0879177672259352,0,Low
SYNID0200885247,0.08790932634819609,0,Low
SYNID0200953271,0.08787830874539954,0,Low
SYNID0200099997,0.08786026003771796,0,Low
SYNID0200667350,0.08770825982824404,0,Low
SYNID0200055205,0.08770032582463011,0,Low
SYNID0200758107,0.08764437243898987,0,Low
SYNID0200083102,0.08763036208632052,0,Low
SYNID0200281461,0.08756856656845413,0,Low
SYNID0200446324,0.08756365259770876,0,Low
SYNID0200049489,0.08741197489524011,0,Low
SYNID0200769071,0.08738096472561174,0,Low
SYNID0200138694,0.087297318379364,0,Low
SYNID0200760553,0.0872883171876746,0,Low
SYNID0200848630,0.08713724797781575,0,Low
SYNID0200490046,0.08710805124781185,0,Low
SYNID0200910436,0.08706863909982265,0,Low
SYNID0200000104,0.08698914169119326,0,Low
SYNID0200713832,0.08698746813764496,0,Low
SYNID0200353109,0.08696452827726892,0,Low
SYNID0200801683,0.08687885381842592,0,Low
SYNID0200504555,0.08683084367980426,0,Low
SYNID0200463546,0.08680296784557423,0,Low
SYNID0200895837,0.0867457081976713,0,Low
SYNID0200204206,0.08674051434767788,0,Low
SYNID0200980865,0.08673127483235354,0,Low
SYNID0200469805,0.0865815646140507,0,Low
SYNID0200926931,0.08657828602839968,0,Low
SYNID0200643664,0.08655450824465477,0,Low
SYNID0200092052,0.0865488777297046,0,Low
SYNID0200360548,0.0865263280055586,0,Low
SYNID0200098437,0.08652573192962082,0,Low
SYNID0200240420,0.086417705777728,0,Low
SYNID0200502312,0.08639694549842503,0,Low
SYNID0200772465,0.08636854240074932,0,Low
SYNID0200035629,0.08635828523908001,0,Low
SYNID0200205384,0.08634084156049504,0,Low
SYNID0200719314,0.08633704972144901,0,Low
SYNID0200709243,0.08629984271022634,0,Low
SYNID0200810700,0.08623269566394509,0,Low
SYNID0200694679,0.08617529638805488,0,Low
SYNID0200462912,0.08613653993398224,0,Low
SYNID0200723020,0.08611104145218018,0,Low
SYNID0200533515,0.08610337600832413,0,Low
SYNID0200297040,0.08608843315620857,0,Low
SYNID0200098289,0.08606278444401305,0,Low
SYNID0200028145,0.08598314121265349,0,Low
SYNID0200994279,0.08593098473458893,0,Low
SYNID0200136757,0.08586442791159216,0,Low
SYNID0200655381,0.0857968316583006,0,Low
SYNID0200774276,0.08579080333076838,0,Low
SYNID0200958128,0.08576988688220566,0,Low
SYNID0200700618,0.08572625576950604,0,Low
SYNID0200387536,0.08569283112843384,0,Low
SYNID0200242140,0.08561760208382602,0,Low
SYNID0200726881,0.08560545812088877,0,Low
SYNID0200201683,0.08557272957599327,0,Low
SYNID0200823557,0.08545988193530313,0,Low
SYNID0200520875,0.08544035884093121,0,Low
SYNID0200482784,0.08544034456266825,0,Low
SYNID0200931465,0.08543651537230007,0,Low
SYNID0200635488,0.08537580512524118,0,Low
SYNID0200663919,0.08531479914132828,0,Low
SYNID0200300282,0.08529228869511724,0,Low
SYNID0200321872,0.08528599889309812,0,Low
SYNID0200675535,0.08523166834196333,0,Low
SYNID0200554257,0.0852103682361059,0,Low
SYNID0200186668,0.08519741759601535,0,Low
SYNID0200435990,0.08519526110743986,0,Low
SYNID0200439201,0.08516092516559276,0,Low
SYNID0200784637,0.08515153962626493,0,Low
SYNID0200597212,0.08514717770951419,0,Low
SYNID0200604603,0.08513319798039404,0,Low
SYNID0200943437,0.08512204312151217,0,Low
SYNID0200739094,0.08510353882742566,0,Low
SYNID0200310497,0.08509975161093908,0,Low
SYNID0200481904,0.08505020777311695,0,Low
SYNID0200157104,0.08499528403814066,0,Low
SYNID0200082683,0.08493264365800612,0,Low
SYNID0200437920,0.08493161411116629,0,Low
SYNID0200897087,0.08486204103628459,0,Low
SYNID0200180865,0.08485768602136351,0,Low
SYNID0200042354,0.08485003803273167,0,Low
SYNID0200742946,0.08476251179337829,0,Low
SYNID0200280044,0.08472537606778813,0,Low
SYNID0200785080,0.08472261621585164,0,Low
SYNID0200878765,0.08466027343485355,0,Low
SYNID0200000596,0.08465718846342124,0,Low
SYNID0200644764,0.08465160300969199,0,Low
SYNID0200778085,0.08464248933222268,0,Low
SYNID0200440458,0.08463549047035501,0,Low
SYNID0200251412,0.08459874737540313,0,Low
SYNID0200482948,0.08459731370275542,0,Low
SYNID0200187435,0.08449437014635708,0,Low
SYNID0200742299,0.08445316458644292,0,Low
SYNID0200110757,0.08438392918853149,0,Low
SYNID0200567108,0.08438052524070272,0,Low
SYNID0200598482,0.08434865505391359,0,Low
SYNID0200739518,0.08429190854408225,0,Low
SYNID0200171426,0.0842227001904578,0,Low
SYNID0200987566,0.08413211845196428,0,Low
SYNID0200018995,0.08403387439249566,0,Low
SYNID0200621945,0.08395532380040871,0,Low
SYNID0200240763,0.08392991199633132,0,Low
SYNID0200657124,0.08392204558281519,0,Low
SYNID0200759913,0.08381301137293395,0,Low
SYNID0200123380,0.08380926667580696,0,Low
SYNID0200607871,0.08375608127431183,0,Low
SYNID0200793609,0.08375356370656317,0,Low
SYNID0200632141,0.08373357061024045,0,Low
SYNID0200278332,0.08371850442152973,0,Low
SYNID0200879644,0.08364955209029157,0,Low
SYNID0200938090,0.08359640312954975,0,Low
SYNID0200579742,0.08354103016553144,0,Low
SYNID0200604615,0.08350336316510676,0,Low
SYNID0200718474,0.08349689901761409,0,Low
SYNID0200475911,0.08335893235583486,0,Low
SYNID0200010640,0.08318192136028935,0,Low
SYNID0200372302,0.08312324540400035,0,Low
SYNID0200394332,0.08310651512868689,0,Low
SYNID0200412886,0.08309094826489999,0,Low
SYNID0200552449,0.08304118801427612,0,Low
SYNID0200645640,0.08301539587034568,0,Low
SYNID0200191619,0.0830065791159858,0,Low
SYNID0200860506,0.08297409736076722,0,Low
SYNID0200107652,0.08297242094402091,0,Low
SYNID0200463877,0.08295557028889206,0,Low
SYNID0200660641,0.08292601565016006,0,Low
SYNID0200040430,0.08282123347660719,0,Low
SYNID0200186508,0.08280948363472279,0,Low
SYNID0200192214,0.08277223449278864,0,Low
SYNID0200102130,0.08273544739954575,0,Low
SYNID0200241163,0.08267560060717422,0,Low
SYNID0200612614,0.08264756605101692,0,Low
SYNID0200699566,0.08261646206837575,0,Low
SYNID0200566544,0.082578426814429,0,Low
SYNID0200826466,0.08256611046386814,0,Low
SYNID0200148919,0.08256230922679958,0,Low
SYNID0200117577,0.08251698495864429,0,Low
SYNID0200068031,0.08248072254308025,0,Low
SYNID0200566859,0.08247066036943762,0,Low
SYNID0200049061,0.08245899099818266,0,Low
SYNID0200701147,0.08244379958042536,0,Low
SYNID0200330035,0.08238444699846831,0,Low
SYNID0200720565,0.08236958237187247,0,Low
SYNID0200899450,0.08233953629919766,0,Low
SYNID0200552983,0.0821760924104658,0,Low
SYNID0200496136,0.08215543387114305,0,Low
SYNID0200201408,0.0821297666648741,0,Low
SYNID0200220989,0.08211983543538609,0,Low
SYNID0200247467,0.0821144878906323,0,Low
SYNID0200282970,0.082099153315626,0,Low
SYNID0200993367,0.08205483851924306,0,Low
SYNID0200637380,0.0820293780833834,0,Low
SYNID0200020386,0.0819911249088891,0,Low
SYNID0200198381,0.08198721403611564,0,Low
SYNID0200650001,0.0817848846747894,0,Low
SYNID0200888265,0.08176778597401158,0,Low
SYNID0200737749,0.08174199780337682,0,Low
SYNID0200719302,0.08171607803172509,0,Low
SYNID0200195975,0.08169731572429195,0,Low
SYNID0200087852,0.08166901820799,0,Low
SYNID0200641004,0.0816054179121869,0,Low
SYNID0200868271,0.08157579535183795,0,Low
SYNID0200419908,0.08156466729882395,0,Low
SYNID0200747844,0.0814240802458786,0,Low
SYNID0200779363,0.08135483949716671,0,Low
SYNID0200851678,0.08134990753585347,0,Low
SYNID0200692045,0.08129847538257995,0,Low
SYNID0200227015,0.08125409595435401,0,Low
SYNID0200488215,0.08124767157034052,0,Low
SYNID0200788857,0.08123173096818342,0,Low
SYNID0200219009,0.08122738640038019,0,Low
SYNID0200717434,0.08122103692956073,0,Low
SYNID0200761918,0.08120900370170758,0,Low
SYNID0200006575,0.08118731065643353,0,Low
SYNID0200729830,0.08111943458192739,0,Low
SYNID0200250696,0.08108111514952016,0,Low
SYNID0200147914,0.0810646355011212,0,Low
SYNID0200325521,0.08104924300484195,0,Low
SYNID0200628604,0.0810459554051578,0,Low
SYNID0200950549,0.08098043782999215,0,Low
SYNID0200960913,0.08097144906591602,0,Low
SYNID0200282118,0.080878731771167,0,Low
SYNID0200734270,0.08087345256234318,0,Low
SYNID0200184471,0.08086902416409403,0,Low
SYNID0200803022,0.08074313754252443,0,Low
SYNID0200762214,0.08063790369876328,0,Low
SYNID0200607929,0.0805958704241041,0,Low
SYNID0200267659,0.08058822455046855,0,Low
SYNID0200599512,0.08050607807601784,0,Low
SYNID0200752189,0.08044056832633939,0,Low
SYNID0200174275,0.08036899338657905,0,Low
SYNID0200010052,0.08027028894437932,0,Low
SYNID0200545813,0.08011849321411862,0,Low
SYNID0200786471,0.08008396622484626,0,Low
SYNID0200576777,0.08000205136262828,0,Low
SYNID0200919849,0.07999268406058058,0,Low
SYNID0200264286,0.07997551628894922,0,Low
SYNID0200169950,0.07993818485330256,0,Low
SYNID0200355310,0.07993221816641555,0,Low
SYNID0200394608,0.07986758641465092,0,Low
SYNID0200184270,0.0798249222931749,0,Low
SYNID0200904664,0.07964267668195407,0,Low
SYNID0200527241,0.07948735104607801,0,Low
SYNID0200599099,0.07948181455941217,0,Low
SYNID0200718517,0.07946392122433682,0,Low
SYNID0200625530,0.07943483802715556,0,Low
SYNID0200399634,0.07938884459218642,0,Low
SYNID0200475494,0.07937255488775818,0,Low
SYNID0200672414,0.07935669414194935,0,Low
SYNID0200466798,0.07928606799909887,0,Low
SYNID0200366245,0.07926717279559581,0,Low
SYNID0200447391,0.07924046304920501,0,Low
SYNID0200299598,0.07922759308556071,0,Low
SYNID0200934829,0.07922142144670008,0,Low
SYNID0200616738,0.07920635688715166,0,Low
SYNID0200987805,0.07913187656509102,0,Low
SYNID0200761129,0.07912078644834175,0,Low
SYNID0200842320,0.07905502580788831,0,Low
SYNID0200542227,0.07903701692098475,0,Low
SYNID0200973353,0.07903109009772075,0,Low
SYNID0200845885,0.07902636703998644,0,Low
SYNID0200067334,0.07901823046040557,0,Low
SYNID0200343705,0.07897642064317395,0,Low
SYNID0200633550,0.07883245339077083,0,Low
SYNID0200392159,0.07880810417488465,0,Low
SYNID0200178689,0.07879157810230952,0,Low
SYNID0200778980,0.07876719144336858,0,Low
SYNID0200204107,0.07869674856910525,0,Low
SYNID0200625188,0.07868826419267488,0,Low
SYNID0200370512,0.07866788997758684,0,Low
SYNID0200730764,0.07862882093214113,0,Low
SYNID0200171285,0.0785789168296,0,Low
SYNID0200388726,0.07852677225809235,0,Low
SYNID0200296240,0.07851243191252316,0,Low
SYNID0200652792,0.07844850503885514,0,Low
SYNID0200620809,0.07839841170427253,0,Low
SYNID0200902735,0.07831596281678005,0,Low
SYNID0200757380,0.07828349970847048,0,Low
SYNID0200945223,0.07824771002674791,0,Low
SYNID0200779145,0.07823786141422145,0,Low
SYNID0200808697,0.07822303037840095,0,Low
SYNID0200204876,0.07818202600610852,0,Low
SYNID0200081318,0.07806441606578246,0,Low
SYNID0200973643,0.07801893809895244,0,Low
SYNID0200629028,0.07797693185796051,0,Low
SYNID0200519070,0.0779530693424868,0,Low
SYNID0200816683,0.07788490496800965,0,Low
SYNID0200426304,0.07787488530959952,0,Low
SYNID0200810626,0.07784275729327833,0,Low
SYNID0200743630,0.0778365314463797,0,Low
SYNID0200974399,0.0777929612095779,0,Low
SYNID0200950053,0.07777986517406699,0,Low
SYNID0200704471,0.07773018340966903,0,Low
SYNID0200045739,0.07767448144068445,0,Low
SYNID0200441931,0.07756732748759293,0,Low
SYNID0200642493,0.07750998681181259,0,Low
SYNID0200852171,0.07744230299366595,0,Low
SYNID0200099912,0.07744154048854479,0,Low
SYNID0200642555,0.07738230473152014,0,Low
SYNID0200444432,0.07728542124302479,0,Low
SYNID0200036127,0.07727111455321256,0,Low
SYNID0200328659,0.07725685024976997,0,Low
SYNID0200779177,0.07703741841573641,0,Low
SYNID0200011742,0.07699784072974841,0,Low
SYNID0200500264,0.07696033606457287,0,Low
SYNID0200553272,0.07681971938155313,0,Low
SYNID0200372232,0.07679590719542173,0,Low
SYNID0200703865,0.07679138673253033,0,Low
SYNID0200899924,0.07675134479425139,0,Low
SYNID0200630242,0.07673123439804053,0,Low
SYNID0200591071,0.07666245613159389,0,Low
SYNID0200343427,0.07657631746566196,0,Low
SYNID0200471607,0.07654086661726234,0,Low
SYNID0200105815,0.0765240242932923,0,Low
SYNID0200961058,0.07649491161919064,0,Low
SYNID0200966505,0.07635339447267853,0,Low
SYNID0200798177,0.07631949503517194,0,Low
SYNID0200009137,0.07627143526262248,0,Low
SYNID0200165689,0.07619209607627181,0,Low
SYNID0200467364,0.07618819191556614,0,Low
SYNID0200494812,0.07617233822425512,0,Low
SYNID0200650931,0.07612504634130457,0,Low
SYNID0200555740,0.07607295643414941,0,Low
SYNID0200750241,0.07606778750566712,0,Low
SYNID0200362560,0.0759052431046695,0,Low
SYNID0200262329,0.0759036421505393,0,Low
SYNID0200913117,0.07585558188313418,0,Low
SYNID0200000792,0.07577723853126273,0,Low
SYNID0200901285,0.07576691716570982,0,Low
SYNID0200390307,0.07572322459777459,0,Low
SYNID0200469466,0.0756440971879147,0,Low
SYNID0200844622,0.07560887448475828,0,Low
SYNID0200103630,0.07560108883037875,0,Low
SYNID0200353368,0.07558610289379036,0,Low
SYNID0200052307,0.07553671213629154,0,Low
SYNID0200084090,0.07552002447678724,0,Low
SYNID0200412555,0.07546078596374356,0,Low
SYNID0200712816,0.0754409425698434,0,Low
SYNID0200816533,0.07543860922810347,0,Low
SYNID0200026055,0.07543548915809056,0,Low
SYNID0200053350,0.07531639876097979,0,Low
SYNID0200187823,0.07525201571507811,0,Low
SYNID0200821951,0.07520447358702242,0,Low
SYNID0200384565,0.0751907327938311,0,Low
SYNID0200520619,0.07518888282988018,0,Low
SYNID0200018038,0.07512370686610825,0,Low
SYNID0200407634,0.07501184313971143,0,Low
SYNID0200743959,0.07500171802872257,0,Low
SYNID0200908249,0.07496229568520218,0,Low
SYNID0200937622,0.07490354749344391,0,Low
SYNID0200547885,0.07480775435734938,0,Low
SYNID0200537111,0.07479948132104103,0,Low
SYNID0200907404,0.07475021691862466,0,Low
SYNID0200173376,0.07474066619232467,0,Low
SYNID0200045763,0.0746774777653555,0,Low
SYNID0200944720,0.07467312806894516,0,Low
SYNID0200080481,0.07466199846529109,0,Low
SYNID0200019038,0.07465623984737929,0,Low
SYNID0200356022,0.07461347803370966,0,Low
SYNID0200683156,0.0746055919947824,0,Low
SYNID0200284812,0.07454232949653616,0,Low
SYNID0200794276,0.07453607258746897,0,Low
SYNID0200729994,0.07450057364866247,0,Low
SYNID0200175428,0.07445483415875387,0,Low
SYNID0200327400,0.07444919229089952,0,Low
SYNID0200844025,0.07441033547375114,0,Low
SYNID0200947350,0.0743654907199433,0,Low
SYNID0200408580,0.07436102813359768,0,Low
SYNID0200010618,0.07435687010449948,0,Low
SYNID0200363123,0.07425239815680607,0,Low
SYNID0200401437,0.07425086060554481,0,Low
SYNID0200820947,0.07423618474500715,0,Low
SYNID0200112848,0.07420043223748995,0,Low
SYNID0200040580,0.07415327746889377,0,Low
SYNID0200160671,0.07399122285428905,0,Low
SYNID0200173889,0.07398306941754063,0,Low
SYNID0200658146,0.07398193543598458,0,Low
SYNID0200338522,0.07386641895879653,0,Low
SYNID0200143586,0.07386573465467422,0,Low
SYNID0200782574,0.0738579081356448,0,Low
SYNID0200916528,0.07385586523407212,0,Low
SYNID0200788604,0.07383286772328757,0,Low
SYNID0200981336,0.07377157695860864,0,Low
SYNID0200879942,0.07366692318753087,0,Low
SYNID0200285981,0.07364814180014784,0,Low
SYNID0200197982,0.07364645306175704,0,Low
SYNID0200144327,0.07364336871524518,0,Low
SYNID0200054923,0.07359792514296054,0,Low
SYNID0200239837,0.07353652016559248,0,Low
SYNID0200488987,0.0735111596723032,0,Low
SYNID0200441118,0.07348545286564756,0,Low
SYNID0200174890,0.07342695406571825,0,Low
SYNID0200174387,0.07335763911459847,0,Low
SYNID0200605461,0.07335710489000574,0,Low
SYNID0200088387,0.07334838732360177,0,Low
SYNID0200033452,0.073329762171993,0,Low
SYNID0200938394,0.07328280152578753,0,Low
SYNID0200682064,0.07324620301763446,0,Low
SYNID0200756069,0.07323608492064693,0,Low
SYNID0200338402,0.07315388011836443,0,Low
SYNID0200406134,0.07315151395970698,0,Low
SYNID0200320482,0.07312604215103158,0,Low
SYNID0200495154,0.07309700545171977,0,Low
SYNID0200732951,0.07302052082085753,0,Low
SYNID0200065261,0.07299762254828357,0,Low
SYNID0200938306,0.07298351185829915,0,Low
SYNID0200533345,0.07289658511335922,0,Low
SYNID0200965369,0.07289314974430466,0,Low
SYNID0200234270,0.0728822831416967,0,Low
SYNID0200897134,0.07287699079724513,0,Low
SYNID0200412048,0.07281553221934706,0,Low
SYNID0200626345,0.07281423291910288,0,Low
SYNID0200331909,0.07276911619971244,0,Low
SYNID0200369112,0.07274979191239939,0,Low
SYNID0200904758,0.0727102133086513,0,Low
SYNID0200938387,0.07267854064860058,0,Low
SYNID0200707490,0.07267773729705818,0,Low
SYNID0200671735,0.07265257068932834,0,Low
SYNID0200195105,0.07261357657120315,0,Low
SYNID0200441820,0.07259885918103809,0,Low
SYNID0200699103,0.07239077514861109,0,Low
SYNID0200694613,0.07237295853548498,0,Low
SYNID0200595110,0.07236473575064645,0,Low
SYNID0200213181,0.0723019380429919,0,Low
SYNID0200946353,0.07230005656233401,0,Low
SYNID0200066849,0.0722478199881092,0,Low
SYNID0200354154,0.07222877867341848,0,Low
SYNID0200129113,0.07222063609819951,0,Low
SYNID0200927327,0.07204776521349227,0,Low
SYNID0200522568,0.07202284274053733,0,Low
SYNID0200817629,0.07183212882398132,0,Low
SYNID0200065974,0.0717990396394903,0,Low
SYNID0200319440,0.07170118455922192,0,Low
SYNID0200416409,0.07165798487678243,0,Low
SYNID0200473757,0.07163015608162332,0,Low
SYNID0200531782,0.07153419121609578,0,Low
SYNID0200152937,0.07153040511926922,0,Low
SYNID0200735936,0.07150658112257119,0,Low
SYNID0200875219,0.07148430138692718,0,Low
SYNID0200099434,0.0714375066663066,0,Low
SYNID0200076557,0.07132391570756041,0,Low
SYNID0200564250,0.07128164244371149,0,Low
SYNID0200857563,0.07119011120234092,0,Low
SYNID0200953105,0.07112949307743827,0,Low
SYNID0200661883,0.07109434807759407,0,Low
SYNID0200774087,0.07107394481762142,0,Low
SYNID0200624843,0.07103859057387879,0,Low
SYNID0200886386,0.07098261363467534,0,Low
SYNID0200881879,0.07094990091676595,0,Low
SYNID0200174857,0.07091939907276068,0,Low
SYNID0200528848,0.07085916641878975,0,Low
SYNID0200125313,0.0708022213866813,0,Low
SYNID0200603212,0.07076796164813187,0,Low
SYNID0200159230,0.07069329383113843,0,Low
SYNID0200336043,0.07064837279942393,0,Low
SYNID0200766348,0.07064836822984388,0,Low
SYNID0200994485,0.07063309430891895,0,Low
SYNID0200053469,0.0705723181648924,0,Low
SYNID0200435447,0.0705238858389991,0,Low
SYNID0200960757,0.070517236797762,0,Low
SYNID0200146667,0.07045104451131695,0,Low
SYNID0200242143,0.07037511324655649,0,Low
SYNID0200450549,0.07035186560353168,0,Low
SYNID0200484931,0.07033628145528553,0,Low
SYNID0200223484,0.07031948233060298,0,Low
SYNID0200704458,0.07030773343341251,0,Low
SYNID0200960830,0.07029830648412572,0,Low
SYNID0200486289,0.07026982773331647,0,Low
SYNID0200694901,0.07021832179802268,0,Low
SYNID0200036053,0.07015626997497276,0,Low
SYNID0200252745,0.07008417794452293,0,Low
SYNID0200322160,0.07007356193912051,0,Low
SYNID0200248566,0.06984210778142985,0,Low
SYNID0200246571,0.06971188783558918,0,Low
SYNID0200037697,0.06970710002592823,0,Low
SYNID0200695564,0.06966039594469337,0,Low
SYNID0200577441,0.06963660562218232,0,Low
SYNID0200107105,0.06962393591175103,0,Low
SYNID0200099524,0.06958501170730486,0,Low
SYNID0200931421,0.06953138712116991,0,Low
SYNID0200356176,0.06948592592664032,0,Low
SYNID0200142944,0.06939457164488139,0,Low
SYNID0200708544,0.06932750859041525,0,Low
SYNID0200046052,0.06932217889151904,0,Low
SYNID0200421876,0.06925497647336187,0,Low
SYNID0200166292,0.06922255367090607,0,Low
SYNID0200201998,0.06910723374800076,0,Low
SYNID0200790055,0.06902632085267407,0,Low
SYNID0200924438,0.06900539662479921,0,Low
SYNID0200593669,0.06899487609022587,0,Low
SYNID0200686016,0.06895119226967006,0,Low
SYNID0200961883,0.06890565605104837,0,Low
SYNID0200975391,0.06889401550449542,0,Low
SYNID0200296196,0.06879726762328087,0,Low
SYNID0200630344,0.06877044303952334,0,Low
SYNID0200804334,0.0687484462702404,0,Low
SYNID0200519822,0.06871457176767332,0,Low
SYNID0200168564,0.0685279402031721,0,Low
SYNID0200946372,0.06850207961251314,0,Low
SYNID0200051017,0.06849710490565941,0,Low
SYNID0200241802,0.06849078646426293,0,Low
SYNID0200108119,0.06848717204298449,0,Low
SYNID0200453960,0.06843548247736214,0,Low
SYNID0200841111,0.06841448683126294,0,Low
SYNID0200385601,0.06835213273495488,0,Low
SYNID0200880619,0.06833732221482464,0,Low
SYNID0200586324,0.06823200293957621,0,Low
SYNID0200459616,0.0682278878365109,0,Low
SYNID0200411498,0.06818976086028317,0,Low
SYNID0200016250,0.068177340209576,0,Low
SYNID0200310826,0.06799502560524268,0,Low
SYNID0200111655,0.06798714860227001,0,Low
SYNID0200686337,0.06796249388781689,0,Low
SYNID0200300542,0.06795421204302954,0,Low
SYNID0200869126,0.06790342962408003,0,Low
SYNID0200072835,0.067900778629704,0,Low
SYNID0200437663,0.06781826519306738,0,Low
SYNID0200904525,0.06778406069921122,0,Low
SYNID0200441888,0.06777255619351635,0,Low
SYNID0200966165,0.06773882526632319,0,Low
SYNID0200492177,0.06772916299383769,0,Low
SYNID0200917683,0.0676256894615932,0,Low
SYNID0200575924,0.06758950985193057,0,Low
SYNID0200388744,0.06756388570642524,0,Low
SYNID0200135370,0.06756080459187408,0,Low
SYNID0200667290,0.06754455529092879,0,Low
SYNID0200243744,0.06753449537669631,0,Low
SYNID0200961022,0.06737424377276036,0,Low
SYNID0200696931,0.06731932738218754,0,Low
SYNID0200475973,0.06728369925181904,0,Low
SYNID0200843732,0.06723634550898755,0,Low
SYNID0200702038,0.06722195338331827,0,Low
SYNID0200704401,0.06719272681459931,0,Low
SYNID0200591220,0.06713909394543821,0,Low
SYNID0200654362,0.06701690937507582,0,Low
SYNID0200732617,0.06695450986040313,0,Low
SYNID0200137857,0.06695191718468585,0,Low
SYNID0200978585,0.0669290023612884,0,Low
SYNID0200309929,0.06692848061672485,0,Low
SYNID0200342835,0.06692323345630757,0,Low
SYNID0200714380,0.06689602476434359,0,Low
SYNID0200337544,0.06688300006226666,0,Low
SYNID0200037290,0.06684531908799751,0,Low
SYNID0200878655,0.06683932586952235,0,Low
SYNID0200890431,0.06681842801581328,0,Low
SYNID0200368406,0.06675530154399001,0,Low
SYNID0200090321,0.06667854051112987,0,Low
SYNID0200648197,0.06666515801398654,0,Low
SYNID0200786782,0.0666493946285665,0,Low
SYNID0200450149,0.06652988114227687,0,Low
SYNID0200523115,0.06652443843795602,0,Low
SYNID0200362873,0.06651439782050839,0,Low
SYNID0200180277,0.06651072586153567,0,Low
SYNID0200749405,0.06642792575930334,0,Low
SYNID0200315544,0.06642707566522105,0,Low
SYNID0200080336,0.0663383986205201,0,Low
SYNID0200294778,0.0662680187242361,0,Low
SYNID0200993985,0.06622645028000168,0,Low
SYNID0200227237,0.06620194435915855,0,Low
SYNID0200504028,0.0661113492621006,0,Low
SYNID0200603242,0.06608498609004626,0,Low
SYNID0200070114,0.06605319910787383,0,Low
SYNID0200260689,0.06604381672600151,0,Low
SYNID0200978205,0.0660127226152748,0,Low
SYNID0200006976,0.06581277076858577,0,Low
SYNID0200492316,0.06580585774183906,0,Low
SYNID0200378804,0.06579638430698398,0,Low
SYNID0200719580,0.06576912647241179,0,Low
SYNID0200497928,0.06574878572686865,0,Low
SYNID0200919243,0.06574517450427414,0,Low
SYNID0200623060,0.06569772886764041,0,Low
SYNID0200744236,0.06563478036157161,0,Low
SYNID0200075725,0.0655616822987739,0,Low
SYNID0200061901,0.06551283749998754,0,Low
SYNID0200680998,0.06541114230201889,0,Low
SYNID0200021664,0.06537668966160831,0,Low
SYNID0200808017,0.06536533670939482,0,Low
SYNID0200364285,0.06532066263174907,0,Low
SYNID0200161845,0.0652994866323181,0,Low
SYNID0200822344,0.06529248437137242,0,Low
SYNID0200908796,0.06525026723243488,0,Low
SYNID0200303192,0.06523288704005614,0,Low
SYNID0200036529,0.06510585641311495,0,Low
SYNID0200964483,0.06504677676574383,0,Low
SYNID0200044152,0.06499775521347761,0,Low
SYNID0200533161,0.06498927050165171,0,Low
SYNID0200398590,0.06498732142796138,0,Low
SYNID0200348656,0.06494012880198735,0,Low
SYNID0200104114,0.06483141467954201,0,Low
SYNID0200666685,0.06474186824102429,0,Low
SYNID0200706646,0.06473165586324464,0,Low
SYNID0200071397,0.06467627239428791,0,Low
SYNID0200448352,0.0646154035400393,0,Low
SYNID0200268378,0.0645544209182134,0,Low
SYNID0200446923,0.06453312665902855,0,Low
SYNID0200237942,0.06443550556904565,0,Low
SYNID0200934014,0.06443368421711865,0,Low
SYNID0200659592,0.06433814923864067,0,Low
SYNID0200430706,0.06429548952724029,0,Low
SYNID0200487337,0.06428803710023206,0,Low
SYNID0200203259,0.06427940200063464,0,Low
SYNID0200204558,0.06418991267318486,0,Low
SYNID0200612819,0.0641682231377152,0,Low
SYNID0200486216,0.06407507238227178,0,Low
SYNID0200709968,0.06388321974561023,0,Low
SYNID0200762146,0.0638399156779349,0,Low
SYNID0200682417,0.0638113081153524,0,Low
SYNID0200855268,0.06380572794604439,0,Low
SYNID0200128765,0.06378763446234514,0,Low
SYNID0200954554,0.06364052810729398,0,Low
SYNID0200896931,0.06356868391230092,0,Low
SYNID0200091130,0.06356435814955863,0,Low
SYNID0200826459,0.06355021069312294,0,Low
SYNID0200467853,0.06354411325709691,0,Low
SYNID0200928230,0.06352654315357259,0,Low
SYNID0200153236,0.06343631820806983,0,Low
SYNID0200918858,0.06341949878578479,0,Low
SYNID0200647675,0.06338798199298484,0,Low
SYNID0200058815,0.06335084883982128,0,Low
SYNID0200757232,0.06333024543380034,0,Low
SYNID0200532000,0.06331665706069733,0,Low
SYNID0200058784,0.06316961653221748,0,Low
SYNID0200206102,0.06307161776906867,0,Low
SYNID0200713821,0.06306421179781313,0,Low
SYNID0200049234,0.06305106674687783,0,Low
SYNID0200954529,0.06292687860655166,0,Low
SYNID0200947331,0.06290949399320284,0,Low
SYNID0200504000,0.06286565923110099,0,Low
SYNID0200739532,0.06285778830852295,0,Low
SYNID0200279359,0.06283499974778955,0,Low
SYNID0200247801,0.06283143516831002,0,Low
SYNID0200668005,0.06280747695736605,0,Low
SYNID0200801002,0.06279736028900423,0,Low
SYNID0200484957,0.06276514573986375,0,Low
SYNID0200676235,0.06275222135181208,0,Low
SYNID0200633227,0.06272901643819667,0,Low
SYNID0200575096,0.0626799133826344,0,Low
SYNID0200340598,0.0625462008169938,0,Low
SYNID0200280531,0.06249769128085675,0,Low
SYNID0200739171,0.062489515448933275,0,Low
SYNID0200546808,0.06245044387353432,0,Low
SYNID0200758580,0.06240329344815565,0,Low
SYNID0200918652,0.06233673290616121,0,Low
SYNID0200003663,0.06227778077620755,0,Low
SYNID0200927001,0.06224531691752733,0,Low
SYNID0200592201,0.06223798339240999,0,Low
SYNID0200245621,0.062118037391361736,0,Low
SYNID0200494653,0.0620724684049786,0,Low
SYNID0200289267,0.06206990012864744,0,Low
SYNID0200785301,0.06204589405449068,0,Low
SYNID0200111267,0.06203977785182496,0,Low
SYNID0200450024,0.061921575385428085,0,Low
SYNID0200761267,0.06188946273820589,0,Low
SYNID0200146257,0.06188017688608832,0,Low
SYNID0200277717,0.06177701186059453,0,Low
SYNID0200666516,0.06173408896871729,0,Low
SYNID0200165864,0.061696108322305265,0,Low
SYNID0200030089,0.06161967540087815,0,Low
SYNID0200370710,0.06161754870709091,0,Low
SYNID0200451726,0.06156501988191565,0,Low
SYNID0200904285,0.06142404783366168,0,Low
SYNID0200777238,0.06137056317955791,0,Low
SYNID0200480399,0.061352569829894565,0,Low
SYNID0200723588,0.06134886331646555,0,Low
SYNID0200418020,0.06130510187982502,0,Low
SYNID0200023435,0.06122256727485986,0,Low
SYNID0200718704,0.0612157155366016,0,Low
SYNID0200824555,0.06121566648090021,0,Low
SYNID0200037978,0.06117740435055158,0,Low
SYNID0200309726,0.06114143999576632,0,Low
SYNID0200801987,0.06111915321285932,0,Low
SYNID0200967257,0.06111818236311567,0,Low
SYNID0200780059,0.06109833985626101,0,Low
SYNID0200578345,0.06108486378309652,0,Low
SYNID0200814581,0.06104882447042287,0,Low
SYNID0200882642,0.06103682117739995,0,Low
SYNID0200172553,0.06100100896903182,0,Low
SYNID0200813276,0.060925902346106287,0,Low
SYNID0200422475,0.0609231707797962,0,Low
SYNID0200096265,0.060878975551122316,0,Low
SYNID0200378786,0.060874188503472315,0,Low
SYNID0200575724,0.06086847124133132,0,Low
SYNID0200905899,0.060777714709564945,0,Low
SYNID0200525229,0.06074441713612183,0,Low
SYNID0200726985,0.06072336544000079,0,Low
SYNID0200665795,0.06071917665892068,0,Low
SYNID0200444662,0.060705071982777914,0,Low
SYNID0200685216,0.0606251123837005,0,Low
SYNID0200803797,0.06058038981585323,0,Low
SYNID0200692773,0.060531137991264916,0,Low
SYNID0200922299,0.06049990875763689,0,Low
SYNID0200873747,0.06046894276927456,0,Low
SYNID0200477170,0.060424426481283156,0,Low
SYNID0200778621,0.060325958214882514,0,Low
SYNID0200617150,0.06032188779351649,0,Low
SYNID0200704307,0.06030620556005284,0,Low
SYNID0200096105,0.060300636914516204,0,Low
SYNID0200294168,0.06028006677619391,0,Low
SYNID0200754425,0.06017510327157388,0,Low
SYNID0200087560,0.06013444773057697,0,Low
SYNID0200604499,0.06009125568819634,0,Low
SYNID0200376212,0.059883641616595096,0,Low
SYNID0200933970,0.05977652450025389,0,Low
SYNID0200496670,0.059759761995834604,0,Low
SYNID0200429461,0.05969933715936809,0,Low
SYNID0200477227,0.059653397942725894,0,Low
SYNID0200917544,0.05963376105441448,0,Low
SYNID0200764857,0.05962950390367572,0,Low
SYNID0200344755,0.05960322204177515,0,Low
SYNID0200788591,0.0595623199184534,0,Low
SYNID0200406613,0.05949193395193875,0,Low
SYNID0200483668,0.05949132953603109,0,Low
SYNID0200889928,0.05939099409940335,0,Low
SYNID0200281965,0.05934326785029048,0,Low
SYNID0200864130,0.05931942694797954,0,Low
SYNID0200885092,0.0592934761735866,0,Low
SYNID0200974543,0.05923185269965858,0,Low
SYNID0200133980,0.05920346276108002,0,Low
SYNID0200715762,0.05917617202370068,0,Low
SYNID0200828539,0.059124966822064695,0,Low
SYNID0200178282,0.0590792192468762,0,Low
SYNID0200020308,0.05903775751743928,0,Low
SYNID0200994763,0.05898960219443611,0,Low
SYNID0200691698,0.05896362920835696,0,Low
SYNID0200205858,0.058878884551641975,0,Low
SYNID0200605338,0.05887786446251486,0,Low
SYNID0200809682,0.058865446182612025,0,Low
SYNID0200132992,0.05883643216390083,0,Low
SYNID0200117484,0.05880112570276752,0,Low
SYNID0200041892,0.0587125258022253,0,Low
SYNID0200655468,0.05869621209048226,0,Low
SYNID0200351904,0.05862964878957144,0,Low
SYNID0200698025,0.058627088898733026,0,Low
SYNID0200316523,0.05858942984032761,0,Low
SYNID0200243116,0.058551349811952313,0,Low
SYNID0200117705,0.05850807090723298,0,Low
SYNID0200252243,0.058390049290000856,0,Low
SYNID0200236336,0.05835185559258449,0,Low
SYNID0200931201,0.05829758774097754,0,Low
SYNID0200699991,0.05827378088544011,0,Low
SYNID0200314338,0.05827278125167007,0,Low
SYNID0200842422,0.05824491194153164,0,Low
SYNID0200860458,0.058171900244270935,0,Low
SYNID0200730382,0.05810335962258262,0,Low
SYNID0200719499,0.058042540589234304,0,Low
SYNID0200196260,0.057976150000211724,0,Low
SYNID0200659852,0.05793352174544486,0,Low
SYNID0200488815,0.05793347260344145,0,Low
SYNID0200139315,0.057921193096851675,0,Low
SYNID0200193307,0.05791853509062733,0,Low
SYNID0200138627,0.057906437551491385,0,Low
SYNID0200353791,0.057868296374269934,0,Low
SYNID0200397318,0.05774099917172948,0,Low
SYNID0200652826,0.057739701135314236,0,Low
SYNID0200435544,0.05768222576749027,0,Low
SYNID0200013894,0.05765178428960549,0,Low
SYNID0200318408,0.05764427775642028,0,Low
SYNID0200292720,0.05760046626573584,0,Low
SYNID0200626627,0.05754778571897462,0,Low
SYNID0200443124,0.05749981220506639,0,Low
SYNID0200796151,0.05748081410999922,0,Low
SYNID0200654187,0.05746752651251552,0,Low
SYNID0200016594,0.057453571593169994,0,Low
SYNID0200256401,0.057408788233565766,0,Low
SYNID0200915909,0.0573519669304271,0,Low
SYNID0200159474,0.05731340250256739,0,Low
SYNID0200497997,0.0572978622036604,0,Low
SYNID0200804168,0.05706005792922686,0,Low
SYNID0200832120,0.056997656142607045,0,Low
SYNID0200196679,0.05699609120199334,0,Low
SYNID0200999416,0.05697417878662053,0,Low
SYNID0200255666,0.05693593481211451,0,Low
SYNID0200759667,0.056927475192403154,0,Low
SYNID0200998814,0.05689830350447933,0,Low
SYNID0200766998,0.05686254148724523,0,Low
SYNID0200818467,0.05681411641741235,0,Low
SYNID0200524111,0.056794038538888425,0,Low
SYNID0200466679,0.05674672603078762,0,Low
SYNID0200590931,0.05668493603045005,0,Low
SYNID0200580793,0.05666756086610031,0,Low
SYNID0200422113,0.05653779301446793,0,Low
SYNID0200924916,0.05651262651913008,0,Low
SYNID0200356197,0.056444754296713806,0,Low
SYNID0200491681,0.05642568775679713,0,Low
SYNID0200498290,0.05640601398840339,0,Low
SYNID0200197391,0.05640238190085767,0,Low
SYNID0200263096,0.05635252583773942,0,Low
SYNID0200983653,0.05630188385940671,0,Low
SYNID0200292518,0.05619389348523962,0,Low
SYNID0200779113,0.05613439476052262,0,Low
SYNID0200699163,0.05613272168784983,0,Low
SYNID0200721491,0.05612400990739114,0,Low
SYNID0200357719,0.05609351356686698,0,Low
SYNID0200335102,0.0560887715503362,0,Low
SYNID0200608744,0.056037274938188886,0,Low
SYNID0200571749,0.05594640199668566,0,Low
SYNID0200612182,0.05594545556678904,0,Low
SYNID0200966478,0.055933765652302125,0,Low
SYNID0200441910,0.05583598573150966,0,Low
SYNID0200963918,0.05582265487221133,0,Low
SYNID0200655277,0.05581549714799788,0,Low
SYNID0200049992,0.055693051231840374,0,Low
SYNID0200196879,0.055609826343015256,0,Low
SYNID0200401975,0.05555822268550037,0,Low
SYNID0200807026,0.05550668925270147,0,Low
SYNID0200549915,0.05542034239541682,0,Low
SYNID0200532281,0.05538456947693826,0,Low
SYNID0200066377,0.05531746930403558,0,Low
SYNID0200957373,0.05528064119859988,0,Low
SYNID0200958170,0.0552502963069012,0,Low
SYNID0200642513,0.05514107307369487,0,Low
SYNID0200973468,0.05505672506866793,0,Low
SYNID0200348638,0.055019968706040645,0,Low
SYNID0200801842,0.0549740959911294,0,Low
SYNID0200578118,0.054973680040189765,0,Low
SYNID0200249619,0.05492779149609517,0,Low
SYNID0200492186,0.05491639950923266,0,Low
SYNID0200785472,0.05485245942612965,0,Low
SYNID0200723583,0.05484690484466609,0,Low
SYNID0200481816,0.05478892032681132,0,Low
SYNID0200433534,0.05476578598297144,0,Low
SYNID0200061178,0.054750574481096104,0,Low
SYNID0200311720,0.05462974562160783,0,Low
SYNID0200893095,0.05451648017044908,0,Low
SYNID0200096333,0.05439303901475062,0,Low
SYNID0200698839,0.05433699660125041,0,Low
SYNID0200404413,0.05432362227373799,0,Low
SYNID0200163497,0.05427103748705431,0,Low
SYNID0200700032,0.05423605216157795,0,Low
SYNID0200221305,0.0541697056910751,0,Low
SYNID0200925238,0.05416605608278069,0,Low
SYNID0200925018,0.05408346400111047,0,Low
SYNID0200973766,0.05405565186066835,0,Low
SYNID0200389923,0.054020348980430455,0,Low
SYNID0200327176,0.054014281455438906,0,Low
SYNID0200940288,0.0540035007433588,0,Low
SYNID0200960138,0.053946251372972764,0,Low
SYNID0200854949,0.05387218940492983,0,Low
SYNID0200890818,0.05377445742272752,0,Low
SYNID0200617355,0.05373424850159103,0,Low
SYNID0200927165,0.053614222593063365,0,Low
SYNID0200788501,0.05359025437309978,0,Low
SYNID0200390751,0.05352123461139807,0,Low
SYNID0200241767,0.053511897386008644,0,Low
SYNID0200637295,0.0534302634791301,0,Low
SYNID0200468836,0.05336541226859137,0,Low
SYNID0200933693,0.05329026671299869,0,Low
SYNID0200887602,0.05324985883920219,0,Low
SYNID0200735745,0.05313580706942933,0,Low
SYNID0200623866,0.053131509066766947,0,Low
SYNID0200528874,0.05308715228287292,0,Low
SYNID0200985239,0.053052621466147476,0,Low
SYNID0200968630,0.053017766343898765,0,Low
SYNID0200402340,0.052881249717393775,0,Low
SYNID0200628431,0.0528635005620981,0,Low
SYNID0200390363,0.05275290278002309,0,Low
SYNID0200112899,0.0527383536112232,0,Low
SYNID0200517253,0.05268629188961593,0,Low
SYNID0200791852,0.05266776041656085,0,Low
SYNID0200102560,0.05261105276129535,0,Low
SYNID0200540818,0.05257183219050776,0,Low
SYNID0200414108,0.052490239252130366,0,Low
SYNID0200814284,0.05229849610870391,0,Low
SYNID0200393745,0.052288164749126176,0,Low
SYNID0200084964,0.052262794952684544,0,Low
SYNID0200717203,0.05215861855449677,0,Low
SYNID0200035920,0.05212444854613851,0,Low
SYNID0200368845,0.0520978368220551,0,Low
SYNID0200287668,0.052065648258989294,0,Low
SYNID0200461640,0.05203867881100882,0,Low
SYNID0200009382,0.05191436437526453,0,Low
SYNID0200872919,0.051895600945033815,0,Low
SYNID0200712654,0.05181826702505049,0,Low
SYNID0200721837,0.05178122360347409,0,Low
SYNID0200761656,0.0517587280837033,0,Low
SYNID0200714978,0.051757725018385325,0,Low
SYNID0200666545,0.05170874096393607,0,Low
SYNID0200520182,0.05157329349939399,0,Low
SYNID0200198531,0.05155198657772031,0,Low
SYNID0200084556,0.05155090440640209,0,Low
SYNID0200045677,0.051449523984408496,0,Low
SYNID0200401721,0.05141084571637794,0,Low
SYNID0200065748,0.05139761939691717,0,Low
SYNID0200824732,0.051337462867850736,0,Low
SYNID0200714795,0.051233010532439116,0,Low
SYNID0200865864,0.051126331238738,0,Low
SYNID0200998308,0.05112153146186982,0,Low
SYNID0200703774,0.05108367220658655,0,Low
SYNID0200041586,0.051031733774249244,0,Low
SYNID0200839161,0.05100869857189527,0,Low
SYNID0200446725,0.050923811397347585,0,Low
SYNID0200105323,0.05088777479372686,0,Low
SYNID0200455008,0.05086973525134669,0,Low
SYNID0200065260,0.05081414496307274,0,Low
SYNID0200782800,0.05080633344234986,0,Low
SYNID0200466166,0.050738279597655644,0,Low
SYNID0200210505,0.050567077036082375,0,Low
SYNID0200771719,0.05046541011100708,0,Low
SYNID0200720337,0.050430798599577054,0,Low
SYNID0200305484,0.05037180059159124,0,Low
SYNID0200048283,0.05029746692495857,0,Low
SYNID0200556947,0.0502148693282673,0,Low
SYNID0200970097,0.050178664963500375,0,Low
SYNID0200765169,0.05016071370502678,0,Low
SYNID0200343677,0.05015621935384745,0,Low
SYNID0200885464,0.05001605468390419,0,Low
SYNID0200427851,0.05001482574695476,0,Low
SYNID0200906997,0.04999248641125559,0,Low
SYNID0200209584,0.04998600330325642,0,Low
SYNID0200284932,0.04996149809017186,0,Low
SYNID0200291821,0.04993471192101012,0,Low
SYNID0200623578,0.0498585884803695,0,Low
SYNID0200994372,0.04980652921248252,0,Low
SYNID0200781856,0.049727940518973224,0,Low
SYNID0200431177,0.04959167913003448,0,Low
SYNID0200030174,0.049559507931607905,0,Low
SYNID0200493472,0.049552722984911424,0,Low
SYNID0200555743,0.04950109140683251,0,Low
SYNID0200660674,0.04948969678767923,0,Low
SYNID0200079735,0.04934712551597731,0,Low
SYNID0200268713,0.049343910931626545,0,Low
SYNID0200193932,0.04932843602963505,0,Low
SYNID0200408779,0.04928888877010629,0,Low
SYNID0200687998,0.04924128551763851,0,Low
SYNID0200393514,0.04921902953104523,0,Low
SYNID0200152471,0.04921080439049319,0,Low
SYNID0200984503,0.04907482990354334,0,Low
SYNID0200101076,0.04907244994354287,0,Low
SYNID0200667866,0.049062152781811474,0,Low
SYNID0200472959,0.04887709199312129,0,Low
SYNID0200628200,0.04882149967101873,0,Low
SYNID0200581110,0.04876712886384693,0,Low
SYNID0200269866,0.048759405362936936,0,Low
SYNID0200937509,0.04871668744536789,0,Low
SYNID0200544906,0.048658696727287676,0,Low
SYNID0200743632,0.048615945023543994,0,Low
SYNID0200338633,0.04860618304371861,0,Low
SYNID0200997164,0.04860413867874297,0,Low
SYNID0200602971,0.048561954899724036,0,Low
SYNID0200120926,0.048494562530432606,0,Low
SYNID0200973445,0.04846888217664247,0,Low
SYNID0200114527,0.048434895743537654,0,Low
SYNID0200023512,0.04837382076595087,0,Low
SYNID0200845808,0.048318646211672756,0,Low
SYNID0200215613,0.04831639714131114,0,Low
SYNID0200580817,0.04820664453150436,0,Low
SYNID0200669112,0.04817513958584352,0,Low
SYNID0200778713,0.0481701766089927,0,Low
SYNID0200996700,0.048088437644353776,0,Low
SYNID0200056521,0.04805858712254368,0,Low
SYNID0200207391,0.04803878834626518,0,Low
SYNID0200464325,0.04802641484764014,0,Low
SYNID0200493713,0.047980243523589095,0,Low
SYNID0200346304,0.04792213453601296,0,Low
SYNID0200131947,0.047903520951182665,0,Low
SYNID0200547864,0.047803116720104344,0,Low
SYNID0200072663,0.04779646238867047,0,Low
SYNID0200515794,0.04777035247438738,0,Low
SYNID0200602022,0.04776335513579322,0,Low
SYNID0200153488,0.04773527320250426,0,Low
SYNID0200183035,0.04764800737447622,0,Low
SYNID0200052662,0.047613126880475254,0,Low
SYNID0200398569,0.04751994528199788,0,Low
SYNID0200254627,0.04746724816441117,0,Low
SYNID0200620993,0.04745211428439672,0,Low
SYNID0200929740,0.047379231203395544,0,Low
SYNID0200756953,0.047353544424543925,0,Low
SYNID0200957597,0.04726524854141295,0,Low
SYNID0200873090,0.0472116715091081,0,Low
SYNID0200234048,0.04713861327851909,0,Low
SYNID0200363355,0.047079842407728056,0,Low
SYNID0200669694,0.047026824058506445,0,Low
SYNID0200860529,0.04697997126185255,0,Low
SYNID0200585337,0.04695143463619783,0,Low
SYNID0200153335,0.046947131477571735,0,Low
SYNID0200321479,0.04687961655833567,0,Low
SYNID0200629499,0.04664751461193967,0,Low
SYNID0200913864,0.04660892832118407,0,Low
SYNID0200850128,0.046604205550271005,0,Low
SYNID0200791194,0.04654354988745357,0,Low
SYNID0200757792,0.04650962013647453,0,Low
SYNID0200848245,0.04645421306393227,0,Low
SYNID0200192155,0.0464215685912191,0,Low
SYNID0200533305,0.04639645518973923,0,Low
SYNID0200216272,0.04638883787889497,0,Low
SYNID0200473744,0.046344408108630886,0,Low
SYNID0200419662,0.046151659604363016,0,Low
SYNID0200575231,0.046142948244340454,0,Low
SYNID0200192315,0.04605656032780853,0,Low
SYNID0200719587,0.04597089618334704,0,Low
SYNID0200258860,0.0459520737136046,0,Low
SYNID0200620287,0.04583645992592317,0,Low
SYNID0200090712,0.04564988253879981,0,Low
SYNID0200994287,0.04562239536030982,0,Low
SYNID0200041641,0.04560727781384327,0,Low
SYNID0200369799,0.045521063776332304,0,Low
SYNID0200201422,0.045512780740111836,0,Low
SYNID0200204778,0.04547167765319621,0,Low
SYNID0200672148,0.04545487173743723,0,Low
SYNID0200151967,0.04535918022662516,0,Low
SYNID0200026083,0.045320876737918625,0,Low
SYNID0200163281,0.04525189215177067,0,Low
SYNID0200961623,0.045190968436358614,0,Low
SYNID0200801887,0.04518005639006456,0,Low
SYNID0200038841,0.0450428873065693,0,Low
SYNID0200248404,0.04493509689594882,0,Low
SYNID0200128370,0.04490983098144419,0,Low
SYNID0200753152,0.044879908996575346,0,Low
SYNID0200051170,0.044855785160500816,0,Low
SYNID0200210260,0.04467144617977875,0,Low
SYNID0200470265,0.044522279563084466,0,Low
SYNID0200712771,0.04442923306126073,0,Low
SYNID0200951025,0.04437886444189221,0,Low
SYNID0200199501,0.04437411688356008,0,Low
SYNID0200919427,0.04428970974668334,0,Low
SYNID0200247232,0.04426940241809352,0,Low
SYNID0200923616,0.04421559512181844,0,Low
SYNID0200325758,0.04407997350737303,0,Low
SYNID0200250992,0.0440698873001511,0,Low
SYNID0200019541,0.0440585731179951,0,Low
SYNID0200372531,0.04403079868096671,0,Low
SYNID0200787729,0.04398872739627696,0,Low
SYNID0200811357,0.043977530757190075,0,Low
SYNID0200713688,0.043930548803915226,0,Low
SYNID0200059337,0.043829148925117356,0,Low
SYNID0200374265,0.043806558044339194,0,Low
SYNID0200897324,0.04374781610255141,0,Low
SYNID0200880177,0.04372535847489939,0,Low
SYNID0200251032,0.0436666763440931,0,Low
SYNID0200033829,0.043626774728640405,0,Low
SYNID0200609684,0.04350441684206863,0,Low
SYNID0200125935,0.04335524651647238,0,Low
SYNID0200709550,0.04324149612605954,0,Low
SYNID0200157953,0.043174496045257915,0,Low
SYNID0200158835,0.04314171784822313,0,Low
SYNID0200782166,0.043010996193136475,0,Low
SYNID0200462132,0.04300821990640602,0,Low
SYNID0200283702,0.04297623743045148,0,Low
SYNID0200705003,0.042959108872666796,0,Low
SYNID0200636254,0.0429286892032118,0,Low
SYNID0200556823,0.042864425709044085,0,Low
SYNID0200502810,0.04279863629971198,0,Low
SYNID0200188957,0.04268056675988258,0,Low
SYNID0200137692,0.042643318321509194,0,Low
SYNID0200394145,0.04260976131985622,0,Low
SYNID0200164373,0.0425960815244914,0,Low
SYNID0200428100,0.042538565403103246,0,Low
SYNID0200255515,0.04244984562569876,0,Low
SYNID0200222449,0.042401181798903786,0,Low
SYNID0200578726,0.04226844343342917,0,Low
SYNID0200788931,0.042235451301417426,0,Low
SYNID0200848445,0.042235257411473714,0,Low
SYNID0200418714,0.04220092839059286,0,Low
SYNID0200841806,0.0421936967603605,0,Low
SYNID0200214960,0.04215511036067432,0,Low
SYNID0200918560,0.042100695819406286,0,Low
SYNID0200704510,0.042077392645197664,0,Low
SYNID0200865270,0.04198052505419875,0,Low
SYNID0200446900,0.04194244349782572,0,Low
SYNID0200225578,0.041819601029579934,0,Low
SYNID0200559336,0.04181743050237818,0,Low
SYNID0200635831,0.04176460139520721,0,Low
SYNID0200592615,0.041747286667011274,0,Low
SYNID0200212668,0.041650419017571494,0,Low
SYNID0200205606,0.04164338318022143,0,Low
SYNID0200638382,0.04162402452102376,0,Low
SYNID0200528620,0.04159356790207108,0,Low
SYNID0200021516,0.0415757858910063,0,Low
SYNID0200270810,0.04156670694938869,0,Low
SYNID0200929750,0.04152767871693591,0,Low
SYNID0200965931,0.04146034340700078,0,Low
SYNID0200650736,0.04145569123139903,0,Low
SYNID0200992205,0.041418610214420226,0,Low
SYNID0200462744,0.04132881184181425,0,Low
SYNID0200612625,0.041328071380567044,0,Low
SYNID0200065389,0.04113766556216558,0,Low
SYNID0200991381,0.041052591146634065,0,Low
SYNID0200350108,0.04092998995747388,0,Low
SYNID0200975381,0.04092734735137321,0,Low
SYNID0200509368,0.04087730101403503,0,Low
SYNID0200974199,0.04082857745120555,0,Low
SYNID0200311332,0.040805623720428286,0,Low
SYNID0200390660,0.04079227882623615,0,Low
SYNID0200011958,0.040781028462630375,0,Low
SYNID0200482022,0.040731040327522505,0,Low
SYNID0200185193,0.040685881615193875,0,Low
SYNID0200234147,0.040678569345055426,0,Low
SYNID0200864119,0.04067271773825348,0,Low
SYNID0200595884,0.040555149908650556,0,Low
SYNID0200865700,0.04052498965280554,0,Low
SYNID0200126313,0.04042952677459705,0,Low
SYNID0200291004,0.04042204618671269,0,Low
SYNID0200929444,0.04036192419815804,0,Low
SYNID0200047728,0.04035034405579829,0,Low
SYNID0200530366,0.04023272174358711,0,Low
SYNID0200529916,0.040053080890468995,0,Low
SYNID0200942679,0.04004688930369471,0,Low
SYNID0200758828,0.04004643397968377,0,Low
SYNID0200108270,0.03997415795426451,0,Low
SYNID0200301177,0.039951183776038346,0,Low
SYNID0200931480,0.03988206131255867,0,Low
SYNID0200514031,0.03984670246158717,0,Low
SYNID0200010433,0.039720530742692106,0,Low
SYNID0200856938,0.03971959349161247,0,Low
SYNID0200445535,0.03961609153759843,0,Low
SYNID0200684938,0.039609455869549004,0,Low
SYNID0200216290,0.0395879377718768,0,Low
SYNID0200562545,0.039554377734720425,0,Low
SYNID0200639184,0.03952048064112251,0,Low
SYNID0200290305,0.039496936760086254,0,Low
SYNID0200042934,0.039491657047431905,0,Low
SYNID0200224000,0.03937991490991033,0,Low
SYNID0200749126,0.03937521798992383,0,Low
SYNID0200534550,0.03916457027785858,0,Low
SYNID0200878716,0.03913794401926074,0,Low
SYNID0200708844,0.039136918058968906,0,Low
SYNID0200115417,0.039072983100815306,0,Low
SYNID0200688803,0.03905740314670336,0,Low
SYNID0200445323,0.039045459430231855,0,Low
SYNID0200715593,0.03900503193724658,0,Low
SYNID0200608640,0.03895306819906158,0,Low
SYNID0200901745,0.038941165663516575,0,Low
SYNID0200809779,0.03890110257752655,0,Low
SYNID0200284329,0.03884186961029401,0,Low
SYNID0200895719,0.038840909063003026,0,Low
SYNID0200265033,0.03876123440272383,0,Low
SYNID0200549946,0.038728344227953626,0,Low
SYNID0200738027,0.038723360940253526,0,Low
SYNID0200723881,0.038693719655129355,0,Low
SYNID0200155165,0.03867775127372097,0,Low
SYNID0200367625,0.03867424429032934,0,Low
SYNID0200968866,0.03863971449930098,0,Low
SYNID0200631470,0.03859887590887123,0,Low
SYNID0200384003,0.038596465530684576,0,Low
SYNID0200408518,0.03848016852091052,0,Low
SYNID0200635564,0.0384286898629454,0,Low
SYNID0200608136,0.03841347124237249,0,Low
SYNID0200592689,0.0383747715181168,0,Low
SYNID0200005169,0.03830082039494187,0,Low
SYNID0200963693,0.03825795331725679,0,Low
SYNID0200941008,0.03820770373952054,0,Low
SYNID0200389666,0.03819241180078231,0,Low
SYNID0200552619,0.03815954399589039,0,Low
SYNID0200837188,0.03812789205332667,0,Low
SYNID0200232944,0.0380838503717123,0,Low
SYNID0200285844,0.03805846905790328,0,Low
SYNID0200066555,0.03801661983737381,0,Low
SYNID0200663309,0.03799144851036146,0,Low
SYNID0200237414,0.03798547775690331,0,Low
SYNID0200481199,0.03791303294251763,0,Low
SYNID0200596683,0.03790183053382207,0,Low
SYNID0200136231,0.03785583014115951,0,Low
SYNID0200070473,0.037851086277847,0,Low
SYNID0200314345,0.03783645730783991,0,Low
SYNID0200244453,0.03779896664884197,0,Low
SYNID0200955446,0.03777912228789204,0,Low
SYNID0200114628,0.03771437143331213,0,Low
SYNID0200141271,0.03768934470275698,0,Low
SYNID0200652373,0.03768455275727378,0,Low
SYNID0200133725,0.03765708877151497,0,Low
SYNID0200975652,0.03764172685290873,0,Low
SYNID0200083294,0.03763960974354413,0,Low
SYNID0200270012,0.037630067370321596,0,Low
SYNID0200630960,0.03755181258754059,0,Low
SYNID0200452345,0.03744380600970992,0,Low
SYNID0200534723,0.0374285270031981,0,Low
SYNID0200384485,0.03739566756014312,0,Low
SYNID0200705168,0.03738197691507006,0,Low
SYNID0200063338,0.03730561015395123,0,Low
SYNID0200902460,0.037086928133252595,0,Low
SYNID0200688784,0.03702129071520527,0,Low
SYNID0200538827,0.03701582725196556,0,Low
SYNID0200632295,0.03696309806603315,0,Low
SYNID0200078279,0.03694778707824181,0,Low
SYNID0200310260,0.03683571907609123,0,Low
SYNID0200222884,0.03677623328117491,0,Low
SYNID0200748915,0.03672867672259611,0,Low
SYNID0200585065,0.03668944659737633,0,Low
SYNID0200731403,0.03667571053922464,0,Low
SYNID0200019640,0.03666789890860411,0,Low
SYNID0200241153,0.03666429405427529,0,Low
SYNID0200878654,0.03665972275714785,0,Low
SYNID0200298574,0.03662562424859045,0,Low
SYNID0200176855,0.03659609728415675,0,Low
SYNID0200940008,0.03658623440091846,0,Low
SYNID0200714648,0.03655634440998967,0,Low
SYNID0200395523,0.03647178826929637,0,Low
SYNID0200714705,0.03643186751676036,0,Low
SYNID0200865235,0.03635153202728936,0,Low
SYNID0200181438,0.03632053907488275,0,Low
SYNID0200535036,0.036197547314040734,0,Low
SYNID0200156931,0.036189735327849804,0,Low
SYNID0200378580,0.036177415207666375,0,Low
SYNID0200634186,0.03588704550155469,0,Low
SYNID0200596504,0.03574541714862861,0,Low
SYNID0200973518,0.03572204714993682,0,Low
SYNID0200263856,0.03567410108827662,0,Low
SYNID0200824909,0.03564666504033576,0,Low
SYNID0200290125,0.035603412987577576,0,Low
SYNID0200592777,0.03559187000311559,0,Low
SYNID0200564730,0.035549072482799315,0,Low
SYNID0200660343,0.03554234898202019,0,Low
SYNID0200814923,0.03538044361172449,0,Low
SYNID0200239363,0.03537643963527337,0,Low
SYNID0200683095,0.03534498258540286,0,Low
SYNID0200219614,0.035236016752867916,0,Low
SYNID0200249271,0.03517898315979501,0,Low
SYNID0200319017,0.035112046793223994,0,Low
SYNID0200187773,0.03506370795418723,0,Low
SYNID0200453283,0.03502612190720589,0,Low
SYNID0200994653,0.034982518499805826,0,Low
SYNID0200879714,0.03492760539311568,0,Low
SYNID0200923682,0.034737570260028605,0,Low
SYNID0200461875,0.03472587699059726,0,Low
SYNID0200381278,0.034477226035913466,0,Low
SYNID0200376647,0.03445187434614577,0,Low
SYNID0200250182,0.03442251535578056,0,Low
SYNID0200904585,0.03427130062875372,0,Low
SYNID0200588681,0.03425672352900189,0,Low
SYNID0200598779,0.034236471850495886,0,Low
SYNID0200701426,0.03423503493782021,0,Low
SYNID0200957725,0.03416563504357584,0,Low
SYNID0200897279,0.034148319001119365,0,Low
SYNID0200492458,0.03412052578057273,0,Low
SYNID0200794546,0.03410919141513985,0,Low
SYNID0200126279,0.0340460796728031,0,Low
SYNID0200260194,0.034030683193418065,0,Low
SYNID0200586134,0.03402469793104751,0,Low
SYNID0200030315,0.03399115742327269,0,Low
SYNID0200038909,0.033979735429678526,0,Low
SYNID0200129224,0.03387848454829445,0,Low
SYNID0200910513,0.03371861763984896,0,Low
SYNID0200819773,0.03371283560140992,0,Low
SYNID0200218429,0.03370461665586899,0,Low
SYNID0200533905,0.03363785079868581,0,Low
SYNID0200957885,0.03329447526478674,0,Low
SYNID0200044322,0.03327147076128556,0,Low
SYNID0200354945,0.03311081636938984,0,Low
SYNID0200018872,0.03306562637471355,0,Low
SYNID0200992921,0.033064635308185375,0,Low
SYNID0200502959,0.03300368466517034,0,Low
SYNID0200673913,0.03292298397764443,0,Low
SYNID0200666578,0.03291523755721548,0,Low
SYNID0200754481,0.032886174664619516,0,Low
SYNID0200813400,0.03288458482243933,0,Low
SYNID0200723185,0.03287966473597648,0,Low
SYNID0200168641,0.03283849557506241,0,Low
SYNID0200784390,0.0328114214054695,0,Low
SYNID0200200248,0.03276849100655499,0,Low
SYNID0200527506,0.03269819583735506,0,Low
SYNID0200943280,0.03261596831357144,0,Low
SYNID0200409341,0.0325850722469333,0,Low
SYNID0200559106,0.032566570592465593,0,Low
SYNID0200908292,0.03252301848433492,0,Low
SYNID0200516011,0.03233126262414626,0,Low
SYNID0200613264,0.03227601958566617,0,Low
SYNID0200887696,0.032214860966777836,0,Low
SYNID0200158261,0.03214538563329339,0,Low
SYNID0200100511,0.03205998371052221,0,Low
SYNID0200499653,0.032048536321279186,0,Low
SYNID0200235804,0.031926437381396,0,Low
SYNID0200448116,0.031855483442538524,0,Low
SYNID0200022260,0.031843024324915536,0,Low
SYNID0200499426,0.03181340983572378,0,Low
SYNID0200903144,0.03180527856870141,0,Low
SYNID0200499286,0.031803841348160944,0,Low
SYNID0200729068,0.03178132339698031,0,Low
SYNID0200710200,0.031762866435910586,0,Low
SYNID0200629974,0.03169294670708189,0,Low
SYNID0200157810,0.03166278460313404,0,Low
SYNID0200368186,0.031610808364352316,0,Low
SYNID0200065007,0.03156325665114457,0,Low
SYNID0200988861,0.03132650789765473,0,Low
SYNID0200107147,0.031286606065630385,0,Low
SYNID0200415228,0.030946166687155885,0,Low
SYNID0200783412,0.030939092135331026,0,Low
SYNID0200551038,0.03093075051755123,0,Low
SYNID0200845460,0.030797554644019287,0,Low
SYNID0200370230,0.030775278686602736,0,Low
SYNID0200013496,0.030761325533516015,0,Low
SYNID0200660525,0.030620797075052275,0,Low
SYNID0200060132,0.030613385111944613,0,Low
SYNID0200859120,0.030596979849999206,0,Low
SYNID0200752904,0.030584143341715886,0,Low
SYNID0200080236,0.030583572265174885,0,Low
SYNID0200574124,0.030573635633075524,0,Low
SYNID0200788551,0.03055509425115499,0,Low
SYNID0200330963,0.03052887591390646,0,Low
SYNID0200862788,0.030439866068874222,0,Low
SYNID0200239923,0.030401838870835474,0,Low
SYNID0200520831,0.030398891335186806,0,Low
SYNID0200577347,0.030373454371729336,0,Low
SYNID0200617193,0.030321220303463625,0,Low
SYNID0200289336,0.0302770173104423,0,Low
SYNID0200474895,0.030220021078871673,0,Low
SYNID0200396416,0.030199914067649603,0,Low
SYNID0200605700,0.03015080794489844,0,Low
SYNID0200023383,0.030133782317427582,0,Low
SYNID0200783901,0.030127109571334854,0,Low
SYNID0200369488,0.03012010694201389,0,Low
SYNID0200085516,0.03010516319568174,0,Low
SYNID0200162391,0.029990612270983596,0,Low
SYNID0200047997,0.02992583228682294,0,Low
SYNID0200788816,0.029869493423080817,0,Low
SYNID0200670088,0.029849486689654092,0,Low
SYNID0200485192,0.029797399416409964,0,Low
SYNID0200088380,0.02971314590113633,0,Low
SYNID0200481533,0.029563106589026444,0,Low
SYNID0200119647,0.029537265582446848,0,Low
SYNID0200340490,0.02950923959642332,0,Low
SYNID0200870900,0.0294706736492939,0,Low
SYNID0200207200,0.029403146588079965,0,Low
SYNID0200132755,0.029383920806553332,0,Low
SYNID0200571756,0.02936745203170088,0,Low
SYNID0200981112,0.029298044620615582,0,Low
SYNID0200555261,0.0292907725446247,0,Low
SYNID0200682333,0.02927611766281729,0,Low
SYNID0200183943,0.029265486069757374,0,Low
SYNID0200663804,0.02920135146465902,0,Low
SYNID0200963949,0.02917680946887541,0,Low
SYNID0200856187,0.02912205895989206,0,Low
SYNID0200328305,0.028974093938137102,0,Low
SYNID0200768896,0.028937091665035386,0,Low
SYNID0200902596,0.028834985205937136,0,Low
SYNID0200666312,0.0287812569418342,0,Low
SYNID0200312975,0.028774519988709835,0,Low
SYNID0200977808,0.02875023764602591,0,Low
SYNID0200741886,0.028646242708769254,0,Low
SYNID0200104510,0.028639993710420364,0,Low
SYNID0200794885,0.02863651821279878,0,Low
SYNID0200227055,0.02850852907753404,0,Low
SYNID0200220526,0.02846983510742962,0,Low
SYNID0200925888,0.028453954267213755,0,Low
SYNID0200358747,0.028397249720924833,0,Low
SYNID0200475501,0.028364463172200205,0,Low
SYNID0200698538,0.02828310780460802,0,Low
SYNID0200044934,0.028273790584168845,0,Low
SYNID0200747246,0.02826519017619772,0,Low
SYNID0200771956,0.028230226109651257,0,Low
SYNID0200071646,0.02822815229515102,0,Low
SYNID0200814589,0.02818210211239147,0,Low
SYNID0200323936,0.028178844919300616,0,Low
SYNID0200551046,0.028134684014104683,0,Low
SYNID0200222803,0.02801761463225938,0,Low
SYNID0200965610,0.028000043694398735,0,Low
SYNID0200803931,0.027964635878232003,0,Low
SYNID0200373397,0.02785609976154485,0,Low
SYNID0200711139,0.027855413107101656,0,Low
SYNID0200059780,0.02783932543898321,0,Low
SYNID0200090719,0.027826109630517626,0,Low
SYNID0200703052,0.027819215540381192,0,Low
SYNID0200553473,0.02781762312731889,0,Low
SYNID0200315372,0.02778881020427737,0,Low
SYNID0200522367,0.027750667509438443,0,Low
SYNID0200773185,0.027660106390368033,0,Low
SYNID0200064656,0.02765427311331614,0,Low
SYNID0200470142,0.02764279505506212,0,Low
SYNID0200491433,0.02757862532339378,0,Low
SYNID0200997839,0.02752941444911805,0,Low
SYNID0200648308,0.027507446375790667,0,Low
SYNID0200959752,0.027435357416082773,0,Low
SYNID0200673236,0.02737920813337491,0,Low
SYNID0200071672,0.027354783181316122,0,Low
SYNID0200378703,0.027301716953607946,0,Low
SYNID0200717069,0.027299054809692358,0,Low
SYNID0200293574,0.02729616748823155,0,Low
SYNID0200897989,0.02728205079425494,0,Low
SYNID0200446607,0.027214334536291906,0,Low
SYNID0200107447,0.027201980466928954,0,Low
SYNID0200203860,0.027179346628379286,0,Low
SYNID0200061439,0.027176199971402026,0,Low
SYNID0200057276,0.027139986179047337,0,Low
SYNID0200477211,0.027102506412215344,0,Low
SYNID0200120549,0.02699574787329745,0,Low
SYNID0200177795,0.02695020474186588,0,Low
SYNID0200959347,0.026910965834485823,0,Low
SYNID0200999425,0.02689982595004997,0,Low
SYNID0200642123,0.02687898993479204,0,Low
SYNID0200979733,0.026869192477197323,0,Low
SYNID0200795871,0.026824719850652656,0,Low
SYNID0200559217,0.026805340194500926,0,Low
SYNID0200552788,0.02679601228791112,0,Low
SYNID0200639170,0.026772702190297815,0,Low
SYNID0200331619,0.026739612304168492,0,Low
SYNID0200907011,0.02669412125187487,0,Low
SYNID0200437124,0.026550807812574018,0,Low
SYNID0200191444,0.02650296893580445,0,Low
SYNID0200142845,0.026493816412393623,0,Low
SYNID0200236083,0.026382755403179525,0,Low
SYNID0200988251,0.0263794632017616,0,Low
SYNID0200541226,0.026371265392178267,0,Low
SYNID0200191517,0.02631111846383849,0,Low
SYNID0200108935,0.026305910404700317,0,Low
SYNID0200855003,0.026281020968192126,0,Low
SYNID0200372613,0.02627918144369773,0,Low
SYNID0200903956,0.026251436055920174,0,Low
SYNID0200944852,0.026237891040460648,0,Low
SYNID0200066545,0.026171517173972536,0,Low
SYNID0200058743,0.02616936358329769,0,Low
SYNID0200315672,0.026154516118801596,0,Low
SYNID0200618257,0.026152060645587283,0,Low
SYNID0200996513,0.02614953898306821,0,Low
SYNID0200342938,0.02604066977379721,0,Low
SYNID0200127369,0.02599623249462929,0,Low
SYNID0200081912,0.025963450401652044,0,Low
SYNID0200991368,0.025931886374052027,0,Low
SYNID0200505119,0.02585889548949888,0,Low
SYNID0200890606,0.025816233177861636,0,Low
SYNID0200763429,0.02581598991530648,0,Low
SYNID0200154334,0.02580704421640151,0,Low
SYNID0200889646,0.025757266336953577,0,Low
SYNID0200746485,0.025727122031578564,0,Low
SYNID0200274448,0.025705805565881368,0,Low
SYNID0200033144,0.025700921574467073,0,Low
SYNID0200840663,0.025694757994155215,0,Low
SYNID0200905989,0.025638162897047456,0,Low
SYNID0200784882,0.025620696238578877,0,Low
SYNID0200299986,0.02558985039242312,0,Low
SYNID0200625950,0.02556602304355088,0,Low
SYNID0200267486,0.025547963226782988,0,Low
SYNID0200284667,0.025526021515844488,0,Low
SYNID0200670321,0.0255125691244088,0,Low
SYNID0200873390,0.02547914245322852,0,Low
SYNID0200839982,0.025422838458236674,0,Low
SYNID0200241864,0.025416052455910998,0,Low
SYNID0200056648,0.025338266035154544,0,Low
SYNID0200757761,0.025317107398926675,0,Low
SYNID0200747701,0.025303281559517388,0,Low
SYNID0200478789,0.025298894474817868,0,Low
SYNID0200165394,0.02523079718405208,0,Low
SYNID0200736944,0.025213580453711915,0,Low
SYNID0200799308,0.025195990202552587,0,Low
SYNID0200940495,0.025131878896901327,0,Low
SYNID0200396732,0.025041678867627315,0,Low
SYNID0200773204,0.025026498687062138,0,Low
SYNID0200106524,0.025003333271154837,0,Low
SYNID0200523387,0.024848178576356017,0,Low
SYNID0200404744,0.024847537446947066,0,Low
SYNID0200892855,0.02483548907800498,0,Low
SYNID0200440328,0.02482592707479342,0,Low
SYNID0200419259,0.024804708659862007,0,Low
SYNID0200281059,0.02476613362579938,0,Low
SYNID0200816895,0.02474874429787094,0,Low
SYNID0200195253,0.024488112375081472,0,Low
SYNID0200533022,0.024472824611231236,0,Low
SYNID0200560973,0.024472459377219036,0,Low
SYNID0200119068,0.02438855458848488,0,Low
SYNID0200369007,0.024353441301202816,0,Low
SYNID0200804387,0.024338568861486887,0,Low
SYNID0200092976,0.024298127203399245,0,Low
SYNID0200909211,0.024263872831326305,0,Low
SYNID0200790604,0.024089123201915252,0,Low
SYNID0200835106,0.024025887586409056,0,Low
SYNID0200189622,0.023930285849431576,0,Low
SYNID0200765380,0.023915207406053796,0,Low
SYNID0200485086,0.02390766558443308,0,Low
SYNID0200724937,0.023870737209458814,0,Low
SYNID0200552367,0.023847581918072458,0,Low
SYNID0200203720,0.0238122105150963,0,Low
SYNID0200550964,0.02378401299335242,0,Low
SYNID0200810268,0.02373995243978161,0,Low
SYNID0200498025,0.023705079222445524,0,Low
SYNID0200279355,0.02365973249588854,0,Low
SYNID0200505613,0.02365467343269312,0,Low
SYNID0200883259,0.023647812430655224,0,Low
SYNID0200394563,0.02360919759790553,0,Low
SYNID0200171856,0.023514448497603813,0,Low
SYNID0200129566,0.023481113972011636,0,Low
SYNID0200488526,0.023453281670926973,0,Low
SYNID0200235833,0.023448205833302704,0,Low
SYNID0200866137,0.023387593930031314,0,Low
SYNID0200449808,0.02336546905022885,0,Low
SYNID0200485484,0.023357079203222664,0,Low
SYNID0200338646,0.02327912940737603,0,Low
SYNID0200372275,0.0232526998768825,0,Low
SYNID0200665774,0.023235253262218203,0,Low
SYNID0200907088,0.02314597376668709,0,Low
SYNID0200339619,0.023118891601143776,0,Low
SYNID0200013069,0.023087353901201757,0,Low
SYNID0200184742,0.023068858937718484,0,Low
SYNID0200846116,0.023013263061299916,0,Low
SYNID0200775502,0.02300181241996979,0,Low
SYNID0200142735,0.022993019108836,0,Low
SYNID0200552067,0.022968689500469375,0,Low
SYNID0200984196,0.022939753280568853,0,Low
SYNID0200441974,0.022904390171229527,0,Low
SYNID0200958961,0.02287111643126366,0,Low
SYNID0200632787,0.02285824171887907,0,Low
SYNID0200496861,0.02281925399452095,0,Low
SYNID0200506922,0.022755377426507906,0,Low
SYNID0200740769,0.0227052840815703,0,Low
SYNID0200383545,0.022638232822505433,0,Low
SYNID0200282978,0.022608369619471325,0,Low
SYNID0200227342,0.022580784264130294,0,Low
SYNID0200317046,0.022564281184445867,0,Low
SYNID0200442841,0.022365665140553048,0,Low
SYNID0200786145,0.022329858616809473,0,Low
SYNID0200090558,0.02225974560856897,0,Low
SYNID0200414521,0.02225654944122768,0,Low
SYNID0200987247,0.022134455421216004,0,Low
SYNID0200600644,0.022123633090810058,0,Low
SYNID0200197509,0.02211644212936248,0,Low
SYNID0200906496,0.02205402688792918,0,Low
SYNID0200809545,0.0220425572060845,0,Low
SYNID0200811771,0.02201840089880841,0,Low
SYNID0200724267,0.022016521261809974,0,Low
SYNID0200853586,0.021989388656496578,0,Low
SYNID0200863067,0.021984498927459073,0,Low
SYNID0200838666,0.021928983579263706,0,Low
SYNID0200847649,0.021909913417649085,0,Low
SYNID0200888711,0.021860302822318822,0,Low
SYNID0200396118,0.021822193926283373,0,Low
SYNID0200600250,0.021816708954625286,0,Low
SYNID0200251167,0.021794307729808393,0,Low
SYNID0200963412,0.021742325817715236,0,Low
SYNID0200055833,0.021726725978742534,0,Low
SYNID0200568671,0.021718294035961205,0,Low
SYNID0200471590,0.021714432056319177,0,Low
SYNID0200729050,0.02170921954265026,0,Low
SYNID0200486419,0.021670988007610026,0,Low
SYNID0200140857,0.021561502352357875,0,Low
SYNID0200582459,0.021547557112697513,0,Low
SYNID0200621808,0.02153731801866693,0,Low
SYNID0200502175,0.021502328233997114,0,Low
SYNID0200333667,0.021455139488807617,0,Low
SYNID0200369164,0.021411048462508298,0,Low
SYNID0200332397,0.02140978821894879,0,Low
SYNID0200381517,0.021369471607059543,0,Low
SYNID0200892897,0.02135335560724705,0,Low
SYNID0200383774,0.02135244597099184,0,Low
SYNID0200339622,0.02132669878502641,0,Low
SYNID0200622318,0.021320531606672244,0,Low
SYNID0200805969,0.021319972808686416,0,Low
SYNID0200674481,0.02128004747030854,0,Low
SYNID0200983408,0.021225121625548293,0,Low
SYNID0200891784,0.021198572654025416,0,Low
SYNID0200803879,0.021196081254826804,0,Low
SYNID0200739521,0.021186064930266035,0,Low
SYNID0200722284,0.021112684424046235,0,Low
SYNID0200666724,0.021074243288634942,0,Low
SYNID0200534637,0.02105276753805041,0,Low
SYNID0200909543,0.02101541635680304,0,Low
SYNID0200680254,0.020964320847608076,0,Low
SYNID0200056890,0.020905513215908056,0,Low
SYNID0200410262,0.020875894994968114,0,Low
SYNID0200711012,0.02085919101824607,0,Low
SYNID0200463156,0.020805733627762724,0,Low
SYNID0200668108,0.020641457644064942,0,Low
SYNID0200748849,0.020482616727889313,0,Low
SYNID0200981716,0.020415794757793426,0,Low
SYNID0200855331,0.02040055076218117,0,Low
SYNID0200899837,0.020213379189331027,0,Low
SYNID0200030734,0.020200393528082672,0,Low
SYNID0200176616,0.020168432608866194,0,Low
SYNID0200611492,0.020088188340162905,0,Low
SYNID0200201647,0.01986003278041565,0,Low
SYNID0200776139,0.019811449420431282,0,Low
SYNID0200640317,0.019775327719315172,0,Low
SYNID0200883191,0.01973182062831763,0,Low
SYNID0200533556,0.019668072976956497,0,Low
SYNID0200118356,0.01963751686544174,0,Low
SYNID0200107681,0.019614304423521467,0,Low
SYNID0200141788,0.019517637292143786,0,Low
SYNID0200082303,0.019500485785886257,0,Low
SYNID0200737970,0.019486653689285538,0,Low
SYNID0200961362,0.019437727142595618,0,Low
SYNID0200162875,0.019404578582276344,0,Low
SYNID0200526591,0.01937792252157372,0,Low
SYNID0200975627,0.019323333702530643,0,Low
SYNID0200202999,0.019313673273994414,0,Low
SYNID0200983193,0.019112501492455913,0,Low
SYNID0200771672,0.019094774502050493,0,Low
SYNID0200450638,0.018917200140320556,0,Low
SYNID0200665584,0.018870452849591546,0,Low
SYNID0200898100,0.018783044100733004,0,Low
SYNID0200173782,0.0187666206285525,0,Low
SYNID0200798593,0.01874780343072252,0,Low
SYNID0200396999,0.01874347393823994,0,Low
SYNID0200496198,0.0186212095171141,0,Low
SYNID0200235346,0.01841663561344542,0,Low
SYNID0200348755,0.018336330164827108,0,Low
SYNID0200270382,0.01833521006208033,0,Low
SYNID0200823629,0.01809348749012052,0,Low
SYNID0200773047,0.01806763423870028,0,Low
SYNID0200674537,0.018065770339464604,0,Low
SYNID0200243311,0.018001969625346503,0,Low
SYNID0200763278,0.01760865848812765,0,Low
SYNID0200684415,0.01749061503016036,0,Low
SYNID0200388608,0.017463185262531766,0,Low
SYNID0200542076,0.017388343185022415,0,Low
SYNID0200696505,0.01703356812736473,0,Low
SYNID0200605899,0.017006107960209682,0,Low
SYNID0200254787,0.01654423651300385,0,Low
SYNID0200485755,0.016500234166263616,0,Low
SYNID0200815004,0.01644625089349283,0,Low
SYNID0200486474,0.016327072973474632,0,Low
SYNID0200498826,0.016148293909982125,0,Low
SYNID0200196611,0.015939094479340832,0,Low
SYNID0200593692,0.015864703001315927,0,Low
SYNID0200448559,0.01583202339352935,0,Low
SYNID0200734483,0.015724451358472558,0,Low
SYNID0200241653,0.01562930847904792,0,Low
SYNID0200073448,0.015617283699170426,0,Low
SYNID0200872378,0.015217005180379106,0,Low
SYNID0200098740,0.01506597147032629,0,Low
SYNID0200533196,0.014640310994545436,0,Low
SYNID0200349058,0.014632628434809225,0,Low
SYNID0200919981,0.013811436432129676,0,Low
SYNID0200938970,0.013672439084952026,0,Low
SYNID0200262532,0.013598301911322552,0,Low
SYNID0200631850,0.013486657398235125,0,Low
SYNID0200636604,0.013136732992864553,0,Low
SYNID0200271543,0.012839038061580932,0,Low
SYNID0200277742,0.012791501739353284,0,Low
SYNID0200529228,0.011701864759541825,0,Low
SYNID0200895639,0.011674244050270954,0,Low
SYNID0200002106,0.011533405551660825,0,Low
SYNID0200262025,0.011481106963169896,0,Low
SYNID0200258723,0.009879166656193428,0,Low
SYNID0200149032,0.009478181054621226,0,Low
SYNID0200960839,0.009341789075117624,0,Low
SYNID0200184837,0.008524238500178749,0,Low
SYNID0200851516,0.008344175904255624,0,Low
SYNID0200054481,0.00736208074859207,0,Low
SYNID0200281157,0.006913391944859071,0,Low
SYNID0200209255,0.006179645611684381,0,Low
SYNID0200027770,0.005028882448027017,0,Low
SYNID0200974240,0.004675044496159908,0,Low
SYNID0200473819,0.0034357542496267768,0,Low
SYNID0200925025,0.0,0,Low
